{"timestamp":"2026-01-11T16:48:14.484560Z","level":"info","event":"DAG bundles loaded: dags-folder","logger":"airflow.dag_processing.bundles.manager.DagBundlesManager","filename":"manager.py","lineno":179}
{"timestamp":"2026-01-11T16:48:14.491841Z","level":"info","event":"Filling up the DagBag from /opt/airflow/dags/ecom_pipeline.py","logger":"airflow.models.dagbag.DagBag","filename":"dagbag.py","lineno":593}
{"timestamp":"2026-01-11T16:48:15.068697Z","level":"warning","event":"The `airflow.hooks.base.BaseHook` attribute is deprecated. Please use `'airflow.sdk.bases.hook.BaseHook'`.","category":"DeprecatedImportWarning","filename":"/home/airflow/.local/lib/python3.12/site-packages/airflow/providers/apache/spark/hooks/spark_submit.py","lineno":35,"logger":"py.warnings"}
{"timestamp":"2026-01-11T16:48:15.071962Z","level":"warning","event":"The `airflow.operators.bash.BashOperator` attribute is deprecated. Please use `'airflow.providers.standard.operators.bash.BashOperator'`.","category":"DeprecatedImportWarning","filename":"/opt/airflow/dags/ecom_pipeline.py","lineno":6,"logger":"py.warnings"}
{"timestamp":"2026-01-11T16:48:15.337204Z","level":"info","event":"Spark-Submit cmd: spark-submit --master local[*] --name arrow-spark --verbose --deploy-mode client /opt/airflow/src/cleaning.py","logger":"airflow.task.hooks.airflow.providers.apache.spark.hooks.spark_submit.SparkSubmitHook","filename":"spark_submit.py","lineno":474}
{"timestamp":"2026-01-11T16:48:17.309402Z","level":"info","event":"Using properties file: null","logger":"airflow.task.hooks.airflow.providers.apache.spark.hooks.spark_submit.SparkSubmitHook","filename":"spark_submit.py","lineno":644}
{"timestamp":"2026-01-11T16:48:17.494504Z","level":"info","event":"Parsed arguments:","logger":"airflow.task.hooks.airflow.providers.apache.spark.hooks.spark_submit.SparkSubmitHook","filename":"spark_submit.py","lineno":644}
{"timestamp":"2026-01-11T16:48:17.494903Z","level":"info","event":"master                  local[*]","logger":"airflow.task.hooks.airflow.providers.apache.spark.hooks.spark_submit.SparkSubmitHook","filename":"spark_submit.py","lineno":644}
{"timestamp":"2026-01-11T16:48:17.495050Z","level":"info","event":"remote                  null","logger":"airflow.task.hooks.airflow.providers.apache.spark.hooks.spark_submit.SparkSubmitHook","filename":"spark_submit.py","lineno":644}
{"timestamp":"2026-01-11T16:48:17.495144Z","level":"info","event":"deployMode              client","logger":"airflow.task.hooks.airflow.providers.apache.spark.hooks.spark_submit.SparkSubmitHook","filename":"spark_submit.py","lineno":644}
{"timestamp":"2026-01-11T16:48:17.495250Z","level":"info","event":"executorMemory          1g","logger":"airflow.task.hooks.airflow.providers.apache.spark.hooks.spark_submit.SparkSubmitHook","filename":"spark_submit.py","lineno":644}
{"timestamp":"2026-01-11T16:48:17.495380Z","level":"info","event":"executorCores           null","logger":"airflow.task.hooks.airflow.providers.apache.spark.hooks.spark_submit.SparkSubmitHook","filename":"spark_submit.py","lineno":644}
{"timestamp":"2026-01-11T16:48:17.495472Z","level":"info","event":"totalExecutorCores      null","logger":"airflow.task.hooks.airflow.providers.apache.spark.hooks.spark_submit.SparkSubmitHook","filename":"spark_submit.py","lineno":644}
{"timestamp":"2026-01-11T16:48:17.495585Z","level":"info","event":"propertiesFile          null","logger":"airflow.task.hooks.airflow.providers.apache.spark.hooks.spark_submit.SparkSubmitHook","filename":"spark_submit.py","lineno":644}
{"timestamp":"2026-01-11T16:48:17.495681Z","level":"info","event":"driverMemory            2g","logger":"airflow.task.hooks.airflow.providers.apache.spark.hooks.spark_submit.SparkSubmitHook","filename":"spark_submit.py","lineno":644}
{"timestamp":"2026-01-11T16:48:17.495771Z","level":"info","event":"driverCores             null","logger":"airflow.task.hooks.airflow.providers.apache.spark.hooks.spark_submit.SparkSubmitHook","filename":"spark_submit.py","lineno":644}
{"timestamp":"2026-01-11T16:48:17.495841Z","level":"info","event":"driverExtraClassPath    null","logger":"airflow.task.hooks.airflow.providers.apache.spark.hooks.spark_submit.SparkSubmitHook","filename":"spark_submit.py","lineno":644}
{"timestamp":"2026-01-11T16:48:17.495949Z","level":"info","event":"driverExtraLibraryPath  null","logger":"airflow.task.hooks.airflow.providers.apache.spark.hooks.spark_submit.SparkSubmitHook","filename":"spark_submit.py","lineno":644}
{"timestamp":"2026-01-11T16:48:17.496015Z","level":"info","event":"driverExtraJavaOptions  null","logger":"airflow.task.hooks.airflow.providers.apache.spark.hooks.spark_submit.SparkSubmitHook","filename":"spark_submit.py","lineno":644}
{"timestamp":"2026-01-11T16:48:17.496072Z","level":"info","event":"supervise               false","logger":"airflow.task.hooks.airflow.providers.apache.spark.hooks.spark_submit.SparkSubmitHook","filename":"spark_submit.py","lineno":644}
{"timestamp":"2026-01-11T16:48:17.496237Z","level":"info","event":"queue                   null","logger":"airflow.task.hooks.airflow.providers.apache.spark.hooks.spark_submit.SparkSubmitHook","filename":"spark_submit.py","lineno":644}
{"timestamp":"2026-01-11T16:48:17.496294Z","level":"info","event":"numExecutors            null","logger":"airflow.task.hooks.airflow.providers.apache.spark.hooks.spark_submit.SparkSubmitHook","filename":"spark_submit.py","lineno":644}
{"timestamp":"2026-01-11T16:48:17.496363Z","level":"info","event":"files                   null","logger":"airflow.task.hooks.airflow.providers.apache.spark.hooks.spark_submit.SparkSubmitHook","filename":"spark_submit.py","lineno":644}
{"timestamp":"2026-01-11T16:48:17.496419Z","level":"info","event":"pyFiles                 null","logger":"airflow.task.hooks.airflow.providers.apache.spark.hooks.spark_submit.SparkSubmitHook","filename":"spark_submit.py","lineno":644}
{"timestamp":"2026-01-11T16:48:17.496507Z","level":"info","event":"archives                null","logger":"airflow.task.hooks.airflow.providers.apache.spark.hooks.spark_submit.SparkSubmitHook","filename":"spark_submit.py","lineno":644}
{"timestamp":"2026-01-11T16:48:17.496622Z","level":"info","event":"mainClass               null","logger":"airflow.task.hooks.airflow.providers.apache.spark.hooks.spark_submit.SparkSubmitHook","filename":"spark_submit.py","lineno":644}
{"timestamp":"2026-01-11T16:48:17.496729Z","level":"info","event":"primaryResource         file:/opt/airflow/src/cleaning.py","logger":"airflow.task.hooks.airflow.providers.apache.spark.hooks.spark_submit.SparkSubmitHook","filename":"spark_submit.py","lineno":644}
{"timestamp":"2026-01-11T16:48:17.496849Z","level":"info","event":"name                    arrow-spark","logger":"airflow.task.hooks.airflow.providers.apache.spark.hooks.spark_submit.SparkSubmitHook","filename":"spark_submit.py","lineno":644}
{"timestamp":"2026-01-11T16:48:17.496934Z","level":"info","event":"childArgs               []","logger":"airflow.task.hooks.airflow.providers.apache.spark.hooks.spark_submit.SparkSubmitHook","filename":"spark_submit.py","lineno":644}
{"timestamp":"2026-01-11T16:48:17.497020Z","level":"info","event":"jars                    null","logger":"airflow.task.hooks.airflow.providers.apache.spark.hooks.spark_submit.SparkSubmitHook","filename":"spark_submit.py","lineno":644}
{"timestamp":"2026-01-11T16:48:17.497079Z","level":"info","event":"packages                null","logger":"airflow.task.hooks.airflow.providers.apache.spark.hooks.spark_submit.SparkSubmitHook","filename":"spark_submit.py","lineno":644}
{"timestamp":"2026-01-11T16:48:17.497138Z","level":"info","event":"packagesExclusions      null","logger":"airflow.task.hooks.airflow.providers.apache.spark.hooks.spark_submit.SparkSubmitHook","filename":"spark_submit.py","lineno":644}
{"timestamp":"2026-01-11T16:48:17.497726Z","level":"info","event":"repositories            null","logger":"airflow.task.hooks.airflow.providers.apache.spark.hooks.spark_submit.SparkSubmitHook","filename":"spark_submit.py","lineno":644}
{"timestamp":"2026-01-11T16:48:17.498668Z","level":"info","event":"verbose                 true","logger":"airflow.task.hooks.airflow.providers.apache.spark.hooks.spark_submit.SparkSubmitHook","filename":"spark_submit.py","lineno":644}
{"timestamp":"2026-01-11T16:48:17.498709Z","level":"info","event":"","logger":"airflow.task.hooks.airflow.providers.apache.spark.hooks.spark_submit.SparkSubmitHook","filename":"spark_submit.py","lineno":644}
{"timestamp":"2026-01-11T16:48:17.498737Z","level":"info","event":"Spark properties used, including those specified through","logger":"airflow.task.hooks.airflow.providers.apache.spark.hooks.spark_submit.SparkSubmitHook","filename":"spark_submit.py","lineno":644}
{"timestamp":"2026-01-11T16:48:17.498767Z","level":"info","event":"--conf and those from the properties file null:","logger":"airflow.task.hooks.airflow.providers.apache.spark.hooks.spark_submit.SparkSubmitHook","filename":"spark_submit.py","lineno":644}
{"timestamp":"2026-01-11T16:48:17.498817Z","level":"info","event":"","logger":"airflow.task.hooks.airflow.providers.apache.spark.hooks.spark_submit.SparkSubmitHook","filename":"spark_submit.py","lineno":644}
{"timestamp":"2026-01-11T16:48:17.498846Z","level":"info","event":"","logger":"airflow.task.hooks.airflow.providers.apache.spark.hooks.spark_submit.SparkSubmitHook","filename":"spark_submit.py","lineno":644}
{"timestamp":"2026-01-11T16:48:17.498888Z","level":"info","event":"","logger":"airflow.task.hooks.airflow.providers.apache.spark.hooks.spark_submit.SparkSubmitHook","filename":"spark_submit.py","lineno":644}
{"timestamp":"2026-01-11T16:48:17.841168Z","level":"info","event":"Main class:","logger":"airflow.task.hooks.airflow.providers.apache.spark.hooks.spark_submit.SparkSubmitHook","filename":"spark_submit.py","lineno":644}
{"timestamp":"2026-01-11T16:48:17.841511Z","level":"info","event":"org.apache.spark.deploy.PythonRunner","logger":"airflow.task.hooks.airflow.providers.apache.spark.hooks.spark_submit.SparkSubmitHook","filename":"spark_submit.py","lineno":644}
{"timestamp":"2026-01-11T16:48:17.841553Z","level":"info","event":"Arguments:","logger":"airflow.task.hooks.airflow.providers.apache.spark.hooks.spark_submit.SparkSubmitHook","filename":"spark_submit.py","lineno":644}
{"timestamp":"2026-01-11T16:48:17.841571Z","level":"info","event":"file:/opt/airflow/src/cleaning.py","logger":"airflow.task.hooks.airflow.providers.apache.spark.hooks.spark_submit.SparkSubmitHook","filename":"spark_submit.py","lineno":644}
{"timestamp":"2026-01-11T16:48:17.841603Z","level":"info","event":"null","logger":"airflow.task.hooks.airflow.providers.apache.spark.hooks.spark_submit.SparkSubmitHook","filename":"spark_submit.py","lineno":644}
{"timestamp":"2026-01-11T16:48:17.846475Z","level":"info","event":"Spark config:","logger":"airflow.task.hooks.airflow.providers.apache.spark.hooks.spark_submit.SparkSubmitHook","filename":"spark_submit.py","lineno":644}
{"timestamp":"2026-01-11T16:48:17.846604Z","level":"info","event":"(spark.app.name,arrow-spark)","logger":"airflow.task.hooks.airflow.providers.apache.spark.hooks.spark_submit.SparkSubmitHook","filename":"spark_submit.py","lineno":644}
{"timestamp":"2026-01-11T16:48:17.846639Z","level":"info","event":"(spark.app.submitTime,1768150097814)","logger":"airflow.task.hooks.airflow.providers.apache.spark.hooks.spark_submit.SparkSubmitHook","filename":"spark_submit.py","lineno":644}
{"timestamp":"2026-01-11T16:48:17.846670Z","level":"info","event":"(spark.driver.memory,2g)","logger":"airflow.task.hooks.airflow.providers.apache.spark.hooks.spark_submit.SparkSubmitHook","filename":"spark_submit.py","lineno":644}
{"timestamp":"2026-01-11T16:48:17.846689Z","level":"info","event":"(spark.master,local[*])","logger":"airflow.task.hooks.airflow.providers.apache.spark.hooks.spark_submit.SparkSubmitHook","filename":"spark_submit.py","lineno":644}
{"timestamp":"2026-01-11T16:48:17.846732Z","level":"info","event":"(spark.submit.deployMode,client)","logger":"airflow.task.hooks.airflow.providers.apache.spark.hooks.spark_submit.SparkSubmitHook","filename":"spark_submit.py","lineno":644}
{"timestamp":"2026-01-11T16:48:17.846748Z","level":"info","event":"(spark.submit.pyFiles,)","logger":"airflow.task.hooks.airflow.providers.apache.spark.hooks.spark_submit.SparkSubmitHook","filename":"spark_submit.py","lineno":644}
{"timestamp":"2026-01-11T16:48:17.846788Z","level":"info","event":"Classpath elements:","logger":"airflow.task.hooks.airflow.providers.apache.spark.hooks.spark_submit.SparkSubmitHook","filename":"spark_submit.py","lineno":644}
{"timestamp":"2026-01-11T16:48:17.846806Z","level":"info","event":"","logger":"airflow.task.hooks.airflow.providers.apache.spark.hooks.spark_submit.SparkSubmitHook","filename":"spark_submit.py","lineno":644}
{"timestamp":"2026-01-11T16:48:17.846821Z","level":"info","event":"","logger":"airflow.task.hooks.airflow.providers.apache.spark.hooks.spark_submit.SparkSubmitHook","filename":"spark_submit.py","lineno":644}
{"timestamp":"2026-01-11T16:48:17.846834Z","level":"info","event":"","logger":"airflow.task.hooks.airflow.providers.apache.spark.hooks.spark_submit.SparkSubmitHook","filename":"spark_submit.py","lineno":644}
{"timestamp":"2026-01-11T16:48:19.496314Z","level":"info","event":"26/01/11 16:48:19 INFO SparkContext: Running Spark version 3.5.0","logger":"airflow.task.hooks.airflow.providers.apache.spark.hooks.spark_submit.SparkSubmitHook","filename":"spark_submit.py","lineno":644}
{"timestamp":"2026-01-11T16:48:19.500620Z","level":"info","event":"26/01/11 16:48:19 INFO SparkContext: OS info Linux, 6.10.14-linuxkit, aarch64","logger":"airflow.task.hooks.airflow.providers.apache.spark.hooks.spark_submit.SparkSubmitHook","filename":"spark_submit.py","lineno":644}
{"timestamp":"2026-01-11T16:48:19.500965Z","level":"info","event":"26/01/11 16:48:19 INFO SparkContext: Java version 17.0.17","logger":"airflow.task.hooks.airflow.providers.apache.spark.hooks.spark_submit.SparkSubmitHook","filename":"spark_submit.py","lineno":644}
{"timestamp":"2026-01-11T16:48:19.652928Z","level":"info","event":"26/01/11 16:48:19 WARN NativeCodeLoader: Unable to load native-hadoop library for your platform... using builtin-java classes where applicable","logger":"airflow.task.hooks.airflow.providers.apache.spark.hooks.spark_submit.SparkSubmitHook","filename":"spark_submit.py","lineno":644}
{"timestamp":"2026-01-11T16:48:19.818372Z","level":"info","event":"26/01/11 16:48:19 INFO ResourceUtils: ==============================================================","logger":"airflow.task.hooks.airflow.providers.apache.spark.hooks.spark_submit.SparkSubmitHook","filename":"spark_submit.py","lineno":644}
{"timestamp":"2026-01-11T16:48:19.819270Z","level":"info","event":"26/01/11 16:48:19 INFO ResourceUtils: No custom resources configured for spark.driver.","logger":"airflow.task.hooks.airflow.providers.apache.spark.hooks.spark_submit.SparkSubmitHook","filename":"spark_submit.py","lineno":644}
{"timestamp":"2026-01-11T16:48:19.819649Z","level":"info","event":"26/01/11 16:48:19 INFO ResourceUtils: ==============================================================","logger":"airflow.task.hooks.airflow.providers.apache.spark.hooks.spark_submit.SparkSubmitHook","filename":"spark_submit.py","lineno":644}
{"timestamp":"2026-01-11T16:48:19.819941Z","level":"info","event":"26/01/11 16:48:19 INFO SparkContext: Submitted application: Data_Cleaning","logger":"airflow.task.hooks.airflow.providers.apache.spark.hooks.spark_submit.SparkSubmitHook","filename":"spark_submit.py","lineno":644}
{"timestamp":"2026-01-11T16:48:19.842573Z","level":"info","event":"26/01/11 16:48:19 INFO ResourceProfile: Default ResourceProfile created, executor resources: Map(cores -> name: cores, amount: 1, script: , vendor: , memory -> name: memory, amount: 1024, script: , vendor: , offHeap -> name: offHeap, amount: 0, script: , vendor: ), task resources: Map(cpus -> name: cpus, amount: 1.0)","logger":"airflow.task.hooks.airflow.providers.apache.spark.hooks.spark_submit.SparkSubmitHook","filename":"spark_submit.py","lineno":644}
{"timestamp":"2026-01-11T16:48:19.850830Z","level":"info","event":"26/01/11 16:48:19 INFO ResourceProfile: Limiting resource is cpu","logger":"airflow.task.hooks.airflow.providers.apache.spark.hooks.spark_submit.SparkSubmitHook","filename":"spark_submit.py","lineno":644}
{"timestamp":"2026-01-11T16:48:19.851820Z","level":"info","event":"26/01/11 16:48:19 INFO ResourceProfileManager: Added ResourceProfile id: 0","logger":"airflow.task.hooks.airflow.providers.apache.spark.hooks.spark_submit.SparkSubmitHook","filename":"spark_submit.py","lineno":644}
{"timestamp":"2026-01-11T16:48:19.914368Z","level":"info","event":"26/01/11 16:48:19 INFO SecurityManager: Changing view acls to: airflow","logger":"airflow.task.hooks.airflow.providers.apache.spark.hooks.spark_submit.SparkSubmitHook","filename":"spark_submit.py","lineno":644}
{"timestamp":"2026-01-11T16:48:19.916421Z","level":"info","event":"26/01/11 16:48:19 INFO SecurityManager: Changing modify acls to: airflow","logger":"airflow.task.hooks.airflow.providers.apache.spark.hooks.spark_submit.SparkSubmitHook","filename":"spark_submit.py","lineno":644}
{"timestamp":"2026-01-11T16:48:19.916745Z","level":"info","event":"26/01/11 16:48:19 INFO SecurityManager: Changing view acls groups to:","logger":"airflow.task.hooks.airflow.providers.apache.spark.hooks.spark_submit.SparkSubmitHook","filename":"spark_submit.py","lineno":644}
{"timestamp":"2026-01-11T16:48:19.918228Z","level":"info","event":"26/01/11 16:48:19 INFO SecurityManager: Changing modify acls groups to:","logger":"airflow.task.hooks.airflow.providers.apache.spark.hooks.spark_submit.SparkSubmitHook","filename":"spark_submit.py","lineno":644}
{"timestamp":"2026-01-11T16:48:19.918333Z","level":"info","event":"26/01/11 16:48:19 INFO SecurityManager: SecurityManager: authentication disabled; ui acls disabled; users with view permissions: airflow; groups with view permissions: EMPTY; users with modify permissions: airflow; groups with modify permissions: EMPTY","logger":"airflow.task.hooks.airflow.providers.apache.spark.hooks.spark_submit.SparkSubmitHook","filename":"spark_submit.py","lineno":644}
{"timestamp":"2026-01-11T16:48:20.268732Z","level":"info","event":"26/01/11 16:48:20 INFO Utils: Successfully started service 'sparkDriver' on port 34725.","logger":"airflow.task.hooks.airflow.providers.apache.spark.hooks.spark_submit.SparkSubmitHook","filename":"spark_submit.py","lineno":644}
{"timestamp":"2026-01-11T16:48:20.300432Z","level":"info","event":"26/01/11 16:48:20 INFO SparkEnv: Registering MapOutputTracker","logger":"airflow.task.hooks.airflow.providers.apache.spark.hooks.spark_submit.SparkSubmitHook","filename":"spark_submit.py","lineno":644}
{"timestamp":"2026-01-11T16:48:20.352208Z","level":"info","event":"26/01/11 16:48:20 INFO SparkEnv: Registering BlockManagerMaster","logger":"airflow.task.hooks.airflow.providers.apache.spark.hooks.spark_submit.SparkSubmitHook","filename":"spark_submit.py","lineno":644}
{"timestamp":"2026-01-11T16:48:20.373026Z","level":"info","event":"26/01/11 16:48:20 INFO BlockManagerMasterEndpoint: Using org.apache.spark.storage.DefaultTopologyMapper for getting topology information","logger":"airflow.task.hooks.airflow.providers.apache.spark.hooks.spark_submit.SparkSubmitHook","filename":"spark_submit.py","lineno":644}
{"timestamp":"2026-01-11T16:48:20.373783Z","level":"info","event":"26/01/11 16:48:20 INFO BlockManagerMasterEndpoint: BlockManagerMasterEndpoint up","logger":"airflow.task.hooks.airflow.providers.apache.spark.hooks.spark_submit.SparkSubmitHook","filename":"spark_submit.py","lineno":644}
{"timestamp":"2026-01-11T16:48:20.377254Z","level":"info","event":"26/01/11 16:48:20 INFO SparkEnv: Registering BlockManagerMasterHeartbeat","logger":"airflow.task.hooks.airflow.providers.apache.spark.hooks.spark_submit.SparkSubmitHook","filename":"spark_submit.py","lineno":644}
{"timestamp":"2026-01-11T16:48:20.393534Z","level":"info","event":"26/01/11 16:48:20 INFO DiskBlockManager: Created local directory at /tmp/blockmgr-b42e5676-dd61-424d-b6d8-a28e84fac381","logger":"airflow.task.hooks.airflow.providers.apache.spark.hooks.spark_submit.SparkSubmitHook","filename":"spark_submit.py","lineno":644}
{"timestamp":"2026-01-11T16:48:20.402118Z","level":"info","event":"26/01/11 16:48:20 INFO MemoryStore: MemoryStore started with capacity 1048.8 MiB","logger":"airflow.task.hooks.airflow.providers.apache.spark.hooks.spark_submit.SparkSubmitHook","filename":"spark_submit.py","lineno":644}
{"timestamp":"2026-01-11T16:48:20.412578Z","level":"info","event":"26/01/11 16:48:20 INFO SparkEnv: Registering OutputCommitCoordinator","logger":"airflow.task.hooks.airflow.providers.apache.spark.hooks.spark_submit.SparkSubmitHook","filename":"spark_submit.py","lineno":644}
{"timestamp":"2026-01-11T16:48:20.506669Z","level":"info","event":"26/01/11 16:48:20 INFO JettyUtils: Start Jetty localhost:4040 for SparkUI","logger":"airflow.task.hooks.airflow.providers.apache.spark.hooks.spark_submit.SparkSubmitHook","filename":"spark_submit.py","lineno":644}
{"timestamp":"2026-01-11T16:48:20.551658Z","level":"info","event":"26/01/11 16:48:20 INFO Utils: Successfully started service 'SparkUI' on port 4040.","logger":"airflow.task.hooks.airflow.providers.apache.spark.hooks.spark_submit.SparkSubmitHook","filename":"spark_submit.py","lineno":644}
{"timestamp":"2026-01-11T16:48:20.680086Z","level":"info","event":"26/01/11 16:48:20 INFO Executor: Starting executor ID driver on host localhost","logger":"airflow.task.hooks.airflow.providers.apache.spark.hooks.spark_submit.SparkSubmitHook","filename":"spark_submit.py","lineno":644}
{"timestamp":"2026-01-11T16:48:20.680752Z","level":"info","event":"26/01/11 16:48:20 INFO Executor: OS info Linux, 6.10.14-linuxkit, aarch64","logger":"airflow.task.hooks.airflow.providers.apache.spark.hooks.spark_submit.SparkSubmitHook","filename":"spark_submit.py","lineno":644}
{"timestamp":"2026-01-11T16:48:20.680816Z","level":"info","event":"26/01/11 16:48:20 INFO Executor: Java version 17.0.17","logger":"airflow.task.hooks.airflow.providers.apache.spark.hooks.spark_submit.SparkSubmitHook","filename":"spark_submit.py","lineno":644}
{"timestamp":"2026-01-11T16:48:20.686314Z","level":"info","event":"26/01/11 16:48:20 INFO Executor: Starting executor with user classpath (userClassPathFirst = false): ''","logger":"airflow.task.hooks.airflow.providers.apache.spark.hooks.spark_submit.SparkSubmitHook","filename":"spark_submit.py","lineno":644}
{"timestamp":"2026-01-11T16:48:20.686732Z","level":"info","event":"26/01/11 16:48:20 INFO Executor: Created or updated repl class loader org.apache.spark.util.MutableURLClassLoader@b298f5a for default.","logger":"airflow.task.hooks.airflow.providers.apache.spark.hooks.spark_submit.SparkSubmitHook","filename":"spark_submit.py","lineno":644}
{"timestamp":"2026-01-11T16:48:20.749012Z","level":"info","event":"26/01/11 16:48:20 INFO Utils: Successfully started service 'org.apache.spark.network.netty.NettyBlockTransferService' on port 42335.","logger":"airflow.task.hooks.airflow.providers.apache.spark.hooks.spark_submit.SparkSubmitHook","filename":"spark_submit.py","lineno":644}
{"timestamp":"2026-01-11T16:48:20.749213Z","level":"info","event":"26/01/11 16:48:20 INFO NettyBlockTransferService: Server created on localhost:42335","logger":"airflow.task.hooks.airflow.providers.apache.spark.hooks.spark_submit.SparkSubmitHook","filename":"spark_submit.py","lineno":644}
{"timestamp":"2026-01-11T16:48:20.751107Z","level":"info","event":"26/01/11 16:48:20 INFO BlockManager: Using org.apache.spark.storage.RandomBlockReplicationPolicy for block replication policy","logger":"airflow.task.hooks.airflow.providers.apache.spark.hooks.spark_submit.SparkSubmitHook","filename":"spark_submit.py","lineno":644}
{"timestamp":"2026-01-11T16:48:20.756697Z","level":"info","event":"26/01/11 16:48:20 INFO BlockManagerMaster: Registering BlockManager BlockManagerId(driver, localhost, 42335, None)","logger":"airflow.task.hooks.airflow.providers.apache.spark.hooks.spark_submit.SparkSubmitHook","filename":"spark_submit.py","lineno":644}
{"timestamp":"2026-01-11T16:48:20.762266Z","level":"info","event":"26/01/11 16:48:20 INFO BlockManagerMasterEndpoint: Registering block manager localhost:42335 with 1048.8 MiB RAM, BlockManagerId(driver, localhost, 42335, None)","logger":"airflow.task.hooks.airflow.providers.apache.spark.hooks.spark_submit.SparkSubmitHook","filename":"spark_submit.py","lineno":644}
{"timestamp":"2026-01-11T16:48:20.766291Z","level":"info","event":"26/01/11 16:48:20 INFO BlockManagerMaster: Registered BlockManager BlockManagerId(driver, localhost, 42335, None)","logger":"airflow.task.hooks.airflow.providers.apache.spark.hooks.spark_submit.SparkSubmitHook","filename":"spark_submit.py","lineno":644}
{"timestamp":"2026-01-11T16:48:20.767855Z","level":"info","event":"26/01/11 16:48:20 INFO BlockManager: Initialized BlockManager: BlockManagerId(driver, localhost, 42335, None)","logger":"airflow.task.hooks.airflow.providers.apache.spark.hooks.spark_submit.SparkSubmitHook","filename":"spark_submit.py","lineno":644}
{"timestamp":"2026-01-11T16:48:21.309937Z","level":"info","event":"26/01/11 16:48:21 INFO SharedState: Setting hive.metastore.warehouse.dir ('null') to the value of spark.sql.warehouse.dir.","logger":"airflow.task.hooks.airflow.providers.apache.spark.hooks.spark_submit.SparkSubmitHook","filename":"spark_submit.py","lineno":644}
{"timestamp":"2026-01-11T16:48:21.325906Z","level":"info","event":"26/01/11 16:48:21 INFO SharedState: Warehouse path is 'file:/opt/airflow/spark-warehouse'.","logger":"airflow.task.hooks.airflow.providers.apache.spark.hooks.spark_submit.SparkSubmitHook","filename":"spark_submit.py","lineno":644}
{"timestamp":"2026-01-11T16:48:22.635872Z","level":"info","event":"26/01/11 16:48:22 INFO InMemoryFileIndex: It took 59 ms to list leaf files for 1 paths.","logger":"airflow.task.hooks.airflow.providers.apache.spark.hooks.spark_submit.SparkSubmitHook","filename":"spark_submit.py","lineno":644}
{"timestamp":"2026-01-11T16:48:22.697018Z","level":"info","event":"26/01/11 16:48:22 INFO InMemoryFileIndex: It took 2 ms to list leaf files for 3 paths.","logger":"airflow.task.hooks.airflow.providers.apache.spark.hooks.spark_submit.SparkSubmitHook","filename":"spark_submit.py","lineno":644}
{"timestamp":"2026-01-11T16:48:25.602416Z","level":"info","event":"26/01/11 16:48:25 INFO FileSourceStrategy: Pushed Filters:","logger":"airflow.task.hooks.airflow.providers.apache.spark.hooks.spark_submit.SparkSubmitHook","filename":"spark_submit.py","lineno":644}
{"timestamp":"2026-01-11T16:48:25.607524Z","level":"info","event":"26/01/11 16:48:25 INFO FileSourceStrategy: Post-Scan Filters: (length(trim(value#0, None)) > 0)","logger":"airflow.task.hooks.airflow.providers.apache.spark.hooks.spark_submit.SparkSubmitHook","filename":"spark_submit.py","lineno":644}
{"timestamp":"2026-01-11T16:48:26.322790Z","level":"info","event":"26/01/11 16:48:26 INFO CodeGenerator: Code generated in 175.916708 ms","logger":"airflow.task.hooks.airflow.providers.apache.spark.hooks.spark_submit.SparkSubmitHook","filename":"spark_submit.py","lineno":644}
{"timestamp":"2026-01-11T16:48:26.373471Z","level":"info","event":"26/01/11 16:48:26 INFO MemoryStore: Block broadcast_0 stored as values in memory (estimated size 199.5 KiB, free 1048.6 MiB)","logger":"airflow.task.hooks.airflow.providers.apache.spark.hooks.spark_submit.SparkSubmitHook","filename":"spark_submit.py","lineno":644}
{"timestamp":"2026-01-11T16:48:26.434230Z","level":"info","event":"26/01/11 16:48:26 INFO MemoryStore: Block broadcast_0_piece0 stored as bytes in memory (estimated size 34.2 KiB, free 1048.6 MiB)","logger":"airflow.task.hooks.airflow.providers.apache.spark.hooks.spark_submit.SparkSubmitHook","filename":"spark_submit.py","lineno":644}
{"timestamp":"2026-01-11T16:48:26.437613Z","level":"info","event":"26/01/11 16:48:26 INFO BlockManagerInfo: Added broadcast_0_piece0 in memory on localhost:42335 (size: 34.2 KiB, free: 1048.8 MiB)","logger":"airflow.task.hooks.airflow.providers.apache.spark.hooks.spark_submit.SparkSubmitHook","filename":"spark_submit.py","lineno":644}
{"timestamp":"2026-01-11T16:48:26.441652Z","level":"info","event":"26/01/11 16:48:26 INFO SparkContext: Created broadcast 0 from csv at NativeMethodAccessorImpl.java:0","logger":"airflow.task.hooks.airflow.providers.apache.spark.hooks.spark_submit.SparkSubmitHook","filename":"spark_submit.py","lineno":644}
{"timestamp":"2026-01-11T16:48:26.453274Z","level":"info","event":"26/01/11 16:48:26 INFO FileSourceScanExec: Planning scan with bin packing, max size: 4194304 bytes, open cost is considered as scanning 4194304 bytes.","logger":"airflow.task.hooks.airflow.providers.apache.spark.hooks.spark_submit.SparkSubmitHook","filename":"spark_submit.py","lineno":644}
{"timestamp":"2026-01-11T16:48:26.553285Z","level":"info","event":"26/01/11 16:48:26 INFO SparkContext: Starting job: csv at NativeMethodAccessorImpl.java:0","logger":"airflow.task.hooks.airflow.providers.apache.spark.hooks.spark_submit.SparkSubmitHook","filename":"spark_submit.py","lineno":644}
{"timestamp":"2026-01-11T16:48:26.566786Z","level":"info","event":"26/01/11 16:48:26 INFO DAGScheduler: Got job 0 (csv at NativeMethodAccessorImpl.java:0) with 1 output partitions","logger":"airflow.task.hooks.airflow.providers.apache.spark.hooks.spark_submit.SparkSubmitHook","filename":"spark_submit.py","lineno":644}
{"timestamp":"2026-01-11T16:48:26.567425Z","level":"info","event":"26/01/11 16:48:26 INFO DAGScheduler: Final stage: ResultStage 0 (csv at NativeMethodAccessorImpl.java:0)","logger":"airflow.task.hooks.airflow.providers.apache.spark.hooks.spark_submit.SparkSubmitHook","filename":"spark_submit.py","lineno":644}
{"timestamp":"2026-01-11T16:48:26.567996Z","level":"info","event":"26/01/11 16:48:26 INFO DAGScheduler: Parents of final stage: List()","logger":"airflow.task.hooks.airflow.providers.apache.spark.hooks.spark_submit.SparkSubmitHook","filename":"spark_submit.py","lineno":644}
{"timestamp":"2026-01-11T16:48:26.569899Z","level":"info","event":"26/01/11 16:48:26 INFO DAGScheduler: Missing parents: List()","logger":"airflow.task.hooks.airflow.providers.apache.spark.hooks.spark_submit.SparkSubmitHook","filename":"spark_submit.py","lineno":644}
{"timestamp":"2026-01-11T16:48:26.572507Z","level":"info","event":"26/01/11 16:48:26 INFO DAGScheduler: Submitting ResultStage 0 (MapPartitionsRDD[3] at csv at NativeMethodAccessorImpl.java:0), which has no missing parents","logger":"airflow.task.hooks.airflow.providers.apache.spark.hooks.spark_submit.SparkSubmitHook","filename":"spark_submit.py","lineno":644}
{"timestamp":"2026-01-11T16:48:26.862130Z","level":"info","event":"26/01/11 16:48:26 INFO MemoryStore: Block broadcast_1 stored as values in memory (estimated size 13.5 KiB, free 1048.6 MiB)","logger":"airflow.task.hooks.airflow.providers.apache.spark.hooks.spark_submit.SparkSubmitHook","filename":"spark_submit.py","lineno":644}
{"timestamp":"2026-01-11T16:48:26.864888Z","level":"info","event":"26/01/11 16:48:26 INFO MemoryStore: Block broadcast_1_piece0 stored as bytes in memory (estimated size 6.4 KiB, free 1048.6 MiB)","logger":"airflow.task.hooks.airflow.providers.apache.spark.hooks.spark_submit.SparkSubmitHook","filename":"spark_submit.py","lineno":644}
{"timestamp":"2026-01-11T16:48:26.865996Z","level":"info","event":"26/01/11 16:48:26 INFO BlockManagerInfo: Added broadcast_1_piece0 in memory on localhost:42335 (size: 6.4 KiB, free: 1048.8 MiB)","logger":"airflow.task.hooks.airflow.providers.apache.spark.hooks.spark_submit.SparkSubmitHook","filename":"spark_submit.py","lineno":644}
{"timestamp":"2026-01-11T16:48:26.867511Z","level":"info","event":"26/01/11 16:48:26 INFO SparkContext: Created broadcast 1 from broadcast at DAGScheduler.scala:1580","logger":"airflow.task.hooks.airflow.providers.apache.spark.hooks.spark_submit.SparkSubmitHook","filename":"spark_submit.py","lineno":644}
{"timestamp":"2026-01-11T16:48:26.886055Z","level":"info","event":"26/01/11 16:48:26 INFO DAGScheduler: Submitting 1 missing tasks from ResultStage 0 (MapPartitionsRDD[3] at csv at NativeMethodAccessorImpl.java:0) (first 15 tasks are for partitions Vector(0))","logger":"airflow.task.hooks.airflow.providers.apache.spark.hooks.spark_submit.SparkSubmitHook","filename":"spark_submit.py","lineno":644}
{"timestamp":"2026-01-11T16:48:26.889769Z","level":"info","event":"26/01/11 16:48:26 INFO TaskSchedulerImpl: Adding task set 0.0 with 1 tasks resource profile 0","logger":"airflow.task.hooks.airflow.providers.apache.spark.hooks.spark_submit.SparkSubmitHook","filename":"spark_submit.py","lineno":644}
{"timestamp":"2026-01-11T16:48:26.944938Z","level":"info","event":"26/01/11 16:48:26 INFO TaskSetManager: Starting task 0.0 in stage 0.0 (TID 0) (localhost, executor driver, partition 0, PROCESS_LOCAL, 8279 bytes)","logger":"airflow.task.hooks.airflow.providers.apache.spark.hooks.spark_submit.SparkSubmitHook","filename":"spark_submit.py","lineno":644}
{"timestamp":"2026-01-11T16:48:26.962970Z","level":"info","event":"26/01/11 16:48:26 INFO Executor: Running task 0.0 in stage 0.0 (TID 0)","logger":"airflow.task.hooks.airflow.providers.apache.spark.hooks.spark_submit.SparkSubmitHook","filename":"spark_submit.py","lineno":644}
{"timestamp":"2026-01-11T16:48:27.050565Z","level":"info","event":"26/01/11 16:48:27 INFO CodeGenerator: Code generated in 15.087541 ms","logger":"airflow.task.hooks.airflow.providers.apache.spark.hooks.spark_submit.SparkSubmitHook","filename":"spark_submit.py","lineno":644}
{"timestamp":"2026-01-11T16:48:27.054723Z","level":"info","event":"26/01/11 16:48:27 INFO FileScanRDD: Reading File path: file:///opt/airflow/data/raw/olist_customers/part-00000-d3297468-f221-473f-86d9-d42ab8296849-c000.csv, range: 0-3986750, partition values: [empty row]","logger":"airflow.task.hooks.airflow.providers.apache.spark.hooks.spark_submit.SparkSubmitHook","filename":"spark_submit.py","lineno":644}
{"timestamp":"2026-01-11T16:48:27.070365Z","level":"info","event":"26/01/11 16:48:27 INFO CodeGenerator: Code generated in 9.700583 ms","logger":"airflow.task.hooks.airflow.providers.apache.spark.hooks.spark_submit.SparkSubmitHook","filename":"spark_submit.py","lineno":644}
{"timestamp":"2026-01-11T16:48:27.143593Z","level":"info","event":"26/01/11 16:48:27 INFO Executor: Finished task 0.0 in stage 0.0 (TID 0). 1671 bytes result sent to driver","logger":"airflow.task.hooks.airflow.providers.apache.spark.hooks.spark_submit.SparkSubmitHook","filename":"spark_submit.py","lineno":644}
{"timestamp":"2026-01-11T16:48:27.158546Z","level":"info","event":"26/01/11 16:48:27 INFO TaskSetManager: Finished task 0.0 in stage 0.0 (TID 0) in 231 ms on localhost (executor driver) (1/1)","logger":"airflow.task.hooks.airflow.providers.apache.spark.hooks.spark_submit.SparkSubmitHook","filename":"spark_submit.py","lineno":644}
{"timestamp":"2026-01-11T16:48:27.160139Z","level":"info","event":"26/01/11 16:48:27 INFO TaskSchedulerImpl: Removed TaskSet 0.0, whose tasks have all completed, from pool","logger":"airflow.task.hooks.airflow.providers.apache.spark.hooks.spark_submit.SparkSubmitHook","filename":"spark_submit.py","lineno":644}
{"timestamp":"2026-01-11T16:48:27.165089Z","level":"info","event":"26/01/11 16:48:27 INFO DAGScheduler: ResultStage 0 (csv at NativeMethodAccessorImpl.java:0) finished in 0.584 s","logger":"airflow.task.hooks.airflow.providers.apache.spark.hooks.spark_submit.SparkSubmitHook","filename":"spark_submit.py","lineno":644}
{"timestamp":"2026-01-11T16:48:27.167412Z","level":"info","event":"26/01/11 16:48:27 INFO DAGScheduler: Job 0 is finished. Cancelling potential speculative or zombie tasks for this job","logger":"airflow.task.hooks.airflow.providers.apache.spark.hooks.spark_submit.SparkSubmitHook","filename":"spark_submit.py","lineno":644}
{"timestamp":"2026-01-11T16:48:27.167668Z","level":"info","event":"26/01/11 16:48:27 INFO TaskSchedulerImpl: Killing all running tasks in stage 0: Stage finished","logger":"airflow.task.hooks.airflow.providers.apache.spark.hooks.spark_submit.SparkSubmitHook","filename":"spark_submit.py","lineno":644}
{"timestamp":"2026-01-11T16:48:27.172957Z","level":"info","event":"26/01/11 16:48:27 INFO DAGScheduler: Job 0 finished: csv at NativeMethodAccessorImpl.java:0, took 0.617461 s","logger":"airflow.task.hooks.airflow.providers.apache.spark.hooks.spark_submit.SparkSubmitHook","filename":"spark_submit.py","lineno":644}
{"timestamp":"2026-01-11T16:48:27.194216Z","level":"info","event":"26/01/11 16:48:27 INFO CodeGenerator: Code generated in 6.573166 ms","logger":"airflow.task.hooks.airflow.providers.apache.spark.hooks.spark_submit.SparkSubmitHook","filename":"spark_submit.py","lineno":644}
{"timestamp":"2026-01-11T16:48:27.235819Z","level":"info","event":"26/01/11 16:48:27 INFO FileSourceStrategy: Pushed Filters:","logger":"airflow.task.hooks.airflow.providers.apache.spark.hooks.spark_submit.SparkSubmitHook","filename":"spark_submit.py","lineno":644}
{"timestamp":"2026-01-11T16:48:27.236077Z","level":"info","event":"26/01/11 16:48:27 INFO FileSourceStrategy: Post-Scan Filters:","logger":"airflow.task.hooks.airflow.providers.apache.spark.hooks.spark_submit.SparkSubmitHook","filename":"spark_submit.py","lineno":644}
{"timestamp":"2026-01-11T16:48:27.242802Z","level":"info","event":"26/01/11 16:48:27 INFO MemoryStore: Block broadcast_2 stored as values in memory (estimated size 199.5 KiB, free 1048.4 MiB)","logger":"airflow.task.hooks.airflow.providers.apache.spark.hooks.spark_submit.SparkSubmitHook","filename":"spark_submit.py","lineno":644}
{"timestamp":"2026-01-11T16:48:27.268249Z","level":"info","event":"26/01/11 16:48:27 INFO MemoryStore: Block broadcast_2_piece0 stored as bytes in memory (estimated size 34.2 KiB, free 1048.3 MiB)","logger":"airflow.task.hooks.airflow.providers.apache.spark.hooks.spark_submit.SparkSubmitHook","filename":"spark_submit.py","lineno":644}
{"timestamp":"2026-01-11T16:48:27.271904Z","level":"info","event":"26/01/11 16:48:27 INFO BlockManagerInfo: Added broadcast_2_piece0 in memory on localhost:42335 (size: 34.2 KiB, free: 1048.7 MiB)","logger":"airflow.task.hooks.airflow.providers.apache.spark.hooks.spark_submit.SparkSubmitHook","filename":"spark_submit.py","lineno":644}
{"timestamp":"2026-01-11T16:48:27.276404Z","level":"info","event":"26/01/11 16:48:27 INFO SparkContext: Created broadcast 2 from csv at NativeMethodAccessorImpl.java:0","logger":"airflow.task.hooks.airflow.providers.apache.spark.hooks.spark_submit.SparkSubmitHook","filename":"spark_submit.py","lineno":644}
{"timestamp":"2026-01-11T16:48:27.279032Z","level":"info","event":"26/01/11 16:48:27 INFO FileSourceScanExec: Planning scan with bin packing, max size: 4194304 bytes, open cost is considered as scanning 4194304 bytes.","logger":"airflow.task.hooks.airflow.providers.apache.spark.hooks.spark_submit.SparkSubmitHook","filename":"spark_submit.py","lineno":644}
{"timestamp":"2026-01-11T16:48:27.369129Z","level":"info","event":"____________________________________________________","logger":"airflow.task.hooks.airflow.providers.apache.spark.hooks.spark_submit.SparkSubmitHook","filename":"spark_submit.py","lineno":644}
{"timestamp":"2026-01-11T16:48:27.460869Z","level":"info","event":"26/01/11 16:48:27 INFO FileSourceStrategy: Pushed Filters:","logger":"airflow.task.hooks.airflow.providers.apache.spark.hooks.spark_submit.SparkSubmitHook","filename":"spark_submit.py","lineno":644}
{"timestamp":"2026-01-11T16:48:27.461015Z","level":"info","event":"26/01/11 16:48:27 INFO FileSourceStrategy: Post-Scan Filters:","logger":"airflow.task.hooks.airflow.providers.apache.spark.hooks.spark_submit.SparkSubmitHook","filename":"spark_submit.py","lineno":644}
{"timestamp":"2026-01-11T16:48:27.541258Z","level":"info","event":"26/01/11 16:48:27 INFO CodeGenerator: Code generated in 8.151583 ms","logger":"airflow.task.hooks.airflow.providers.apache.spark.hooks.spark_submit.SparkSubmitHook","filename":"spark_submit.py","lineno":644}
{"timestamp":"2026-01-11T16:48:27.545830Z","level":"info","event":"26/01/11 16:48:27 INFO MemoryStore: Block broadcast_3 stored as values in memory (estimated size 199.4 KiB, free 1048.1 MiB)","logger":"airflow.task.hooks.airflow.providers.apache.spark.hooks.spark_submit.SparkSubmitHook","filename":"spark_submit.py","lineno":644}
{"timestamp":"2026-01-11T16:48:27.556053Z","level":"info","event":"26/01/11 16:48:27 INFO MemoryStore: Block broadcast_3_piece0 stored as bytes in memory (estimated size 34.2 KiB, free 1048.1 MiB)","logger":"airflow.task.hooks.airflow.providers.apache.spark.hooks.spark_submit.SparkSubmitHook","filename":"spark_submit.py","lineno":644}
{"timestamp":"2026-01-11T16:48:27.556445Z","level":"info","event":"26/01/11 16:48:27 INFO BlockManagerInfo: Added broadcast_3_piece0 in memory on localhost:42335 (size: 34.2 KiB, free: 1048.7 MiB)","logger":"airflow.task.hooks.airflow.providers.apache.spark.hooks.spark_submit.SparkSubmitHook","filename":"spark_submit.py","lineno":644}
{"timestamp":"2026-01-11T16:48:27.557304Z","level":"info","event":"26/01/11 16:48:27 INFO SparkContext: Created broadcast 3 from count at NativeMethodAccessorImpl.java:0","logger":"airflow.task.hooks.airflow.providers.apache.spark.hooks.spark_submit.SparkSubmitHook","filename":"spark_submit.py","lineno":644}
{"timestamp":"2026-01-11T16:48:27.561088Z","level":"info","event":"26/01/11 16:48:27 INFO FileSourceScanExec: Planning scan with bin packing, max size: 4194304 bytes, open cost is considered as scanning 4194304 bytes.","logger":"airflow.task.hooks.airflow.providers.apache.spark.hooks.spark_submit.SparkSubmitHook","filename":"spark_submit.py","lineno":644}
{"timestamp":"2026-01-11T16:48:27.587633Z","level":"info","event":"26/01/11 16:48:27 INFO DAGScheduler: Registering RDD 13 (count at NativeMethodAccessorImpl.java:0) as input to shuffle 0","logger":"airflow.task.hooks.airflow.providers.apache.spark.hooks.spark_submit.SparkSubmitHook","filename":"spark_submit.py","lineno":644}
{"timestamp":"2026-01-11T16:48:27.592088Z","level":"info","event":"26/01/11 16:48:27 INFO DAGScheduler: Got map stage job 1 (count at NativeMethodAccessorImpl.java:0) with 3 output partitions","logger":"airflow.task.hooks.airflow.providers.apache.spark.hooks.spark_submit.SparkSubmitHook","filename":"spark_submit.py","lineno":644}
{"timestamp":"2026-01-11T16:48:27.592331Z","level":"info","event":"26/01/11 16:48:27 INFO DAGScheduler: Final stage: ShuffleMapStage 1 (count at NativeMethodAccessorImpl.java:0)","logger":"airflow.task.hooks.airflow.providers.apache.spark.hooks.spark_submit.SparkSubmitHook","filename":"spark_submit.py","lineno":644}
{"timestamp":"2026-01-11T16:48:27.592680Z","level":"info","event":"26/01/11 16:48:27 INFO DAGScheduler: Parents of final stage: List()","logger":"airflow.task.hooks.airflow.providers.apache.spark.hooks.spark_submit.SparkSubmitHook","filename":"spark_submit.py","lineno":644}
{"timestamp":"2026-01-11T16:48:27.593724Z","level":"info","event":"26/01/11 16:48:27 INFO DAGScheduler: Missing parents: List()","logger":"airflow.task.hooks.airflow.providers.apache.spark.hooks.spark_submit.SparkSubmitHook","filename":"spark_submit.py","lineno":644}
{"timestamp":"2026-01-11T16:48:27.595607Z","level":"info","event":"26/01/11 16:48:27 INFO DAGScheduler: Submitting ShuffleMapStage 1 (MapPartitionsRDD[13] at count at NativeMethodAccessorImpl.java:0), which has no missing parents","logger":"airflow.task.hooks.airflow.providers.apache.spark.hooks.spark_submit.SparkSubmitHook","filename":"spark_submit.py","lineno":644}
{"timestamp":"2026-01-11T16:48:27.617366Z","level":"info","event":"26/01/11 16:48:27 INFO MemoryStore: Block broadcast_4 stored as values in memory (estimated size 17.8 KiB, free 1048.1 MiB)","logger":"airflow.task.hooks.airflow.providers.apache.spark.hooks.spark_submit.SparkSubmitHook","filename":"spark_submit.py","lineno":644}
{"timestamp":"2026-01-11T16:48:27.622299Z","level":"info","event":"26/01/11 16:48:27 INFO MemoryStore: Block broadcast_4_piece0 stored as bytes in memory (estimated size 8.7 KiB, free 1048.1 MiB)","logger":"airflow.task.hooks.airflow.providers.apache.spark.hooks.spark_submit.SparkSubmitHook","filename":"spark_submit.py","lineno":644}
{"timestamp":"2026-01-11T16:48:27.622916Z","level":"info","event":"26/01/11 16:48:27 INFO BlockManagerInfo: Added broadcast_4_piece0 in memory on localhost:42335 (size: 8.7 KiB, free: 1048.7 MiB)","logger":"airflow.task.hooks.airflow.providers.apache.spark.hooks.spark_submit.SparkSubmitHook","filename":"spark_submit.py","lineno":644}
{"timestamp":"2026-01-11T16:48:27.623449Z","level":"info","event":"26/01/11 16:48:27 INFO SparkContext: Created broadcast 4 from broadcast at DAGScheduler.scala:1580","logger":"airflow.task.hooks.airflow.providers.apache.spark.hooks.spark_submit.SparkSubmitHook","filename":"spark_submit.py","lineno":644}
{"timestamp":"2026-01-11T16:48:27.624780Z","level":"info","event":"26/01/11 16:48:27 INFO DAGScheduler: Submitting 3 missing tasks from ShuffleMapStage 1 (MapPartitionsRDD[13] at count at NativeMethodAccessorImpl.java:0) (first 15 tasks are for partitions Vector(0, 1, 2))","logger":"airflow.task.hooks.airflow.providers.apache.spark.hooks.spark_submit.SparkSubmitHook","filename":"spark_submit.py","lineno":644}
{"timestamp":"2026-01-11T16:48:27.624946Z","level":"info","event":"26/01/11 16:48:27 INFO TaskSchedulerImpl: Adding task set 1.0 with 3 tasks resource profile 0","logger":"airflow.task.hooks.airflow.providers.apache.spark.hooks.spark_submit.SparkSubmitHook","filename":"spark_submit.py","lineno":644}
{"timestamp":"2026-01-11T16:48:27.627140Z","level":"info","event":"26/01/11 16:48:27 INFO TaskSetManager: Starting task 0.0 in stage 1.0 (TID 1) (localhost, executor driver, partition 0, PROCESS_LOCAL, 8268 bytes)","logger":"airflow.task.hooks.airflow.providers.apache.spark.hooks.spark_submit.SparkSubmitHook","filename":"spark_submit.py","lineno":644}
{"timestamp":"2026-01-11T16:48:27.627454Z","level":"info","event":"26/01/11 16:48:27 INFO TaskSetManager: Starting task 1.0 in stage 1.0 (TID 2) (localhost, executor driver, partition 1, PROCESS_LOCAL, 8268 bytes)","logger":"airflow.task.hooks.airflow.providers.apache.spark.hooks.spark_submit.SparkSubmitHook","filename":"spark_submit.py","lineno":644}
{"timestamp":"2026-01-11T16:48:27.627619Z","level":"info","event":"26/01/11 16:48:27 INFO TaskSetManager: Starting task 2.0 in stage 1.0 (TID 3) (localhost, executor driver, partition 2, PROCESS_LOCAL, 8268 bytes)","logger":"airflow.task.hooks.airflow.providers.apache.spark.hooks.spark_submit.SparkSubmitHook","filename":"spark_submit.py","lineno":644}
{"timestamp":"2026-01-11T16:48:27.629372Z","level":"info","event":"26/01/11 16:48:27 INFO Executor: Running task 0.0 in stage 1.0 (TID 1)","logger":"airflow.task.hooks.airflow.providers.apache.spark.hooks.spark_submit.SparkSubmitHook","filename":"spark_submit.py","lineno":644}
{"timestamp":"2026-01-11T16:48:27.629451Z","level":"info","event":"26/01/11 16:48:27 INFO Executor: Running task 1.0 in stage 1.0 (TID 2)","logger":"airflow.task.hooks.airflow.providers.apache.spark.hooks.spark_submit.SparkSubmitHook","filename":"spark_submit.py","lineno":644}
{"timestamp":"2026-01-11T16:48:27.629694Z","level":"info","event":"26/01/11 16:48:27 INFO Executor: Running task 2.0 in stage 1.0 (TID 3)","logger":"airflow.task.hooks.airflow.providers.apache.spark.hooks.spark_submit.SparkSubmitHook","filename":"spark_submit.py","lineno":644}
{"timestamp":"2026-01-11T16:48:27.672922Z","level":"info","event":"26/01/11 16:48:27 INFO CodeGenerator: Code generated in 16.070792 ms","logger":"airflow.task.hooks.airflow.providers.apache.spark.hooks.spark_submit.SparkSubmitHook","filename":"spark_submit.py","lineno":644}
{"timestamp":"2026-01-11T16:48:27.683054Z","level":"info","event":"26/01/11 16:48:27 INFO FileScanRDD: Reading File path: file:///opt/airflow/data/raw/olist_customers/part-00000-d3297468-f221-473f-86d9-d42ab8296849-c000.csv, range: 0-3986750, partition values: [empty row]","logger":"airflow.task.hooks.airflow.providers.apache.spark.hooks.spark_submit.SparkSubmitHook","filename":"spark_submit.py","lineno":644}
{"timestamp":"2026-01-11T16:48:27.683466Z","level":"info","event":"26/01/11 16:48:27 INFO FileScanRDD: Reading File path: file:///opt/airflow/data/raw/olist_customers/part-00002-d3297468-f221-473f-86d9-d42ab8296849-c000.csv, range: 0-613296, partition values: [empty row]","logger":"airflow.task.hooks.airflow.providers.apache.spark.hooks.spark_submit.SparkSubmitHook","filename":"spark_submit.py","lineno":644}
{"timestamp":"2026-01-11T16:48:27.686236Z","level":"info","event":"26/01/11 16:48:27 INFO FileScanRDD: Reading File path: file:///opt/airflow/data/raw/olist_customers/part-00001-d3297468-f221-473f-86d9-d42ab8296849-c000.csv, range: 0-3986389, partition values: [empty row]","logger":"airflow.task.hooks.airflow.providers.apache.spark.hooks.spark_submit.SparkSubmitHook","filename":"spark_submit.py","lineno":644}
{"timestamp":"2026-01-11T16:48:27.693571Z","level":"info","event":"26/01/11 16:48:27 INFO CodeGenerator: Code generated in 7.191209 ms","logger":"airflow.task.hooks.airflow.providers.apache.spark.hooks.spark_submit.SparkSubmitHook","filename":"spark_submit.py","lineno":644}
{"timestamp":"2026-01-11T16:48:27.800113Z","level":"info","event":"26/01/11 16:48:27 INFO BlockManagerInfo: Removed broadcast_1_piece0 on localhost:42335 in memory (size: 6.4 KiB, free: 1048.7 MiB)","logger":"airflow.task.hooks.airflow.providers.apache.spark.hooks.spark_submit.SparkSubmitHook","filename":"spark_submit.py","lineno":644}
{"timestamp":"2026-01-11T16:48:27.812825Z","level":"info","event":"26/01/11 16:48:27 INFO BlockManagerInfo: Removed broadcast_0_piece0 on localhost:42335 in memory (size: 34.2 KiB, free: 1048.7 MiB)","logger":"airflow.task.hooks.airflow.providers.apache.spark.hooks.spark_submit.SparkSubmitHook","filename":"spark_submit.py","lineno":644}
{"timestamp":"2026-01-11T16:48:27.826030Z","level":"info","event":"26/01/11 16:48:27 INFO BlockManagerInfo: Removed broadcast_2_piece0 on localhost:42335 in memory (size: 34.2 KiB, free: 1048.8 MiB)","logger":"airflow.task.hooks.airflow.providers.apache.spark.hooks.spark_submit.SparkSubmitHook","filename":"spark_submit.py","lineno":644}
{"timestamp":"2026-01-11T16:48:27.914820Z","level":"info","event":"26/01/11 16:48:27 INFO Executor: Finished task 2.0 in stage 1.0 (TID 3). 2011 bytes result sent to driver","logger":"airflow.task.hooks.airflow.providers.apache.spark.hooks.spark_submit.SparkSubmitHook","filename":"spark_submit.py","lineno":644}
{"timestamp":"2026-01-11T16:48:27.921015Z","level":"info","event":"26/01/11 16:48:27 INFO TaskSetManager: Finished task 2.0 in stage 1.0 (TID 3) in 293 ms on localhost (executor driver) (1/3)","logger":"airflow.task.hooks.airflow.providers.apache.spark.hooks.spark_submit.SparkSubmitHook","filename":"spark_submit.py","lineno":644}
{"timestamp":"2026-01-11T16:48:27.943585Z","level":"info","event":"26/01/11 16:48:27 INFO Executor: Finished task 1.0 in stage 1.0 (TID 2). 1968 bytes result sent to driver","logger":"airflow.task.hooks.airflow.providers.apache.spark.hooks.spark_submit.SparkSubmitHook","filename":"spark_submit.py","lineno":644}
{"timestamp":"2026-01-11T16:48:27.945408Z","level":"info","event":"26/01/11 16:48:27 INFO TaskSetManager: Finished task 1.0 in stage 1.0 (TID 2) in 318 ms on localhost (executor driver) (2/3)","logger":"airflow.task.hooks.airflow.providers.apache.spark.hooks.spark_submit.SparkSubmitHook","filename":"spark_submit.py","lineno":644}
{"timestamp":"2026-01-11T16:48:27.946355Z","level":"info","event":"26/01/11 16:48:27 INFO Executor: Finished task 0.0 in stage 1.0 (TID 1). 1968 bytes result sent to driver","logger":"airflow.task.hooks.airflow.providers.apache.spark.hooks.spark_submit.SparkSubmitHook","filename":"spark_submit.py","lineno":644}
{"timestamp":"2026-01-11T16:48:27.948439Z","level":"info","event":"26/01/11 16:48:27 INFO TaskSetManager: Finished task 0.0 in stage 1.0 (TID 1) in 322 ms on localhost (executor driver) (3/3)","logger":"airflow.task.hooks.airflow.providers.apache.spark.hooks.spark_submit.SparkSubmitHook","filename":"spark_submit.py","lineno":644}
{"timestamp":"2026-01-11T16:48:27.948556Z","level":"info","event":"26/01/11 16:48:27 INFO TaskSchedulerImpl: Removed TaskSet 1.0, whose tasks have all completed, from pool","logger":"airflow.task.hooks.airflow.providers.apache.spark.hooks.spark_submit.SparkSubmitHook","filename":"spark_submit.py","lineno":644}
{"timestamp":"2026-01-11T16:48:27.949982Z","level":"info","event":"26/01/11 16:48:27 INFO DAGScheduler: ShuffleMapStage 1 (count at NativeMethodAccessorImpl.java:0) finished in 0.352 s","logger":"airflow.task.hooks.airflow.providers.apache.spark.hooks.spark_submit.SparkSubmitHook","filename":"spark_submit.py","lineno":644}
{"timestamp":"2026-01-11T16:48:27.950387Z","level":"info","event":"26/01/11 16:48:27 INFO DAGScheduler: looking for newly runnable stages","logger":"airflow.task.hooks.airflow.providers.apache.spark.hooks.spark_submit.SparkSubmitHook","filename":"spark_submit.py","lineno":644}
{"timestamp":"2026-01-11T16:48:27.950641Z","level":"info","event":"26/01/11 16:48:27 INFO DAGScheduler: running: Set()","logger":"airflow.task.hooks.airflow.providers.apache.spark.hooks.spark_submit.SparkSubmitHook","filename":"spark_submit.py","lineno":644}
{"timestamp":"2026-01-11T16:48:27.950994Z","level":"info","event":"26/01/11 16:48:27 INFO DAGScheduler: waiting: Set()","logger":"airflow.task.hooks.airflow.providers.apache.spark.hooks.spark_submit.SparkSubmitHook","filename":"spark_submit.py","lineno":644}
{"timestamp":"2026-01-11T16:48:27.951440Z","level":"info","event":"26/01/11 16:48:27 INFO DAGScheduler: failed: Set()","logger":"airflow.task.hooks.airflow.providers.apache.spark.hooks.spark_submit.SparkSubmitHook","filename":"spark_submit.py","lineno":644}
{"timestamp":"2026-01-11T16:48:28.050065Z","level":"info","event":"26/01/11 16:48:28 INFO CodeGenerator: Code generated in 71.471667 ms","logger":"airflow.task.hooks.airflow.providers.apache.spark.hooks.spark_submit.SparkSubmitHook","filename":"spark_submit.py","lineno":644}
{"timestamp":"2026-01-11T16:48:28.123367Z","level":"info","event":"26/01/11 16:48:28 INFO SparkContext: Starting job: count at NativeMethodAccessorImpl.java:0","logger":"airflow.task.hooks.airflow.providers.apache.spark.hooks.spark_submit.SparkSubmitHook","filename":"spark_submit.py","lineno":644}
{"timestamp":"2026-01-11T16:48:28.140434Z","level":"info","event":"26/01/11 16:48:28 INFO DAGScheduler: Got job 2 (count at NativeMethodAccessorImpl.java:0) with 1 output partitions","logger":"airflow.task.hooks.airflow.providers.apache.spark.hooks.spark_submit.SparkSubmitHook","filename":"spark_submit.py","lineno":644}
{"timestamp":"2026-01-11T16:48:28.140597Z","level":"info","event":"26/01/11 16:48:28 INFO DAGScheduler: Final stage: ResultStage 3 (count at NativeMethodAccessorImpl.java:0)","logger":"airflow.task.hooks.airflow.providers.apache.spark.hooks.spark_submit.SparkSubmitHook","filename":"spark_submit.py","lineno":644}
{"timestamp":"2026-01-11T16:48:28.140644Z","level":"info","event":"26/01/11 16:48:28 INFO DAGScheduler: Parents of final stage: List(ShuffleMapStage 2)","logger":"airflow.task.hooks.airflow.providers.apache.spark.hooks.spark_submit.SparkSubmitHook","filename":"spark_submit.py","lineno":644}
{"timestamp":"2026-01-11T16:48:28.140669Z","level":"info","event":"26/01/11 16:48:28 INFO DAGScheduler: Missing parents: List()","logger":"airflow.task.hooks.airflow.providers.apache.spark.hooks.spark_submit.SparkSubmitHook","filename":"spark_submit.py","lineno":644}
{"timestamp":"2026-01-11T16:48:28.140685Z","level":"info","event":"26/01/11 16:48:28 INFO DAGScheduler: Submitting ResultStage 3 (MapPartitionsRDD[16] at count at NativeMethodAccessorImpl.java:0), which has no missing parents","logger":"airflow.task.hooks.airflow.providers.apache.spark.hooks.spark_submit.SparkSubmitHook","filename":"spark_submit.py","lineno":644}
{"timestamp":"2026-01-11T16:48:28.166869Z","level":"info","event":"26/01/11 16:48:28 INFO MemoryStore: Block broadcast_5 stored as values in memory (estimated size 12.5 KiB, free 1048.5 MiB)","logger":"airflow.task.hooks.airflow.providers.apache.spark.hooks.spark_submit.SparkSubmitHook","filename":"spark_submit.py","lineno":644}
{"timestamp":"2026-01-11T16:48:28.193019Z","level":"info","event":"26/01/11 16:48:28 INFO MemoryStore: Block broadcast_5_piece0 stored as bytes in memory (estimated size 5.9 KiB, free 1048.5 MiB)","logger":"airflow.task.hooks.airflow.providers.apache.spark.hooks.spark_submit.SparkSubmitHook","filename":"spark_submit.py","lineno":644}
{"timestamp":"2026-01-11T16:48:28.197679Z","level":"info","event":"26/01/11 16:48:28 INFO BlockManagerInfo: Added broadcast_5_piece0 in memory on localhost:42335 (size: 5.9 KiB, free: 1048.8 MiB)","logger":"airflow.task.hooks.airflow.providers.apache.spark.hooks.spark_submit.SparkSubmitHook","filename":"spark_submit.py","lineno":644}
{"timestamp":"2026-01-11T16:48:28.212795Z","level":"info","event":"26/01/11 16:48:28 INFO SparkContext: Created broadcast 5 from broadcast at DAGScheduler.scala:1580","logger":"airflow.task.hooks.airflow.providers.apache.spark.hooks.spark_submit.SparkSubmitHook","filename":"spark_submit.py","lineno":644}
{"timestamp":"2026-01-11T16:48:28.212978Z","level":"info","event":"26/01/11 16:48:28 INFO DAGScheduler: Submitting 1 missing tasks from ResultStage 3 (MapPartitionsRDD[16] at count at NativeMethodAccessorImpl.java:0) (first 15 tasks are for partitions Vector(0))","logger":"airflow.task.hooks.airflow.providers.apache.spark.hooks.spark_submit.SparkSubmitHook","filename":"spark_submit.py","lineno":644}
{"timestamp":"2026-01-11T16:48:28.222051Z","level":"info","event":"26/01/11 16:48:28 INFO TaskSchedulerImpl: Adding task set 3.0 with 1 tasks resource profile 0","logger":"airflow.task.hooks.airflow.providers.apache.spark.hooks.spark_submit.SparkSubmitHook","filename":"spark_submit.py","lineno":644}
{"timestamp":"2026-01-11T16:48:28.245507Z","level":"info","event":"26/01/11 16:48:28 INFO TaskSetManager: Starting task 0.0 in stage 3.0 (TID 4) (localhost, executor driver, partition 0, NODE_LOCAL, 7615 bytes)","logger":"airflow.task.hooks.airflow.providers.apache.spark.hooks.spark_submit.SparkSubmitHook","filename":"spark_submit.py","lineno":644}
{"timestamp":"2026-01-11T16:48:28.260642Z","level":"info","event":"26/01/11 16:48:28 INFO Executor: Running task 0.0 in stage 3.0 (TID 4)","logger":"airflow.task.hooks.airflow.providers.apache.spark.hooks.spark_submit.SparkSubmitHook","filename":"spark_submit.py","lineno":644}
{"timestamp":"2026-01-11T16:48:28.372529Z","level":"info","event":"26/01/11 16:48:28 INFO ShuffleBlockFetcherIterator: Getting 3 (180.0 B) non-empty blocks including 3 (180.0 B) local and 0 (0.0 B) host-local and 0 (0.0 B) push-merged-local and 0 (0.0 B) remote blocks","logger":"airflow.task.hooks.airflow.providers.apache.spark.hooks.spark_submit.SparkSubmitHook","filename":"spark_submit.py","lineno":644}
{"timestamp":"2026-01-11T16:48:28.374285Z","level":"info","event":"26/01/11 16:48:28 INFO ShuffleBlockFetcherIterator: Started 0 remote fetches in 23 ms","logger":"airflow.task.hooks.airflow.providers.apache.spark.hooks.spark_submit.SparkSubmitHook","filename":"spark_submit.py","lineno":644}
{"timestamp":"2026-01-11T16:48:28.449380Z","level":"info","event":"26/01/11 16:48:28 INFO CodeGenerator: Code generated in 50.33525 ms","logger":"airflow.task.hooks.airflow.providers.apache.spark.hooks.spark_submit.SparkSubmitHook","filename":"spark_submit.py","lineno":644}
{"timestamp":"2026-01-11T16:48:28.542599Z","level":"info","event":"26/01/11 16:48:28 INFO Executor: Finished task 0.0 in stage 3.0 (TID 4). 4038 bytes result sent to driver","logger":"airflow.task.hooks.airflow.providers.apache.spark.hooks.spark_submit.SparkSubmitHook","filename":"spark_submit.py","lineno":644}
{"timestamp":"2026-01-11T16:48:28.584259Z","level":"info","event":"26/01/11 16:48:28 INFO TaskSetManager: Finished task 0.0 in stage 3.0 (TID 4) in 340 ms on localhost (executor driver) (1/1)","logger":"airflow.task.hooks.airflow.providers.apache.spark.hooks.spark_submit.SparkSubmitHook","filename":"spark_submit.py","lineno":644}
{"timestamp":"2026-01-11T16:48:28.587322Z","level":"info","event":"26/01/11 16:48:28 INFO TaskSchedulerImpl: Removed TaskSet 3.0, whose tasks have all completed, from pool","logger":"airflow.task.hooks.airflow.providers.apache.spark.hooks.spark_submit.SparkSubmitHook","filename":"spark_submit.py","lineno":644}
{"timestamp":"2026-01-11T16:48:28.594302Z","level":"info","event":"26/01/11 16:48:28 INFO DAGScheduler: ResultStage 3 (count at NativeMethodAccessorImpl.java:0) finished in 0.426 s","logger":"airflow.task.hooks.airflow.providers.apache.spark.hooks.spark_submit.SparkSubmitHook","filename":"spark_submit.py","lineno":644}
{"timestamp":"2026-01-11T16:48:28.594438Z","level":"info","event":"26/01/11 16:48:28 INFO DAGScheduler: Job 2 is finished. Cancelling potential speculative or zombie tasks for this job","logger":"airflow.task.hooks.airflow.providers.apache.spark.hooks.spark_submit.SparkSubmitHook","filename":"spark_submit.py","lineno":644}
{"timestamp":"2026-01-11T16:48:28.594478Z","level":"info","event":"26/01/11 16:48:28 INFO TaskSchedulerImpl: Killing all running tasks in stage 3: Stage finished","logger":"airflow.task.hooks.airflow.providers.apache.spark.hooks.spark_submit.SparkSubmitHook","filename":"spark_submit.py","lineno":644}
{"timestamp":"2026-01-11T16:48:28.594511Z","level":"info","event":"26/01/11 16:48:28 INFO DAGScheduler: Job 2 finished: count at NativeMethodAccessorImpl.java:0, took 0.466893 s","logger":"airflow.task.hooks.airflow.providers.apache.spark.hooks.spark_submit.SparkSubmitHook","filename":"spark_submit.py","lineno":644}
{"timestamp":"2026-01-11T16:48:28.603781Z","level":"info","event":"Loaded olist_customers with 99441 records for cleaning.","logger":"airflow.task.hooks.airflow.providers.apache.spark.hooks.spark_submit.SparkSubmitHook","filename":"spark_submit.py","lineno":644}
{"timestamp":"2026-01-11T16:48:28.622462Z","level":"info","event":"root","logger":"airflow.task.hooks.airflow.providers.apache.spark.hooks.spark_submit.SparkSubmitHook","filename":"spark_submit.py","lineno":644}
{"timestamp":"2026-01-11T16:48:28.622972Z","level":"info","event":"|-- customer_id: string (nullable = true)","logger":"airflow.task.hooks.airflow.providers.apache.spark.hooks.spark_submit.SparkSubmitHook","filename":"spark_submit.py","lineno":644}
{"timestamp":"2026-01-11T16:48:28.623006Z","level":"info","event":"|-- customer_unique_id: string (nullable = true)","logger":"airflow.task.hooks.airflow.providers.apache.spark.hooks.spark_submit.SparkSubmitHook","filename":"spark_submit.py","lineno":644}
{"timestamp":"2026-01-11T16:48:28.623023Z","level":"info","event":"|-- customer_zip_code_prefix: string (nullable = true)","logger":"airflow.task.hooks.airflow.providers.apache.spark.hooks.spark_submit.SparkSubmitHook","filename":"spark_submit.py","lineno":644}
{"timestamp":"2026-01-11T16:48:28.623050Z","level":"info","event":"|-- customer_city: string (nullable = true)","logger":"airflow.task.hooks.airflow.providers.apache.spark.hooks.spark_submit.SparkSubmitHook","filename":"spark_submit.py","lineno":644}
{"timestamp":"2026-01-11T16:48:28.623071Z","level":"info","event":"|-- customer_state: string (nullable = true)","logger":"airflow.task.hooks.airflow.providers.apache.spark.hooks.spark_submit.SparkSubmitHook","filename":"spark_submit.py","lineno":644}
{"timestamp":"2026-01-11T16:48:28.623086Z","level":"info","event":"","logger":"airflow.task.hooks.airflow.providers.apache.spark.hooks.spark_submit.SparkSubmitHook","filename":"spark_submit.py","lineno":644}
{"timestamp":"2026-01-11T16:48:28.674534Z","level":"info","event":"26/01/11 16:48:28 INFO InMemoryFileIndex: It took 33 ms to list leaf files for 1 paths.","logger":"airflow.task.hooks.airflow.providers.apache.spark.hooks.spark_submit.SparkSubmitHook","filename":"spark_submit.py","lineno":644}
{"timestamp":"2026-01-11T16:48:28.683834Z","level":"info","event":"26/01/11 16:48:28 INFO InMemoryFileIndex: It took 2 ms to list leaf files for 7 paths.","logger":"airflow.task.hooks.airflow.providers.apache.spark.hooks.spark_submit.SparkSubmitHook","filename":"spark_submit.py","lineno":644}
{"timestamp":"2026-01-11T16:48:28.823364Z","level":"info","event":"26/01/11 16:48:28 INFO FileSourceStrategy: Pushed Filters:","logger":"airflow.task.hooks.airflow.providers.apache.spark.hooks.spark_submit.SparkSubmitHook","filename":"spark_submit.py","lineno":644}
{"timestamp":"2026-01-11T16:48:28.823764Z","level":"info","event":"26/01/11 16:48:28 INFO FileSourceStrategy: Post-Scan Filters: (length(trim(value#37, None)) > 0)","logger":"airflow.task.hooks.airflow.providers.apache.spark.hooks.spark_submit.SparkSubmitHook","filename":"spark_submit.py","lineno":644}
{"timestamp":"2026-01-11T16:48:28.851572Z","level":"info","event":"26/01/11 16:48:28 INFO MemoryStore: Block broadcast_6 stored as values in memory (estimated size 199.5 KiB, free 1048.3 MiB)","logger":"airflow.task.hooks.airflow.providers.apache.spark.hooks.spark_submit.SparkSubmitHook","filename":"spark_submit.py","lineno":644}
{"timestamp":"2026-01-11T16:48:28.933969Z","level":"info","event":"26/01/11 16:48:28 INFO BlockManagerInfo: Removed broadcast_3_piece0 on localhost:42335 in memory (size: 34.2 KiB, free: 1048.8 MiB)","logger":"airflow.task.hooks.airflow.providers.apache.spark.hooks.spark_submit.SparkSubmitHook","filename":"spark_submit.py","lineno":644}
{"timestamp":"2026-01-11T16:48:28.945338Z","level":"info","event":"26/01/11 16:48:28 INFO MemoryStore: Block broadcast_6_piece0 stored as bytes in memory (estimated size 34.2 KiB, free 1048.5 MiB)","logger":"airflow.task.hooks.airflow.providers.apache.spark.hooks.spark_submit.SparkSubmitHook","filename":"spark_submit.py","lineno":644}
{"timestamp":"2026-01-11T16:48:28.952904Z","level":"info","event":"26/01/11 16:48:28 INFO BlockManagerInfo: Added broadcast_6_piece0 in memory on localhost:42335 (size: 34.2 KiB, free: 1048.8 MiB)","logger":"airflow.task.hooks.airflow.providers.apache.spark.hooks.spark_submit.SparkSubmitHook","filename":"spark_submit.py","lineno":644}
{"timestamp":"2026-01-11T16:48:28.962918Z","level":"info","event":"26/01/11 16:48:28 INFO SparkContext: Created broadcast 6 from csv at NativeMethodAccessorImpl.java:0","logger":"airflow.task.hooks.airflow.providers.apache.spark.hooks.spark_submit.SparkSubmitHook","filename":"spark_submit.py","lineno":644}
{"timestamp":"2026-01-11T16:48:28.963307Z","level":"info","event":"26/01/11 16:48:28 INFO BlockManagerInfo: Removed broadcast_5_piece0 on localhost:42335 in memory (size: 5.9 KiB, free: 1048.8 MiB)","logger":"airflow.task.hooks.airflow.providers.apache.spark.hooks.spark_submit.SparkSubmitHook","filename":"spark_submit.py","lineno":644}
{"timestamp":"2026-01-11T16:48:28.968018Z","level":"info","event":"26/01/11 16:48:28 INFO FileSourceScanExec: Planning scan with bin packing, max size: 12662034 bytes, open cost is considered as scanning 4194304 bytes.","logger":"airflow.task.hooks.airflow.providers.apache.spark.hooks.spark_submit.SparkSubmitHook","filename":"spark_submit.py","lineno":644}
{"timestamp":"2026-01-11T16:48:28.970591Z","level":"info","event":"26/01/11 16:48:28 INFO BlockManagerInfo: Removed broadcast_4_piece0 on localhost:42335 in memory (size: 8.7 KiB, free: 1048.8 MiB)","logger":"airflow.task.hooks.airflow.providers.apache.spark.hooks.spark_submit.SparkSubmitHook","filename":"spark_submit.py","lineno":644}
{"timestamp":"2026-01-11T16:48:28.983147Z","level":"info","event":"26/01/11 16:48:28 INFO SparkContext: Starting job: csv at NativeMethodAccessorImpl.java:0","logger":"airflow.task.hooks.airflow.providers.apache.spark.hooks.spark_submit.SparkSubmitHook","filename":"spark_submit.py","lineno":644}
{"timestamp":"2026-01-11T16:48:28.989022Z","level":"info","event":"26/01/11 16:48:28 INFO DAGScheduler: Got job 3 (csv at NativeMethodAccessorImpl.java:0) with 1 output partitions","logger":"airflow.task.hooks.airflow.providers.apache.spark.hooks.spark_submit.SparkSubmitHook","filename":"spark_submit.py","lineno":644}
{"timestamp":"2026-01-11T16:48:28.989272Z","level":"info","event":"26/01/11 16:48:28 INFO DAGScheduler: Final stage: ResultStage 4 (csv at NativeMethodAccessorImpl.java:0)","logger":"airflow.task.hooks.airflow.providers.apache.spark.hooks.spark_submit.SparkSubmitHook","filename":"spark_submit.py","lineno":644}
{"timestamp":"2026-01-11T16:48:28.989316Z","level":"info","event":"26/01/11 16:48:28 INFO DAGScheduler: Parents of final stage: List()","logger":"airflow.task.hooks.airflow.providers.apache.spark.hooks.spark_submit.SparkSubmitHook","filename":"spark_submit.py","lineno":644}
{"timestamp":"2026-01-11T16:48:28.989405Z","level":"info","event":"26/01/11 16:48:28 INFO DAGScheduler: Missing parents: List()","logger":"airflow.task.hooks.airflow.providers.apache.spark.hooks.spark_submit.SparkSubmitHook","filename":"spark_submit.py","lineno":644}
{"timestamp":"2026-01-11T16:48:28.990179Z","level":"info","event":"26/01/11 16:48:28 INFO DAGScheduler: Submitting ResultStage 4 (MapPartitionsRDD[20] at csv at NativeMethodAccessorImpl.java:0), which has no missing parents","logger":"airflow.task.hooks.airflow.providers.apache.spark.hooks.spark_submit.SparkSubmitHook","filename":"spark_submit.py","lineno":644}
{"timestamp":"2026-01-11T16:48:28.993607Z","level":"info","event":"26/01/11 16:48:28 INFO MemoryStore: Block broadcast_7 stored as values in memory (estimated size 13.5 KiB, free 1048.6 MiB)","logger":"airflow.task.hooks.airflow.providers.apache.spark.hooks.spark_submit.SparkSubmitHook","filename":"spark_submit.py","lineno":644}
{"timestamp":"2026-01-11T16:48:29.009020Z","level":"info","event":"26/01/11 16:48:29 INFO MemoryStore: Block broadcast_7_piece0 stored as bytes in memory (estimated size 6.4 KiB, free 1048.6 MiB)","logger":"airflow.task.hooks.airflow.providers.apache.spark.hooks.spark_submit.SparkSubmitHook","filename":"spark_submit.py","lineno":644}
{"timestamp":"2026-01-11T16:48:29.011261Z","level":"info","event":"26/01/11 16:48:29 INFO BlockManagerInfo: Added broadcast_7_piece0 in memory on localhost:42335 (size: 6.4 KiB, free: 1048.8 MiB)","logger":"airflow.task.hooks.airflow.providers.apache.spark.hooks.spark_submit.SparkSubmitHook","filename":"spark_submit.py","lineno":644}
{"timestamp":"2026-01-11T16:48:29.013939Z","level":"info","event":"26/01/11 16:48:29 INFO SparkContext: Created broadcast 7 from broadcast at DAGScheduler.scala:1580","logger":"airflow.task.hooks.airflow.providers.apache.spark.hooks.spark_submit.SparkSubmitHook","filename":"spark_submit.py","lineno":644}
{"timestamp":"2026-01-11T16:48:29.015543Z","level":"info","event":"26/01/11 16:48:29 INFO DAGScheduler: Submitting 1 missing tasks from ResultStage 4 (MapPartitionsRDD[20] at csv at NativeMethodAccessorImpl.java:0) (first 15 tasks are for partitions Vector(0))","logger":"airflow.task.hooks.airflow.providers.apache.spark.hooks.spark_submit.SparkSubmitHook","filename":"spark_submit.py","lineno":644}
{"timestamp":"2026-01-11T16:48:29.015644Z","level":"info","event":"26/01/11 16:48:29 INFO TaskSchedulerImpl: Adding task set 4.0 with 1 tasks resource profile 0","logger":"airflow.task.hooks.airflow.providers.apache.spark.hooks.spark_submit.SparkSubmitHook","filename":"spark_submit.py","lineno":644}
{"timestamp":"2026-01-11T16:48:29.018944Z","level":"info","event":"26/01/11 16:48:29 INFO TaskSetManager: Starting task 0.0 in stage 4.0 (TID 5) (localhost, executor driver, partition 0, PROCESS_LOCAL, 8281 bytes)","logger":"airflow.task.hooks.airflow.providers.apache.spark.hooks.spark_submit.SparkSubmitHook","filename":"spark_submit.py","lineno":644}
{"timestamp":"2026-01-11T16:48:29.026786Z","level":"info","event":"26/01/11 16:48:29 INFO Executor: Running task 0.0 in stage 4.0 (TID 5)","logger":"airflow.task.hooks.airflow.providers.apache.spark.hooks.spark_submit.SparkSubmitHook","filename":"spark_submit.py","lineno":644}
{"timestamp":"2026-01-11T16:48:29.040839Z","level":"info","event":"26/01/11 16:48:29 INFO FileScanRDD: Reading File path: file:///opt/airflow/data/raw/olist_geolocation/part-00002-77e75a83-ba92-4b7e-b736-cb419abb14bd-c000.csv, range: 0-9053172, partition values: [empty row]","logger":"airflow.task.hooks.airflow.providers.apache.spark.hooks.spark_submit.SparkSubmitHook","filename":"spark_submit.py","lineno":644}
{"timestamp":"2026-01-11T16:48:29.062876Z","level":"info","event":"26/01/11 16:48:29 INFO Executor: Finished task 0.0 in stage 4.0 (TID 5). 1668 bytes result sent to driver","logger":"airflow.task.hooks.airflow.providers.apache.spark.hooks.spark_submit.SparkSubmitHook","filename":"spark_submit.py","lineno":644}
{"timestamp":"2026-01-11T16:48:29.064115Z","level":"info","event":"26/01/11 16:48:29 INFO TaskSetManager: Finished task 0.0 in stage 4.0 (TID 5) in 46 ms on localhost (executor driver) (1/1)","logger":"airflow.task.hooks.airflow.providers.apache.spark.hooks.spark_submit.SparkSubmitHook","filename":"spark_submit.py","lineno":644}
{"timestamp":"2026-01-11T16:48:29.064260Z","level":"info","event":"26/01/11 16:48:29 INFO TaskSchedulerImpl: Removed TaskSet 4.0, whose tasks have all completed, from pool","logger":"airflow.task.hooks.airflow.providers.apache.spark.hooks.spark_submit.SparkSubmitHook","filename":"spark_submit.py","lineno":644}
{"timestamp":"2026-01-11T16:48:29.065101Z","level":"info","event":"26/01/11 16:48:29 INFO DAGScheduler: ResultStage 4 (csv at NativeMethodAccessorImpl.java:0) finished in 0.073 s","logger":"airflow.task.hooks.airflow.providers.apache.spark.hooks.spark_submit.SparkSubmitHook","filename":"spark_submit.py","lineno":644}
{"timestamp":"2026-01-11T16:48:29.065388Z","level":"info","event":"26/01/11 16:48:29 INFO DAGScheduler: Job 3 is finished. Cancelling potential speculative or zombie tasks for this job","logger":"airflow.task.hooks.airflow.providers.apache.spark.hooks.spark_submit.SparkSubmitHook","filename":"spark_submit.py","lineno":644}
{"timestamp":"2026-01-11T16:48:29.065460Z","level":"info","event":"26/01/11 16:48:29 INFO TaskSchedulerImpl: Killing all running tasks in stage 4: Stage finished","logger":"airflow.task.hooks.airflow.providers.apache.spark.hooks.spark_submit.SparkSubmitHook","filename":"spark_submit.py","lineno":644}
{"timestamp":"2026-01-11T16:48:29.065806Z","level":"info","event":"26/01/11 16:48:29 INFO DAGScheduler: Job 3 finished: csv at NativeMethodAccessorImpl.java:0, took 0.082451 s","logger":"airflow.task.hooks.airflow.providers.apache.spark.hooks.spark_submit.SparkSubmitHook","filename":"spark_submit.py","lineno":644}
{"timestamp":"2026-01-11T16:48:29.090854Z","level":"info","event":"26/01/11 16:48:29 INFO FileSourceStrategy: Pushed Filters:","logger":"airflow.task.hooks.airflow.providers.apache.spark.hooks.spark_submit.SparkSubmitHook","filename":"spark_submit.py","lineno":644}
{"timestamp":"2026-01-11T16:48:29.091007Z","level":"info","event":"26/01/11 16:48:29 INFO FileSourceStrategy: Post-Scan Filters:","logger":"airflow.task.hooks.airflow.providers.apache.spark.hooks.spark_submit.SparkSubmitHook","filename":"spark_submit.py","lineno":644}
{"timestamp":"2026-01-11T16:48:29.093794Z","level":"info","event":"26/01/11 16:48:29 INFO MemoryStore: Block broadcast_8 stored as values in memory (estimated size 199.5 KiB, free 1048.4 MiB)","logger":"airflow.task.hooks.airflow.providers.apache.spark.hooks.spark_submit.SparkSubmitHook","filename":"spark_submit.py","lineno":644}
{"timestamp":"2026-01-11T16:48:29.111879Z","level":"info","event":"26/01/11 16:48:29 INFO MemoryStore: Block broadcast_8_piece0 stored as bytes in memory (estimated size 34.2 KiB, free 1048.3 MiB)","logger":"airflow.task.hooks.airflow.providers.apache.spark.hooks.spark_submit.SparkSubmitHook","filename":"spark_submit.py","lineno":644}
{"timestamp":"2026-01-11T16:48:29.112463Z","level":"info","event":"26/01/11 16:48:29 INFO BlockManagerInfo: Added broadcast_8_piece0 in memory on localhost:42335 (size: 34.2 KiB, free: 1048.7 MiB)","logger":"airflow.task.hooks.airflow.providers.apache.spark.hooks.spark_submit.SparkSubmitHook","filename":"spark_submit.py","lineno":644}
{"timestamp":"2026-01-11T16:48:29.113550Z","level":"info","event":"26/01/11 16:48:29 INFO SparkContext: Created broadcast 8 from csv at NativeMethodAccessorImpl.java:0","logger":"airflow.task.hooks.airflow.providers.apache.spark.hooks.spark_submit.SparkSubmitHook","filename":"spark_submit.py","lineno":644}
{"timestamp":"2026-01-11T16:48:29.115204Z","level":"info","event":"26/01/11 16:48:29 INFO FileSourceScanExec: Planning scan with bin packing, max size: 12662034 bytes, open cost is considered as scanning 4194304 bytes.","logger":"airflow.task.hooks.airflow.providers.apache.spark.hooks.spark_submit.SparkSubmitHook","filename":"spark_submit.py","lineno":644}
{"timestamp":"2026-01-11T16:48:29.127267Z","level":"info","event":"____________________________________________________","logger":"airflow.task.hooks.airflow.providers.apache.spark.hooks.spark_submit.SparkSubmitHook","filename":"spark_submit.py","lineno":644}
{"timestamp":"2026-01-11T16:48:29.138813Z","level":"info","event":"26/01/11 16:48:29 INFO FileSourceStrategy: Pushed Filters:","logger":"airflow.task.hooks.airflow.providers.apache.spark.hooks.spark_submit.SparkSubmitHook","filename":"spark_submit.py","lineno":644}
{"timestamp":"2026-01-11T16:48:29.138925Z","level":"info","event":"26/01/11 16:48:29 INFO FileSourceStrategy: Post-Scan Filters:","logger":"airflow.task.hooks.airflow.providers.apache.spark.hooks.spark_submit.SparkSubmitHook","filename":"spark_submit.py","lineno":644}
{"timestamp":"2026-01-11T16:48:29.155527Z","level":"info","event":"26/01/11 16:48:29 INFO MemoryStore: Block broadcast_9 stored as values in memory (estimated size 199.4 KiB, free 1048.1 MiB)","logger":"airflow.task.hooks.airflow.providers.apache.spark.hooks.spark_submit.SparkSubmitHook","filename":"spark_submit.py","lineno":644}
{"timestamp":"2026-01-11T16:48:29.179593Z","level":"info","event":"26/01/11 16:48:29 INFO MemoryStore: Block broadcast_9_piece0 stored as bytes in memory (estimated size 34.2 KiB, free 1048.1 MiB)","logger":"airflow.task.hooks.airflow.providers.apache.spark.hooks.spark_submit.SparkSubmitHook","filename":"spark_submit.py","lineno":644}
{"timestamp":"2026-01-11T16:48:29.181550Z","level":"info","event":"26/01/11 16:48:29 INFO BlockManagerInfo: Added broadcast_9_piece0 in memory on localhost:42335 (size: 34.2 KiB, free: 1048.7 MiB)","logger":"airflow.task.hooks.airflow.providers.apache.spark.hooks.spark_submit.SparkSubmitHook","filename":"spark_submit.py","lineno":644}
{"timestamp":"2026-01-11T16:48:29.188449Z","level":"info","event":"26/01/11 16:48:29 INFO SparkContext: Created broadcast 9 from count at NativeMethodAccessorImpl.java:0","logger":"airflow.task.hooks.airflow.providers.apache.spark.hooks.spark_submit.SparkSubmitHook","filename":"spark_submit.py","lineno":644}
{"timestamp":"2026-01-11T16:48:29.189425Z","level":"info","event":"26/01/11 16:48:29 INFO BlockManagerInfo: Removed broadcast_7_piece0 on localhost:42335 in memory (size: 6.4 KiB, free: 1048.7 MiB)","logger":"airflow.task.hooks.airflow.providers.apache.spark.hooks.spark_submit.SparkSubmitHook","filename":"spark_submit.py","lineno":644}
{"timestamp":"2026-01-11T16:48:29.192794Z","level":"info","event":"26/01/11 16:48:29 INFO FileSourceScanExec: Planning scan with bin packing, max size: 12662034 bytes, open cost is considered as scanning 4194304 bytes.","logger":"airflow.task.hooks.airflow.providers.apache.spark.hooks.spark_submit.SparkSubmitHook","filename":"spark_submit.py","lineno":644}
{"timestamp":"2026-01-11T16:48:29.214680Z","level":"info","event":"26/01/11 16:48:29 INFO DAGScheduler: Registering RDD 30 (count at NativeMethodAccessorImpl.java:0) as input to shuffle 1","logger":"airflow.task.hooks.airflow.providers.apache.spark.hooks.spark_submit.SparkSubmitHook","filename":"spark_submit.py","lineno":644}
{"timestamp":"2026-01-11T16:48:29.214958Z","level":"info","event":"26/01/11 16:48:29 INFO DAGScheduler: Got map stage job 4 (count at NativeMethodAccessorImpl.java:0) with 7 output partitions","logger":"airflow.task.hooks.airflow.providers.apache.spark.hooks.spark_submit.SparkSubmitHook","filename":"spark_submit.py","lineno":644}
{"timestamp":"2026-01-11T16:48:29.215015Z","level":"info","event":"26/01/11 16:48:29 INFO DAGScheduler: Final stage: ShuffleMapStage 5 (count at NativeMethodAccessorImpl.java:0)","logger":"airflow.task.hooks.airflow.providers.apache.spark.hooks.spark_submit.SparkSubmitHook","filename":"spark_submit.py","lineno":644}
{"timestamp":"2026-01-11T16:48:29.215080Z","level":"info","event":"26/01/11 16:48:29 INFO DAGScheduler: Parents of final stage: List()","logger":"airflow.task.hooks.airflow.providers.apache.spark.hooks.spark_submit.SparkSubmitHook","filename":"spark_submit.py","lineno":644}
{"timestamp":"2026-01-11T16:48:29.216514Z","level":"info","event":"26/01/11 16:48:29 INFO DAGScheduler: Missing parents: List()","logger":"airflow.task.hooks.airflow.providers.apache.spark.hooks.spark_submit.SparkSubmitHook","filename":"spark_submit.py","lineno":644}
{"timestamp":"2026-01-11T16:48:29.218882Z","level":"info","event":"26/01/11 16:48:29 INFO DAGScheduler: Submitting ShuffleMapStage 5 (MapPartitionsRDD[30] at count at NativeMethodAccessorImpl.java:0), which has no missing parents","logger":"airflow.task.hooks.airflow.providers.apache.spark.hooks.spark_submit.SparkSubmitHook","filename":"spark_submit.py","lineno":644}
{"timestamp":"2026-01-11T16:48:29.222142Z","level":"info","event":"26/01/11 16:48:29 INFO BlockManagerInfo: Removed broadcast_6_piece0 on localhost:42335 in memory (size: 34.2 KiB, free: 1048.7 MiB)","logger":"airflow.task.hooks.airflow.providers.apache.spark.hooks.spark_submit.SparkSubmitHook","filename":"spark_submit.py","lineno":644}
{"timestamp":"2026-01-11T16:48:29.228219Z","level":"info","event":"26/01/11 16:48:29 INFO MemoryStore: Block broadcast_10 stored as values in memory (estimated size 17.8 KiB, free 1048.3 MiB)","logger":"airflow.task.hooks.airflow.providers.apache.spark.hooks.spark_submit.SparkSubmitHook","filename":"spark_submit.py","lineno":644}
{"timestamp":"2026-01-11T16:48:29.228314Z","level":"info","event":"26/01/11 16:48:29 INFO MemoryStore: Block broadcast_10_piece0 stored as bytes in memory (estimated size 8.7 KiB, free 1048.3 MiB)","logger":"airflow.task.hooks.airflow.providers.apache.spark.hooks.spark_submit.SparkSubmitHook","filename":"spark_submit.py","lineno":644}
{"timestamp":"2026-01-11T16:48:29.230107Z","level":"info","event":"26/01/11 16:48:29 INFO BlockManagerInfo: Added broadcast_10_piece0 in memory on localhost:42335 (size: 8.7 KiB, free: 1048.7 MiB)","logger":"airflow.task.hooks.airflow.providers.apache.spark.hooks.spark_submit.SparkSubmitHook","filename":"spark_submit.py","lineno":644}
{"timestamp":"2026-01-11T16:48:29.230187Z","level":"info","event":"26/01/11 16:48:29 INFO SparkContext: Created broadcast 10 from broadcast at DAGScheduler.scala:1580","logger":"airflow.task.hooks.airflow.providers.apache.spark.hooks.spark_submit.SparkSubmitHook","filename":"spark_submit.py","lineno":644}
{"timestamp":"2026-01-11T16:48:29.230916Z","level":"info","event":"26/01/11 16:48:29 INFO DAGScheduler: Submitting 7 missing tasks from ShuffleMapStage 5 (MapPartitionsRDD[30] at count at NativeMethodAccessorImpl.java:0) (first 15 tasks are for partitions Vector(0, 1, 2, 3, 4, 5, 6))","logger":"airflow.task.hooks.airflow.providers.apache.spark.hooks.spark_submit.SparkSubmitHook","filename":"spark_submit.py","lineno":644}
{"timestamp":"2026-01-11T16:48:29.231016Z","level":"info","event":"26/01/11 16:48:29 INFO TaskSchedulerImpl: Adding task set 5.0 with 7 tasks resource profile 0","logger":"airflow.task.hooks.airflow.providers.apache.spark.hooks.spark_submit.SparkSubmitHook","filename":"spark_submit.py","lineno":644}
{"timestamp":"2026-01-11T16:48:29.234454Z","level":"info","event":"26/01/11 16:48:29 INFO TaskSetManager: Starting task 0.0 in stage 5.0 (TID 6) (localhost, executor driver, partition 0, PROCESS_LOCAL, 8270 bytes)","logger":"airflow.task.hooks.airflow.providers.apache.spark.hooks.spark_submit.SparkSubmitHook","filename":"spark_submit.py","lineno":644}
{"timestamp":"2026-01-11T16:48:29.242145Z","level":"info","event":"26/01/11 16:48:29 INFO TaskSetManager: Starting task 1.0 in stage 5.0 (TID 7) (localhost, executor driver, partition 1, PROCESS_LOCAL, 8270 bytes)","logger":"airflow.task.hooks.airflow.providers.apache.spark.hooks.spark_submit.SparkSubmitHook","filename":"spark_submit.py","lineno":644}
{"timestamp":"2026-01-11T16:48:29.244644Z","level":"info","event":"26/01/11 16:48:29 INFO TaskSetManager: Starting task 2.0 in stage 5.0 (TID 8) (localhost, executor driver, partition 2, PROCESS_LOCAL, 8270 bytes)","logger":"airflow.task.hooks.airflow.providers.apache.spark.hooks.spark_submit.SparkSubmitHook","filename":"spark_submit.py","lineno":644}
{"timestamp":"2026-01-11T16:48:29.247713Z","level":"info","event":"26/01/11 16:48:29 INFO TaskSetManager: Starting task 3.0 in stage 5.0 (TID 9) (localhost, executor driver, partition 3, PROCESS_LOCAL, 8270 bytes)","logger":"airflow.task.hooks.airflow.providers.apache.spark.hooks.spark_submit.SparkSubmitHook","filename":"spark_submit.py","lineno":644}
{"timestamp":"2026-01-11T16:48:29.247876Z","level":"info","event":"26/01/11 16:48:29 INFO TaskSetManager: Starting task 4.0 in stage 5.0 (TID 10) (localhost, executor driver, partition 4, PROCESS_LOCAL, 8270 bytes)","logger":"airflow.task.hooks.airflow.providers.apache.spark.hooks.spark_submit.SparkSubmitHook","filename":"spark_submit.py","lineno":644}
{"timestamp":"2026-01-11T16:48:29.253092Z","level":"info","event":"26/01/11 16:48:29 INFO TaskSetManager: Starting task 5.0 in stage 5.0 (TID 11) (localhost, executor driver, partition 5, PROCESS_LOCAL, 8270 bytes)","logger":"airflow.task.hooks.airflow.providers.apache.spark.hooks.spark_submit.SparkSubmitHook","filename":"spark_submit.py","lineno":644}
{"timestamp":"2026-01-11T16:48:29.253217Z","level":"info","event":"26/01/11 16:48:29 INFO TaskSetManager: Starting task 6.0 in stage 5.0 (TID 12) (localhost, executor driver, partition 6, PROCESS_LOCAL, 8270 bytes)","logger":"airflow.task.hooks.airflow.providers.apache.spark.hooks.spark_submit.SparkSubmitHook","filename":"spark_submit.py","lineno":644}
{"timestamp":"2026-01-11T16:48:29.253245Z","level":"info","event":"26/01/11 16:48:29 INFO BlockManagerInfo: Removed broadcast_8_piece0 on localhost:42335 in memory (size: 34.2 KiB, free: 1048.8 MiB)","logger":"airflow.task.hooks.airflow.providers.apache.spark.hooks.spark_submit.SparkSubmitHook","filename":"spark_submit.py","lineno":644}
{"timestamp":"2026-01-11T16:48:29.253264Z","level":"info","event":"26/01/11 16:48:29 INFO Executor: Running task 4.0 in stage 5.0 (TID 10)","logger":"airflow.task.hooks.airflow.providers.apache.spark.hooks.spark_submit.SparkSubmitHook","filename":"spark_submit.py","lineno":644}
{"timestamp":"2026-01-11T16:48:29.253296Z","level":"info","event":"26/01/11 16:48:29 INFO Executor: Running task 0.0 in stage 5.0 (TID 6)","logger":"airflow.task.hooks.airflow.providers.apache.spark.hooks.spark_submit.SparkSubmitHook","filename":"spark_submit.py","lineno":644}
{"timestamp":"2026-01-11T16:48:29.253317Z","level":"info","event":"26/01/11 16:48:29 INFO Executor: Running task 3.0 in stage 5.0 (TID 9)","logger":"airflow.task.hooks.airflow.providers.apache.spark.hooks.spark_submit.SparkSubmitHook","filename":"spark_submit.py","lineno":644}
{"timestamp":"2026-01-11T16:48:29.268264Z","level":"info","event":"26/01/11 16:48:29 INFO Executor: Running task 2.0 in stage 5.0 (TID 8)","logger":"airflow.task.hooks.airflow.providers.apache.spark.hooks.spark_submit.SparkSubmitHook","filename":"spark_submit.py","lineno":644}
{"timestamp":"2026-01-11T16:48:29.268385Z","level":"info","event":"26/01/11 16:48:29 INFO Executor: Running task 1.0 in stage 5.0 (TID 7)","logger":"airflow.task.hooks.airflow.providers.apache.spark.hooks.spark_submit.SparkSubmitHook","filename":"spark_submit.py","lineno":644}
{"timestamp":"2026-01-11T16:48:29.268424Z","level":"info","event":"26/01/11 16:48:29 INFO Executor: Running task 5.0 in stage 5.0 (TID 11)","logger":"airflow.task.hooks.airflow.providers.apache.spark.hooks.spark_submit.SparkSubmitHook","filename":"spark_submit.py","lineno":644}
{"timestamp":"2026-01-11T16:48:29.268455Z","level":"info","event":"26/01/11 16:48:29 INFO FileScanRDD: Reading File path: file:///opt/airflow/data/raw/olist_geolocation/part-00005-77e75a83-ba92-4b7e-b736-cb419abb14bd-c000.csv, range: 0-9043974, partition values: [empty row]","logger":"airflow.task.hooks.airflow.providers.apache.spark.hooks.spark_submit.SparkSubmitHook","filename":"spark_submit.py","lineno":644}
{"timestamp":"2026-01-11T16:48:29.276500Z","level":"info","event":"26/01/11 16:48:29 INFO FileScanRDD: Reading File path: file:///opt/airflow/data/raw/olist_geolocation/part-00004-77e75a83-ba92-4b7e-b736-cb419abb14bd-c000.csv, range: 0-9045196, partition values: [empty row]","logger":"airflow.task.hooks.airflow.providers.apache.spark.hooks.spark_submit.SparkSubmitHook","filename":"spark_submit.py","lineno":644}
{"timestamp":"2026-01-11T16:48:29.276804Z","level":"info","event":"26/01/11 16:48:29 INFO FileScanRDD: Reading File path: file:///opt/airflow/data/raw/olist_geolocation/part-00000-77e75a83-ba92-4b7e-b736-cb419abb14bd-c000.csv, range: 0-9039701, partition values: [empty row]","logger":"airflow.task.hooks.airflow.providers.apache.spark.hooks.spark_submit.SparkSubmitHook","filename":"spark_submit.py","lineno":644}
{"timestamp":"2026-01-11T16:48:29.276907Z","level":"info","event":"26/01/11 16:48:29 INFO FileScanRDD: Reading File path: file:///opt/airflow/data/raw/olist_geolocation/part-00002-77e75a83-ba92-4b7e-b736-cb419abb14bd-c000.csv, range: 0-9053172, partition values: [empty row]","logger":"airflow.task.hooks.airflow.providers.apache.spark.hooks.spark_submit.SparkSubmitHook","filename":"spark_submit.py","lineno":644}
{"timestamp":"2026-01-11T16:48:29.277016Z","level":"info","event":"26/01/11 16:48:29 INFO FileScanRDD: Reading File path: file:///opt/airflow/data/raw/olist_geolocation/part-00003-77e75a83-ba92-4b7e-b736-cb419abb14bd-c000.csv, range: 0-9052747, partition values: [empty row]","logger":"airflow.task.hooks.airflow.providers.apache.spark.hooks.spark_submit.SparkSubmitHook","filename":"spark_submit.py","lineno":644}
{"timestamp":"2026-01-11T16:48:29.278924Z","level":"info","event":"26/01/11 16:48:29 INFO Executor: Running task 6.0 in stage 5.0 (TID 12)","logger":"airflow.task.hooks.airflow.providers.apache.spark.hooks.spark_submit.SparkSubmitHook","filename":"spark_submit.py","lineno":644}
{"timestamp":"2026-01-11T16:48:29.282186Z","level":"info","event":"26/01/11 16:48:29 INFO FileScanRDD: Reading File path: file:///opt/airflow/data/raw/olist_geolocation/part-00001-77e75a83-ba92-4b7e-b736-cb419abb14bd-c000.csv, range: 0-9049376, partition values: [empty row]","logger":"airflow.task.hooks.airflow.providers.apache.spark.hooks.spark_submit.SparkSubmitHook","filename":"spark_submit.py","lineno":644}
{"timestamp":"2026-01-11T16:48:29.289202Z","level":"info","event":"26/01/11 16:48:29 INFO FileScanRDD: Reading File path: file:///opt/airflow/data/raw/olist_geolocation/part-00006-77e75a83-ba92-4b7e-b736-cb419abb14bd-c000.csv, range: 0-4989944, partition values: [empty row]","logger":"airflow.task.hooks.airflow.providers.apache.spark.hooks.spark_submit.SparkSubmitHook","filename":"spark_submit.py","lineno":644}
{"timestamp":"2026-01-11T16:48:29.786403Z","level":"info","event":"26/01/11 16:48:29 INFO Executor: Finished task 6.0 in stage 5.0 (TID 12). 2011 bytes result sent to driver","logger":"airflow.task.hooks.airflow.providers.apache.spark.hooks.spark_submit.SparkSubmitHook","filename":"spark_submit.py","lineno":644}
{"timestamp":"2026-01-11T16:48:29.825723Z","level":"info","event":"26/01/11 16:48:29 INFO TaskSetManager: Finished task 6.0 in stage 5.0 (TID 12) in 576 ms on localhost (executor driver) (1/7)","logger":"airflow.task.hooks.airflow.providers.apache.spark.hooks.spark_submit.SparkSubmitHook","filename":"spark_submit.py","lineno":644}
{"timestamp":"2026-01-11T16:48:30.010658Z","level":"info","event":"26/01/11 16:48:30 INFO Executor: Finished task 1.0 in stage 5.0 (TID 7). 1968 bytes result sent to driver","logger":"airflow.task.hooks.airflow.providers.apache.spark.hooks.spark_submit.SparkSubmitHook","filename":"spark_submit.py","lineno":644}
{"timestamp":"2026-01-11T16:48:30.014176Z","level":"info","event":"26/01/11 16:48:30 INFO Executor: Finished task 0.0 in stage 5.0 (TID 6). 2011 bytes result sent to driver","logger":"airflow.task.hooks.airflow.providers.apache.spark.hooks.spark_submit.SparkSubmitHook","filename":"spark_submit.py","lineno":644}
{"timestamp":"2026-01-11T16:48:30.014726Z","level":"info","event":"26/01/11 16:48:30 INFO TaskSetManager: Finished task 1.0 in stage 5.0 (TID 7) in 781 ms on localhost (executor driver) (2/7)","logger":"airflow.task.hooks.airflow.providers.apache.spark.hooks.spark_submit.SparkSubmitHook","filename":"spark_submit.py","lineno":644}
{"timestamp":"2026-01-11T16:48:30.016875Z","level":"info","event":"26/01/11 16:48:30 INFO TaskSetManager: Finished task 0.0 in stage 5.0 (TID 6) in 781 ms on localhost (executor driver) (3/7)","logger":"airflow.task.hooks.airflow.providers.apache.spark.hooks.spark_submit.SparkSubmitHook","filename":"spark_submit.py","lineno":644}
{"timestamp":"2026-01-11T16:48:30.034051Z","level":"info","event":"26/01/11 16:48:30 INFO Executor: Finished task 2.0 in stage 5.0 (TID 8). 2011 bytes result sent to driver","logger":"airflow.task.hooks.airflow.providers.apache.spark.hooks.spark_submit.SparkSubmitHook","filename":"spark_submit.py","lineno":644}
{"timestamp":"2026-01-11T16:48:30.037646Z","level":"info","event":"26/01/11 16:48:30 INFO TaskSetManager: Finished task 2.0 in stage 5.0 (TID 8) in 798 ms on localhost (executor driver) (4/7)","logger":"airflow.task.hooks.airflow.providers.apache.spark.hooks.spark_submit.SparkSubmitHook","filename":"spark_submit.py","lineno":644}
{"timestamp":"2026-01-11T16:48:30.045010Z","level":"info","event":"26/01/11 16:48:30 INFO Executor: Finished task 3.0 in stage 5.0 (TID 9). 2011 bytes result sent to driver","logger":"airflow.task.hooks.airflow.providers.apache.spark.hooks.spark_submit.SparkSubmitHook","filename":"spark_submit.py","lineno":644}
{"timestamp":"2026-01-11T16:48:30.049178Z","level":"info","event":"26/01/11 16:48:30 INFO TaskSetManager: Finished task 3.0 in stage 5.0 (TID 9) in 802 ms on localhost (executor driver) (5/7)","logger":"airflow.task.hooks.airflow.providers.apache.spark.hooks.spark_submit.SparkSubmitHook","filename":"spark_submit.py","lineno":644}
{"timestamp":"2026-01-11T16:48:30.050623Z","level":"info","event":"26/01/11 16:48:30 INFO Executor: Finished task 4.0 in stage 5.0 (TID 10). 2011 bytes result sent to driver","logger":"airflow.task.hooks.airflow.providers.apache.spark.hooks.spark_submit.SparkSubmitHook","filename":"spark_submit.py","lineno":644}
{"timestamp":"2026-01-11T16:48:30.053324Z","level":"info","event":"26/01/11 16:48:30 INFO TaskSetManager: Finished task 4.0 in stage 5.0 (TID 10) in 806 ms on localhost (executor driver) (6/7)","logger":"airflow.task.hooks.airflow.providers.apache.spark.hooks.spark_submit.SparkSubmitHook","filename":"spark_submit.py","lineno":644}
{"timestamp":"2026-01-11T16:48:30.055161Z","level":"info","event":"26/01/11 16:48:30 INFO Executor: Finished task 5.0 in stage 5.0 (TID 11). 2011 bytes result sent to driver","logger":"airflow.task.hooks.airflow.providers.apache.spark.hooks.spark_submit.SparkSubmitHook","filename":"spark_submit.py","lineno":644}
{"timestamp":"2026-01-11T16:48:30.058318Z","level":"info","event":"26/01/11 16:48:30 INFO TaskSetManager: Finished task 5.0 in stage 5.0 (TID 11) in 810 ms on localhost (executor driver) (7/7)","logger":"airflow.task.hooks.airflow.providers.apache.spark.hooks.spark_submit.SparkSubmitHook","filename":"spark_submit.py","lineno":644}
{"timestamp":"2026-01-11T16:48:30.061804Z","level":"info","event":"26/01/11 16:48:30 INFO TaskSchedulerImpl: Removed TaskSet 5.0, whose tasks have all completed, from pool","logger":"airflow.task.hooks.airflow.providers.apache.spark.hooks.spark_submit.SparkSubmitHook","filename":"spark_submit.py","lineno":644}
{"timestamp":"2026-01-11T16:48:30.065185Z","level":"info","event":"26/01/11 16:48:30 INFO DAGScheduler: ShuffleMapStage 5 (count at NativeMethodAccessorImpl.java:0) finished in 0.838 s","logger":"airflow.task.hooks.airflow.providers.apache.spark.hooks.spark_submit.SparkSubmitHook","filename":"spark_submit.py","lineno":644}
{"timestamp":"2026-01-11T16:48:30.068323Z","level":"info","event":"26/01/11 16:48:30 INFO DAGScheduler: looking for newly runnable stages","logger":"airflow.task.hooks.airflow.providers.apache.spark.hooks.spark_submit.SparkSubmitHook","filename":"spark_submit.py","lineno":644}
{"timestamp":"2026-01-11T16:48:30.079243Z","level":"info","event":"26/01/11 16:48:30 INFO DAGScheduler: running: Set()","logger":"airflow.task.hooks.airflow.providers.apache.spark.hooks.spark_submit.SparkSubmitHook","filename":"spark_submit.py","lineno":644}
{"timestamp":"2026-01-11T16:48:30.079982Z","level":"info","event":"26/01/11 16:48:30 INFO DAGScheduler: waiting: Set()","logger":"airflow.task.hooks.airflow.providers.apache.spark.hooks.spark_submit.SparkSubmitHook","filename":"spark_submit.py","lineno":644}
{"timestamp":"2026-01-11T16:48:30.080274Z","level":"info","event":"26/01/11 16:48:30 INFO DAGScheduler: failed: Set()","logger":"airflow.task.hooks.airflow.providers.apache.spark.hooks.spark_submit.SparkSubmitHook","filename":"spark_submit.py","lineno":644}
{"timestamp":"2026-01-11T16:48:30.149020Z","level":"info","event":"26/01/11 16:48:30 INFO SparkContext: Starting job: count at NativeMethodAccessorImpl.java:0","logger":"airflow.task.hooks.airflow.providers.apache.spark.hooks.spark_submit.SparkSubmitHook","filename":"spark_submit.py","lineno":644}
{"timestamp":"2026-01-11T16:48:30.151625Z","level":"info","event":"26/01/11 16:48:30 INFO DAGScheduler: Got job 5 (count at NativeMethodAccessorImpl.java:0) with 1 output partitions","logger":"airflow.task.hooks.airflow.providers.apache.spark.hooks.spark_submit.SparkSubmitHook","filename":"spark_submit.py","lineno":644}
{"timestamp":"2026-01-11T16:48:30.151915Z","level":"info","event":"26/01/11 16:48:30 INFO DAGScheduler: Final stage: ResultStage 7 (count at NativeMethodAccessorImpl.java:0)","logger":"airflow.task.hooks.airflow.providers.apache.spark.hooks.spark_submit.SparkSubmitHook","filename":"spark_submit.py","lineno":644}
{"timestamp":"2026-01-11T16:48:30.152037Z","level":"info","event":"26/01/11 16:48:30 INFO DAGScheduler: Parents of final stage: List(ShuffleMapStage 6)","logger":"airflow.task.hooks.airflow.providers.apache.spark.hooks.spark_submit.SparkSubmitHook","filename":"spark_submit.py","lineno":644}
{"timestamp":"2026-01-11T16:48:30.152122Z","level":"info","event":"26/01/11 16:48:30 INFO DAGScheduler: Missing parents: List()","logger":"airflow.task.hooks.airflow.providers.apache.spark.hooks.spark_submit.SparkSubmitHook","filename":"spark_submit.py","lineno":644}
{"timestamp":"2026-01-11T16:48:30.152449Z","level":"info","event":"26/01/11 16:48:30 INFO DAGScheduler: Submitting ResultStage 7 (MapPartitionsRDD[33] at count at NativeMethodAccessorImpl.java:0), which has no missing parents","logger":"airflow.task.hooks.airflow.providers.apache.spark.hooks.spark_submit.SparkSubmitHook","filename":"spark_submit.py","lineno":644}
{"timestamp":"2026-01-11T16:48:30.156005Z","level":"info","event":"26/01/11 16:48:30 INFO MemoryStore: Block broadcast_11 stored as values in memory (estimated size 12.5 KiB, free 1048.5 MiB)","logger":"airflow.task.hooks.airflow.providers.apache.spark.hooks.spark_submit.SparkSubmitHook","filename":"spark_submit.py","lineno":644}
{"timestamp":"2026-01-11T16:48:30.161259Z","level":"info","event":"26/01/11 16:48:30 INFO MemoryStore: Block broadcast_11_piece0 stored as bytes in memory (estimated size 5.9 KiB, free 1048.5 MiB)","logger":"airflow.task.hooks.airflow.providers.apache.spark.hooks.spark_submit.SparkSubmitHook","filename":"spark_submit.py","lineno":644}
{"timestamp":"2026-01-11T16:48:30.167954Z","level":"info","event":"26/01/11 16:48:30 INFO BlockManagerInfo: Added broadcast_11_piece0 in memory on localhost:42335 (size: 5.9 KiB, free: 1048.8 MiB)","logger":"airflow.task.hooks.airflow.providers.apache.spark.hooks.spark_submit.SparkSubmitHook","filename":"spark_submit.py","lineno":644}
{"timestamp":"2026-01-11T16:48:30.170320Z","level":"info","event":"26/01/11 16:48:30 INFO SparkContext: Created broadcast 11 from broadcast at DAGScheduler.scala:1580","logger":"airflow.task.hooks.airflow.providers.apache.spark.hooks.spark_submit.SparkSubmitHook","filename":"spark_submit.py","lineno":644}
{"timestamp":"2026-01-11T16:48:30.170960Z","level":"info","event":"26/01/11 16:48:30 INFO DAGScheduler: Submitting 1 missing tasks from ResultStage 7 (MapPartitionsRDD[33] at count at NativeMethodAccessorImpl.java:0) (first 15 tasks are for partitions Vector(0))","logger":"airflow.task.hooks.airflow.providers.apache.spark.hooks.spark_submit.SparkSubmitHook","filename":"spark_submit.py","lineno":644}
{"timestamp":"2026-01-11T16:48:30.171085Z","level":"info","event":"26/01/11 16:48:30 INFO TaskSchedulerImpl: Adding task set 7.0 with 1 tasks resource profile 0","logger":"airflow.task.hooks.airflow.providers.apache.spark.hooks.spark_submit.SparkSubmitHook","filename":"spark_submit.py","lineno":644}
{"timestamp":"2026-01-11T16:48:30.172799Z","level":"info","event":"26/01/11 16:48:30 INFO TaskSetManager: Starting task 0.0 in stage 7.0 (TID 13) (localhost, executor driver, partition 0, NODE_LOCAL, 7615 bytes)","logger":"airflow.task.hooks.airflow.providers.apache.spark.hooks.spark_submit.SparkSubmitHook","filename":"spark_submit.py","lineno":644}
{"timestamp":"2026-01-11T16:48:30.173703Z","level":"info","event":"26/01/11 16:48:30 INFO Executor: Running task 0.0 in stage 7.0 (TID 13)","logger":"airflow.task.hooks.airflow.providers.apache.spark.hooks.spark_submit.SparkSubmitHook","filename":"spark_submit.py","lineno":644}
{"timestamp":"2026-01-11T16:48:30.184158Z","level":"info","event":"26/01/11 16:48:30 INFO ShuffleBlockFetcherIterator: Getting 7 (420.0 B) non-empty blocks including 7 (420.0 B) local and 0 (0.0 B) host-local and 0 (0.0 B) push-merged-local and 0 (0.0 B) remote blocks","logger":"airflow.task.hooks.airflow.providers.apache.spark.hooks.spark_submit.SparkSubmitHook","filename":"spark_submit.py","lineno":644}
{"timestamp":"2026-01-11T16:48:30.184654Z","level":"info","event":"26/01/11 16:48:30 INFO ShuffleBlockFetcherIterator: Started 0 remote fetches in 1 ms","logger":"airflow.task.hooks.airflow.providers.apache.spark.hooks.spark_submit.SparkSubmitHook","filename":"spark_submit.py","lineno":644}
{"timestamp":"2026-01-11T16:48:30.191244Z","level":"info","event":"26/01/11 16:48:30 INFO Executor: Finished task 0.0 in stage 7.0 (TID 13). 4038 bytes result sent to driver","logger":"airflow.task.hooks.airflow.providers.apache.spark.hooks.spark_submit.SparkSubmitHook","filename":"spark_submit.py","lineno":644}
{"timestamp":"2026-01-11T16:48:30.193063Z","level":"info","event":"26/01/11 16:48:30 INFO TaskSetManager: Finished task 0.0 in stage 7.0 (TID 13) in 20 ms on localhost (executor driver) (1/1)","logger":"airflow.task.hooks.airflow.providers.apache.spark.hooks.spark_submit.SparkSubmitHook","filename":"spark_submit.py","lineno":644}
{"timestamp":"2026-01-11T16:48:30.193511Z","level":"info","event":"26/01/11 16:48:30 INFO TaskSchedulerImpl: Removed TaskSet 7.0, whose tasks have all completed, from pool","logger":"airflow.task.hooks.airflow.providers.apache.spark.hooks.spark_submit.SparkSubmitHook","filename":"spark_submit.py","lineno":644}
{"timestamp":"2026-01-11T16:48:30.195434Z","level":"info","event":"26/01/11 16:48:30 INFO DAGScheduler: ResultStage 7 (count at NativeMethodAccessorImpl.java:0) finished in 0.041 s","logger":"airflow.task.hooks.airflow.providers.apache.spark.hooks.spark_submit.SparkSubmitHook","filename":"spark_submit.py","lineno":644}
{"timestamp":"2026-01-11T16:48:30.195662Z","level":"info","event":"26/01/11 16:48:30 INFO DAGScheduler: Job 5 is finished. Cancelling potential speculative or zombie tasks for this job","logger":"airflow.task.hooks.airflow.providers.apache.spark.hooks.spark_submit.SparkSubmitHook","filename":"spark_submit.py","lineno":644}
{"timestamp":"2026-01-11T16:48:30.195728Z","level":"info","event":"26/01/11 16:48:30 INFO TaskSchedulerImpl: Killing all running tasks in stage 7: Stage finished","logger":"airflow.task.hooks.airflow.providers.apache.spark.hooks.spark_submit.SparkSubmitHook","filename":"spark_submit.py","lineno":644}
{"timestamp":"2026-01-11T16:48:30.196352Z","level":"info","event":"26/01/11 16:48:30 INFO DAGScheduler: Job 5 finished: count at NativeMethodAccessorImpl.java:0, took 0.046906 s","logger":"airflow.task.hooks.airflow.providers.apache.spark.hooks.spark_submit.SparkSubmitHook","filename":"spark_submit.py","lineno":644}
{"timestamp":"2026-01-11T16:48:30.208275Z","level":"info","event":"Loaded olist_geolocation with 1000163 records for cleaning.","logger":"airflow.task.hooks.airflow.providers.apache.spark.hooks.spark_submit.SparkSubmitHook","filename":"spark_submit.py","lineno":644}
{"timestamp":"2026-01-11T16:48:30.211489Z","level":"info","event":"root","logger":"airflow.task.hooks.airflow.providers.apache.spark.hooks.spark_submit.SparkSubmitHook","filename":"spark_submit.py","lineno":644}
{"timestamp":"2026-01-11T16:48:30.211607Z","level":"info","event":"|-- geolocation_zip_code_prefix: string (nullable = true)","logger":"airflow.task.hooks.airflow.providers.apache.spark.hooks.spark_submit.SparkSubmitHook","filename":"spark_submit.py","lineno":644}
{"timestamp":"2026-01-11T16:48:30.211644Z","level":"info","event":"|-- geolocation_lat: string (nullable = true)","logger":"airflow.task.hooks.airflow.providers.apache.spark.hooks.spark_submit.SparkSubmitHook","filename":"spark_submit.py","lineno":644}
{"timestamp":"2026-01-11T16:48:30.211669Z","level":"info","event":"|-- geolocation_lng: string (nullable = true)","logger":"airflow.task.hooks.airflow.providers.apache.spark.hooks.spark_submit.SparkSubmitHook","filename":"spark_submit.py","lineno":644}
{"timestamp":"2026-01-11T16:48:30.211695Z","level":"info","event":"|-- geolocation_city: string (nullable = true)","logger":"airflow.task.hooks.airflow.providers.apache.spark.hooks.spark_submit.SparkSubmitHook","filename":"spark_submit.py","lineno":644}
{"timestamp":"2026-01-11T16:48:30.211727Z","level":"info","event":"|-- geolocation_state: string (nullable = true)","logger":"airflow.task.hooks.airflow.providers.apache.spark.hooks.spark_submit.SparkSubmitHook","filename":"spark_submit.py","lineno":644}
{"timestamp":"2026-01-11T16:48:30.211769Z","level":"info","event":"","logger":"airflow.task.hooks.airflow.providers.apache.spark.hooks.spark_submit.SparkSubmitHook","filename":"spark_submit.py","lineno":644}
{"timestamp":"2026-01-11T16:48:30.253977Z","level":"info","event":"26/01/11 16:48:30 INFO InMemoryFileIndex: It took 13 ms to list leaf files for 1 paths.","logger":"airflow.task.hooks.airflow.providers.apache.spark.hooks.spark_submit.SparkSubmitHook","filename":"spark_submit.py","lineno":644}
{"timestamp":"2026-01-11T16:48:30.266186Z","level":"info","event":"26/01/11 16:48:30 INFO InMemoryFileIndex: It took 2 ms to list leaf files for 4 paths.","logger":"airflow.task.hooks.airflow.providers.apache.spark.hooks.spark_submit.SparkSubmitHook","filename":"spark_submit.py","lineno":644}
{"timestamp":"2026-01-11T16:48:30.570182Z","level":"info","event":"26/01/11 16:48:30 INFO FileSourceStrategy: Pushed Filters:","logger":"airflow.task.hooks.airflow.providers.apache.spark.hooks.spark_submit.SparkSubmitHook","filename":"spark_submit.py","lineno":644}
{"timestamp":"2026-01-11T16:48:30.571083Z","level":"info","event":"26/01/11 16:48:30 INFO FileSourceStrategy: Post-Scan Filters: (length(trim(value#74, None)) > 0)","logger":"airflow.task.hooks.airflow.providers.apache.spark.hooks.spark_submit.SparkSubmitHook","filename":"spark_submit.py","lineno":644}
{"timestamp":"2026-01-11T16:48:30.607913Z","level":"info","event":"26/01/11 16:48:30 INFO MemoryStore: Block broadcast_12 stored as values in memory (estimated size 199.5 KiB, free 1048.3 MiB)","logger":"airflow.task.hooks.airflow.providers.apache.spark.hooks.spark_submit.SparkSubmitHook","filename":"spark_submit.py","lineno":644}
{"timestamp":"2026-01-11T16:48:30.628316Z","level":"info","event":"26/01/11 16:48:30 INFO MemoryStore: Block broadcast_12_piece0 stored as bytes in memory (estimated size 34.2 KiB, free 1048.3 MiB)","logger":"airflow.task.hooks.airflow.providers.apache.spark.hooks.spark_submit.SparkSubmitHook","filename":"spark_submit.py","lineno":644}
{"timestamp":"2026-01-11T16:48:30.629816Z","level":"info","event":"26/01/11 16:48:30 INFO BlockManagerInfo: Added broadcast_12_piece0 in memory on localhost:42335 (size: 34.2 KiB, free: 1048.7 MiB)","logger":"airflow.task.hooks.airflow.providers.apache.spark.hooks.spark_submit.SparkSubmitHook","filename":"spark_submit.py","lineno":644}
{"timestamp":"2026-01-11T16:48:30.631317Z","level":"info","event":"26/01/11 16:48:30 INFO SparkContext: Created broadcast 12 from csv at NativeMethodAccessorImpl.java:0","logger":"airflow.task.hooks.airflow.providers.apache.spark.hooks.spark_submit.SparkSubmitHook","filename":"spark_submit.py","lineno":644}
{"timestamp":"2026-01-11T16:48:30.633913Z","level":"info","event":"26/01/11 16:48:30 INFO FileSourceScanExec: Planning scan with bin packing, max size: 4540723 bytes, open cost is considered as scanning 4194304 bytes.","logger":"airflow.task.hooks.airflow.providers.apache.spark.hooks.spark_submit.SparkSubmitHook","filename":"spark_submit.py","lineno":644}
{"timestamp":"2026-01-11T16:48:30.649455Z","level":"info","event":"26/01/11 16:48:30 INFO SparkContext: Starting job: csv at NativeMethodAccessorImpl.java:0","logger":"airflow.task.hooks.airflow.providers.apache.spark.hooks.spark_submit.SparkSubmitHook","filename":"spark_submit.py","lineno":644}
{"timestamp":"2026-01-11T16:48:30.656652Z","level":"info","event":"26/01/11 16:48:30 INFO DAGScheduler: Got job 6 (csv at NativeMethodAccessorImpl.java:0) with 1 output partitions","logger":"airflow.task.hooks.airflow.providers.apache.spark.hooks.spark_submit.SparkSubmitHook","filename":"spark_submit.py","lineno":644}
{"timestamp":"2026-01-11T16:48:30.657486Z","level":"info","event":"26/01/11 16:48:30 INFO DAGScheduler: Final stage: ResultStage 8 (csv at NativeMethodAccessorImpl.java:0)","logger":"airflow.task.hooks.airflow.providers.apache.spark.hooks.spark_submit.SparkSubmitHook","filename":"spark_submit.py","lineno":644}
{"timestamp":"2026-01-11T16:48:30.657554Z","level":"info","event":"26/01/11 16:48:30 INFO DAGScheduler: Parents of final stage: List()","logger":"airflow.task.hooks.airflow.providers.apache.spark.hooks.spark_submit.SparkSubmitHook","filename":"spark_submit.py","lineno":644}
{"timestamp":"2026-01-11T16:48:30.657606Z","level":"info","event":"26/01/11 16:48:30 INFO DAGScheduler: Missing parents: List()","logger":"airflow.task.hooks.airflow.providers.apache.spark.hooks.spark_submit.SparkSubmitHook","filename":"spark_submit.py","lineno":644}
{"timestamp":"2026-01-11T16:48:30.659842Z","level":"info","event":"26/01/11 16:48:30 INFO DAGScheduler: Submitting ResultStage 8 (MapPartitionsRDD[37] at csv at NativeMethodAccessorImpl.java:0), which has no missing parents","logger":"airflow.task.hooks.airflow.providers.apache.spark.hooks.spark_submit.SparkSubmitHook","filename":"spark_submit.py","lineno":644}
{"timestamp":"2026-01-11T16:48:30.667180Z","level":"info","event":"26/01/11 16:48:30 INFO MemoryStore: Block broadcast_13 stored as values in memory (estimated size 13.5 KiB, free 1048.3 MiB)","logger":"airflow.task.hooks.airflow.providers.apache.spark.hooks.spark_submit.SparkSubmitHook","filename":"spark_submit.py","lineno":644}
{"timestamp":"2026-01-11T16:48:30.673629Z","level":"info","event":"26/01/11 16:48:30 INFO MemoryStore: Block broadcast_13_piece0 stored as bytes in memory (estimated size 6.4 KiB, free 1048.3 MiB)","logger":"airflow.task.hooks.airflow.providers.apache.spark.hooks.spark_submit.SparkSubmitHook","filename":"spark_submit.py","lineno":644}
{"timestamp":"2026-01-11T16:48:30.675557Z","level":"info","event":"26/01/11 16:48:30 INFO BlockManagerInfo: Added broadcast_13_piece0 in memory on localhost:42335 (size: 6.4 KiB, free: 1048.7 MiB)","logger":"airflow.task.hooks.airflow.providers.apache.spark.hooks.spark_submit.SparkSubmitHook","filename":"spark_submit.py","lineno":644}
{"timestamp":"2026-01-11T16:48:30.676873Z","level":"info","event":"26/01/11 16:48:30 INFO SparkContext: Created broadcast 13 from broadcast at DAGScheduler.scala:1580","logger":"airflow.task.hooks.airflow.providers.apache.spark.hooks.spark_submit.SparkSubmitHook","filename":"spark_submit.py","lineno":644}
{"timestamp":"2026-01-11T16:48:30.679332Z","level":"info","event":"26/01/11 16:48:30 INFO DAGScheduler: Submitting 1 missing tasks from ResultStage 8 (MapPartitionsRDD[37] at csv at NativeMethodAccessorImpl.java:0) (first 15 tasks are for partitions Vector(0))","logger":"airflow.task.hooks.airflow.providers.apache.spark.hooks.spark_submit.SparkSubmitHook","filename":"spark_submit.py","lineno":644}
{"timestamp":"2026-01-11T16:48:30.679967Z","level":"info","event":"26/01/11 16:48:30 INFO TaskSchedulerImpl: Adding task set 8.0 with 1 tasks resource profile 0","logger":"airflow.task.hooks.airflow.providers.apache.spark.hooks.spark_submit.SparkSubmitHook","filename":"spark_submit.py","lineno":644}
{"timestamp":"2026-01-11T16:48:30.689830Z","level":"info","event":"26/01/11 16:48:30 INFO TaskSetManager: Starting task 0.0 in stage 8.0 (TID 14) (localhost, executor driver, partition 0, PROCESS_LOCAL, 8281 bytes)","logger":"airflow.task.hooks.airflow.providers.apache.spark.hooks.spark_submit.SparkSubmitHook","filename":"spark_submit.py","lineno":644}
{"timestamp":"2026-01-11T16:48:30.693211Z","level":"info","event":"26/01/11 16:48:30 INFO Executor: Running task 0.0 in stage 8.0 (TID 14)","logger":"airflow.task.hooks.airflow.providers.apache.spark.hooks.spark_submit.SparkSubmitHook","filename":"spark_submit.py","lineno":644}
{"timestamp":"2026-01-11T16:48:30.716509Z","level":"info","event":"26/01/11 16:48:30 INFO FileScanRDD: Reading File path: file:///opt/airflow/data/raw/olist_order_items/part-00002-5518444a-24fe-4b89-a2ee-274669db2380-c000.csv, range: 0-4096412, partition values: [empty row]","logger":"airflow.task.hooks.airflow.providers.apache.spark.hooks.spark_submit.SparkSubmitHook","filename":"spark_submit.py","lineno":644}
{"timestamp":"2026-01-11T16:48:30.750282Z","level":"info","event":"26/01/11 16:48:30 INFO Executor: Finished task 0.0 in stage 8.0 (TID 14). 1692 bytes result sent to driver","logger":"airflow.task.hooks.airflow.providers.apache.spark.hooks.spark_submit.SparkSubmitHook","filename":"spark_submit.py","lineno":644}
{"timestamp":"2026-01-11T16:48:30.752311Z","level":"info","event":"26/01/11 16:48:30 INFO TaskSetManager: Finished task 0.0 in stage 8.0 (TID 14) in 63 ms on localhost (executor driver) (1/1)","logger":"airflow.task.hooks.airflow.providers.apache.spark.hooks.spark_submit.SparkSubmitHook","filename":"spark_submit.py","lineno":644}
{"timestamp":"2026-01-11T16:48:30.752467Z","level":"info","event":"26/01/11 16:48:30 INFO TaskSchedulerImpl: Removed TaskSet 8.0, whose tasks have all completed, from pool","logger":"airflow.task.hooks.airflow.providers.apache.spark.hooks.spark_submit.SparkSubmitHook","filename":"spark_submit.py","lineno":644}
{"timestamp":"2026-01-11T16:48:30.753130Z","level":"info","event":"26/01/11 16:48:30 INFO DAGScheduler: ResultStage 8 (csv at NativeMethodAccessorImpl.java:0) finished in 0.092 s","logger":"airflow.task.hooks.airflow.providers.apache.spark.hooks.spark_submit.SparkSubmitHook","filename":"spark_submit.py","lineno":644}
{"timestamp":"2026-01-11T16:48:30.753387Z","level":"info","event":"26/01/11 16:48:30 INFO DAGScheduler: Job 6 is finished. Cancelling potential speculative or zombie tasks for this job","logger":"airflow.task.hooks.airflow.providers.apache.spark.hooks.spark_submit.SparkSubmitHook","filename":"spark_submit.py","lineno":644}
{"timestamp":"2026-01-11T16:48:30.753595Z","level":"info","event":"26/01/11 16:48:30 INFO TaskSchedulerImpl: Killing all running tasks in stage 8: Stage finished","logger":"airflow.task.hooks.airflow.providers.apache.spark.hooks.spark_submit.SparkSubmitHook","filename":"spark_submit.py","lineno":644}
{"timestamp":"2026-01-11T16:48:30.754275Z","level":"info","event":"26/01/11 16:48:30 INFO DAGScheduler: Job 6 finished: csv at NativeMethodAccessorImpl.java:0, took 0.104244 s","logger":"airflow.task.hooks.airflow.providers.apache.spark.hooks.spark_submit.SparkSubmitHook","filename":"spark_submit.py","lineno":644}
{"timestamp":"2026-01-11T16:48:30.790494Z","level":"info","event":"26/01/11 16:48:30 INFO FileSourceStrategy: Pushed Filters:","logger":"airflow.task.hooks.airflow.providers.apache.spark.hooks.spark_submit.SparkSubmitHook","filename":"spark_submit.py","lineno":644}
{"timestamp":"2026-01-11T16:48:30.790859Z","level":"info","event":"26/01/11 16:48:30 INFO FileSourceStrategy: Post-Scan Filters:","logger":"airflow.task.hooks.airflow.providers.apache.spark.hooks.spark_submit.SparkSubmitHook","filename":"spark_submit.py","lineno":644}
{"timestamp":"2026-01-11T16:48:30.807167Z","level":"info","event":"26/01/11 16:48:30 INFO MemoryStore: Block broadcast_14 stored as values in memory (estimated size 199.5 KiB, free 1048.1 MiB)","logger":"airflow.task.hooks.airflow.providers.apache.spark.hooks.spark_submit.SparkSubmitHook","filename":"spark_submit.py","lineno":644}
{"timestamp":"2026-01-11T16:48:30.824680Z","level":"info","event":"26/01/11 16:48:30 INFO MemoryStore: Block broadcast_14_piece0 stored as bytes in memory (estimated size 34.2 KiB, free 1048.1 MiB)","logger":"airflow.task.hooks.airflow.providers.apache.spark.hooks.spark_submit.SparkSubmitHook","filename":"spark_submit.py","lineno":644}
{"timestamp":"2026-01-11T16:48:30.826693Z","level":"info","event":"26/01/11 16:48:30 INFO BlockManagerInfo: Added broadcast_14_piece0 in memory on localhost:42335 (size: 34.2 KiB, free: 1048.7 MiB)","logger":"airflow.task.hooks.airflow.providers.apache.spark.hooks.spark_submit.SparkSubmitHook","filename":"spark_submit.py","lineno":644}
{"timestamp":"2026-01-11T16:48:30.828602Z","level":"info","event":"26/01/11 16:48:30 INFO SparkContext: Created broadcast 14 from csv at NativeMethodAccessorImpl.java:0","logger":"airflow.task.hooks.airflow.providers.apache.spark.hooks.spark_submit.SparkSubmitHook","filename":"spark_submit.py","lineno":644}
{"timestamp":"2026-01-11T16:48:30.834304Z","level":"info","event":"26/01/11 16:48:30 INFO FileSourceScanExec: Planning scan with bin packing, max size: 4540723 bytes, open cost is considered as scanning 4194304 bytes.","logger":"airflow.task.hooks.airflow.providers.apache.spark.hooks.spark_submit.SparkSubmitHook","filename":"spark_submit.py","lineno":644}
{"timestamp":"2026-01-11T16:48:30.862976Z","level":"info","event":"____________________________________________________","logger":"airflow.task.hooks.airflow.providers.apache.spark.hooks.spark_submit.SparkSubmitHook","filename":"spark_submit.py","lineno":644}
{"timestamp":"2026-01-11T16:48:30.910217Z","level":"info","event":"26/01/11 16:48:30 INFO FileSourceStrategy: Pushed Filters:","logger":"airflow.task.hooks.airflow.providers.apache.spark.hooks.spark_submit.SparkSubmitHook","filename":"spark_submit.py","lineno":644}
{"timestamp":"2026-01-11T16:48:30.910607Z","level":"info","event":"26/01/11 16:48:30 INFO FileSourceStrategy: Post-Scan Filters:","logger":"airflow.task.hooks.airflow.providers.apache.spark.hooks.spark_submit.SparkSubmitHook","filename":"spark_submit.py","lineno":644}
{"timestamp":"2026-01-11T16:48:30.955476Z","level":"info","event":"26/01/11 16:48:30 INFO MemoryStore: Block broadcast_15 stored as values in memory (estimated size 199.4 KiB, free 1047.9 MiB)","logger":"airflow.task.hooks.airflow.providers.apache.spark.hooks.spark_submit.SparkSubmitHook","filename":"spark_submit.py","lineno":644}
{"timestamp":"2026-01-11T16:48:30.975483Z","level":"info","event":"26/01/11 16:48:30 INFO MemoryStore: Block broadcast_15_piece0 stored as bytes in memory (estimated size 34.2 KiB, free 1047.8 MiB)","logger":"airflow.task.hooks.airflow.providers.apache.spark.hooks.spark_submit.SparkSubmitHook","filename":"spark_submit.py","lineno":644}
{"timestamp":"2026-01-11T16:48:30.979677Z","level":"info","event":"26/01/11 16:48:30 INFO BlockManagerInfo: Added broadcast_15_piece0 in memory on localhost:42335 (size: 34.2 KiB, free: 1048.6 MiB)","logger":"airflow.task.hooks.airflow.providers.apache.spark.hooks.spark_submit.SparkSubmitHook","filename":"spark_submit.py","lineno":644}
{"timestamp":"2026-01-11T16:48:30.982465Z","level":"info","event":"26/01/11 16:48:30 INFO SparkContext: Created broadcast 15 from count at NativeMethodAccessorImpl.java:0","logger":"airflow.task.hooks.airflow.providers.apache.spark.hooks.spark_submit.SparkSubmitHook","filename":"spark_submit.py","lineno":644}
{"timestamp":"2026-01-11T16:48:30.990013Z","level":"info","event":"26/01/11 16:48:30 INFO FileSourceScanExec: Planning scan with bin packing, max size: 4540723 bytes, open cost is considered as scanning 4194304 bytes.","logger":"airflow.task.hooks.airflow.providers.apache.spark.hooks.spark_submit.SparkSubmitHook","filename":"spark_submit.py","lineno":644}
{"timestamp":"2026-01-11T16:48:31.023982Z","level":"info","event":"26/01/11 16:48:31 INFO DAGScheduler: Registering RDD 47 (count at NativeMethodAccessorImpl.java:0) as input to shuffle 2","logger":"airflow.task.hooks.airflow.providers.apache.spark.hooks.spark_submit.SparkSubmitHook","filename":"spark_submit.py","lineno":644}
{"timestamp":"2026-01-11T16:48:31.025157Z","level":"info","event":"26/01/11 16:48:31 INFO DAGScheduler: Got map stage job 7 (count at NativeMethodAccessorImpl.java:0) with 4 output partitions","logger":"airflow.task.hooks.airflow.providers.apache.spark.hooks.spark_submit.SparkSubmitHook","filename":"spark_submit.py","lineno":644}
{"timestamp":"2026-01-11T16:48:31.026405Z","level":"info","event":"26/01/11 16:48:31 INFO DAGScheduler: Final stage: ShuffleMapStage 9 (count at NativeMethodAccessorImpl.java:0)","logger":"airflow.task.hooks.airflow.providers.apache.spark.hooks.spark_submit.SparkSubmitHook","filename":"spark_submit.py","lineno":644}
{"timestamp":"2026-01-11T16:48:31.026562Z","level":"info","event":"26/01/11 16:48:31 INFO DAGScheduler: Parents of final stage: List()","logger":"airflow.task.hooks.airflow.providers.apache.spark.hooks.spark_submit.SparkSubmitHook","filename":"spark_submit.py","lineno":644}
{"timestamp":"2026-01-11T16:48:31.028619Z","level":"info","event":"26/01/11 16:48:31 INFO DAGScheduler: Missing parents: List()","logger":"airflow.task.hooks.airflow.providers.apache.spark.hooks.spark_submit.SparkSubmitHook","filename":"spark_submit.py","lineno":644}
{"timestamp":"2026-01-11T16:48:31.028843Z","level":"info","event":"26/01/11 16:48:31 INFO DAGScheduler: Submitting ShuffleMapStage 9 (MapPartitionsRDD[47] at count at NativeMethodAccessorImpl.java:0), which has no missing parents","logger":"airflow.task.hooks.airflow.providers.apache.spark.hooks.spark_submit.SparkSubmitHook","filename":"spark_submit.py","lineno":644}
{"timestamp":"2026-01-11T16:48:31.040180Z","level":"info","event":"26/01/11 16:48:31 INFO MemoryStore: Block broadcast_16 stored as values in memory (estimated size 17.8 KiB, free 1047.8 MiB)","logger":"airflow.task.hooks.airflow.providers.apache.spark.hooks.spark_submit.SparkSubmitHook","filename":"spark_submit.py","lineno":644}
{"timestamp":"2026-01-11T16:48:31.088249Z","level":"info","event":"26/01/11 16:48:31 INFO MemoryStore: Block broadcast_16_piece0 stored as bytes in memory (estimated size 8.8 KiB, free 1047.8 MiB)","logger":"airflow.task.hooks.airflow.providers.apache.spark.hooks.spark_submit.SparkSubmitHook","filename":"spark_submit.py","lineno":644}
{"timestamp":"2026-01-11T16:48:31.088983Z","level":"info","event":"26/01/11 16:48:31 INFO BlockManagerInfo: Added broadcast_16_piece0 in memory on localhost:42335 (size: 8.8 KiB, free: 1048.6 MiB)","logger":"airflow.task.hooks.airflow.providers.apache.spark.hooks.spark_submit.SparkSubmitHook","filename":"spark_submit.py","lineno":644}
{"timestamp":"2026-01-11T16:48:31.091065Z","level":"info","event":"26/01/11 16:48:31 INFO SparkContext: Created broadcast 16 from broadcast at DAGScheduler.scala:1580","logger":"airflow.task.hooks.airflow.providers.apache.spark.hooks.spark_submit.SparkSubmitHook","filename":"spark_submit.py","lineno":644}
{"timestamp":"2026-01-11T16:48:31.092574Z","level":"info","event":"26/01/11 16:48:31 INFO BlockManagerInfo: Removed broadcast_11_piece0 on localhost:42335 in memory (size: 5.9 KiB, free: 1048.6 MiB)","logger":"airflow.task.hooks.airflow.providers.apache.spark.hooks.spark_submit.SparkSubmitHook","filename":"spark_submit.py","lineno":644}
{"timestamp":"2026-01-11T16:48:31.092945Z","level":"info","event":"26/01/11 16:48:31 INFO DAGScheduler: Submitting 4 missing tasks from ShuffleMapStage 9 (MapPartitionsRDD[47] at count at NativeMethodAccessorImpl.java:0) (first 15 tasks are for partitions Vector(0, 1, 2, 3))","logger":"airflow.task.hooks.airflow.providers.apache.spark.hooks.spark_submit.SparkSubmitHook","filename":"spark_submit.py","lineno":644}
{"timestamp":"2026-01-11T16:48:31.093082Z","level":"info","event":"26/01/11 16:48:31 INFO TaskSchedulerImpl: Adding task set 9.0 with 4 tasks resource profile 0","logger":"airflow.task.hooks.airflow.providers.apache.spark.hooks.spark_submit.SparkSubmitHook","filename":"spark_submit.py","lineno":644}
{"timestamp":"2026-01-11T16:48:31.101145Z","level":"info","event":"26/01/11 16:48:31 INFO TaskSetManager: Starting task 0.0 in stage 9.0 (TID 15) (localhost, executor driver, partition 0, PROCESS_LOCAL, 8270 bytes)","logger":"airflow.task.hooks.airflow.providers.apache.spark.hooks.spark_submit.SparkSubmitHook","filename":"spark_submit.py","lineno":644}
{"timestamp":"2026-01-11T16:48:31.101572Z","level":"info","event":"26/01/11 16:48:31 INFO TaskSetManager: Starting task 1.0 in stage 9.0 (TID 16) (localhost, executor driver, partition 1, PROCESS_LOCAL, 8270 bytes)","logger":"airflow.task.hooks.airflow.providers.apache.spark.hooks.spark_submit.SparkSubmitHook","filename":"spark_submit.py","lineno":644}
{"timestamp":"2026-01-11T16:48:31.103247Z","level":"info","event":"26/01/11 16:48:31 INFO TaskSetManager: Starting task 2.0 in stage 9.0 (TID 17) (localhost, executor driver, partition 2, PROCESS_LOCAL, 8270 bytes)","logger":"airflow.task.hooks.airflow.providers.apache.spark.hooks.spark_submit.SparkSubmitHook","filename":"spark_submit.py","lineno":644}
{"timestamp":"2026-01-11T16:48:31.104322Z","level":"info","event":"26/01/11 16:48:31 INFO TaskSetManager: Starting task 3.0 in stage 9.0 (TID 18) (localhost, executor driver, partition 3, PROCESS_LOCAL, 8270 bytes)","logger":"airflow.task.hooks.airflow.providers.apache.spark.hooks.spark_submit.SparkSubmitHook","filename":"spark_submit.py","lineno":644}
{"timestamp":"2026-01-11T16:48:31.114836Z","level":"info","event":"26/01/11 16:48:31 INFO Executor: Running task 2.0 in stage 9.0 (TID 17)","logger":"airflow.task.hooks.airflow.providers.apache.spark.hooks.spark_submit.SparkSubmitHook","filename":"spark_submit.py","lineno":644}
{"timestamp":"2026-01-11T16:48:31.114992Z","level":"info","event":"26/01/11 16:48:31 INFO Executor: Running task 0.0 in stage 9.0 (TID 15)","logger":"airflow.task.hooks.airflow.providers.apache.spark.hooks.spark_submit.SparkSubmitHook","filename":"spark_submit.py","lineno":644}
{"timestamp":"2026-01-11T16:48:31.115021Z","level":"info","event":"26/01/11 16:48:31 INFO Executor: Running task 1.0 in stage 9.0 (TID 16)","logger":"airflow.task.hooks.airflow.providers.apache.spark.hooks.spark_submit.SparkSubmitHook","filename":"spark_submit.py","lineno":644}
{"timestamp":"2026-01-11T16:48:31.115038Z","level":"info","event":"26/01/11 16:48:31 INFO Executor: Running task 3.0 in stage 9.0 (TID 18)","logger":"airflow.task.hooks.airflow.providers.apache.spark.hooks.spark_submit.SparkSubmitHook","filename":"spark_submit.py","lineno":644}
{"timestamp":"2026-01-11T16:48:31.122707Z","level":"info","event":"26/01/11 16:48:31 INFO BlockManagerInfo: Removed broadcast_14_piece0 on localhost:42335 in memory (size: 34.2 KiB, free: 1048.7 MiB)","logger":"airflow.task.hooks.airflow.providers.apache.spark.hooks.spark_submit.SparkSubmitHook","filename":"spark_submit.py","lineno":644}
{"timestamp":"2026-01-11T16:48:31.123671Z","level":"info","event":"26/01/11 16:48:31 INFO FileScanRDD: Reading File path: file:///opt/airflow/data/raw/olist_order_items/part-00003-5518444a-24fe-4b89-a2ee-274669db2380-c000.csv, range: 0-2801209, partition values: [empty row]","logger":"airflow.task.hooks.airflow.providers.apache.spark.hooks.spark_submit.SparkSubmitHook","filename":"spark_submit.py","lineno":644}
{"timestamp":"2026-01-11T16:48:31.125298Z","level":"info","event":"26/01/11 16:48:31 INFO FileScanRDD: Reading File path: file:///opt/airflow/data/raw/olist_order_items/part-00002-5518444a-24fe-4b89-a2ee-274669db2380-c000.csv, range: 0-4096412, partition values: [empty row]","logger":"airflow.task.hooks.airflow.providers.apache.spark.hooks.spark_submit.SparkSubmitHook","filename":"spark_submit.py","lineno":644}
{"timestamp":"2026-01-11T16:48:31.128565Z","level":"info","event":"26/01/11 16:48:31 INFO FileScanRDD: Reading File path: file:///opt/airflow/data/raw/olist_order_items/part-00000-5518444a-24fe-4b89-a2ee-274669db2380-c000.csv, range: 0-4055057, partition values: [empty row]","logger":"airflow.task.hooks.airflow.providers.apache.spark.hooks.spark_submit.SparkSubmitHook","filename":"spark_submit.py","lineno":644}
{"timestamp":"2026-01-11T16:48:31.138802Z","level":"info","event":"26/01/11 16:48:31 INFO FileScanRDD: Reading File path: file:///opt/airflow/data/raw/olist_order_items/part-00001-5518444a-24fe-4b89-a2ee-274669db2380-c000.csv, range: 0-4055167, partition values: [empty row]","logger":"airflow.task.hooks.airflow.providers.apache.spark.hooks.spark_submit.SparkSubmitHook","filename":"spark_submit.py","lineno":644}
{"timestamp":"2026-01-11T16:48:31.139868Z","level":"info","event":"26/01/11 16:48:31 INFO BlockManagerInfo: Removed broadcast_9_piece0 on localhost:42335 in memory (size: 34.2 KiB, free: 1048.7 MiB)","logger":"airflow.task.hooks.airflow.providers.apache.spark.hooks.spark_submit.SparkSubmitHook","filename":"spark_submit.py","lineno":644}
{"timestamp":"2026-01-11T16:48:31.177107Z","level":"info","event":"26/01/11 16:48:31 INFO BlockManagerInfo: Removed broadcast_12_piece0 on localhost:42335 in memory (size: 34.2 KiB, free: 1048.7 MiB)","logger":"airflow.task.hooks.airflow.providers.apache.spark.hooks.spark_submit.SparkSubmitHook","filename":"spark_submit.py","lineno":644}
{"timestamp":"2026-01-11T16:48:31.213124Z","level":"info","event":"26/01/11 16:48:31 INFO BlockManagerInfo: Removed broadcast_13_piece0 on localhost:42335 in memory (size: 6.4 KiB, free: 1048.7 MiB)","logger":"airflow.task.hooks.airflow.providers.apache.spark.hooks.spark_submit.SparkSubmitHook","filename":"spark_submit.py","lineno":644}
{"timestamp":"2026-01-11T16:48:31.240899Z","level":"info","event":"26/01/11 16:48:31 INFO Executor: Finished task 3.0 in stage 9.0 (TID 18). 1968 bytes result sent to driver","logger":"airflow.task.hooks.airflow.providers.apache.spark.hooks.spark_submit.SparkSubmitHook","filename":"spark_submit.py","lineno":644}
{"timestamp":"2026-01-11T16:48:31.244683Z","level":"info","event":"26/01/11 16:48:31 INFO BlockManagerInfo: Removed broadcast_10_piece0 on localhost:42335 in memory (size: 8.7 KiB, free: 1048.8 MiB)","logger":"airflow.task.hooks.airflow.providers.apache.spark.hooks.spark_submit.SparkSubmitHook","filename":"spark_submit.py","lineno":644}
{"timestamp":"2026-01-11T16:48:31.257846Z","level":"info","event":"26/01/11 16:48:31 INFO TaskSetManager: Finished task 3.0 in stage 9.0 (TID 18) in 144 ms on localhost (executor driver) (1/4)","logger":"airflow.task.hooks.airflow.providers.apache.spark.hooks.spark_submit.SparkSubmitHook","filename":"spark_submit.py","lineno":644}
{"timestamp":"2026-01-11T16:48:31.263809Z","level":"info","event":"26/01/11 16:48:31 INFO Executor: Finished task 1.0 in stage 9.0 (TID 16). 1968 bytes result sent to driver","logger":"airflow.task.hooks.airflow.providers.apache.spark.hooks.spark_submit.SparkSubmitHook","filename":"spark_submit.py","lineno":644}
{"timestamp":"2026-01-11T16:48:31.263956Z","level":"info","event":"26/01/11 16:48:31 INFO Executor: Finished task 0.0 in stage 9.0 (TID 15). 1968 bytes result sent to driver","logger":"airflow.task.hooks.airflow.providers.apache.spark.hooks.spark_submit.SparkSubmitHook","filename":"spark_submit.py","lineno":644}
{"timestamp":"2026-01-11T16:48:31.271196Z","level":"info","event":"26/01/11 16:48:31 INFO TaskSetManager: Finished task 1.0 in stage 9.0 (TID 16) in 169 ms on localhost (executor driver) (2/4)","logger":"airflow.task.hooks.airflow.providers.apache.spark.hooks.spark_submit.SparkSubmitHook","filename":"spark_submit.py","lineno":644}
{"timestamp":"2026-01-11T16:48:31.271480Z","level":"info","event":"26/01/11 16:48:31 INFO Executor: Finished task 2.0 in stage 9.0 (TID 17). 1968 bytes result sent to driver","logger":"airflow.task.hooks.airflow.providers.apache.spark.hooks.spark_submit.SparkSubmitHook","filename":"spark_submit.py","lineno":644}
{"timestamp":"2026-01-11T16:48:31.274385Z","level":"info","event":"26/01/11 16:48:31 INFO TaskSetManager: Finished task 0.0 in stage 9.0 (TID 15) in 173 ms on localhost (executor driver) (3/4)","logger":"airflow.task.hooks.airflow.providers.apache.spark.hooks.spark_submit.SparkSubmitHook","filename":"spark_submit.py","lineno":644}
{"timestamp":"2026-01-11T16:48:31.279233Z","level":"info","event":"26/01/11 16:48:31 INFO TaskSetManager: Finished task 2.0 in stage 9.0 (TID 17) in 177 ms on localhost (executor driver) (4/4)","logger":"airflow.task.hooks.airflow.providers.apache.spark.hooks.spark_submit.SparkSubmitHook","filename":"spark_submit.py","lineno":644}
{"timestamp":"2026-01-11T16:48:31.280019Z","level":"info","event":"26/01/11 16:48:31 INFO TaskSchedulerImpl: Removed TaskSet 9.0, whose tasks have all completed, from pool","logger":"airflow.task.hooks.airflow.providers.apache.spark.hooks.spark_submit.SparkSubmitHook","filename":"spark_submit.py","lineno":644}
{"timestamp":"2026-01-11T16:48:31.286121Z","level":"info","event":"26/01/11 16:48:31 INFO DAGScheduler: ShuffleMapStage 9 (count at NativeMethodAccessorImpl.java:0) finished in 0.251 s","logger":"airflow.task.hooks.airflow.providers.apache.spark.hooks.spark_submit.SparkSubmitHook","filename":"spark_submit.py","lineno":644}
{"timestamp":"2026-01-11T16:48:31.289355Z","level":"info","event":"26/01/11 16:48:31 INFO DAGScheduler: looking for newly runnable stages","logger":"airflow.task.hooks.airflow.providers.apache.spark.hooks.spark_submit.SparkSubmitHook","filename":"spark_submit.py","lineno":644}
{"timestamp":"2026-01-11T16:48:31.289672Z","level":"info","event":"26/01/11 16:48:31 INFO DAGScheduler: running: Set()","logger":"airflow.task.hooks.airflow.providers.apache.spark.hooks.spark_submit.SparkSubmitHook","filename":"spark_submit.py","lineno":644}
{"timestamp":"2026-01-11T16:48:31.289814Z","level":"info","event":"26/01/11 16:48:31 INFO DAGScheduler: waiting: Set()","logger":"airflow.task.hooks.airflow.providers.apache.spark.hooks.spark_submit.SparkSubmitHook","filename":"spark_submit.py","lineno":644}
{"timestamp":"2026-01-11T16:48:31.289904Z","level":"info","event":"26/01/11 16:48:31 INFO DAGScheduler: failed: Set()","logger":"airflow.task.hooks.airflow.providers.apache.spark.hooks.spark_submit.SparkSubmitHook","filename":"spark_submit.py","lineno":644}
{"timestamp":"2026-01-11T16:48:31.404960Z","level":"info","event":"26/01/11 16:48:31 INFO SparkContext: Starting job: count at NativeMethodAccessorImpl.java:0","logger":"airflow.task.hooks.airflow.providers.apache.spark.hooks.spark_submit.SparkSubmitHook","filename":"spark_submit.py","lineno":644}
{"timestamp":"2026-01-11T16:48:31.409429Z","level":"info","event":"26/01/11 16:48:31 INFO DAGScheduler: Got job 8 (count at NativeMethodAccessorImpl.java:0) with 1 output partitions","logger":"airflow.task.hooks.airflow.providers.apache.spark.hooks.spark_submit.SparkSubmitHook","filename":"spark_submit.py","lineno":644}
{"timestamp":"2026-01-11T16:48:31.410199Z","level":"info","event":"26/01/11 16:48:31 INFO DAGScheduler: Final stage: ResultStage 11 (count at NativeMethodAccessorImpl.java:0)","logger":"airflow.task.hooks.airflow.providers.apache.spark.hooks.spark_submit.SparkSubmitHook","filename":"spark_submit.py","lineno":644}
{"timestamp":"2026-01-11T16:48:31.410316Z","level":"info","event":"26/01/11 16:48:31 INFO DAGScheduler: Parents of final stage: List(ShuffleMapStage 10)","logger":"airflow.task.hooks.airflow.providers.apache.spark.hooks.spark_submit.SparkSubmitHook","filename":"spark_submit.py","lineno":644}
{"timestamp":"2026-01-11T16:48:31.410361Z","level":"info","event":"26/01/11 16:48:31 INFO DAGScheduler: Missing parents: List()","logger":"airflow.task.hooks.airflow.providers.apache.spark.hooks.spark_submit.SparkSubmitHook","filename":"spark_submit.py","lineno":644}
{"timestamp":"2026-01-11T16:48:31.412973Z","level":"info","event":"26/01/11 16:48:31 INFO DAGScheduler: Submitting ResultStage 11 (MapPartitionsRDD[50] at count at NativeMethodAccessorImpl.java:0), which has no missing parents","logger":"airflow.task.hooks.airflow.providers.apache.spark.hooks.spark_submit.SparkSubmitHook","filename":"spark_submit.py","lineno":644}
{"timestamp":"2026-01-11T16:48:31.422488Z","level":"info","event":"26/01/11 16:48:31 INFO MemoryStore: Block broadcast_17 stored as values in memory (estimated size 12.5 KiB, free 1048.5 MiB)","logger":"airflow.task.hooks.airflow.providers.apache.spark.hooks.spark_submit.SparkSubmitHook","filename":"spark_submit.py","lineno":644}
{"timestamp":"2026-01-11T16:48:31.448016Z","level":"info","event":"26/01/11 16:48:31 INFO MemoryStore: Block broadcast_17_piece0 stored as bytes in memory (estimated size 5.9 KiB, free 1048.5 MiB)","logger":"airflow.task.hooks.airflow.providers.apache.spark.hooks.spark_submit.SparkSubmitHook","filename":"spark_submit.py","lineno":644}
{"timestamp":"2026-01-11T16:48:31.449523Z","level":"info","event":"26/01/11 16:48:31 INFO BlockManagerInfo: Added broadcast_17_piece0 in memory on localhost:42335 (size: 5.9 KiB, free: 1048.8 MiB)","logger":"airflow.task.hooks.airflow.providers.apache.spark.hooks.spark_submit.SparkSubmitHook","filename":"spark_submit.py","lineno":644}
{"timestamp":"2026-01-11T16:48:31.450950Z","level":"info","event":"26/01/11 16:48:31 INFO SparkContext: Created broadcast 17 from broadcast at DAGScheduler.scala:1580","logger":"airflow.task.hooks.airflow.providers.apache.spark.hooks.spark_submit.SparkSubmitHook","filename":"spark_submit.py","lineno":644}
{"timestamp":"2026-01-11T16:48:31.451773Z","level":"info","event":"26/01/11 16:48:31 INFO DAGScheduler: Submitting 1 missing tasks from ResultStage 11 (MapPartitionsRDD[50] at count at NativeMethodAccessorImpl.java:0) (first 15 tasks are for partitions Vector(0))","logger":"airflow.task.hooks.airflow.providers.apache.spark.hooks.spark_submit.SparkSubmitHook","filename":"spark_submit.py","lineno":644}
{"timestamp":"2026-01-11T16:48:31.452087Z","level":"info","event":"26/01/11 16:48:31 INFO TaskSchedulerImpl: Adding task set 11.0 with 1 tasks resource profile 0","logger":"airflow.task.hooks.airflow.providers.apache.spark.hooks.spark_submit.SparkSubmitHook","filename":"spark_submit.py","lineno":644}
{"timestamp":"2026-01-11T16:48:31.463317Z","level":"info","event":"26/01/11 16:48:31 INFO TaskSetManager: Starting task 0.0 in stage 11.0 (TID 19) (localhost, executor driver, partition 0, NODE_LOCAL, 7615 bytes)","logger":"airflow.task.hooks.airflow.providers.apache.spark.hooks.spark_submit.SparkSubmitHook","filename":"spark_submit.py","lineno":644}
{"timestamp":"2026-01-11T16:48:31.466938Z","level":"info","event":"26/01/11 16:48:31 INFO Executor: Running task 0.0 in stage 11.0 (TID 19)","logger":"airflow.task.hooks.airflow.providers.apache.spark.hooks.spark_submit.SparkSubmitHook","filename":"spark_submit.py","lineno":644}
{"timestamp":"2026-01-11T16:48:31.496942Z","level":"info","event":"26/01/11 16:48:31 INFO ShuffleBlockFetcherIterator: Getting 4 (240.0 B) non-empty blocks including 4 (240.0 B) local and 0 (0.0 B) host-local and 0 (0.0 B) push-merged-local and 0 (0.0 B) remote blocks","logger":"airflow.task.hooks.airflow.providers.apache.spark.hooks.spark_submit.SparkSubmitHook","filename":"spark_submit.py","lineno":644}
{"timestamp":"2026-01-11T16:48:31.497142Z","level":"info","event":"26/01/11 16:48:31 INFO ShuffleBlockFetcherIterator: Started 0 remote fetches in 2 ms","logger":"airflow.task.hooks.airflow.providers.apache.spark.hooks.spark_submit.SparkSubmitHook","filename":"spark_submit.py","lineno":644}
{"timestamp":"2026-01-11T16:48:31.518992Z","level":"info","event":"26/01/11 16:48:31 INFO Executor: Finished task 0.0 in stage 11.0 (TID 19). 4038 bytes result sent to driver","logger":"airflow.task.hooks.airflow.providers.apache.spark.hooks.spark_submit.SparkSubmitHook","filename":"spark_submit.py","lineno":644}
{"timestamp":"2026-01-11T16:48:31.535448Z","level":"info","event":"26/01/11 16:48:31 INFO TaskSetManager: Finished task 0.0 in stage 11.0 (TID 19) in 69 ms on localhost (executor driver) (1/1)","logger":"airflow.task.hooks.airflow.providers.apache.spark.hooks.spark_submit.SparkSubmitHook","filename":"spark_submit.py","lineno":644}
{"timestamp":"2026-01-11T16:48:31.536178Z","level":"info","event":"26/01/11 16:48:31 INFO TaskSchedulerImpl: Removed TaskSet 11.0, whose tasks have all completed, from pool","logger":"airflow.task.hooks.airflow.providers.apache.spark.hooks.spark_submit.SparkSubmitHook","filename":"spark_submit.py","lineno":644}
{"timestamp":"2026-01-11T16:48:31.538696Z","level":"info","event":"26/01/11 16:48:31 INFO DAGScheduler: ResultStage 11 (count at NativeMethodAccessorImpl.java:0) finished in 0.121 s","logger":"airflow.task.hooks.airflow.providers.apache.spark.hooks.spark_submit.SparkSubmitHook","filename":"spark_submit.py","lineno":644}
{"timestamp":"2026-01-11T16:48:31.539502Z","level":"info","event":"26/01/11 16:48:31 INFO DAGScheduler: Job 8 is finished. Cancelling potential speculative or zombie tasks for this job","logger":"airflow.task.hooks.airflow.providers.apache.spark.hooks.spark_submit.SparkSubmitHook","filename":"spark_submit.py","lineno":644}
{"timestamp":"2026-01-11T16:48:31.539713Z","level":"info","event":"26/01/11 16:48:31 INFO TaskSchedulerImpl: Killing all running tasks in stage 11: Stage finished","logger":"airflow.task.hooks.airflow.providers.apache.spark.hooks.spark_submit.SparkSubmitHook","filename":"spark_submit.py","lineno":644}
{"timestamp":"2026-01-11T16:48:31.541890Z","level":"info","event":"26/01/11 16:48:31 INFO DAGScheduler: Job 8 finished: count at NativeMethodAccessorImpl.java:0, took 0.135764 s","logger":"airflow.task.hooks.airflow.providers.apache.spark.hooks.spark_submit.SparkSubmitHook","filename":"spark_submit.py","lineno":644}
{"timestamp":"2026-01-11T16:48:31.554996Z","level":"info","event":"Loaded olist_order_items with 112650 records for cleaning.","logger":"airflow.task.hooks.airflow.providers.apache.spark.hooks.spark_submit.SparkSubmitHook","filename":"spark_submit.py","lineno":644}
{"timestamp":"2026-01-11T16:48:31.582848Z","level":"info","event":"root","logger":"airflow.task.hooks.airflow.providers.apache.spark.hooks.spark_submit.SparkSubmitHook","filename":"spark_submit.py","lineno":644}
{"timestamp":"2026-01-11T16:48:31.583185Z","level":"info","event":"|-- order_id: string (nullable = true)","logger":"airflow.task.hooks.airflow.providers.apache.spark.hooks.spark_submit.SparkSubmitHook","filename":"spark_submit.py","lineno":644}
{"timestamp":"2026-01-11T16:48:31.583298Z","level":"info","event":"|-- order_item_id: string (nullable = true)","logger":"airflow.task.hooks.airflow.providers.apache.spark.hooks.spark_submit.SparkSubmitHook","filename":"spark_submit.py","lineno":644}
{"timestamp":"2026-01-11T16:48:31.583376Z","level":"info","event":"|-- product_id: string (nullable = true)","logger":"airflow.task.hooks.airflow.providers.apache.spark.hooks.spark_submit.SparkSubmitHook","filename":"spark_submit.py","lineno":644}
{"timestamp":"2026-01-11T16:48:31.583855Z","level":"info","event":"|-- seller_id: string (nullable = true)","logger":"airflow.task.hooks.airflow.providers.apache.spark.hooks.spark_submit.SparkSubmitHook","filename":"spark_submit.py","lineno":644}
{"timestamp":"2026-01-11T16:48:31.583997Z","level":"info","event":"|-- shipping_limit_date: string (nullable = true)","logger":"airflow.task.hooks.airflow.providers.apache.spark.hooks.spark_submit.SparkSubmitHook","filename":"spark_submit.py","lineno":644}
{"timestamp":"2026-01-11T16:48:31.584253Z","level":"info","event":"|-- price: string (nullable = true)","logger":"airflow.task.hooks.airflow.providers.apache.spark.hooks.spark_submit.SparkSubmitHook","filename":"spark_submit.py","lineno":644}
{"timestamp":"2026-01-11T16:48:31.584360Z","level":"info","event":"|-- freight_value: string (nullable = true)","logger":"airflow.task.hooks.airflow.providers.apache.spark.hooks.spark_submit.SparkSubmitHook","filename":"spark_submit.py","lineno":644}
{"timestamp":"2026-01-11T16:48:31.584461Z","level":"info","event":"","logger":"airflow.task.hooks.airflow.providers.apache.spark.hooks.spark_submit.SparkSubmitHook","filename":"spark_submit.py","lineno":644}
{"timestamp":"2026-01-11T16:48:31.670782Z","level":"info","event":"26/01/11 16:48:31 INFO InMemoryFileIndex: It took 12 ms to list leaf files for 1 paths.","logger":"airflow.task.hooks.airflow.providers.apache.spark.hooks.spark_submit.SparkSubmitHook","filename":"spark_submit.py","lineno":644}
{"timestamp":"2026-01-11T16:48:31.685136Z","level":"info","event":"26/01/11 16:48:31 INFO InMemoryFileIndex: It took 2 ms to list leaf files for 2 paths.","logger":"airflow.task.hooks.airflow.providers.apache.spark.hooks.spark_submit.SparkSubmitHook","filename":"spark_submit.py","lineno":644}
{"timestamp":"2026-01-11T16:48:32.077915Z","level":"info","event":"26/01/11 16:48:32 INFO FileSourceStrategy: Pushed Filters:","logger":"airflow.task.hooks.airflow.providers.apache.spark.hooks.spark_submit.SparkSubmitHook","filename":"spark_submit.py","lineno":644}
{"timestamp":"2026-01-11T16:48:32.078865Z","level":"info","event":"26/01/11 16:48:32 INFO FileSourceStrategy: Post-Scan Filters: (length(trim(value#117, None)) > 0)","logger":"airflow.task.hooks.airflow.providers.apache.spark.hooks.spark_submit.SparkSubmitHook","filename":"spark_submit.py","lineno":644}
{"timestamp":"2026-01-11T16:48:32.125053Z","level":"info","event":"26/01/11 16:48:32 INFO MemoryStore: Block broadcast_18 stored as values in memory (estimated size 199.5 KiB, free 1048.3 MiB)","logger":"airflow.task.hooks.airflow.providers.apache.spark.hooks.spark_submit.SparkSubmitHook","filename":"spark_submit.py","lineno":644}
{"timestamp":"2026-01-11T16:48:32.159767Z","level":"info","event":"26/01/11 16:48:32 INFO MemoryStore: Block broadcast_18_piece0 stored as bytes in memory (estimated size 34.2 KiB, free 1048.3 MiB)","logger":"airflow.task.hooks.airflow.providers.apache.spark.hooks.spark_submit.SparkSubmitHook","filename":"spark_submit.py","lineno":644}
{"timestamp":"2026-01-11T16:48:32.165846Z","level":"info","event":"26/01/11 16:48:32 INFO BlockManagerInfo: Added broadcast_18_piece0 in memory on localhost:42335 (size: 34.2 KiB, free: 1048.7 MiB)","logger":"airflow.task.hooks.airflow.providers.apache.spark.hooks.spark_submit.SparkSubmitHook","filename":"spark_submit.py","lineno":644}
{"timestamp":"2026-01-11T16:48:32.168346Z","level":"info","event":"26/01/11 16:48:32 INFO SparkContext: Created broadcast 18 from csv at NativeMethodAccessorImpl.java:0","logger":"airflow.task.hooks.airflow.providers.apache.spark.hooks.spark_submit.SparkSubmitHook","filename":"spark_submit.py","lineno":644}
{"timestamp":"2026-01-11T16:48:32.171955Z","level":"info","event":"26/01/11 16:48:32 INFO FileSourceScanExec: Planning scan with bin packing, max size: 4194304 bytes, open cost is considered as scanning 4194304 bytes.","logger":"airflow.task.hooks.airflow.providers.apache.spark.hooks.spark_submit.SparkSubmitHook","filename":"spark_submit.py","lineno":644}
{"timestamp":"2026-01-11T16:48:32.214888Z","level":"info","event":"26/01/11 16:48:32 INFO SparkContext: Starting job: csv at NativeMethodAccessorImpl.java:0","logger":"airflow.task.hooks.airflow.providers.apache.spark.hooks.spark_submit.SparkSubmitHook","filename":"spark_submit.py","lineno":644}
{"timestamp":"2026-01-11T16:48:32.226199Z","level":"info","event":"26/01/11 16:48:32 INFO DAGScheduler: Got job 9 (csv at NativeMethodAccessorImpl.java:0) with 1 output partitions","logger":"airflow.task.hooks.airflow.providers.apache.spark.hooks.spark_submit.SparkSubmitHook","filename":"spark_submit.py","lineno":644}
{"timestamp":"2026-01-11T16:48:32.227939Z","level":"info","event":"26/01/11 16:48:32 INFO DAGScheduler: Final stage: ResultStage 12 (csv at NativeMethodAccessorImpl.java:0)","logger":"airflow.task.hooks.airflow.providers.apache.spark.hooks.spark_submit.SparkSubmitHook","filename":"spark_submit.py","lineno":644}
{"timestamp":"2026-01-11T16:48:32.229267Z","level":"info","event":"26/01/11 16:48:32 INFO DAGScheduler: Parents of final stage: List()","logger":"airflow.task.hooks.airflow.providers.apache.spark.hooks.spark_submit.SparkSubmitHook","filename":"spark_submit.py","lineno":644}
{"timestamp":"2026-01-11T16:48:32.236102Z","level":"info","event":"26/01/11 16:48:32 INFO DAGScheduler: Missing parents: List()","logger":"airflow.task.hooks.airflow.providers.apache.spark.hooks.spark_submit.SparkSubmitHook","filename":"spark_submit.py","lineno":644}
{"timestamp":"2026-01-11T16:48:32.244969Z","level":"info","event":"26/01/11 16:48:32 INFO DAGScheduler: Submitting ResultStage 12 (MapPartitionsRDD[54] at csv at NativeMethodAccessorImpl.java:0), which has no missing parents","logger":"airflow.task.hooks.airflow.providers.apache.spark.hooks.spark_submit.SparkSubmitHook","filename":"spark_submit.py","lineno":644}
{"timestamp":"2026-01-11T16:48:32.276179Z","level":"info","event":"26/01/11 16:48:32 INFO MemoryStore: Block broadcast_19 stored as values in memory (estimated size 13.5 KiB, free 1048.3 MiB)","logger":"airflow.task.hooks.airflow.providers.apache.spark.hooks.spark_submit.SparkSubmitHook","filename":"spark_submit.py","lineno":644}
{"timestamp":"2026-01-11T16:48:32.290604Z","level":"info","event":"26/01/11 16:48:32 INFO MemoryStore: Block broadcast_19_piece0 stored as bytes in memory (estimated size 6.4 KiB, free 1048.3 MiB)","logger":"airflow.task.hooks.airflow.providers.apache.spark.hooks.spark_submit.SparkSubmitHook","filename":"spark_submit.py","lineno":644}
{"timestamp":"2026-01-11T16:48:32.291699Z","level":"info","event":"26/01/11 16:48:32 INFO BlockManagerInfo: Added broadcast_19_piece0 in memory on localhost:42335 (size: 6.4 KiB, free: 1048.7 MiB)","logger":"airflow.task.hooks.airflow.providers.apache.spark.hooks.spark_submit.SparkSubmitHook","filename":"spark_submit.py","lineno":644}
{"timestamp":"2026-01-11T16:48:32.293681Z","level":"info","event":"26/01/11 16:48:32 INFO SparkContext: Created broadcast 19 from broadcast at DAGScheduler.scala:1580","logger":"airflow.task.hooks.airflow.providers.apache.spark.hooks.spark_submit.SparkSubmitHook","filename":"spark_submit.py","lineno":644}
{"timestamp":"2026-01-11T16:48:32.297825Z","level":"info","event":"26/01/11 16:48:32 INFO DAGScheduler: Submitting 1 missing tasks from ResultStage 12 (MapPartitionsRDD[54] at csv at NativeMethodAccessorImpl.java:0) (first 15 tasks are for partitions Vector(0))","logger":"airflow.task.hooks.airflow.providers.apache.spark.hooks.spark_submit.SparkSubmitHook","filename":"spark_submit.py","lineno":644}
{"timestamp":"2026-01-11T16:48:32.298372Z","level":"info","event":"26/01/11 16:48:32 INFO TaskSchedulerImpl: Adding task set 12.0 with 1 tasks resource profile 0","logger":"airflow.task.hooks.airflow.providers.apache.spark.hooks.spark_submit.SparkSubmitHook","filename":"spark_submit.py","lineno":644}
{"timestamp":"2026-01-11T16:48:32.311910Z","level":"info","event":"26/01/11 16:48:32 INFO TaskSetManager: Starting task 0.0 in stage 12.0 (TID 20) (localhost, executor driver, partition 0, PROCESS_LOCAL, 8284 bytes)","logger":"airflow.task.hooks.airflow.providers.apache.spark.hooks.spark_submit.SparkSubmitHook","filename":"spark_submit.py","lineno":644}
{"timestamp":"2026-01-11T16:48:32.314666Z","level":"info","event":"26/01/11 16:48:32 INFO Executor: Running task 0.0 in stage 12.0 (TID 20)","logger":"airflow.task.hooks.airflow.providers.apache.spark.hooks.spark_submit.SparkSubmitHook","filename":"spark_submit.py","lineno":644}
{"timestamp":"2026-01-11T16:48:32.342633Z","level":"info","event":"26/01/11 16:48:32 INFO FileScanRDD: Reading File path: file:///opt/airflow/data/raw/olist_order_payments/part-00000-a5c5f732-5ca0-42d9-9531-302056541ceb-c000.csv, range: 0-4100366, partition values: [empty row]","logger":"airflow.task.hooks.airflow.providers.apache.spark.hooks.spark_submit.SparkSubmitHook","filename":"spark_submit.py","lineno":644}
{"timestamp":"2026-01-11T16:48:32.373280Z","level":"info","event":"26/01/11 16:48:32 INFO Executor: Finished task 0.0 in stage 12.0 (TID 20). 1673 bytes result sent to driver","logger":"airflow.task.hooks.airflow.providers.apache.spark.hooks.spark_submit.SparkSubmitHook","filename":"spark_submit.py","lineno":644}
{"timestamp":"2026-01-11T16:48:32.377256Z","level":"info","event":"26/01/11 16:48:32 INFO TaskSetManager: Finished task 0.0 in stage 12.0 (TID 20) in 67 ms on localhost (executor driver) (1/1)","logger":"airflow.task.hooks.airflow.providers.apache.spark.hooks.spark_submit.SparkSubmitHook","filename":"spark_submit.py","lineno":644}
{"timestamp":"2026-01-11T16:48:32.377398Z","level":"info","event":"26/01/11 16:48:32 INFO TaskSchedulerImpl: Removed TaskSet 12.0, whose tasks have all completed, from pool","logger":"airflow.task.hooks.airflow.providers.apache.spark.hooks.spark_submit.SparkSubmitHook","filename":"spark_submit.py","lineno":644}
{"timestamp":"2026-01-11T16:48:32.378446Z","level":"info","event":"26/01/11 16:48:32 INFO DAGScheduler: ResultStage 12 (csv at NativeMethodAccessorImpl.java:0) finished in 0.123 s","logger":"airflow.task.hooks.airflow.providers.apache.spark.hooks.spark_submit.SparkSubmitHook","filename":"spark_submit.py","lineno":644}
{"timestamp":"2026-01-11T16:48:32.378508Z","level":"info","event":"26/01/11 16:48:32 INFO DAGScheduler: Job 9 is finished. Cancelling potential speculative or zombie tasks for this job","logger":"airflow.task.hooks.airflow.providers.apache.spark.hooks.spark_submit.SparkSubmitHook","filename":"spark_submit.py","lineno":644}
{"timestamp":"2026-01-11T16:48:32.379323Z","level":"info","event":"26/01/11 16:48:32 INFO TaskSchedulerImpl: Killing all running tasks in stage 12: Stage finished","logger":"airflow.task.hooks.airflow.providers.apache.spark.hooks.spark_submit.SparkSubmitHook","filename":"spark_submit.py","lineno":644}
{"timestamp":"2026-01-11T16:48:32.381856Z","level":"info","event":"26/01/11 16:48:32 INFO DAGScheduler: Job 9 finished: csv at NativeMethodAccessorImpl.java:0, took 0.165572 s","logger":"airflow.task.hooks.airflow.providers.apache.spark.hooks.spark_submit.SparkSubmitHook","filename":"spark_submit.py","lineno":644}
{"timestamp":"2026-01-11T16:48:32.458521Z","level":"info","event":"26/01/11 16:48:32 INFO FileSourceStrategy: Pushed Filters:","logger":"airflow.task.hooks.airflow.providers.apache.spark.hooks.spark_submit.SparkSubmitHook","filename":"spark_submit.py","lineno":644}
{"timestamp":"2026-01-11T16:48:32.459510Z","level":"info","event":"26/01/11 16:48:32 INFO FileSourceStrategy: Post-Scan Filters:","logger":"airflow.task.hooks.airflow.providers.apache.spark.hooks.spark_submit.SparkSubmitHook","filename":"spark_submit.py","lineno":644}
{"timestamp":"2026-01-11T16:48:32.481823Z","level":"info","event":"26/01/11 16:48:32 INFO MemoryStore: Block broadcast_20 stored as values in memory (estimated size 199.5 KiB, free 1048.1 MiB)","logger":"airflow.task.hooks.airflow.providers.apache.spark.hooks.spark_submit.SparkSubmitHook","filename":"spark_submit.py","lineno":644}
{"timestamp":"2026-01-11T16:48:32.498357Z","level":"info","event":"26/01/11 16:48:32 INFO MemoryStore: Block broadcast_20_piece0 stored as bytes in memory (estimated size 34.2 KiB, free 1048.1 MiB)","logger":"airflow.task.hooks.airflow.providers.apache.spark.hooks.spark_submit.SparkSubmitHook","filename":"spark_submit.py","lineno":644}
{"timestamp":"2026-01-11T16:48:32.499969Z","level":"info","event":"26/01/11 16:48:32 INFO BlockManagerInfo: Added broadcast_20_piece0 in memory on localhost:42335 (size: 34.2 KiB, free: 1048.7 MiB)","logger":"airflow.task.hooks.airflow.providers.apache.spark.hooks.spark_submit.SparkSubmitHook","filename":"spark_submit.py","lineno":644}
{"timestamp":"2026-01-11T16:48:32.501900Z","level":"info","event":"26/01/11 16:48:32 INFO SparkContext: Created broadcast 20 from csv at NativeMethodAccessorImpl.java:0","logger":"airflow.task.hooks.airflow.providers.apache.spark.hooks.spark_submit.SparkSubmitHook","filename":"spark_submit.py","lineno":644}
{"timestamp":"2026-01-11T16:48:32.503451Z","level":"info","event":"26/01/11 16:48:32 INFO FileSourceScanExec: Planning scan with bin packing, max size: 4194304 bytes, open cost is considered as scanning 4194304 bytes.","logger":"airflow.task.hooks.airflow.providers.apache.spark.hooks.spark_submit.SparkSubmitHook","filename":"spark_submit.py","lineno":644}
{"timestamp":"2026-01-11T16:48:32.525195Z","level":"info","event":"____________________________________________________","logger":"airflow.task.hooks.airflow.providers.apache.spark.hooks.spark_submit.SparkSubmitHook","filename":"spark_submit.py","lineno":644}
{"timestamp":"2026-01-11T16:48:32.552004Z","level":"info","event":"26/01/11 16:48:32 INFO FileSourceStrategy: Pushed Filters:","logger":"airflow.task.hooks.airflow.providers.apache.spark.hooks.spark_submit.SparkSubmitHook","filename":"spark_submit.py","lineno":644}
{"timestamp":"2026-01-11T16:48:32.552331Z","level":"info","event":"26/01/11 16:48:32 INFO FileSourceStrategy: Post-Scan Filters:","logger":"airflow.task.hooks.airflow.providers.apache.spark.hooks.spark_submit.SparkSubmitHook","filename":"spark_submit.py","lineno":644}
{"timestamp":"2026-01-11T16:48:32.598905Z","level":"info","event":"26/01/11 16:48:32 INFO MemoryStore: Block broadcast_21 stored as values in memory (estimated size 199.4 KiB, free 1047.9 MiB)","logger":"airflow.task.hooks.airflow.providers.apache.spark.hooks.spark_submit.SparkSubmitHook","filename":"spark_submit.py","lineno":644}
{"timestamp":"2026-01-11T16:48:32.633456Z","level":"info","event":"26/01/11 16:48:32 INFO MemoryStore: Block broadcast_21_piece0 stored as bytes in memory (estimated size 34.2 KiB, free 1047.8 MiB)","logger":"airflow.task.hooks.airflow.providers.apache.spark.hooks.spark_submit.SparkSubmitHook","filename":"spark_submit.py","lineno":644}
{"timestamp":"2026-01-11T16:48:32.635860Z","level":"info","event":"26/01/11 16:48:32 INFO BlockManagerInfo: Added broadcast_21_piece0 in memory on localhost:42335 (size: 34.2 KiB, free: 1048.6 MiB)","logger":"airflow.task.hooks.airflow.providers.apache.spark.hooks.spark_submit.SparkSubmitHook","filename":"spark_submit.py","lineno":644}
{"timestamp":"2026-01-11T16:48:32.637600Z","level":"info","event":"26/01/11 16:48:32 INFO SparkContext: Created broadcast 21 from count at NativeMethodAccessorImpl.java:0","logger":"airflow.task.hooks.airflow.providers.apache.spark.hooks.spark_submit.SparkSubmitHook","filename":"spark_submit.py","lineno":644}
{"timestamp":"2026-01-11T16:48:32.641539Z","level":"info","event":"26/01/11 16:48:32 INFO FileSourceScanExec: Planning scan with bin packing, max size: 4194304 bytes, open cost is considered as scanning 4194304 bytes.","logger":"airflow.task.hooks.airflow.providers.apache.spark.hooks.spark_submit.SparkSubmitHook","filename":"spark_submit.py","lineno":644}
{"timestamp":"2026-01-11T16:48:32.657821Z","level":"info","event":"26/01/11 16:48:32 INFO DAGScheduler: Registering RDD 64 (count at NativeMethodAccessorImpl.java:0) as input to shuffle 3","logger":"airflow.task.hooks.airflow.providers.apache.spark.hooks.spark_submit.SparkSubmitHook","filename":"spark_submit.py","lineno":644}
{"timestamp":"2026-01-11T16:48:32.659596Z","level":"info","event":"26/01/11 16:48:32 INFO DAGScheduler: Got map stage job 10 (count at NativeMethodAccessorImpl.java:0) with 2 output partitions","logger":"airflow.task.hooks.airflow.providers.apache.spark.hooks.spark_submit.SparkSubmitHook","filename":"spark_submit.py","lineno":644}
{"timestamp":"2026-01-11T16:48:32.660047Z","level":"info","event":"26/01/11 16:48:32 INFO DAGScheduler: Final stage: ShuffleMapStage 13 (count at NativeMethodAccessorImpl.java:0)","logger":"airflow.task.hooks.airflow.providers.apache.spark.hooks.spark_submit.SparkSubmitHook","filename":"spark_submit.py","lineno":644}
{"timestamp":"2026-01-11T16:48:32.660293Z","level":"info","event":"26/01/11 16:48:32 INFO DAGScheduler: Parents of final stage: List()","logger":"airflow.task.hooks.airflow.providers.apache.spark.hooks.spark_submit.SparkSubmitHook","filename":"spark_submit.py","lineno":644}
{"timestamp":"2026-01-11T16:48:32.660712Z","level":"info","event":"26/01/11 16:48:32 INFO DAGScheduler: Missing parents: List()","logger":"airflow.task.hooks.airflow.providers.apache.spark.hooks.spark_submit.SparkSubmitHook","filename":"spark_submit.py","lineno":644}
{"timestamp":"2026-01-11T16:48:32.661865Z","level":"info","event":"26/01/11 16:48:32 INFO DAGScheduler: Submitting ShuffleMapStage 13 (MapPartitionsRDD[64] at count at NativeMethodAccessorImpl.java:0), which has no missing parents","logger":"airflow.task.hooks.airflow.providers.apache.spark.hooks.spark_submit.SparkSubmitHook","filename":"spark_submit.py","lineno":644}
{"timestamp":"2026-01-11T16:48:32.665776Z","level":"info","event":"26/01/11 16:48:32 INFO MemoryStore: Block broadcast_22 stored as values in memory (estimated size 17.8 KiB, free 1047.8 MiB)","logger":"airflow.task.hooks.airflow.providers.apache.spark.hooks.spark_submit.SparkSubmitHook","filename":"spark_submit.py","lineno":644}
{"timestamp":"2026-01-11T16:48:32.672647Z","level":"info","event":"26/01/11 16:48:32 INFO MemoryStore: Block broadcast_22_piece0 stored as bytes in memory (estimated size 8.7 KiB, free 1047.8 MiB)","logger":"airflow.task.hooks.airflow.providers.apache.spark.hooks.spark_submit.SparkSubmitHook","filename":"spark_submit.py","lineno":644}
{"timestamp":"2026-01-11T16:48:32.673143Z","level":"info","event":"26/01/11 16:48:32 INFO BlockManagerInfo: Added broadcast_22_piece0 in memory on localhost:42335 (size: 8.7 KiB, free: 1048.6 MiB)","logger":"airflow.task.hooks.airflow.providers.apache.spark.hooks.spark_submit.SparkSubmitHook","filename":"spark_submit.py","lineno":644}
{"timestamp":"2026-01-11T16:48:32.673907Z","level":"info","event":"26/01/11 16:48:32 INFO SparkContext: Created broadcast 22 from broadcast at DAGScheduler.scala:1580","logger":"airflow.task.hooks.airflow.providers.apache.spark.hooks.spark_submit.SparkSubmitHook","filename":"spark_submit.py","lineno":644}
{"timestamp":"2026-01-11T16:48:32.675344Z","level":"info","event":"26/01/11 16:48:32 INFO DAGScheduler: Submitting 2 missing tasks from ShuffleMapStage 13 (MapPartitionsRDD[64] at count at NativeMethodAccessorImpl.java:0) (first 15 tasks are for partitions Vector(0, 1))","logger":"airflow.task.hooks.airflow.providers.apache.spark.hooks.spark_submit.SparkSubmitHook","filename":"spark_submit.py","lineno":644}
{"timestamp":"2026-01-11T16:48:32.676062Z","level":"info","event":"26/01/11 16:48:32 INFO TaskSchedulerImpl: Adding task set 13.0 with 2 tasks resource profile 0","logger":"airflow.task.hooks.airflow.providers.apache.spark.hooks.spark_submit.SparkSubmitHook","filename":"spark_submit.py","lineno":644}
{"timestamp":"2026-01-11T16:48:32.679246Z","level":"info","event":"26/01/11 16:48:32 INFO TaskSetManager: Starting task 0.0 in stage 13.0 (TID 21) (localhost, executor driver, partition 0, PROCESS_LOCAL, 8273 bytes)","logger":"airflow.task.hooks.airflow.providers.apache.spark.hooks.spark_submit.SparkSubmitHook","filename":"spark_submit.py","lineno":644}
{"timestamp":"2026-01-11T16:48:32.681096Z","level":"info","event":"26/01/11 16:48:32 INFO TaskSetManager: Starting task 1.0 in stage 13.0 (TID 22) (localhost, executor driver, partition 1, PROCESS_LOCAL, 8273 bytes)","logger":"airflow.task.hooks.airflow.providers.apache.spark.hooks.spark_submit.SparkSubmitHook","filename":"spark_submit.py","lineno":644}
{"timestamp":"2026-01-11T16:48:32.683626Z","level":"info","event":"26/01/11 16:48:32 INFO Executor: Running task 1.0 in stage 13.0 (TID 22)","logger":"airflow.task.hooks.airflow.providers.apache.spark.hooks.spark_submit.SparkSubmitHook","filename":"spark_submit.py","lineno":644}
{"timestamp":"2026-01-11T16:48:32.683720Z","level":"info","event":"26/01/11 16:48:32 INFO Executor: Running task 0.0 in stage 13.0 (TID 21)","logger":"airflow.task.hooks.airflow.providers.apache.spark.hooks.spark_submit.SparkSubmitHook","filename":"spark_submit.py","lineno":644}
{"timestamp":"2026-01-11T16:48:32.688531Z","level":"info","event":"26/01/11 16:48:32 INFO FileScanRDD: Reading File path: file:///opt/airflow/data/raw/olist_order_payments/part-00001-a5c5f732-5ca0-42d9-9531-302056541ceb-c000.csv, range: 0-1547490, partition values: [empty row]","logger":"airflow.task.hooks.airflow.providers.apache.spark.hooks.spark_submit.SparkSubmitHook","filename":"spark_submit.py","lineno":644}
{"timestamp":"2026-01-11T16:48:32.697432Z","level":"info","event":"26/01/11 16:48:32 INFO FileScanRDD: Reading File path: file:///opt/airflow/data/raw/olist_order_payments/part-00000-a5c5f732-5ca0-42d9-9531-302056541ceb-c000.csv, range: 0-4100366, partition values: [empty row]","logger":"airflow.task.hooks.airflow.providers.apache.spark.hooks.spark_submit.SparkSubmitHook","filename":"spark_submit.py","lineno":644}
{"timestamp":"2026-01-11T16:48:32.774852Z","level":"info","event":"26/01/11 16:48:32 INFO BlockManagerInfo: Removed broadcast_18_piece0 on localhost:42335 in memory (size: 34.2 KiB, free: 1048.7 MiB)","logger":"airflow.task.hooks.airflow.providers.apache.spark.hooks.spark_submit.SparkSubmitHook","filename":"spark_submit.py","lineno":644}
{"timestamp":"2026-01-11T16:48:32.785339Z","level":"info","event":"26/01/11 16:48:32 INFO BlockManagerInfo: Removed broadcast_20_piece0 on localhost:42335 in memory (size: 34.2 KiB, free: 1048.7 MiB)","logger":"airflow.task.hooks.airflow.providers.apache.spark.hooks.spark_submit.SparkSubmitHook","filename":"spark_submit.py","lineno":644}
{"timestamp":"2026-01-11T16:48:32.791214Z","level":"info","event":"26/01/11 16:48:32 INFO Executor: Finished task 1.0 in stage 13.0 (TID 22). 2011 bytes result sent to driver","logger":"airflow.task.hooks.airflow.providers.apache.spark.hooks.spark_submit.SparkSubmitHook","filename":"spark_submit.py","lineno":644}
{"timestamp":"2026-01-11T16:48:32.794920Z","level":"info","event":"26/01/11 16:48:32 INFO BlockManagerInfo: Removed broadcast_15_piece0 on localhost:42335 in memory (size: 34.2 KiB, free: 1048.7 MiB)","logger":"airflow.task.hooks.airflow.providers.apache.spark.hooks.spark_submit.SparkSubmitHook","filename":"spark_submit.py","lineno":644}
{"timestamp":"2026-01-11T16:48:32.795182Z","level":"info","event":"26/01/11 16:48:32 INFO TaskSetManager: Finished task 1.0 in stage 13.0 (TID 22) in 115 ms on localhost (executor driver) (1/2)","logger":"airflow.task.hooks.airflow.providers.apache.spark.hooks.spark_submit.SparkSubmitHook","filename":"spark_submit.py","lineno":644}
{"timestamp":"2026-01-11T16:48:32.805233Z","level":"info","event":"26/01/11 16:48:32 INFO BlockManagerInfo: Removed broadcast_16_piece0 on localhost:42335 in memory (size: 8.8 KiB, free: 1048.7 MiB)","logger":"airflow.task.hooks.airflow.providers.apache.spark.hooks.spark_submit.SparkSubmitHook","filename":"spark_submit.py","lineno":644}
{"timestamp":"2026-01-11T16:48:32.828044Z","level":"info","event":"26/01/11 16:48:32 INFO BlockManagerInfo: Removed broadcast_17_piece0 on localhost:42335 in memory (size: 5.9 KiB, free: 1048.8 MiB)","logger":"airflow.task.hooks.airflow.providers.apache.spark.hooks.spark_submit.SparkSubmitHook","filename":"spark_submit.py","lineno":644}
{"timestamp":"2026-01-11T16:48:32.831585Z","level":"info","event":"26/01/11 16:48:32 INFO Executor: Finished task 0.0 in stage 13.0 (TID 21). 1968 bytes result sent to driver","logger":"airflow.task.hooks.airflow.providers.apache.spark.hooks.spark_submit.SparkSubmitHook","filename":"spark_submit.py","lineno":644}
{"timestamp":"2026-01-11T16:48:32.836392Z","level":"info","event":"26/01/11 16:48:32 INFO TaskSetManager: Finished task 0.0 in stage 13.0 (TID 21) in 157 ms on localhost (executor driver) (2/2)","logger":"airflow.task.hooks.airflow.providers.apache.spark.hooks.spark_submit.SparkSubmitHook","filename":"spark_submit.py","lineno":644}
{"timestamp":"2026-01-11T16:48:32.836720Z","level":"info","event":"26/01/11 16:48:32 INFO TaskSchedulerImpl: Removed TaskSet 13.0, whose tasks have all completed, from pool","logger":"airflow.task.hooks.airflow.providers.apache.spark.hooks.spark_submit.SparkSubmitHook","filename":"spark_submit.py","lineno":644}
{"timestamp":"2026-01-11T16:48:32.839848Z","level":"info","event":"26/01/11 16:48:32 INFO DAGScheduler: ShuffleMapStage 13 (count at NativeMethodAccessorImpl.java:0) finished in 0.173 s","logger":"airflow.task.hooks.airflow.providers.apache.spark.hooks.spark_submit.SparkSubmitHook","filename":"spark_submit.py","lineno":644}
{"timestamp":"2026-01-11T16:48:32.840127Z","level":"info","event":"26/01/11 16:48:32 INFO DAGScheduler: looking for newly runnable stages","logger":"airflow.task.hooks.airflow.providers.apache.spark.hooks.spark_submit.SparkSubmitHook","filename":"spark_submit.py","lineno":644}
{"timestamp":"2026-01-11T16:48:32.840203Z","level":"info","event":"26/01/11 16:48:32 INFO DAGScheduler: running: Set()","logger":"airflow.task.hooks.airflow.providers.apache.spark.hooks.spark_submit.SparkSubmitHook","filename":"spark_submit.py","lineno":644}
{"timestamp":"2026-01-11T16:48:32.841122Z","level":"info","event":"26/01/11 16:48:32 INFO DAGScheduler: waiting: Set()","logger":"airflow.task.hooks.airflow.providers.apache.spark.hooks.spark_submit.SparkSubmitHook","filename":"spark_submit.py","lineno":644}
{"timestamp":"2026-01-11T16:48:32.841267Z","level":"info","event":"26/01/11 16:48:32 INFO DAGScheduler: failed: Set()","logger":"airflow.task.hooks.airflow.providers.apache.spark.hooks.spark_submit.SparkSubmitHook","filename":"spark_submit.py","lineno":644}
{"timestamp":"2026-01-11T16:48:32.841353Z","level":"info","event":"26/01/11 16:48:32 INFO BlockManagerInfo: Removed broadcast_19_piece0 on localhost:42335 in memory (size: 6.4 KiB, free: 1048.8 MiB)","logger":"airflow.task.hooks.airflow.providers.apache.spark.hooks.spark_submit.SparkSubmitHook","filename":"spark_submit.py","lineno":644}
{"timestamp":"2026-01-11T16:48:32.884290Z","level":"info","event":"26/01/11 16:48:32 INFO SparkContext: Starting job: count at NativeMethodAccessorImpl.java:0","logger":"airflow.task.hooks.airflow.providers.apache.spark.hooks.spark_submit.SparkSubmitHook","filename":"spark_submit.py","lineno":644}
{"timestamp":"2026-01-11T16:48:32.886264Z","level":"info","event":"26/01/11 16:48:32 INFO DAGScheduler: Got job 11 (count at NativeMethodAccessorImpl.java:0) with 1 output partitions","logger":"airflow.task.hooks.airflow.providers.apache.spark.hooks.spark_submit.SparkSubmitHook","filename":"spark_submit.py","lineno":644}
{"timestamp":"2026-01-11T16:48:32.886786Z","level":"info","event":"26/01/11 16:48:32 INFO DAGScheduler: Final stage: ResultStage 15 (count at NativeMethodAccessorImpl.java:0)","logger":"airflow.task.hooks.airflow.providers.apache.spark.hooks.spark_submit.SparkSubmitHook","filename":"spark_submit.py","lineno":644}
{"timestamp":"2026-01-11T16:48:32.886932Z","level":"info","event":"26/01/11 16:48:32 INFO DAGScheduler: Parents of final stage: List(ShuffleMapStage 14)","logger":"airflow.task.hooks.airflow.providers.apache.spark.hooks.spark_submit.SparkSubmitHook","filename":"spark_submit.py","lineno":644}
{"timestamp":"2026-01-11T16:48:32.887029Z","level":"info","event":"26/01/11 16:48:32 INFO DAGScheduler: Missing parents: List()","logger":"airflow.task.hooks.airflow.providers.apache.spark.hooks.spark_submit.SparkSubmitHook","filename":"spark_submit.py","lineno":644}
{"timestamp":"2026-01-11T16:48:32.889348Z","level":"info","event":"26/01/11 16:48:32 INFO DAGScheduler: Submitting ResultStage 15 (MapPartitionsRDD[67] at count at NativeMethodAccessorImpl.java:0), which has no missing parents","logger":"airflow.task.hooks.airflow.providers.apache.spark.hooks.spark_submit.SparkSubmitHook","filename":"spark_submit.py","lineno":644}
{"timestamp":"2026-01-11T16:48:32.891351Z","level":"info","event":"26/01/11 16:48:32 INFO MemoryStore: Block broadcast_23 stored as values in memory (estimated size 12.5 KiB, free 1048.5 MiB)","logger":"airflow.task.hooks.airflow.providers.apache.spark.hooks.spark_submit.SparkSubmitHook","filename":"spark_submit.py","lineno":644}
{"timestamp":"2026-01-11T16:48:32.895702Z","level":"info","event":"26/01/11 16:48:32 INFO MemoryStore: Block broadcast_23_piece0 stored as bytes in memory (estimated size 6.0 KiB, free 1048.5 MiB)","logger":"airflow.task.hooks.airflow.providers.apache.spark.hooks.spark_submit.SparkSubmitHook","filename":"spark_submit.py","lineno":644}
{"timestamp":"2026-01-11T16:48:32.896948Z","level":"info","event":"26/01/11 16:48:32 INFO BlockManagerInfo: Added broadcast_23_piece0 in memory on localhost:42335 (size: 6.0 KiB, free: 1048.8 MiB)","logger":"airflow.task.hooks.airflow.providers.apache.spark.hooks.spark_submit.SparkSubmitHook","filename":"spark_submit.py","lineno":644}
{"timestamp":"2026-01-11T16:48:32.899373Z","level":"info","event":"26/01/11 16:48:32 INFO SparkContext: Created broadcast 23 from broadcast at DAGScheduler.scala:1580","logger":"airflow.task.hooks.airflow.providers.apache.spark.hooks.spark_submit.SparkSubmitHook","filename":"spark_submit.py","lineno":644}
{"timestamp":"2026-01-11T16:48:32.899574Z","level":"info","event":"26/01/11 16:48:32 INFO DAGScheduler: Submitting 1 missing tasks from ResultStage 15 (MapPartitionsRDD[67] at count at NativeMethodAccessorImpl.java:0) (first 15 tasks are for partitions Vector(0))","logger":"airflow.task.hooks.airflow.providers.apache.spark.hooks.spark_submit.SparkSubmitHook","filename":"spark_submit.py","lineno":644}
{"timestamp":"2026-01-11T16:48:32.899653Z","level":"info","event":"26/01/11 16:48:32 INFO TaskSchedulerImpl: Adding task set 15.0 with 1 tasks resource profile 0","logger":"airflow.task.hooks.airflow.providers.apache.spark.hooks.spark_submit.SparkSubmitHook","filename":"spark_submit.py","lineno":644}
{"timestamp":"2026-01-11T16:48:32.900876Z","level":"info","event":"26/01/11 16:48:32 INFO TaskSetManager: Starting task 0.0 in stage 15.0 (TID 23) (localhost, executor driver, partition 0, NODE_LOCAL, 7615 bytes)","logger":"airflow.task.hooks.airflow.providers.apache.spark.hooks.spark_submit.SparkSubmitHook","filename":"spark_submit.py","lineno":644}
{"timestamp":"2026-01-11T16:48:32.901837Z","level":"info","event":"26/01/11 16:48:32 INFO Executor: Running task 0.0 in stage 15.0 (TID 23)","logger":"airflow.task.hooks.airflow.providers.apache.spark.hooks.spark_submit.SparkSubmitHook","filename":"spark_submit.py","lineno":644}
{"timestamp":"2026-01-11T16:48:32.907838Z","level":"info","event":"26/01/11 16:48:32 INFO ShuffleBlockFetcherIterator: Getting 2 (120.0 B) non-empty blocks including 2 (120.0 B) local and 0 (0.0 B) host-local and 0 (0.0 B) push-merged-local and 0 (0.0 B) remote blocks","logger":"airflow.task.hooks.airflow.providers.apache.spark.hooks.spark_submit.SparkSubmitHook","filename":"spark_submit.py","lineno":644}
{"timestamp":"2026-01-11T16:48:32.908108Z","level":"info","event":"26/01/11 16:48:32 INFO ShuffleBlockFetcherIterator: Started 0 remote fetches in 1 ms","logger":"airflow.task.hooks.airflow.providers.apache.spark.hooks.spark_submit.SparkSubmitHook","filename":"spark_submit.py","lineno":644}
{"timestamp":"2026-01-11T16:48:32.911765Z","level":"info","event":"26/01/11 16:48:32 INFO Executor: Finished task 0.0 in stage 15.0 (TID 23). 3995 bytes result sent to driver","logger":"airflow.task.hooks.airflow.providers.apache.spark.hooks.spark_submit.SparkSubmitHook","filename":"spark_submit.py","lineno":644}
{"timestamp":"2026-01-11T16:48:32.913066Z","level":"info","event":"26/01/11 16:48:32 INFO TaskSetManager: Finished task 0.0 in stage 15.0 (TID 23) in 12 ms on localhost (executor driver) (1/1)","logger":"airflow.task.hooks.airflow.providers.apache.spark.hooks.spark_submit.SparkSubmitHook","filename":"spark_submit.py","lineno":644}
{"timestamp":"2026-01-11T16:48:32.913397Z","level":"info","event":"26/01/11 16:48:32 INFO TaskSchedulerImpl: Removed TaskSet 15.0, whose tasks have all completed, from pool","logger":"airflow.task.hooks.airflow.providers.apache.spark.hooks.spark_submit.SparkSubmitHook","filename":"spark_submit.py","lineno":644}
{"timestamp":"2026-01-11T16:48:32.914240Z","level":"info","event":"26/01/11 16:48:32 INFO DAGScheduler: ResultStage 15 (count at NativeMethodAccessorImpl.java:0) finished in 0.023 s","logger":"airflow.task.hooks.airflow.providers.apache.spark.hooks.spark_submit.SparkSubmitHook","filename":"spark_submit.py","lineno":644}
{"timestamp":"2026-01-11T16:48:32.914724Z","level":"info","event":"26/01/11 16:48:32 INFO DAGScheduler: Job 11 is finished. Cancelling potential speculative or zombie tasks for this job","logger":"airflow.task.hooks.airflow.providers.apache.spark.hooks.spark_submit.SparkSubmitHook","filename":"spark_submit.py","lineno":644}
{"timestamp":"2026-01-11T16:48:32.914881Z","level":"info","event":"26/01/11 16:48:32 INFO TaskSchedulerImpl: Killing all running tasks in stage 15: Stage finished","logger":"airflow.task.hooks.airflow.providers.apache.spark.hooks.spark_submit.SparkSubmitHook","filename":"spark_submit.py","lineno":644}
{"timestamp":"2026-01-11T16:48:32.915872Z","level":"info","event":"26/01/11 16:48:32 INFO DAGScheduler: Job 11 finished: count at NativeMethodAccessorImpl.java:0, took 0.031711 s","logger":"airflow.task.hooks.airflow.providers.apache.spark.hooks.spark_submit.SparkSubmitHook","filename":"spark_submit.py","lineno":644}
{"timestamp":"2026-01-11T16:48:32.918269Z","level":"info","event":"Loaded olist_order_payments with 103886 records for cleaning.","logger":"airflow.task.hooks.airflow.providers.apache.spark.hooks.spark_submit.SparkSubmitHook","filename":"spark_submit.py","lineno":644}
{"timestamp":"2026-01-11T16:48:32.923533Z","level":"info","event":"root","logger":"airflow.task.hooks.airflow.providers.apache.spark.hooks.spark_submit.SparkSubmitHook","filename":"spark_submit.py","lineno":644}
{"timestamp":"2026-01-11T16:48:32.923808Z","level":"info","event":"|-- order_id: string (nullable = true)","logger":"airflow.task.hooks.airflow.providers.apache.spark.hooks.spark_submit.SparkSubmitHook","filename":"spark_submit.py","lineno":644}
{"timestamp":"2026-01-11T16:48:32.923893Z","level":"info","event":"|-- payment_sequential: string (nullable = true)","logger":"airflow.task.hooks.airflow.providers.apache.spark.hooks.spark_submit.SparkSubmitHook","filename":"spark_submit.py","lineno":644}
{"timestamp":"2026-01-11T16:48:32.924010Z","level":"info","event":"|-- payment_type: string (nullable = true)","logger":"airflow.task.hooks.airflow.providers.apache.spark.hooks.spark_submit.SparkSubmitHook","filename":"spark_submit.py","lineno":644}
{"timestamp":"2026-01-11T16:48:32.924091Z","level":"info","event":"|-- payment_installments: string (nullable = true)","logger":"airflow.task.hooks.airflow.providers.apache.spark.hooks.spark_submit.SparkSubmitHook","filename":"spark_submit.py","lineno":644}
{"timestamp":"2026-01-11T16:48:32.924180Z","level":"info","event":"|-- payment_value: string (nullable = true)","logger":"airflow.task.hooks.airflow.providers.apache.spark.hooks.spark_submit.SparkSubmitHook","filename":"spark_submit.py","lineno":644}
{"timestamp":"2026-01-11T16:48:32.924293Z","level":"info","event":"","logger":"airflow.task.hooks.airflow.providers.apache.spark.hooks.spark_submit.SparkSubmitHook","filename":"spark_submit.py","lineno":644}
{"timestamp":"2026-01-11T16:48:32.963720Z","level":"info","event":"26/01/11 16:48:32 INFO InMemoryFileIndex: It took 17 ms to list leaf files for 1 paths.","logger":"airflow.task.hooks.airflow.providers.apache.spark.hooks.spark_submit.SparkSubmitHook","filename":"spark_submit.py","lineno":644}
{"timestamp":"2026-01-11T16:48:32.971910Z","level":"info","event":"26/01/11 16:48:32 INFO InMemoryFileIndex: It took 1 ms to list leaf files for 4 paths.","logger":"airflow.task.hooks.airflow.providers.apache.spark.hooks.spark_submit.SparkSubmitHook","filename":"spark_submit.py","lineno":644}
{"timestamp":"2026-01-11T16:48:33.036368Z","level":"info","event":"26/01/11 16:48:33 INFO FileSourceStrategy: Pushed Filters:","logger":"airflow.task.hooks.airflow.providers.apache.spark.hooks.spark_submit.SparkSubmitHook","filename":"spark_submit.py","lineno":644}
{"timestamp":"2026-01-11T16:48:33.036662Z","level":"info","event":"26/01/11 16:48:33 INFO FileSourceStrategy: Post-Scan Filters: (length(trim(value#154, None)) > 0)","logger":"airflow.task.hooks.airflow.providers.apache.spark.hooks.spark_submit.SparkSubmitHook","filename":"spark_submit.py","lineno":644}
{"timestamp":"2026-01-11T16:48:33.046213Z","level":"info","event":"26/01/11 16:48:33 INFO MemoryStore: Block broadcast_24 stored as values in memory (estimated size 199.5 KiB, free 1048.3 MiB)","logger":"airflow.task.hooks.airflow.providers.apache.spark.hooks.spark_submit.SparkSubmitHook","filename":"spark_submit.py","lineno":644}
{"timestamp":"2026-01-11T16:48:33.056620Z","level":"info","event":"26/01/11 16:48:33 INFO MemoryStore: Block broadcast_24_piece0 stored as bytes in memory (estimated size 34.2 KiB, free 1048.3 MiB)","logger":"airflow.task.hooks.airflow.providers.apache.spark.hooks.spark_submit.SparkSubmitHook","filename":"spark_submit.py","lineno":644}
{"timestamp":"2026-01-11T16:48:33.057034Z","level":"info","event":"26/01/11 16:48:33 INFO BlockManagerInfo: Added broadcast_24_piece0 in memory on localhost:42335 (size: 34.2 KiB, free: 1048.7 MiB)","logger":"airflow.task.hooks.airflow.providers.apache.spark.hooks.spark_submit.SparkSubmitHook","filename":"spark_submit.py","lineno":644}
{"timestamp":"2026-01-11T16:48:33.057624Z","level":"info","event":"26/01/11 16:48:33 INFO SparkContext: Created broadcast 24 from csv at NativeMethodAccessorImpl.java:0","logger":"airflow.task.hooks.airflow.providers.apache.spark.hooks.spark_submit.SparkSubmitHook","filename":"spark_submit.py","lineno":644}
{"timestamp":"2026-01-11T16:48:33.058484Z","level":"info","event":"26/01/11 16:48:33 INFO FileSourceScanExec: Planning scan with bin packing, max size: 4393510 bytes, open cost is considered as scanning 4194304 bytes.","logger":"airflow.task.hooks.airflow.providers.apache.spark.hooks.spark_submit.SparkSubmitHook","filename":"spark_submit.py","lineno":644}
{"timestamp":"2026-01-11T16:48:33.071119Z","level":"info","event":"26/01/11 16:48:33 INFO SparkContext: Starting job: csv at NativeMethodAccessorImpl.java:0","logger":"airflow.task.hooks.airflow.providers.apache.spark.hooks.spark_submit.SparkSubmitHook","filename":"spark_submit.py","lineno":644}
{"timestamp":"2026-01-11T16:48:33.071875Z","level":"info","event":"26/01/11 16:48:33 INFO DAGScheduler: Got job 12 (csv at NativeMethodAccessorImpl.java:0) with 1 output partitions","logger":"airflow.task.hooks.airflow.providers.apache.spark.hooks.spark_submit.SparkSubmitHook","filename":"spark_submit.py","lineno":644}
{"timestamp":"2026-01-11T16:48:33.072041Z","level":"info","event":"26/01/11 16:48:33 INFO DAGScheduler: Final stage: ResultStage 16 (csv at NativeMethodAccessorImpl.java:0)","logger":"airflow.task.hooks.airflow.providers.apache.spark.hooks.spark_submit.SparkSubmitHook","filename":"spark_submit.py","lineno":644}
{"timestamp":"2026-01-11T16:48:33.072126Z","level":"info","event":"26/01/11 16:48:33 INFO DAGScheduler: Parents of final stage: List()","logger":"airflow.task.hooks.airflow.providers.apache.spark.hooks.spark_submit.SparkSubmitHook","filename":"spark_submit.py","lineno":644}
{"timestamp":"2026-01-11T16:48:33.072202Z","level":"info","event":"26/01/11 16:48:33 INFO DAGScheduler: Missing parents: List()","logger":"airflow.task.hooks.airflow.providers.apache.spark.hooks.spark_submit.SparkSubmitHook","filename":"spark_submit.py","lineno":644}
{"timestamp":"2026-01-11T16:48:33.072389Z","level":"info","event":"26/01/11 16:48:33 INFO DAGScheduler: Submitting ResultStage 16 (MapPartitionsRDD[71] at csv at NativeMethodAccessorImpl.java:0), which has no missing parents","logger":"airflow.task.hooks.airflow.providers.apache.spark.hooks.spark_submit.SparkSubmitHook","filename":"spark_submit.py","lineno":644}
{"timestamp":"2026-01-11T16:48:33.073833Z","level":"info","event":"26/01/11 16:48:33 INFO MemoryStore: Block broadcast_25 stored as values in memory (estimated size 13.5 KiB, free 1048.3 MiB)","logger":"airflow.task.hooks.airflow.providers.apache.spark.hooks.spark_submit.SparkSubmitHook","filename":"spark_submit.py","lineno":644}
{"timestamp":"2026-01-11T16:48:33.087154Z","level":"info","event":"26/01/11 16:48:33 INFO MemoryStore: Block broadcast_25_piece0 stored as bytes in memory (estimated size 6.4 KiB, free 1048.3 MiB)","logger":"airflow.task.hooks.airflow.providers.apache.spark.hooks.spark_submit.SparkSubmitHook","filename":"spark_submit.py","lineno":644}
{"timestamp":"2026-01-11T16:48:33.088271Z","level":"info","event":"26/01/11 16:48:33 INFO BlockManagerInfo: Added broadcast_25_piece0 in memory on localhost:42335 (size: 6.4 KiB, free: 1048.7 MiB)","logger":"airflow.task.hooks.airflow.providers.apache.spark.hooks.spark_submit.SparkSubmitHook","filename":"spark_submit.py","lineno":644}
{"timestamp":"2026-01-11T16:48:33.091061Z","level":"info","event":"26/01/11 16:48:33 INFO SparkContext: Created broadcast 25 from broadcast at DAGScheduler.scala:1580","logger":"airflow.task.hooks.airflow.providers.apache.spark.hooks.spark_submit.SparkSubmitHook","filename":"spark_submit.py","lineno":644}
{"timestamp":"2026-01-11T16:48:33.093008Z","level":"info","event":"26/01/11 16:48:33 INFO DAGScheduler: Submitting 1 missing tasks from ResultStage 16 (MapPartitionsRDD[71] at csv at NativeMethodAccessorImpl.java:0) (first 15 tasks are for partitions Vector(0))","logger":"airflow.task.hooks.airflow.providers.apache.spark.hooks.spark_submit.SparkSubmitHook","filename":"spark_submit.py","lineno":644}
{"timestamp":"2026-01-11T16:48:33.093438Z","level":"info","event":"26/01/11 16:48:33 INFO TaskSchedulerImpl: Adding task set 16.0 with 1 tasks resource profile 0","logger":"airflow.task.hooks.airflow.providers.apache.spark.hooks.spark_submit.SparkSubmitHook","filename":"spark_submit.py","lineno":644}
{"timestamp":"2026-01-11T16:48:33.096266Z","level":"info","event":"26/01/11 16:48:33 INFO TaskSetManager: Starting task 0.0 in stage 16.0 (TID 24) (localhost, executor driver, partition 0, PROCESS_LOCAL, 8283 bytes)","logger":"airflow.task.hooks.airflow.providers.apache.spark.hooks.spark_submit.SparkSubmitHook","filename":"spark_submit.py","lineno":644}
{"timestamp":"2026-01-11T16:48:33.097831Z","level":"info","event":"26/01/11 16:48:33 INFO Executor: Running task 0.0 in stage 16.0 (TID 24)","logger":"airflow.task.hooks.airflow.providers.apache.spark.hooks.spark_submit.SparkSubmitHook","filename":"spark_submit.py","lineno":644}
{"timestamp":"2026-01-11T16:48:33.101733Z","level":"info","event":"26/01/11 16:48:33 INFO FileScanRDD: Reading File path: file:///opt/airflow/data/raw/olist_order_reviews/part-00000-fd67c39f-6b3c-437e-a2c0-3dfac42c7028-c000.csv, range: 0-4057043, partition values: [empty row]","logger":"airflow.task.hooks.airflow.providers.apache.spark.hooks.spark_submit.SparkSubmitHook","filename":"spark_submit.py","lineno":644}
{"timestamp":"2026-01-11T16:48:33.157861Z","level":"info","event":"26/01/11 16:48:33 INFO Executor: Finished task 0.0 in stage 16.0 (TID 24). 1696 bytes result sent to driver","logger":"airflow.task.hooks.airflow.providers.apache.spark.hooks.spark_submit.SparkSubmitHook","filename":"spark_submit.py","lineno":644}
{"timestamp":"2026-01-11T16:48:33.164907Z","level":"info","event":"26/01/11 16:48:33 INFO TaskSetManager: Finished task 0.0 in stage 16.0 (TID 24) in 69 ms on localhost (executor driver) (1/1)","logger":"airflow.task.hooks.airflow.providers.apache.spark.hooks.spark_submit.SparkSubmitHook","filename":"spark_submit.py","lineno":644}
{"timestamp":"2026-01-11T16:48:33.165069Z","level":"info","event":"26/01/11 16:48:33 INFO TaskSchedulerImpl: Removed TaskSet 16.0, whose tasks have all completed, from pool","logger":"airflow.task.hooks.airflow.providers.apache.spark.hooks.spark_submit.SparkSubmitHook","filename":"spark_submit.py","lineno":644}
{"timestamp":"2026-01-11T16:48:33.168956Z","level":"info","event":"26/01/11 16:48:33 INFO DAGScheduler: ResultStage 16 (csv at NativeMethodAccessorImpl.java:0) finished in 0.094 s","logger":"airflow.task.hooks.airflow.providers.apache.spark.hooks.spark_submit.SparkSubmitHook","filename":"spark_submit.py","lineno":644}
{"timestamp":"2026-01-11T16:48:33.171028Z","level":"info","event":"26/01/11 16:48:33 INFO DAGScheduler: Job 12 is finished. Cancelling potential speculative or zombie tasks for this job","logger":"airflow.task.hooks.airflow.providers.apache.spark.hooks.spark_submit.SparkSubmitHook","filename":"spark_submit.py","lineno":644}
{"timestamp":"2026-01-11T16:48:33.171205Z","level":"info","event":"26/01/11 16:48:33 INFO TaskSchedulerImpl: Killing all running tasks in stage 16: Stage finished","logger":"airflow.task.hooks.airflow.providers.apache.spark.hooks.spark_submit.SparkSubmitHook","filename":"spark_submit.py","lineno":644}
{"timestamp":"2026-01-11T16:48:33.171351Z","level":"info","event":"26/01/11 16:48:33 INFO DAGScheduler: Job 12 finished: csv at NativeMethodAccessorImpl.java:0, took 0.096565 s","logger":"airflow.task.hooks.airflow.providers.apache.spark.hooks.spark_submit.SparkSubmitHook","filename":"spark_submit.py","lineno":644}
{"timestamp":"2026-01-11T16:48:33.212977Z","level":"info","event":"26/01/11 16:48:33 INFO FileSourceStrategy: Pushed Filters:","logger":"airflow.task.hooks.airflow.providers.apache.spark.hooks.spark_submit.SparkSubmitHook","filename":"spark_submit.py","lineno":644}
{"timestamp":"2026-01-11T16:48:33.213512Z","level":"info","event":"26/01/11 16:48:33 INFO FileSourceStrategy: Post-Scan Filters:","logger":"airflow.task.hooks.airflow.providers.apache.spark.hooks.spark_submit.SparkSubmitHook","filename":"spark_submit.py","lineno":644}
{"timestamp":"2026-01-11T16:48:33.223786Z","level":"info","event":"26/01/11 16:48:33 INFO MemoryStore: Block broadcast_26 stored as values in memory (estimated size 199.5 KiB, free 1048.1 MiB)","logger":"airflow.task.hooks.airflow.providers.apache.spark.hooks.spark_submit.SparkSubmitHook","filename":"spark_submit.py","lineno":644}
{"timestamp":"2026-01-11T16:48:33.241765Z","level":"info","event":"26/01/11 16:48:33 INFO MemoryStore: Block broadcast_26_piece0 stored as bytes in memory (estimated size 34.2 KiB, free 1048.1 MiB)","logger":"airflow.task.hooks.airflow.providers.apache.spark.hooks.spark_submit.SparkSubmitHook","filename":"spark_submit.py","lineno":644}
{"timestamp":"2026-01-11T16:48:33.242373Z","level":"info","event":"26/01/11 16:48:33 INFO BlockManagerInfo: Added broadcast_26_piece0 in memory on localhost:42335 (size: 34.2 KiB, free: 1048.7 MiB)","logger":"airflow.task.hooks.airflow.providers.apache.spark.hooks.spark_submit.SparkSubmitHook","filename":"spark_submit.py","lineno":644}
{"timestamp":"2026-01-11T16:48:33.243684Z","level":"info","event":"26/01/11 16:48:33 INFO SparkContext: Created broadcast 26 from csv at NativeMethodAccessorImpl.java:0","logger":"airflow.task.hooks.airflow.providers.apache.spark.hooks.spark_submit.SparkSubmitHook","filename":"spark_submit.py","lineno":644}
{"timestamp":"2026-01-11T16:48:33.244743Z","level":"info","event":"26/01/11 16:48:33 INFO FileSourceScanExec: Planning scan with bin packing, max size: 4393510 bytes, open cost is considered as scanning 4194304 bytes.","logger":"airflow.task.hooks.airflow.providers.apache.spark.hooks.spark_submit.SparkSubmitHook","filename":"spark_submit.py","lineno":644}
{"timestamp":"2026-01-11T16:48:33.260517Z","level":"info","event":"____________________________________________________","logger":"airflow.task.hooks.airflow.providers.apache.spark.hooks.spark_submit.SparkSubmitHook","filename":"spark_submit.py","lineno":644}
{"timestamp":"2026-01-11T16:48:33.271867Z","level":"info","event":"26/01/11 16:48:33 INFO FileSourceStrategy: Pushed Filters:","logger":"airflow.task.hooks.airflow.providers.apache.spark.hooks.spark_submit.SparkSubmitHook","filename":"spark_submit.py","lineno":644}
{"timestamp":"2026-01-11T16:48:33.271997Z","level":"info","event":"26/01/11 16:48:33 INFO FileSourceStrategy: Post-Scan Filters:","logger":"airflow.task.hooks.airflow.providers.apache.spark.hooks.spark_submit.SparkSubmitHook","filename":"spark_submit.py","lineno":644}
{"timestamp":"2026-01-11T16:48:33.280794Z","level":"info","event":"26/01/11 16:48:33 INFO MemoryStore: Block broadcast_27 stored as values in memory (estimated size 199.4 KiB, free 1047.9 MiB)","logger":"airflow.task.hooks.airflow.providers.apache.spark.hooks.spark_submit.SparkSubmitHook","filename":"spark_submit.py","lineno":644}
{"timestamp":"2026-01-11T16:48:33.296813Z","level":"info","event":"26/01/11 16:48:33 INFO MemoryStore: Block broadcast_27_piece0 stored as bytes in memory (estimated size 34.2 KiB, free 1047.8 MiB)","logger":"airflow.task.hooks.airflow.providers.apache.spark.hooks.spark_submit.SparkSubmitHook","filename":"spark_submit.py","lineno":644}
{"timestamp":"2026-01-11T16:48:33.297276Z","level":"info","event":"26/01/11 16:48:33 INFO BlockManagerInfo: Added broadcast_27_piece0 in memory on localhost:42335 (size: 34.2 KiB, free: 1048.6 MiB)","logger":"airflow.task.hooks.airflow.providers.apache.spark.hooks.spark_submit.SparkSubmitHook","filename":"spark_submit.py","lineno":644}
{"timestamp":"2026-01-11T16:48:33.297976Z","level":"info","event":"26/01/11 16:48:33 INFO SparkContext: Created broadcast 27 from count at NativeMethodAccessorImpl.java:0","logger":"airflow.task.hooks.airflow.providers.apache.spark.hooks.spark_submit.SparkSubmitHook","filename":"spark_submit.py","lineno":644}
{"timestamp":"2026-01-11T16:48:33.299327Z","level":"info","event":"26/01/11 16:48:33 INFO FileSourceScanExec: Planning scan with bin packing, max size: 4393510 bytes, open cost is considered as scanning 4194304 bytes.","logger":"airflow.task.hooks.airflow.providers.apache.spark.hooks.spark_submit.SparkSubmitHook","filename":"spark_submit.py","lineno":644}
{"timestamp":"2026-01-11T16:48:33.305545Z","level":"info","event":"26/01/11 16:48:33 INFO DAGScheduler: Registering RDD 81 (count at NativeMethodAccessorImpl.java:0) as input to shuffle 4","logger":"airflow.task.hooks.airflow.providers.apache.spark.hooks.spark_submit.SparkSubmitHook","filename":"spark_submit.py","lineno":644}
{"timestamp":"2026-01-11T16:48:33.305657Z","level":"info","event":"26/01/11 16:48:33 INFO DAGScheduler: Got map stage job 13 (count at NativeMethodAccessorImpl.java:0) with 4 output partitions","logger":"airflow.task.hooks.airflow.providers.apache.spark.hooks.spark_submit.SparkSubmitHook","filename":"spark_submit.py","lineno":644}
{"timestamp":"2026-01-11T16:48:33.305704Z","level":"info","event":"26/01/11 16:48:33 INFO DAGScheduler: Final stage: ShuffleMapStage 17 (count at NativeMethodAccessorImpl.java:0)","logger":"airflow.task.hooks.airflow.providers.apache.spark.hooks.spark_submit.SparkSubmitHook","filename":"spark_submit.py","lineno":644}
{"timestamp":"2026-01-11T16:48:33.305735Z","level":"info","event":"26/01/11 16:48:33 INFO DAGScheduler: Parents of final stage: List()","logger":"airflow.task.hooks.airflow.providers.apache.spark.hooks.spark_submit.SparkSubmitHook","filename":"spark_submit.py","lineno":644}
{"timestamp":"2026-01-11T16:48:33.305831Z","level":"info","event":"26/01/11 16:48:33 INFO DAGScheduler: Missing parents: List()","logger":"airflow.task.hooks.airflow.providers.apache.spark.hooks.spark_submit.SparkSubmitHook","filename":"spark_submit.py","lineno":644}
{"timestamp":"2026-01-11T16:48:33.306066Z","level":"info","event":"26/01/11 16:48:33 INFO DAGScheduler: Submitting ShuffleMapStage 17 (MapPartitionsRDD[81] at count at NativeMethodAccessorImpl.java:0), which has no missing parents","logger":"airflow.task.hooks.airflow.providers.apache.spark.hooks.spark_submit.SparkSubmitHook","filename":"spark_submit.py","lineno":644}
{"timestamp":"2026-01-11T16:48:33.307575Z","level":"info","event":"26/01/11 16:48:33 INFO MemoryStore: Block broadcast_28 stored as values in memory (estimated size 17.9 KiB, free 1047.8 MiB)","logger":"airflow.task.hooks.airflow.providers.apache.spark.hooks.spark_submit.SparkSubmitHook","filename":"spark_submit.py","lineno":644}
{"timestamp":"2026-01-11T16:48:33.311085Z","level":"info","event":"26/01/11 16:48:33 INFO MemoryStore: Block broadcast_28_piece0 stored as bytes in memory (estimated size 8.8 KiB, free 1047.8 MiB)","logger":"airflow.task.hooks.airflow.providers.apache.spark.hooks.spark_submit.SparkSubmitHook","filename":"spark_submit.py","lineno":644}
{"timestamp":"2026-01-11T16:48:33.311477Z","level":"info","event":"26/01/11 16:48:33 INFO BlockManagerInfo: Added broadcast_28_piece0 in memory on localhost:42335 (size: 8.8 KiB, free: 1048.6 MiB)","logger":"airflow.task.hooks.airflow.providers.apache.spark.hooks.spark_submit.SparkSubmitHook","filename":"spark_submit.py","lineno":644}
{"timestamp":"2026-01-11T16:48:33.311900Z","level":"info","event":"26/01/11 16:48:33 INFO SparkContext: Created broadcast 28 from broadcast at DAGScheduler.scala:1580","logger":"airflow.task.hooks.airflow.providers.apache.spark.hooks.spark_submit.SparkSubmitHook","filename":"spark_submit.py","lineno":644}
{"timestamp":"2026-01-11T16:48:33.312295Z","level":"info","event":"26/01/11 16:48:33 INFO DAGScheduler: Submitting 4 missing tasks from ShuffleMapStage 17 (MapPartitionsRDD[81] at count at NativeMethodAccessorImpl.java:0) (first 15 tasks are for partitions Vector(0, 1, 2, 3))","logger":"airflow.task.hooks.airflow.providers.apache.spark.hooks.spark_submit.SparkSubmitHook","filename":"spark_submit.py","lineno":644}
{"timestamp":"2026-01-11T16:48:33.312335Z","level":"info","event":"26/01/11 16:48:33 INFO TaskSchedulerImpl: Adding task set 17.0 with 4 tasks resource profile 0","logger":"airflow.task.hooks.airflow.providers.apache.spark.hooks.spark_submit.SparkSubmitHook","filename":"spark_submit.py","lineno":644}
{"timestamp":"2026-01-11T16:48:33.313221Z","level":"info","event":"26/01/11 16:48:33 INFO TaskSetManager: Starting task 0.0 in stage 17.0 (TID 25) (localhost, executor driver, partition 0, PROCESS_LOCAL, 8272 bytes)","logger":"airflow.task.hooks.airflow.providers.apache.spark.hooks.spark_submit.SparkSubmitHook","filename":"spark_submit.py","lineno":644}
{"timestamp":"2026-01-11T16:48:33.313406Z","level":"info","event":"26/01/11 16:48:33 INFO TaskSetManager: Starting task 1.0 in stage 17.0 (TID 26) (localhost, executor driver, partition 1, PROCESS_LOCAL, 8272 bytes)","logger":"airflow.task.hooks.airflow.providers.apache.spark.hooks.spark_submit.SparkSubmitHook","filename":"spark_submit.py","lineno":644}
{"timestamp":"2026-01-11T16:48:33.313542Z","level":"info","event":"26/01/11 16:48:33 INFO TaskSetManager: Starting task 2.0 in stage 17.0 (TID 27) (localhost, executor driver, partition 2, PROCESS_LOCAL, 8272 bytes)","logger":"airflow.task.hooks.airflow.providers.apache.spark.hooks.spark_submit.SparkSubmitHook","filename":"spark_submit.py","lineno":644}
{"timestamp":"2026-01-11T16:48:33.313680Z","level":"info","event":"26/01/11 16:48:33 INFO TaskSetManager: Starting task 3.0 in stage 17.0 (TID 28) (localhost, executor driver, partition 3, PROCESS_LOCAL, 8272 bytes)","logger":"airflow.task.hooks.airflow.providers.apache.spark.hooks.spark_submit.SparkSubmitHook","filename":"spark_submit.py","lineno":644}
{"timestamp":"2026-01-11T16:48:33.314240Z","level":"info","event":"26/01/11 16:48:33 INFO Executor: Running task 1.0 in stage 17.0 (TID 26)","logger":"airflow.task.hooks.airflow.providers.apache.spark.hooks.spark_submit.SparkSubmitHook","filename":"spark_submit.py","lineno":644}
{"timestamp":"2026-01-11T16:48:33.314489Z","level":"info","event":"26/01/11 16:48:33 INFO Executor: Running task 0.0 in stage 17.0 (TID 25)","logger":"airflow.task.hooks.airflow.providers.apache.spark.hooks.spark_submit.SparkSubmitHook","filename":"spark_submit.py","lineno":644}
{"timestamp":"2026-01-11T16:48:33.314571Z","level":"info","event":"26/01/11 16:48:33 INFO Executor: Running task 3.0 in stage 17.0 (TID 28)","logger":"airflow.task.hooks.airflow.providers.apache.spark.hooks.spark_submit.SparkSubmitHook","filename":"spark_submit.py","lineno":644}
{"timestamp":"2026-01-11T16:48:33.314724Z","level":"info","event":"26/01/11 16:48:33 INFO Executor: Running task 2.0 in stage 17.0 (TID 27)","logger":"airflow.task.hooks.airflow.providers.apache.spark.hooks.spark_submit.SparkSubmitHook","filename":"spark_submit.py","lineno":644}
{"timestamp":"2026-01-11T16:48:33.321784Z","level":"info","event":"26/01/11 16:48:33 INFO FileScanRDD: Reading File path: file:///opt/airflow/data/raw/olist_order_reviews/part-00002-fd67c39f-6b3c-437e-a2c0-3dfac42c7028-c000.csv, range: 0-4056208, partition values: [empty row]","logger":"airflow.task.hooks.airflow.providers.apache.spark.hooks.spark_submit.SparkSubmitHook","filename":"spark_submit.py","lineno":644}
{"timestamp":"2026-01-11T16:48:33.324894Z","level":"info","event":"26/01/11 16:48:33 INFO FileScanRDD: Reading File path: file:///opt/airflow/data/raw/olist_order_reviews/part-00001-fd67c39f-6b3c-437e-a2c0-3dfac42c7028-c000.csv, range: 0-4056785, partition values: [empty row]","logger":"airflow.task.hooks.airflow.providers.apache.spark.hooks.spark_submit.SparkSubmitHook","filename":"spark_submit.py","lineno":644}
{"timestamp":"2026-01-11T16:48:33.325157Z","level":"info","event":"26/01/11 16:48:33 INFO FileScanRDD: Reading File path: file:///opt/airflow/data/raw/olist_order_reviews/part-00000-fd67c39f-6b3c-437e-a2c0-3dfac42c7028-c000.csv, range: 0-4057043, partition values: [empty row]","logger":"airflow.task.hooks.airflow.providers.apache.spark.hooks.spark_submit.SparkSubmitHook","filename":"spark_submit.py","lineno":644}
{"timestamp":"2026-01-11T16:48:33.326527Z","level":"info","event":"26/01/11 16:48:33 INFO FileScanRDD: Reading File path: file:///opt/airflow/data/raw/olist_order_reviews/part-00003-fd67c39f-6b3c-437e-a2c0-3dfac42c7028-c000.csv, range: 0-1807323, partition values: [empty row]","logger":"airflow.task.hooks.airflow.providers.apache.spark.hooks.spark_submit.SparkSubmitHook","filename":"spark_submit.py","lineno":644}
{"timestamp":"2026-01-11T16:48:33.436685Z","level":"info","event":"26/01/11 16:48:33 INFO Executor: Finished task 3.0 in stage 17.0 (TID 28). 1968 bytes result sent to driver","logger":"airflow.task.hooks.airflow.providers.apache.spark.hooks.spark_submit.SparkSubmitHook","filename":"spark_submit.py","lineno":644}
{"timestamp":"2026-01-11T16:48:33.449126Z","level":"info","event":"26/01/11 16:48:33 INFO TaskSetManager: Finished task 3.0 in stage 17.0 (TID 28) in 134 ms on localhost (executor driver) (1/4)","logger":"airflow.task.hooks.airflow.providers.apache.spark.hooks.spark_submit.SparkSubmitHook","filename":"spark_submit.py","lineno":644}
{"timestamp":"2026-01-11T16:48:33.478681Z","level":"info","event":"26/01/11 16:48:33 INFO Executor: Finished task 2.0 in stage 17.0 (TID 27). 1968 bytes result sent to driver","logger":"airflow.task.hooks.airflow.providers.apache.spark.hooks.spark_submit.SparkSubmitHook","filename":"spark_submit.py","lineno":644}
{"timestamp":"2026-01-11T16:48:33.517928Z","level":"info","event":"26/01/11 16:48:33 INFO Executor: Finished task 1.0 in stage 17.0 (TID 26). 1968 bytes result sent to driver","logger":"airflow.task.hooks.airflow.providers.apache.spark.hooks.spark_submit.SparkSubmitHook","filename":"spark_submit.py","lineno":644}
{"timestamp":"2026-01-11T16:48:33.524695Z","level":"info","event":"26/01/11 16:48:33 INFO TaskSetManager: Finished task 1.0 in stage 17.0 (TID 26) in 209 ms on localhost (executor driver) (2/4)","logger":"airflow.task.hooks.airflow.providers.apache.spark.hooks.spark_submit.SparkSubmitHook","filename":"spark_submit.py","lineno":644}
{"timestamp":"2026-01-11T16:48:33.529990Z","level":"info","event":"26/01/11 16:48:33 INFO TaskSetManager: Finished task 2.0 in stage 17.0 (TID 27) in 212 ms on localhost (executor driver) (3/4)","logger":"airflow.task.hooks.airflow.providers.apache.spark.hooks.spark_submit.SparkSubmitHook","filename":"spark_submit.py","lineno":644}
{"timestamp":"2026-01-11T16:48:33.530327Z","level":"info","event":"26/01/11 16:48:33 INFO Executor: Finished task 0.0 in stage 17.0 (TID 25). 2011 bytes result sent to driver","logger":"airflow.task.hooks.airflow.providers.apache.spark.hooks.spark_submit.SparkSubmitHook","filename":"spark_submit.py","lineno":644}
{"timestamp":"2026-01-11T16:48:33.537254Z","level":"info","event":"26/01/11 16:48:33 INFO BlockManagerInfo: Removed broadcast_22_piece0 on localhost:42335 in memory (size: 8.7 KiB, free: 1048.6 MiB)","logger":"airflow.task.hooks.airflow.providers.apache.spark.hooks.spark_submit.SparkSubmitHook","filename":"spark_submit.py","lineno":644}
{"timestamp":"2026-01-11T16:48:33.539201Z","level":"info","event":"26/01/11 16:48:33 INFO TaskSetManager: Finished task 0.0 in stage 17.0 (TID 25) in 225 ms on localhost (executor driver) (4/4)","logger":"airflow.task.hooks.airflow.providers.apache.spark.hooks.spark_submit.SparkSubmitHook","filename":"spark_submit.py","lineno":644}
{"timestamp":"2026-01-11T16:48:33.539387Z","level":"info","event":"26/01/11 16:48:33 INFO TaskSchedulerImpl: Removed TaskSet 17.0, whose tasks have all completed, from pool","logger":"airflow.task.hooks.airflow.providers.apache.spark.hooks.spark_submit.SparkSubmitHook","filename":"spark_submit.py","lineno":644}
{"timestamp":"2026-01-11T16:48:33.541602Z","level":"info","event":"26/01/11 16:48:33 INFO DAGScheduler: ShuffleMapStage 17 (count at NativeMethodAccessorImpl.java:0) finished in 0.233 s","logger":"airflow.task.hooks.airflow.providers.apache.spark.hooks.spark_submit.SparkSubmitHook","filename":"spark_submit.py","lineno":644}
{"timestamp":"2026-01-11T16:48:33.541900Z","level":"info","event":"26/01/11 16:48:33 INFO DAGScheduler: looking for newly runnable stages","logger":"airflow.task.hooks.airflow.providers.apache.spark.hooks.spark_submit.SparkSubmitHook","filename":"spark_submit.py","lineno":644}
{"timestamp":"2026-01-11T16:48:33.542003Z","level":"info","event":"26/01/11 16:48:33 INFO DAGScheduler: running: Set()","logger":"airflow.task.hooks.airflow.providers.apache.spark.hooks.spark_submit.SparkSubmitHook","filename":"spark_submit.py","lineno":644}
{"timestamp":"2026-01-11T16:48:33.542102Z","level":"info","event":"26/01/11 16:48:33 INFO DAGScheduler: waiting: Set()","logger":"airflow.task.hooks.airflow.providers.apache.spark.hooks.spark_submit.SparkSubmitHook","filename":"spark_submit.py","lineno":644}
{"timestamp":"2026-01-11T16:48:33.542217Z","level":"info","event":"26/01/11 16:48:33 INFO DAGScheduler: failed: Set()","logger":"airflow.task.hooks.airflow.providers.apache.spark.hooks.spark_submit.SparkSubmitHook","filename":"spark_submit.py","lineno":644}
{"timestamp":"2026-01-11T16:48:33.550558Z","level":"info","event":"26/01/11 16:48:33 INFO BlockManagerInfo: Removed broadcast_26_piece0 on localhost:42335 in memory (size: 34.2 KiB, free: 1048.7 MiB)","logger":"airflow.task.hooks.airflow.providers.apache.spark.hooks.spark_submit.SparkSubmitHook","filename":"spark_submit.py","lineno":644}
{"timestamp":"2026-01-11T16:48:33.558438Z","level":"info","event":"26/01/11 16:48:33 INFO BlockManagerInfo: Removed broadcast_21_piece0 on localhost:42335 in memory (size: 34.2 KiB, free: 1048.7 MiB)","logger":"airflow.task.hooks.airflow.providers.apache.spark.hooks.spark_submit.SparkSubmitHook","filename":"spark_submit.py","lineno":644}
{"timestamp":"2026-01-11T16:48:33.569151Z","level":"info","event":"26/01/11 16:48:33 INFO BlockManagerInfo: Removed broadcast_24_piece0 on localhost:42335 in memory (size: 34.2 KiB, free: 1048.7 MiB)","logger":"airflow.task.hooks.airflow.providers.apache.spark.hooks.spark_submit.SparkSubmitHook","filename":"spark_submit.py","lineno":644}
{"timestamp":"2026-01-11T16:48:33.580250Z","level":"info","event":"26/01/11 16:48:33 INFO BlockManagerInfo: Removed broadcast_25_piece0 on localhost:42335 in memory (size: 6.4 KiB, free: 1048.8 MiB)","logger":"airflow.task.hooks.airflow.providers.apache.spark.hooks.spark_submit.SparkSubmitHook","filename":"spark_submit.py","lineno":644}
{"timestamp":"2026-01-11T16:48:33.588334Z","level":"info","event":"26/01/11 16:48:33 INFO BlockManagerInfo: Removed broadcast_23_piece0 on localhost:42335 in memory (size: 6.0 KiB, free: 1048.8 MiB)","logger":"airflow.task.hooks.airflow.providers.apache.spark.hooks.spark_submit.SparkSubmitHook","filename":"spark_submit.py","lineno":644}
{"timestamp":"2026-01-11T16:48:33.604456Z","level":"info","event":"26/01/11 16:48:33 INFO SparkContext: Starting job: count at NativeMethodAccessorImpl.java:0","logger":"airflow.task.hooks.airflow.providers.apache.spark.hooks.spark_submit.SparkSubmitHook","filename":"spark_submit.py","lineno":644}
{"timestamp":"2026-01-11T16:48:33.606712Z","level":"info","event":"26/01/11 16:48:33 INFO DAGScheduler: Got job 14 (count at NativeMethodAccessorImpl.java:0) with 1 output partitions","logger":"airflow.task.hooks.airflow.providers.apache.spark.hooks.spark_submit.SparkSubmitHook","filename":"spark_submit.py","lineno":644}
{"timestamp":"2026-01-11T16:48:33.608907Z","level":"info","event":"26/01/11 16:48:33 INFO DAGScheduler: Final stage: ResultStage 19 (count at NativeMethodAccessorImpl.java:0)","logger":"airflow.task.hooks.airflow.providers.apache.spark.hooks.spark_submit.SparkSubmitHook","filename":"spark_submit.py","lineno":644}
{"timestamp":"2026-01-11T16:48:33.609061Z","level":"info","event":"26/01/11 16:48:33 INFO DAGScheduler: Parents of final stage: List(ShuffleMapStage 18)","logger":"airflow.task.hooks.airflow.providers.apache.spark.hooks.spark_submit.SparkSubmitHook","filename":"spark_submit.py","lineno":644}
{"timestamp":"2026-01-11T16:48:33.609098Z","level":"info","event":"26/01/11 16:48:33 INFO DAGScheduler: Missing parents: List()","logger":"airflow.task.hooks.airflow.providers.apache.spark.hooks.spark_submit.SparkSubmitHook","filename":"spark_submit.py","lineno":644}
{"timestamp":"2026-01-11T16:48:33.611232Z","level":"info","event":"26/01/11 16:48:33 INFO DAGScheduler: Submitting ResultStage 19 (MapPartitionsRDD[84] at count at NativeMethodAccessorImpl.java:0), which has no missing parents","logger":"airflow.task.hooks.airflow.providers.apache.spark.hooks.spark_submit.SparkSubmitHook","filename":"spark_submit.py","lineno":644}
{"timestamp":"2026-01-11T16:48:33.618344Z","level":"info","event":"26/01/11 16:48:33 INFO MemoryStore: Block broadcast_29 stored as values in memory (estimated size 12.5 KiB, free 1048.5 MiB)","logger":"airflow.task.hooks.airflow.providers.apache.spark.hooks.spark_submit.SparkSubmitHook","filename":"spark_submit.py","lineno":644}
{"timestamp":"2026-01-11T16:48:33.630148Z","level":"info","event":"26/01/11 16:48:33 INFO MemoryStore: Block broadcast_29_piece0 stored as bytes in memory (estimated size 5.9 KiB, free 1048.5 MiB)","logger":"airflow.task.hooks.airflow.providers.apache.spark.hooks.spark_submit.SparkSubmitHook","filename":"spark_submit.py","lineno":644}
{"timestamp":"2026-01-11T16:48:33.630930Z","level":"info","event":"26/01/11 16:48:33 INFO BlockManagerInfo: Added broadcast_29_piece0 in memory on localhost:42335 (size: 5.9 KiB, free: 1048.8 MiB)","logger":"airflow.task.hooks.airflow.providers.apache.spark.hooks.spark_submit.SparkSubmitHook","filename":"spark_submit.py","lineno":644}
{"timestamp":"2026-01-11T16:48:33.632294Z","level":"info","event":"26/01/11 16:48:33 INFO SparkContext: Created broadcast 29 from broadcast at DAGScheduler.scala:1580","logger":"airflow.task.hooks.airflow.providers.apache.spark.hooks.spark_submit.SparkSubmitHook","filename":"spark_submit.py","lineno":644}
{"timestamp":"2026-01-11T16:48:33.633092Z","level":"info","event":"26/01/11 16:48:33 INFO DAGScheduler: Submitting 1 missing tasks from ResultStage 19 (MapPartitionsRDD[84] at count at NativeMethodAccessorImpl.java:0) (first 15 tasks are for partitions Vector(0))","logger":"airflow.task.hooks.airflow.providers.apache.spark.hooks.spark_submit.SparkSubmitHook","filename":"spark_submit.py","lineno":644}
{"timestamp":"2026-01-11T16:48:33.633360Z","level":"info","event":"26/01/11 16:48:33 INFO TaskSchedulerImpl: Adding task set 19.0 with 1 tasks resource profile 0","logger":"airflow.task.hooks.airflow.providers.apache.spark.hooks.spark_submit.SparkSubmitHook","filename":"spark_submit.py","lineno":644}
{"timestamp":"2026-01-11T16:48:33.636413Z","level":"info","event":"26/01/11 16:48:33 INFO TaskSetManager: Starting task 0.0 in stage 19.0 (TID 29) (localhost, executor driver, partition 0, NODE_LOCAL, 7615 bytes)","logger":"airflow.task.hooks.airflow.providers.apache.spark.hooks.spark_submit.SparkSubmitHook","filename":"spark_submit.py","lineno":644}
{"timestamp":"2026-01-11T16:48:33.637939Z","level":"info","event":"26/01/11 16:48:33 INFO Executor: Running task 0.0 in stage 19.0 (TID 29)","logger":"airflow.task.hooks.airflow.providers.apache.spark.hooks.spark_submit.SparkSubmitHook","filename":"spark_submit.py","lineno":644}
{"timestamp":"2026-01-11T16:48:33.652517Z","level":"info","event":"26/01/11 16:48:33 INFO ShuffleBlockFetcherIterator: Getting 4 (240.0 B) non-empty blocks including 4 (240.0 B) local and 0 (0.0 B) host-local and 0 (0.0 B) push-merged-local and 0 (0.0 B) remote blocks","logger":"airflow.task.hooks.airflow.providers.apache.spark.hooks.spark_submit.SparkSubmitHook","filename":"spark_submit.py","lineno":644}
{"timestamp":"2026-01-11T16:48:33.652998Z","level":"info","event":"26/01/11 16:48:33 INFO ShuffleBlockFetcherIterator: Started 0 remote fetches in 1 ms","logger":"airflow.task.hooks.airflow.providers.apache.spark.hooks.spark_submit.SparkSubmitHook","filename":"spark_submit.py","lineno":644}
{"timestamp":"2026-01-11T16:48:33.658092Z","level":"info","event":"26/01/11 16:48:33 INFO Executor: Finished task 0.0 in stage 19.0 (TID 29). 3995 bytes result sent to driver","logger":"airflow.task.hooks.airflow.providers.apache.spark.hooks.spark_submit.SparkSubmitHook","filename":"spark_submit.py","lineno":644}
{"timestamp":"2026-01-11T16:48:33.660382Z","level":"info","event":"26/01/11 16:48:33 INFO TaskSetManager: Finished task 0.0 in stage 19.0 (TID 29) in 24 ms on localhost (executor driver) (1/1)","logger":"airflow.task.hooks.airflow.providers.apache.spark.hooks.spark_submit.SparkSubmitHook","filename":"spark_submit.py","lineno":644}
{"timestamp":"2026-01-11T16:48:33.660583Z","level":"info","event":"26/01/11 16:48:33 INFO TaskSchedulerImpl: Removed TaskSet 19.0, whose tasks have all completed, from pool","logger":"airflow.task.hooks.airflow.providers.apache.spark.hooks.spark_submit.SparkSubmitHook","filename":"spark_submit.py","lineno":644}
{"timestamp":"2026-01-11T16:48:33.661693Z","level":"info","event":"26/01/11 16:48:33 INFO DAGScheduler: ResultStage 19 (count at NativeMethodAccessorImpl.java:0) finished in 0.047 s","logger":"airflow.task.hooks.airflow.providers.apache.spark.hooks.spark_submit.SparkSubmitHook","filename":"spark_submit.py","lineno":644}
{"timestamp":"2026-01-11T16:48:33.662319Z","level":"info","event":"26/01/11 16:48:33 INFO DAGScheduler: Job 14 is finished. Cancelling potential speculative or zombie tasks for this job","logger":"airflow.task.hooks.airflow.providers.apache.spark.hooks.spark_submit.SparkSubmitHook","filename":"spark_submit.py","lineno":644}
{"timestamp":"2026-01-11T16:48:33.662467Z","level":"info","event":"26/01/11 16:48:33 INFO TaskSchedulerImpl: Killing all running tasks in stage 19: Stage finished","logger":"airflow.task.hooks.airflow.providers.apache.spark.hooks.spark_submit.SparkSubmitHook","filename":"spark_submit.py","lineno":644}
{"timestamp":"2026-01-11T16:48:33.663920Z","level":"info","event":"26/01/11 16:48:33 INFO DAGScheduler: Job 14 finished: count at NativeMethodAccessorImpl.java:0, took 0.058690 s","logger":"airflow.task.hooks.airflow.providers.apache.spark.hooks.spark_submit.SparkSubmitHook","filename":"spark_submit.py","lineno":644}
{"timestamp":"2026-01-11T16:48:33.668467Z","level":"info","event":"Loaded olist_order_reviews with 104162 records for cleaning.","logger":"airflow.task.hooks.airflow.providers.apache.spark.hooks.spark_submit.SparkSubmitHook","filename":"spark_submit.py","lineno":644}
{"timestamp":"2026-01-11T16:48:33.672846Z","level":"info","event":"root","logger":"airflow.task.hooks.airflow.providers.apache.spark.hooks.spark_submit.SparkSubmitHook","filename":"spark_submit.py","lineno":644}
{"timestamp":"2026-01-11T16:48:33.673187Z","level":"info","event":"|-- review_id: string (nullable = true)","logger":"airflow.task.hooks.airflow.providers.apache.spark.hooks.spark_submit.SparkSubmitHook","filename":"spark_submit.py","lineno":644}
{"timestamp":"2026-01-11T16:48:33.673434Z","level":"info","event":"|-- order_id: string (nullable = true)","logger":"airflow.task.hooks.airflow.providers.apache.spark.hooks.spark_submit.SparkSubmitHook","filename":"spark_submit.py","lineno":644}
{"timestamp":"2026-01-11T16:48:33.673499Z","level":"info","event":"|-- review_score: string (nullable = true)","logger":"airflow.task.hooks.airflow.providers.apache.spark.hooks.spark_submit.SparkSubmitHook","filename":"spark_submit.py","lineno":644}
{"timestamp":"2026-01-11T16:48:33.673552Z","level":"info","event":"|-- review_comment_title: string (nullable = true)","logger":"airflow.task.hooks.airflow.providers.apache.spark.hooks.spark_submit.SparkSubmitHook","filename":"spark_submit.py","lineno":644}
{"timestamp":"2026-01-11T16:48:33.673614Z","level":"info","event":"|-- review_comment_message: string (nullable = true)","logger":"airflow.task.hooks.airflow.providers.apache.spark.hooks.spark_submit.SparkSubmitHook","filename":"spark_submit.py","lineno":644}
{"timestamp":"2026-01-11T16:48:33.673677Z","level":"info","event":"|-- review_creation_date: string (nullable = true)","logger":"airflow.task.hooks.airflow.providers.apache.spark.hooks.spark_submit.SparkSubmitHook","filename":"spark_submit.py","lineno":644}
{"timestamp":"2026-01-11T16:48:33.673727Z","level":"info","event":"|-- review_answer_timestamp: string (nullable = true)","logger":"airflow.task.hooks.airflow.providers.apache.spark.hooks.spark_submit.SparkSubmitHook","filename":"spark_submit.py","lineno":644}
{"timestamp":"2026-01-11T16:48:33.674148Z","level":"info","event":"","logger":"airflow.task.hooks.airflow.providers.apache.spark.hooks.spark_submit.SparkSubmitHook","filename":"spark_submit.py","lineno":644}
{"timestamp":"2026-01-11T16:48:33.716679Z","level":"info","event":"26/01/11 16:48:33 INFO InMemoryFileIndex: It took 16 ms to list leaf files for 1 paths.","logger":"airflow.task.hooks.airflow.providers.apache.spark.hooks.spark_submit.SparkSubmitHook","filename":"spark_submit.py","lineno":644}
{"timestamp":"2026-01-11T16:48:33.724817Z","level":"info","event":"26/01/11 16:48:33 INFO InMemoryFileIndex: It took 1 ms to list leaf files for 5 paths.","logger":"airflow.task.hooks.airflow.providers.apache.spark.hooks.spark_submit.SparkSubmitHook","filename":"spark_submit.py","lineno":644}
{"timestamp":"2026-01-11T16:48:33.792616Z","level":"info","event":"26/01/11 16:48:33 INFO FileSourceStrategy: Pushed Filters:","logger":"airflow.task.hooks.airflow.providers.apache.spark.hooks.spark_submit.SparkSubmitHook","filename":"spark_submit.py","lineno":644}
{"timestamp":"2026-01-11T16:48:33.794945Z","level":"info","event":"26/01/11 16:48:33 INFO FileSourceStrategy: Post-Scan Filters: (length(trim(value#197, None)) > 0)","logger":"airflow.task.hooks.airflow.providers.apache.spark.hooks.spark_submit.SparkSubmitHook","filename":"spark_submit.py","lineno":644}
{"timestamp":"2026-01-11T16:48:33.802664Z","level":"info","event":"26/01/11 16:48:33 INFO MemoryStore: Block broadcast_30 stored as values in memory (estimated size 199.5 KiB, free 1048.3 MiB)","logger":"airflow.task.hooks.airflow.providers.apache.spark.hooks.spark_submit.SparkSubmitHook","filename":"spark_submit.py","lineno":644}
{"timestamp":"2026-01-11T16:48:33.811272Z","level":"info","event":"26/01/11 16:48:33 INFO MemoryStore: Block broadcast_30_piece0 stored as bytes in memory (estimated size 34.2 KiB, free 1048.3 MiB)","logger":"airflow.task.hooks.airflow.providers.apache.spark.hooks.spark_submit.SparkSubmitHook","filename":"spark_submit.py","lineno":644}
{"timestamp":"2026-01-11T16:48:33.811626Z","level":"info","event":"26/01/11 16:48:33 INFO BlockManagerInfo: Added broadcast_30_piece0 in memory on localhost:42335 (size: 34.2 KiB, free: 1048.7 MiB)","logger":"airflow.task.hooks.airflow.providers.apache.spark.hooks.spark_submit.SparkSubmitHook","filename":"spark_submit.py","lineno":644}
{"timestamp":"2026-01-11T16:48:33.812176Z","level":"info","event":"26/01/11 16:48:33 INFO SparkContext: Created broadcast 30 from csv at NativeMethodAccessorImpl.java:0","logger":"airflow.task.hooks.airflow.providers.apache.spark.hooks.spark_submit.SparkSubmitHook","filename":"spark_submit.py","lineno":644}
{"timestamp":"2026-01-11T16:48:33.812885Z","level":"info","event":"26/01/11 16:48:33 INFO FileSourceScanExec: Planning scan with bin packing, max size: 5482724 bytes, open cost is considered as scanning 4194304 bytes.","logger":"airflow.task.hooks.airflow.providers.apache.spark.hooks.spark_submit.SparkSubmitHook","filename":"spark_submit.py","lineno":644}
{"timestamp":"2026-01-11T16:48:33.821189Z","level":"info","event":"26/01/11 16:48:33 INFO SparkContext: Starting job: csv at NativeMethodAccessorImpl.java:0","logger":"airflow.task.hooks.airflow.providers.apache.spark.hooks.spark_submit.SparkSubmitHook","filename":"spark_submit.py","lineno":644}
{"timestamp":"2026-01-11T16:48:33.821782Z","level":"info","event":"26/01/11 16:48:33 INFO DAGScheduler: Got job 15 (csv at NativeMethodAccessorImpl.java:0) with 1 output partitions","logger":"airflow.task.hooks.airflow.providers.apache.spark.hooks.spark_submit.SparkSubmitHook","filename":"spark_submit.py","lineno":644}
{"timestamp":"2026-01-11T16:48:33.821823Z","level":"info","event":"26/01/11 16:48:33 INFO DAGScheduler: Final stage: ResultStage 20 (csv at NativeMethodAccessorImpl.java:0)","logger":"airflow.task.hooks.airflow.providers.apache.spark.hooks.spark_submit.SparkSubmitHook","filename":"spark_submit.py","lineno":644}
{"timestamp":"2026-01-11T16:48:33.821842Z","level":"info","event":"26/01/11 16:48:33 INFO DAGScheduler: Parents of final stage: List()","logger":"airflow.task.hooks.airflow.providers.apache.spark.hooks.spark_submit.SparkSubmitHook","filename":"spark_submit.py","lineno":644}
{"timestamp":"2026-01-11T16:48:33.821901Z","level":"info","event":"26/01/11 16:48:33 INFO DAGScheduler: Missing parents: List()","logger":"airflow.task.hooks.airflow.providers.apache.spark.hooks.spark_submit.SparkSubmitHook","filename":"spark_submit.py","lineno":644}
{"timestamp":"2026-01-11T16:48:33.822090Z","level":"info","event":"26/01/11 16:48:33 INFO DAGScheduler: Submitting ResultStage 20 (MapPartitionsRDD[88] at csv at NativeMethodAccessorImpl.java:0), which has no missing parents","logger":"airflow.task.hooks.airflow.providers.apache.spark.hooks.spark_submit.SparkSubmitHook","filename":"spark_submit.py","lineno":644}
{"timestamp":"2026-01-11T16:48:33.823321Z","level":"info","event":"26/01/11 16:48:33 INFO MemoryStore: Block broadcast_31 stored as values in memory (estimated size 13.5 KiB, free 1048.3 MiB)","logger":"airflow.task.hooks.airflow.providers.apache.spark.hooks.spark_submit.SparkSubmitHook","filename":"spark_submit.py","lineno":644}
{"timestamp":"2026-01-11T16:48:33.834017Z","level":"info","event":"26/01/11 16:48:33 INFO MemoryStore: Block broadcast_31_piece0 stored as bytes in memory (estimated size 6.4 KiB, free 1048.3 MiB)","logger":"airflow.task.hooks.airflow.providers.apache.spark.hooks.spark_submit.SparkSubmitHook","filename":"spark_submit.py","lineno":644}
{"timestamp":"2026-01-11T16:48:33.834704Z","level":"info","event":"26/01/11 16:48:33 INFO BlockManagerInfo: Added broadcast_31_piece0 in memory on localhost:42335 (size: 6.4 KiB, free: 1048.7 MiB)","logger":"airflow.task.hooks.airflow.providers.apache.spark.hooks.spark_submit.SparkSubmitHook","filename":"spark_submit.py","lineno":644}
{"timestamp":"2026-01-11T16:48:33.835474Z","level":"info","event":"26/01/11 16:48:33 INFO SparkContext: Created broadcast 31 from broadcast at DAGScheduler.scala:1580","logger":"airflow.task.hooks.airflow.providers.apache.spark.hooks.spark_submit.SparkSubmitHook","filename":"spark_submit.py","lineno":644}
{"timestamp":"2026-01-11T16:48:33.836397Z","level":"info","event":"26/01/11 16:48:33 INFO DAGScheduler: Submitting 1 missing tasks from ResultStage 20 (MapPartitionsRDD[88] at csv at NativeMethodAccessorImpl.java:0) (first 15 tasks are for partitions Vector(0))","logger":"airflow.task.hooks.airflow.providers.apache.spark.hooks.spark_submit.SparkSubmitHook","filename":"spark_submit.py","lineno":644}
{"timestamp":"2026-01-11T16:48:33.836588Z","level":"info","event":"26/01/11 16:48:33 INFO TaskSchedulerImpl: Adding task set 20.0 with 1 tasks resource profile 0","logger":"airflow.task.hooks.airflow.providers.apache.spark.hooks.spark_submit.SparkSubmitHook","filename":"spark_submit.py","lineno":644}
{"timestamp":"2026-01-11T16:48:33.838035Z","level":"info","event":"26/01/11 16:48:33 INFO TaskSetManager: Starting task 0.0 in stage 20.0 (TID 30) (localhost, executor driver, partition 0, PROCESS_LOCAL, 8276 bytes)","logger":"airflow.task.hooks.airflow.providers.apache.spark.hooks.spark_submit.SparkSubmitHook","filename":"spark_submit.py","lineno":644}
{"timestamp":"2026-01-11T16:48:33.838760Z","level":"info","event":"26/01/11 16:48:33 INFO Executor: Running task 0.0 in stage 20.0 (TID 30)","logger":"airflow.task.hooks.airflow.providers.apache.spark.hooks.spark_submit.SparkSubmitHook","filename":"spark_submit.py","lineno":644}
{"timestamp":"2026-01-11T16:48:33.843305Z","level":"info","event":"26/01/11 16:48:33 INFO FileScanRDD: Reading File path: file:///opt/airflow/data/raw/olist_orders/part-00002-af5c7e43-497f-4642-b35d-2bceba92a77b-c000.csv, range: 0-4135779, partition values: [empty row]","logger":"airflow.task.hooks.airflow.providers.apache.spark.hooks.spark_submit.SparkSubmitHook","filename":"spark_submit.py","lineno":644}
{"timestamp":"2026-01-11T16:48:33.859945Z","level":"info","event":"26/01/11 16:48:33 INFO Executor: Finished task 0.0 in stage 20.0 (TID 30). 1729 bytes result sent to driver","logger":"airflow.task.hooks.airflow.providers.apache.spark.hooks.spark_submit.SparkSubmitHook","filename":"spark_submit.py","lineno":644}
{"timestamp":"2026-01-11T16:48:33.863151Z","level":"info","event":"26/01/11 16:48:33 INFO TaskSetManager: Finished task 0.0 in stage 20.0 (TID 30) in 25 ms on localhost (executor driver) (1/1)","logger":"airflow.task.hooks.airflow.providers.apache.spark.hooks.spark_submit.SparkSubmitHook","filename":"spark_submit.py","lineno":644}
{"timestamp":"2026-01-11T16:48:33.863476Z","level":"info","event":"26/01/11 16:48:33 INFO TaskSchedulerImpl: Removed TaskSet 20.0, whose tasks have all completed, from pool","logger":"airflow.task.hooks.airflow.providers.apache.spark.hooks.spark_submit.SparkSubmitHook","filename":"spark_submit.py","lineno":644}
{"timestamp":"2026-01-11T16:48:33.864349Z","level":"info","event":"26/01/11 16:48:33 INFO DAGScheduler: ResultStage 20 (csv at NativeMethodAccessorImpl.java:0) finished in 0.041 s","logger":"airflow.task.hooks.airflow.providers.apache.spark.hooks.spark_submit.SparkSubmitHook","filename":"spark_submit.py","lineno":644}
{"timestamp":"2026-01-11T16:48:33.864907Z","level":"info","event":"26/01/11 16:48:33 INFO DAGScheduler: Job 15 is finished. Cancelling potential speculative or zombie tasks for this job","logger":"airflow.task.hooks.airflow.providers.apache.spark.hooks.spark_submit.SparkSubmitHook","filename":"spark_submit.py","lineno":644}
{"timestamp":"2026-01-11T16:48:33.864959Z","level":"info","event":"26/01/11 16:48:33 INFO TaskSchedulerImpl: Killing all running tasks in stage 20: Stage finished","logger":"airflow.task.hooks.airflow.providers.apache.spark.hooks.spark_submit.SparkSubmitHook","filename":"spark_submit.py","lineno":644}
{"timestamp":"2026-01-11T16:48:33.865791Z","level":"info","event":"26/01/11 16:48:33 INFO DAGScheduler: Job 15 finished: csv at NativeMethodAccessorImpl.java:0, took 0.043654 s","logger":"airflow.task.hooks.airflow.providers.apache.spark.hooks.spark_submit.SparkSubmitHook","filename":"spark_submit.py","lineno":644}
{"timestamp":"2026-01-11T16:48:33.881865Z","level":"info","event":"26/01/11 16:48:33 INFO FileSourceStrategy: Pushed Filters:","logger":"airflow.task.hooks.airflow.providers.apache.spark.hooks.spark_submit.SparkSubmitHook","filename":"spark_submit.py","lineno":644}
{"timestamp":"2026-01-11T16:48:33.882194Z","level":"info","event":"26/01/11 16:48:33 INFO FileSourceStrategy: Post-Scan Filters:","logger":"airflow.task.hooks.airflow.providers.apache.spark.hooks.spark_submit.SparkSubmitHook","filename":"spark_submit.py","lineno":644}
{"timestamp":"2026-01-11T16:48:33.890427Z","level":"info","event":"26/01/11 16:48:33 INFO MemoryStore: Block broadcast_32 stored as values in memory (estimated size 199.5 KiB, free 1048.1 MiB)","logger":"airflow.task.hooks.airflow.providers.apache.spark.hooks.spark_submit.SparkSubmitHook","filename":"spark_submit.py","lineno":644}
{"timestamp":"2026-01-11T16:48:33.905706Z","level":"info","event":"26/01/11 16:48:33 INFO MemoryStore: Block broadcast_32_piece0 stored as bytes in memory (estimated size 34.2 KiB, free 1048.1 MiB)","logger":"airflow.task.hooks.airflow.providers.apache.spark.hooks.spark_submit.SparkSubmitHook","filename":"spark_submit.py","lineno":644}
{"timestamp":"2026-01-11T16:48:33.906023Z","level":"info","event":"26/01/11 16:48:33 INFO BlockManagerInfo: Added broadcast_32_piece0 in memory on localhost:42335 (size: 34.2 KiB, free: 1048.7 MiB)","logger":"airflow.task.hooks.airflow.providers.apache.spark.hooks.spark_submit.SparkSubmitHook","filename":"spark_submit.py","lineno":644}
{"timestamp":"2026-01-11T16:48:33.907004Z","level":"info","event":"26/01/11 16:48:33 INFO SparkContext: Created broadcast 32 from csv at NativeMethodAccessorImpl.java:0","logger":"airflow.task.hooks.airflow.providers.apache.spark.hooks.spark_submit.SparkSubmitHook","filename":"spark_submit.py","lineno":644}
{"timestamp":"2026-01-11T16:48:33.908179Z","level":"info","event":"26/01/11 16:48:33 INFO FileSourceScanExec: Planning scan with bin packing, max size: 5482724 bytes, open cost is considered as scanning 4194304 bytes.","logger":"airflow.task.hooks.airflow.providers.apache.spark.hooks.spark_submit.SparkSubmitHook","filename":"spark_submit.py","lineno":644}
{"timestamp":"2026-01-11T16:48:33.932165Z","level":"info","event":"____________________________________________________","logger":"airflow.task.hooks.airflow.providers.apache.spark.hooks.spark_submit.SparkSubmitHook","filename":"spark_submit.py","lineno":644}
{"timestamp":"2026-01-11T16:48:33.943076Z","level":"info","event":"26/01/11 16:48:33 INFO FileSourceStrategy: Pushed Filters:","logger":"airflow.task.hooks.airflow.providers.apache.spark.hooks.spark_submit.SparkSubmitHook","filename":"spark_submit.py","lineno":644}
{"timestamp":"2026-01-11T16:48:33.943358Z","level":"info","event":"26/01/11 16:48:33 INFO FileSourceStrategy: Post-Scan Filters:","logger":"airflow.task.hooks.airflow.providers.apache.spark.hooks.spark_submit.SparkSubmitHook","filename":"spark_submit.py","lineno":644}
{"timestamp":"2026-01-11T16:48:34.066401Z","level":"info","event":"26/01/11 16:48:34 INFO MemoryStore: Block broadcast_33 stored as values in memory (estimated size 199.4 KiB, free 1047.9 MiB)","logger":"airflow.task.hooks.airflow.providers.apache.spark.hooks.spark_submit.SparkSubmitHook","filename":"spark_submit.py","lineno":644}
{"timestamp":"2026-01-11T16:48:34.094837Z","level":"info","event":"26/01/11 16:48:34 INFO MemoryStore: Block broadcast_33_piece0 stored as bytes in memory (estimated size 34.2 KiB, free 1047.8 MiB)","logger":"airflow.task.hooks.airflow.providers.apache.spark.hooks.spark_submit.SparkSubmitHook","filename":"spark_submit.py","lineno":644}
{"timestamp":"2026-01-11T16:48:34.095923Z","level":"info","event":"26/01/11 16:48:34 INFO BlockManagerInfo: Added broadcast_33_piece0 in memory on localhost:42335 (size: 34.2 KiB, free: 1048.6 MiB)","logger":"airflow.task.hooks.airflow.providers.apache.spark.hooks.spark_submit.SparkSubmitHook","filename":"spark_submit.py","lineno":644}
{"timestamp":"2026-01-11T16:48:34.097523Z","level":"info","event":"26/01/11 16:48:34 INFO SparkContext: Created broadcast 33 from count at NativeMethodAccessorImpl.java:0","logger":"airflow.task.hooks.airflow.providers.apache.spark.hooks.spark_submit.SparkSubmitHook","filename":"spark_submit.py","lineno":644}
{"timestamp":"2026-01-11T16:48:34.102731Z","level":"info","event":"26/01/11 16:48:34 INFO FileSourceScanExec: Planning scan with bin packing, max size: 5482724 bytes, open cost is considered as scanning 4194304 bytes.","logger":"airflow.task.hooks.airflow.providers.apache.spark.hooks.spark_submit.SparkSubmitHook","filename":"spark_submit.py","lineno":644}
{"timestamp":"2026-01-11T16:48:34.119840Z","level":"info","event":"26/01/11 16:48:34 INFO DAGScheduler: Registering RDD 98 (count at NativeMethodAccessorImpl.java:0) as input to shuffle 5","logger":"airflow.task.hooks.airflow.providers.apache.spark.hooks.spark_submit.SparkSubmitHook","filename":"spark_submit.py","lineno":644}
{"timestamp":"2026-01-11T16:48:34.122164Z","level":"info","event":"26/01/11 16:48:34 INFO DAGScheduler: Got map stage job 16 (count at NativeMethodAccessorImpl.java:0) with 5 output partitions","logger":"airflow.task.hooks.airflow.providers.apache.spark.hooks.spark_submit.SparkSubmitHook","filename":"spark_submit.py","lineno":644}
{"timestamp":"2026-01-11T16:48:34.122614Z","level":"info","event":"26/01/11 16:48:34 INFO DAGScheduler: Final stage: ShuffleMapStage 21 (count at NativeMethodAccessorImpl.java:0)","logger":"airflow.task.hooks.airflow.providers.apache.spark.hooks.spark_submit.SparkSubmitHook","filename":"spark_submit.py","lineno":644}
{"timestamp":"2026-01-11T16:48:34.122714Z","level":"info","event":"26/01/11 16:48:34 INFO DAGScheduler: Parents of final stage: List()","logger":"airflow.task.hooks.airflow.providers.apache.spark.hooks.spark_submit.SparkSubmitHook","filename":"spark_submit.py","lineno":644}
{"timestamp":"2026-01-11T16:48:34.123078Z","level":"info","event":"26/01/11 16:48:34 INFO DAGScheduler: Missing parents: List()","logger":"airflow.task.hooks.airflow.providers.apache.spark.hooks.spark_submit.SparkSubmitHook","filename":"spark_submit.py","lineno":644}
{"timestamp":"2026-01-11T16:48:34.124456Z","level":"info","event":"26/01/11 16:48:34 INFO DAGScheduler: Submitting ShuffleMapStage 21 (MapPartitionsRDD[98] at count at NativeMethodAccessorImpl.java:0), which has no missing parents","logger":"airflow.task.hooks.airflow.providers.apache.spark.hooks.spark_submit.SparkSubmitHook","filename":"spark_submit.py","lineno":644}
{"timestamp":"2026-01-11T16:48:34.128013Z","level":"info","event":"26/01/11 16:48:34 INFO MemoryStore: Block broadcast_34 stored as values in memory (estimated size 17.9 KiB, free 1047.8 MiB)","logger":"airflow.task.hooks.airflow.providers.apache.spark.hooks.spark_submit.SparkSubmitHook","filename":"spark_submit.py","lineno":644}
{"timestamp":"2026-01-11T16:48:34.137334Z","level":"info","event":"26/01/11 16:48:34 INFO MemoryStore: Block broadcast_34_piece0 stored as bytes in memory (estimated size 8.8 KiB, free 1047.8 MiB)","logger":"airflow.task.hooks.airflow.providers.apache.spark.hooks.spark_submit.SparkSubmitHook","filename":"spark_submit.py","lineno":644}
{"timestamp":"2026-01-11T16:48:34.138142Z","level":"info","event":"26/01/11 16:48:34 INFO BlockManagerInfo: Added broadcast_34_piece0 in memory on localhost:42335 (size: 8.8 KiB, free: 1048.6 MiB)","logger":"airflow.task.hooks.airflow.providers.apache.spark.hooks.spark_submit.SparkSubmitHook","filename":"spark_submit.py","lineno":644}
{"timestamp":"2026-01-11T16:48:34.138326Z","level":"info","event":"26/01/11 16:48:34 INFO SparkContext: Created broadcast 34 from broadcast at DAGScheduler.scala:1580","logger":"airflow.task.hooks.airflow.providers.apache.spark.hooks.spark_submit.SparkSubmitHook","filename":"spark_submit.py","lineno":644}
{"timestamp":"2026-01-11T16:48:34.138432Z","level":"info","event":"26/01/11 16:48:34 INFO DAGScheduler: Submitting 5 missing tasks from ShuffleMapStage 21 (MapPartitionsRDD[98] at count at NativeMethodAccessorImpl.java:0) (first 15 tasks are for partitions Vector(0, 1, 2, 3, 4))","logger":"airflow.task.hooks.airflow.providers.apache.spark.hooks.spark_submit.SparkSubmitHook","filename":"spark_submit.py","lineno":644}
{"timestamp":"2026-01-11T16:48:34.138577Z","level":"info","event":"26/01/11 16:48:34 INFO TaskSchedulerImpl: Adding task set 21.0 with 5 tasks resource profile 0","logger":"airflow.task.hooks.airflow.providers.apache.spark.hooks.spark_submit.SparkSubmitHook","filename":"spark_submit.py","lineno":644}
{"timestamp":"2026-01-11T16:48:34.141908Z","level":"info","event":"26/01/11 16:48:34 INFO TaskSetManager: Starting task 0.0 in stage 21.0 (TID 31) (localhost, executor driver, partition 0, PROCESS_LOCAL, 8265 bytes)","logger":"airflow.task.hooks.airflow.providers.apache.spark.hooks.spark_submit.SparkSubmitHook","filename":"spark_submit.py","lineno":644}
{"timestamp":"2026-01-11T16:48:34.142042Z","level":"info","event":"26/01/11 16:48:34 INFO TaskSetManager: Starting task 1.0 in stage 21.0 (TID 32) (localhost, executor driver, partition 1, PROCESS_LOCAL, 8265 bytes)","logger":"airflow.task.hooks.airflow.providers.apache.spark.hooks.spark_submit.SparkSubmitHook","filename":"spark_submit.py","lineno":644}
{"timestamp":"2026-01-11T16:48:34.142090Z","level":"info","event":"26/01/11 16:48:34 INFO TaskSetManager: Starting task 2.0 in stage 21.0 (TID 33) (localhost, executor driver, partition 2, PROCESS_LOCAL, 8265 bytes)","logger":"airflow.task.hooks.airflow.providers.apache.spark.hooks.spark_submit.SparkSubmitHook","filename":"spark_submit.py","lineno":644}
{"timestamp":"2026-01-11T16:48:34.142127Z","level":"info","event":"26/01/11 16:48:34 INFO TaskSetManager: Starting task 3.0 in stage 21.0 (TID 34) (localhost, executor driver, partition 3, PROCESS_LOCAL, 8265 bytes)","logger":"airflow.task.hooks.airflow.providers.apache.spark.hooks.spark_submit.SparkSubmitHook","filename":"spark_submit.py","lineno":644}
{"timestamp":"2026-01-11T16:48:34.142158Z","level":"info","event":"26/01/11 16:48:34 INFO TaskSetManager: Starting task 4.0 in stage 21.0 (TID 35) (localhost, executor driver, partition 4, PROCESS_LOCAL, 8265 bytes)","logger":"airflow.task.hooks.airflow.providers.apache.spark.hooks.spark_submit.SparkSubmitHook","filename":"spark_submit.py","lineno":644}
{"timestamp":"2026-01-11T16:48:34.144864Z","level":"info","event":"26/01/11 16:48:34 INFO Executor: Running task 2.0 in stage 21.0 (TID 33)","logger":"airflow.task.hooks.airflow.providers.apache.spark.hooks.spark_submit.SparkSubmitHook","filename":"spark_submit.py","lineno":644}
{"timestamp":"2026-01-11T16:48:34.147343Z","level":"info","event":"26/01/11 16:48:34 INFO Executor: Running task 4.0 in stage 21.0 (TID 35)","logger":"airflow.task.hooks.airflow.providers.apache.spark.hooks.spark_submit.SparkSubmitHook","filename":"spark_submit.py","lineno":644}
{"timestamp":"2026-01-11T16:48:34.147569Z","level":"info","event":"26/01/11 16:48:34 INFO Executor: Running task 3.0 in stage 21.0 (TID 34)","logger":"airflow.task.hooks.airflow.providers.apache.spark.hooks.spark_submit.SparkSubmitHook","filename":"spark_submit.py","lineno":644}
{"timestamp":"2026-01-11T16:48:34.149075Z","level":"info","event":"26/01/11 16:48:34 INFO Executor: Running task 1.0 in stage 21.0 (TID 32)","logger":"airflow.task.hooks.airflow.providers.apache.spark.hooks.spark_submit.SparkSubmitHook","filename":"spark_submit.py","lineno":644}
{"timestamp":"2026-01-11T16:48:34.149314Z","level":"info","event":"26/01/11 16:48:34 INFO Executor: Running task 0.0 in stage 21.0 (TID 31)","logger":"airflow.task.hooks.airflow.providers.apache.spark.hooks.spark_submit.SparkSubmitHook","filename":"spark_submit.py","lineno":644}
{"timestamp":"2026-01-11T16:48:34.158284Z","level":"info","event":"26/01/11 16:48:34 INFO FileScanRDD: Reading File path: file:///opt/airflow/data/raw/olist_orders/part-00002-af5c7e43-497f-4642-b35d-2bceba92a77b-c000.csv, range: 0-4135779, partition values: [empty row]","logger":"airflow.task.hooks.airflow.providers.apache.spark.hooks.spark_submit.SparkSubmitHook","filename":"spark_submit.py","lineno":644}
{"timestamp":"2026-01-11T16:48:34.159169Z","level":"info","event":"26/01/11 16:48:34 INFO FileScanRDD: Reading File path: file:///opt/airflow/data/raw/olist_orders/part-00001-af5c7e43-497f-4642-b35d-2bceba92a77b-c000.csv, range: 0-4135308, partition values: [empty row]","logger":"airflow.task.hooks.airflow.providers.apache.spark.hooks.spark_submit.SparkSubmitHook","filename":"spark_submit.py","lineno":644}
{"timestamp":"2026-01-11T16:48:34.164946Z","level":"info","event":"26/01/11 16:48:34 INFO FileScanRDD: Reading File path: file:///opt/airflow/data/raw/olist_orders/part-00004-af5c7e43-497f-4642-b35d-2bceba92a77b-c000.csv, range: 0-865463, partition values: [empty row]","logger":"airflow.task.hooks.airflow.providers.apache.spark.hooks.spark_submit.SparkSubmitHook","filename":"spark_submit.py","lineno":644}
{"timestamp":"2026-01-11T16:48:34.168590Z","level":"info","event":"26/01/11 16:48:34 INFO FileScanRDD: Reading File path: file:///opt/airflow/data/raw/olist_orders/part-00003-af5c7e43-497f-4642-b35d-2bceba92a77b-c000.csv, range: 0-4135725, partition values: [empty row]","logger":"airflow.task.hooks.airflow.providers.apache.spark.hooks.spark_submit.SparkSubmitHook","filename":"spark_submit.py","lineno":644}
{"timestamp":"2026-01-11T16:48:34.174127Z","level":"info","event":"26/01/11 16:48:34 INFO FileScanRDD: Reading File path: file:///opt/airflow/data/raw/olist_orders/part-00000-af5c7e43-497f-4642-b35d-2bceba92a77b-c000.csv, range: 0-4135273, partition values: [empty row]","logger":"airflow.task.hooks.airflow.providers.apache.spark.hooks.spark_submit.SparkSubmitHook","filename":"spark_submit.py","lineno":644}
{"timestamp":"2026-01-11T16:48:34.330794Z","level":"info","event":"26/01/11 16:48:34 INFO Executor: Finished task 4.0 in stage 21.0 (TID 35). 1968 bytes result sent to driver","logger":"airflow.task.hooks.airflow.providers.apache.spark.hooks.spark_submit.SparkSubmitHook","filename":"spark_submit.py","lineno":644}
{"timestamp":"2026-01-11T16:48:34.349057Z","level":"info","event":"26/01/11 16:48:34 INFO TaskSetManager: Finished task 4.0 in stage 21.0 (TID 35) in 206 ms on localhost (executor driver) (1/5)","logger":"airflow.task.hooks.airflow.providers.apache.spark.hooks.spark_submit.SparkSubmitHook","filename":"spark_submit.py","lineno":644}
{"timestamp":"2026-01-11T16:48:34.389493Z","level":"info","event":"26/01/11 16:48:34 INFO Executor: Finished task 1.0 in stage 21.0 (TID 32). 1968 bytes result sent to driver","logger":"airflow.task.hooks.airflow.providers.apache.spark.hooks.spark_submit.SparkSubmitHook","filename":"spark_submit.py","lineno":644}
{"timestamp":"2026-01-11T16:48:34.391814Z","level":"info","event":"26/01/11 16:48:34 INFO TaskSetManager: Finished task 1.0 in stage 21.0 (TID 32) in 251 ms on localhost (executor driver) (2/5)","logger":"airflow.task.hooks.airflow.providers.apache.spark.hooks.spark_submit.SparkSubmitHook","filename":"spark_submit.py","lineno":644}
{"timestamp":"2026-01-11T16:48:34.404531Z","level":"info","event":"26/01/11 16:48:34 INFO Executor: Finished task 3.0 in stage 21.0 (TID 34). 1968 bytes result sent to driver","logger":"airflow.task.hooks.airflow.providers.apache.spark.hooks.spark_submit.SparkSubmitHook","filename":"spark_submit.py","lineno":644}
{"timestamp":"2026-01-11T16:48:34.409815Z","level":"info","event":"26/01/11 16:48:34 INFO TaskSetManager: Finished task 3.0 in stage 21.0 (TID 34) in 266 ms on localhost (executor driver) (3/5)","logger":"airflow.task.hooks.airflow.providers.apache.spark.hooks.spark_submit.SparkSubmitHook","filename":"spark_submit.py","lineno":644}
{"timestamp":"2026-01-11T16:48:34.413776Z","level":"info","event":"26/01/11 16:48:34 INFO Executor: Finished task 2.0 in stage 21.0 (TID 33). 1968 bytes result sent to driver","logger":"airflow.task.hooks.airflow.providers.apache.spark.hooks.spark_submit.SparkSubmitHook","filename":"spark_submit.py","lineno":644}
{"timestamp":"2026-01-11T16:48:34.416692Z","level":"info","event":"26/01/11 16:48:34 INFO TaskSetManager: Finished task 2.0 in stage 21.0 (TID 33) in 275 ms on localhost (executor driver) (4/5)","logger":"airflow.task.hooks.airflow.providers.apache.spark.hooks.spark_submit.SparkSubmitHook","filename":"spark_submit.py","lineno":644}
{"timestamp":"2026-01-11T16:48:34.431454Z","level":"info","event":"26/01/11 16:48:34 INFO Executor: Finished task 0.0 in stage 21.0 (TID 31). 1968 bytes result sent to driver","logger":"airflow.task.hooks.airflow.providers.apache.spark.hooks.spark_submit.SparkSubmitHook","filename":"spark_submit.py","lineno":644}
{"timestamp":"2026-01-11T16:48:34.437269Z","level":"info","event":"26/01/11 16:48:34 INFO TaskSetManager: Finished task 0.0 in stage 21.0 (TID 31) in 295 ms on localhost (executor driver) (5/5)","logger":"airflow.task.hooks.airflow.providers.apache.spark.hooks.spark_submit.SparkSubmitHook","filename":"spark_submit.py","lineno":644}
{"timestamp":"2026-01-11T16:48:34.437414Z","level":"info","event":"26/01/11 16:48:34 INFO TaskSchedulerImpl: Removed TaskSet 21.0, whose tasks have all completed, from pool","logger":"airflow.task.hooks.airflow.providers.apache.spark.hooks.spark_submit.SparkSubmitHook","filename":"spark_submit.py","lineno":644}
{"timestamp":"2026-01-11T16:48:34.437449Z","level":"info","event":"26/01/11 16:48:34 INFO DAGScheduler: ShuffleMapStage 21 (count at NativeMethodAccessorImpl.java:0) finished in 0.310 s","logger":"airflow.task.hooks.airflow.providers.apache.spark.hooks.spark_submit.SparkSubmitHook","filename":"spark_submit.py","lineno":644}
{"timestamp":"2026-01-11T16:48:34.437485Z","level":"info","event":"26/01/11 16:48:34 INFO DAGScheduler: looking for newly runnable stages","logger":"airflow.task.hooks.airflow.providers.apache.spark.hooks.spark_submit.SparkSubmitHook","filename":"spark_submit.py","lineno":644}
{"timestamp":"2026-01-11T16:48:34.437534Z","level":"info","event":"26/01/11 16:48:34 INFO DAGScheduler: running: Set()","logger":"airflow.task.hooks.airflow.providers.apache.spark.hooks.spark_submit.SparkSubmitHook","filename":"spark_submit.py","lineno":644}
{"timestamp":"2026-01-11T16:48:34.437556Z","level":"info","event":"26/01/11 16:48:34 INFO DAGScheduler: waiting: Set()","logger":"airflow.task.hooks.airflow.providers.apache.spark.hooks.spark_submit.SparkSubmitHook","filename":"spark_submit.py","lineno":644}
{"timestamp":"2026-01-11T16:48:34.437636Z","level":"info","event":"26/01/11 16:48:34 INFO DAGScheduler: failed: Set()","logger":"airflow.task.hooks.airflow.providers.apache.spark.hooks.spark_submit.SparkSubmitHook","filename":"spark_submit.py","lineno":644}
{"timestamp":"2026-01-11T16:48:34.491087Z","level":"info","event":"26/01/11 16:48:34 INFO SparkContext: Starting job: count at NativeMethodAccessorImpl.java:0","logger":"airflow.task.hooks.airflow.providers.apache.spark.hooks.spark_submit.SparkSubmitHook","filename":"spark_submit.py","lineno":644}
{"timestamp":"2026-01-11T16:48:34.492341Z","level":"info","event":"26/01/11 16:48:34 INFO DAGScheduler: Got job 17 (count at NativeMethodAccessorImpl.java:0) with 1 output partitions","logger":"airflow.task.hooks.airflow.providers.apache.spark.hooks.spark_submit.SparkSubmitHook","filename":"spark_submit.py","lineno":644}
{"timestamp":"2026-01-11T16:48:34.492426Z","level":"info","event":"26/01/11 16:48:34 INFO DAGScheduler: Final stage: ResultStage 23 (count at NativeMethodAccessorImpl.java:0)","logger":"airflow.task.hooks.airflow.providers.apache.spark.hooks.spark_submit.SparkSubmitHook","filename":"spark_submit.py","lineno":644}
{"timestamp":"2026-01-11T16:48:34.492468Z","level":"info","event":"26/01/11 16:48:34 INFO DAGScheduler: Parents of final stage: List(ShuffleMapStage 22)","logger":"airflow.task.hooks.airflow.providers.apache.spark.hooks.spark_submit.SparkSubmitHook","filename":"spark_submit.py","lineno":644}
{"timestamp":"2026-01-11T16:48:34.492663Z","level":"info","event":"26/01/11 16:48:34 INFO DAGScheduler: Missing parents: List()","logger":"airflow.task.hooks.airflow.providers.apache.spark.hooks.spark_submit.SparkSubmitHook","filename":"spark_submit.py","lineno":644}
{"timestamp":"2026-01-11T16:48:34.492912Z","level":"info","event":"26/01/11 16:48:34 INFO DAGScheduler: Submitting ResultStage 23 (MapPartitionsRDD[101] at count at NativeMethodAccessorImpl.java:0), which has no missing parents","logger":"airflow.task.hooks.airflow.providers.apache.spark.hooks.spark_submit.SparkSubmitHook","filename":"spark_submit.py","lineno":644}
{"timestamp":"2026-01-11T16:48:34.494674Z","level":"info","event":"26/01/11 16:48:34 INFO MemoryStore: Block broadcast_35 stored as values in memory (estimated size 12.5 KiB, free 1047.8 MiB)","logger":"airflow.task.hooks.airflow.providers.apache.spark.hooks.spark_submit.SparkSubmitHook","filename":"spark_submit.py","lineno":644}
{"timestamp":"2026-01-11T16:48:34.499644Z","level":"info","event":"26/01/11 16:48:34 INFO MemoryStore: Block broadcast_35_piece0 stored as bytes in memory (estimated size 5.9 KiB, free 1047.8 MiB)","logger":"airflow.task.hooks.airflow.providers.apache.spark.hooks.spark_submit.SparkSubmitHook","filename":"spark_submit.py","lineno":644}
{"timestamp":"2026-01-11T16:48:34.501120Z","level":"info","event":"26/01/11 16:48:34 INFO BlockManagerInfo: Added broadcast_35_piece0 in memory on localhost:42335 (size: 5.9 KiB, free: 1048.6 MiB)","logger":"airflow.task.hooks.airflow.providers.apache.spark.hooks.spark_submit.SparkSubmitHook","filename":"spark_submit.py","lineno":644}
{"timestamp":"2026-01-11T16:48:34.502422Z","level":"info","event":"26/01/11 16:48:34 INFO SparkContext: Created broadcast 35 from broadcast at DAGScheduler.scala:1580","logger":"airflow.task.hooks.airflow.providers.apache.spark.hooks.spark_submit.SparkSubmitHook","filename":"spark_submit.py","lineno":644}
{"timestamp":"2026-01-11T16:48:34.503498Z","level":"info","event":"26/01/11 16:48:34 INFO DAGScheduler: Submitting 1 missing tasks from ResultStage 23 (MapPartitionsRDD[101] at count at NativeMethodAccessorImpl.java:0) (first 15 tasks are for partitions Vector(0))","logger":"airflow.task.hooks.airflow.providers.apache.spark.hooks.spark_submit.SparkSubmitHook","filename":"spark_submit.py","lineno":644}
{"timestamp":"2026-01-11T16:48:34.503590Z","level":"info","event":"26/01/11 16:48:34 INFO TaskSchedulerImpl: Adding task set 23.0 with 1 tasks resource profile 0","logger":"airflow.task.hooks.airflow.providers.apache.spark.hooks.spark_submit.SparkSubmitHook","filename":"spark_submit.py","lineno":644}
{"timestamp":"2026-01-11T16:48:34.506597Z","level":"info","event":"26/01/11 16:48:34 INFO TaskSetManager: Starting task 0.0 in stage 23.0 (TID 36) (localhost, executor driver, partition 0, NODE_LOCAL, 7615 bytes)","logger":"airflow.task.hooks.airflow.providers.apache.spark.hooks.spark_submit.SparkSubmitHook","filename":"spark_submit.py","lineno":644}
{"timestamp":"2026-01-11T16:48:34.507580Z","level":"info","event":"26/01/11 16:48:34 INFO Executor: Running task 0.0 in stage 23.0 (TID 36)","logger":"airflow.task.hooks.airflow.providers.apache.spark.hooks.spark_submit.SparkSubmitHook","filename":"spark_submit.py","lineno":644}
{"timestamp":"2026-01-11T16:48:34.513998Z","level":"info","event":"26/01/11 16:48:34 INFO ShuffleBlockFetcherIterator: Getting 5 (300.0 B) non-empty blocks including 5 (300.0 B) local and 0 (0.0 B) host-local and 0 (0.0 B) push-merged-local and 0 (0.0 B) remote blocks","logger":"airflow.task.hooks.airflow.providers.apache.spark.hooks.spark_submit.SparkSubmitHook","filename":"spark_submit.py","lineno":644}
{"timestamp":"2026-01-11T16:48:34.514555Z","level":"info","event":"26/01/11 16:48:34 INFO ShuffleBlockFetcherIterator: Started 0 remote fetches in 1 ms","logger":"airflow.task.hooks.airflow.providers.apache.spark.hooks.spark_submit.SparkSubmitHook","filename":"spark_submit.py","lineno":644}
{"timestamp":"2026-01-11T16:48:34.519310Z","level":"info","event":"26/01/11 16:48:34 INFO Executor: Finished task 0.0 in stage 23.0 (TID 36). 3995 bytes result sent to driver","logger":"airflow.task.hooks.airflow.providers.apache.spark.hooks.spark_submit.SparkSubmitHook","filename":"spark_submit.py","lineno":644}
{"timestamp":"2026-01-11T16:48:34.521526Z","level":"info","event":"26/01/11 16:48:34 INFO TaskSetManager: Finished task 0.0 in stage 23.0 (TID 36) in 15 ms on localhost (executor driver) (1/1)","logger":"airflow.task.hooks.airflow.providers.apache.spark.hooks.spark_submit.SparkSubmitHook","filename":"spark_submit.py","lineno":644}
{"timestamp":"2026-01-11T16:48:34.521999Z","level":"info","event":"26/01/11 16:48:34 INFO TaskSchedulerImpl: Removed TaskSet 23.0, whose tasks have all completed, from pool","logger":"airflow.task.hooks.airflow.providers.apache.spark.hooks.spark_submit.SparkSubmitHook","filename":"spark_submit.py","lineno":644}
{"timestamp":"2026-01-11T16:48:34.522389Z","level":"info","event":"26/01/11 16:48:34 INFO DAGScheduler: ResultStage 23 (count at NativeMethodAccessorImpl.java:0) finished in 0.028 s","logger":"airflow.task.hooks.airflow.providers.apache.spark.hooks.spark_submit.SparkSubmitHook","filename":"spark_submit.py","lineno":644}
{"timestamp":"2026-01-11T16:48:34.522637Z","level":"info","event":"26/01/11 16:48:34 INFO DAGScheduler: Job 17 is finished. Cancelling potential speculative or zombie tasks for this job","logger":"airflow.task.hooks.airflow.providers.apache.spark.hooks.spark_submit.SparkSubmitHook","filename":"spark_submit.py","lineno":644}
{"timestamp":"2026-01-11T16:48:34.522855Z","level":"info","event":"26/01/11 16:48:34 INFO TaskSchedulerImpl: Killing all running tasks in stage 23: Stage finished","logger":"airflow.task.hooks.airflow.providers.apache.spark.hooks.spark_submit.SparkSubmitHook","filename":"spark_submit.py","lineno":644}
{"timestamp":"2026-01-11T16:48:34.523080Z","level":"info","event":"26/01/11 16:48:34 INFO DAGScheduler: Job 17 finished: count at NativeMethodAccessorImpl.java:0, took 0.031774 s","logger":"airflow.task.hooks.airflow.providers.apache.spark.hooks.spark_submit.SparkSubmitHook","filename":"spark_submit.py","lineno":644}
{"timestamp":"2026-01-11T16:48:34.525239Z","level":"info","event":"Loaded olist_orders with 99441 records for cleaning.","logger":"airflow.task.hooks.airflow.providers.apache.spark.hooks.spark_submit.SparkSubmitHook","filename":"spark_submit.py","lineno":644}
{"timestamp":"2026-01-11T16:48:34.526269Z","level":"info","event":"root","logger":"airflow.task.hooks.airflow.providers.apache.spark.hooks.spark_submit.SparkSubmitHook","filename":"spark_submit.py","lineno":644}
{"timestamp":"2026-01-11T16:48:34.526345Z","level":"info","event":"|-- order_id: string (nullable = true)","logger":"airflow.task.hooks.airflow.providers.apache.spark.hooks.spark_submit.SparkSubmitHook","filename":"spark_submit.py","lineno":644}
{"timestamp":"2026-01-11T16:48:34.526382Z","level":"info","event":"|-- customer_id: string (nullable = true)","logger":"airflow.task.hooks.airflow.providers.apache.spark.hooks.spark_submit.SparkSubmitHook","filename":"spark_submit.py","lineno":644}
{"timestamp":"2026-01-11T16:48:34.526399Z","level":"info","event":"|-- order_status: string (nullable = true)","logger":"airflow.task.hooks.airflow.providers.apache.spark.hooks.spark_submit.SparkSubmitHook","filename":"spark_submit.py","lineno":644}
{"timestamp":"2026-01-11T16:48:34.526415Z","level":"info","event":"|-- order_purchase_timestamp: string (nullable = true)","logger":"airflow.task.hooks.airflow.providers.apache.spark.hooks.spark_submit.SparkSubmitHook","filename":"spark_submit.py","lineno":644}
{"timestamp":"2026-01-11T16:48:34.526430Z","level":"info","event":"|-- order_approved_at: string (nullable = true)","logger":"airflow.task.hooks.airflow.providers.apache.spark.hooks.spark_submit.SparkSubmitHook","filename":"spark_submit.py","lineno":644}
{"timestamp":"2026-01-11T16:48:34.526444Z","level":"info","event":"|-- order_delivered_carrier_date: string (nullable = true)","logger":"airflow.task.hooks.airflow.providers.apache.spark.hooks.spark_submit.SparkSubmitHook","filename":"spark_submit.py","lineno":644}
{"timestamp":"2026-01-11T16:48:34.526459Z","level":"info","event":"|-- order_delivered_customer_date: string (nullable = true)","logger":"airflow.task.hooks.airflow.providers.apache.spark.hooks.spark_submit.SparkSubmitHook","filename":"spark_submit.py","lineno":644}
{"timestamp":"2026-01-11T16:48:34.526473Z","level":"info","event":"|-- order_estimated_delivery_date: string (nullable = true)","logger":"airflow.task.hooks.airflow.providers.apache.spark.hooks.spark_submit.SparkSubmitHook","filename":"spark_submit.py","lineno":644}
{"timestamp":"2026-01-11T16:48:34.526487Z","level":"info","event":"","logger":"airflow.task.hooks.airflow.providers.apache.spark.hooks.spark_submit.SparkSubmitHook","filename":"spark_submit.py","lineno":644}
{"timestamp":"2026-01-11T16:48:34.558288Z","level":"info","event":"26/01/11 16:48:34 INFO InMemoryFileIndex: It took 7 ms to list leaf files for 1 paths.","logger":"airflow.task.hooks.airflow.providers.apache.spark.hooks.spark_submit.SparkSubmitHook","filename":"spark_submit.py","lineno":644}
{"timestamp":"2026-01-11T16:48:34.568961Z","level":"info","event":"26/01/11 16:48:34 INFO InMemoryFileIndex: It took 1 ms to list leaf files for 1 paths.","logger":"airflow.task.hooks.airflow.providers.apache.spark.hooks.spark_submit.SparkSubmitHook","filename":"spark_submit.py","lineno":644}
{"timestamp":"2026-01-11T16:48:34.622876Z","level":"info","event":"26/01/11 16:48:34 INFO FileSourceStrategy: Pushed Filters:","logger":"airflow.task.hooks.airflow.providers.apache.spark.hooks.spark_submit.SparkSubmitHook","filename":"spark_submit.py","lineno":644}
{"timestamp":"2026-01-11T16:48:34.623215Z","level":"info","event":"26/01/11 16:48:34 INFO FileSourceStrategy: Post-Scan Filters: (length(trim(value#243, None)) > 0)","logger":"airflow.task.hooks.airflow.providers.apache.spark.hooks.spark_submit.SparkSubmitHook","filename":"spark_submit.py","lineno":644}
{"timestamp":"2026-01-11T16:48:34.640931Z","level":"info","event":"26/01/11 16:48:34 INFO MemoryStore: Block broadcast_36 stored as values in memory (estimated size 199.5 KiB, free 1047.6 MiB)","logger":"airflow.task.hooks.airflow.providers.apache.spark.hooks.spark_submit.SparkSubmitHook","filename":"spark_submit.py","lineno":644}
{"timestamp":"2026-01-11T16:48:34.650459Z","level":"info","event":"26/01/11 16:48:34 INFO MemoryStore: Block broadcast_36_piece0 stored as bytes in memory (estimated size 34.2 KiB, free 1047.6 MiB)","logger":"airflow.task.hooks.airflow.providers.apache.spark.hooks.spark_submit.SparkSubmitHook","filename":"spark_submit.py","lineno":644}
{"timestamp":"2026-01-11T16:48:34.651962Z","level":"info","event":"26/01/11 16:48:34 INFO BlockManagerInfo: Added broadcast_36_piece0 in memory on localhost:42335 (size: 34.2 KiB, free: 1048.6 MiB)","logger":"airflow.task.hooks.airflow.providers.apache.spark.hooks.spark_submit.SparkSubmitHook","filename":"spark_submit.py","lineno":644}
{"timestamp":"2026-01-11T16:48:34.653874Z","level":"info","event":"26/01/11 16:48:34 INFO SparkContext: Created broadcast 36 from csv at NativeMethodAccessorImpl.java:0","logger":"airflow.task.hooks.airflow.providers.apache.spark.hooks.spark_submit.SparkSubmitHook","filename":"spark_submit.py","lineno":644}
{"timestamp":"2026-01-11T16:48:34.655178Z","level":"info","event":"26/01/11 16:48:34 INFO FileSourceScanExec: Planning scan with bin packing, max size: 4194304 bytes, open cost is considered as scanning 4194304 bytes.","logger":"airflow.task.hooks.airflow.providers.apache.spark.hooks.spark_submit.SparkSubmitHook","filename":"spark_submit.py","lineno":644}
{"timestamp":"2026-01-11T16:48:34.674431Z","level":"info","event":"26/01/11 16:48:34 INFO SparkContext: Starting job: csv at NativeMethodAccessorImpl.java:0","logger":"airflow.task.hooks.airflow.providers.apache.spark.hooks.spark_submit.SparkSubmitHook","filename":"spark_submit.py","lineno":644}
{"timestamp":"2026-01-11T16:48:34.676742Z","level":"info","event":"26/01/11 16:48:34 INFO DAGScheduler: Got job 18 (csv at NativeMethodAccessorImpl.java:0) with 1 output partitions","logger":"airflow.task.hooks.airflow.providers.apache.spark.hooks.spark_submit.SparkSubmitHook","filename":"spark_submit.py","lineno":644}
{"timestamp":"2026-01-11T16:48:34.677068Z","level":"info","event":"26/01/11 16:48:34 INFO DAGScheduler: Final stage: ResultStage 24 (csv at NativeMethodAccessorImpl.java:0)","logger":"airflow.task.hooks.airflow.providers.apache.spark.hooks.spark_submit.SparkSubmitHook","filename":"spark_submit.py","lineno":644}
{"timestamp":"2026-01-11T16:48:34.677209Z","level":"info","event":"26/01/11 16:48:34 INFO DAGScheduler: Parents of final stage: List()","logger":"airflow.task.hooks.airflow.providers.apache.spark.hooks.spark_submit.SparkSubmitHook","filename":"spark_submit.py","lineno":644}
{"timestamp":"2026-01-11T16:48:34.677297Z","level":"info","event":"26/01/11 16:48:34 INFO DAGScheduler: Missing parents: List()","logger":"airflow.task.hooks.airflow.providers.apache.spark.hooks.spark_submit.SparkSubmitHook","filename":"spark_submit.py","lineno":644}
{"timestamp":"2026-01-11T16:48:34.677781Z","level":"info","event":"26/01/11 16:48:34 INFO DAGScheduler: Submitting ResultStage 24 (MapPartitionsRDD[105] at csv at NativeMethodAccessorImpl.java:0), which has no missing parents","logger":"airflow.task.hooks.airflow.providers.apache.spark.hooks.spark_submit.SparkSubmitHook","filename":"spark_submit.py","lineno":644}
{"timestamp":"2026-01-11T16:48:34.683503Z","level":"info","event":"26/01/11 16:48:34 INFO MemoryStore: Block broadcast_37 stored as values in memory (estimated size 13.5 KiB, free 1047.5 MiB)","logger":"airflow.task.hooks.airflow.providers.apache.spark.hooks.spark_submit.SparkSubmitHook","filename":"spark_submit.py","lineno":644}
{"timestamp":"2026-01-11T16:48:34.691169Z","level":"info","event":"26/01/11 16:48:34 INFO MemoryStore: Block broadcast_37_piece0 stored as bytes in memory (estimated size 6.4 KiB, free 1047.5 MiB)","logger":"airflow.task.hooks.airflow.providers.apache.spark.hooks.spark_submit.SparkSubmitHook","filename":"spark_submit.py","lineno":644}
{"timestamp":"2026-01-11T16:48:34.692097Z","level":"info","event":"26/01/11 16:48:34 INFO BlockManagerInfo: Added broadcast_37_piece0 in memory on localhost:42335 (size: 6.4 KiB, free: 1048.6 MiB)","logger":"airflow.task.hooks.airflow.providers.apache.spark.hooks.spark_submit.SparkSubmitHook","filename":"spark_submit.py","lineno":644}
{"timestamp":"2026-01-11T16:48:34.692691Z","level":"info","event":"26/01/11 16:48:34 INFO SparkContext: Created broadcast 37 from broadcast at DAGScheduler.scala:1580","logger":"airflow.task.hooks.airflow.providers.apache.spark.hooks.spark_submit.SparkSubmitHook","filename":"spark_submit.py","lineno":644}
{"timestamp":"2026-01-11T16:48:34.693640Z","level":"info","event":"26/01/11 16:48:34 INFO DAGScheduler: Submitting 1 missing tasks from ResultStage 24 (MapPartitionsRDD[105] at csv at NativeMethodAccessorImpl.java:0) (first 15 tasks are for partitions Vector(0))","logger":"airflow.task.hooks.airflow.providers.apache.spark.hooks.spark_submit.SparkSubmitHook","filename":"spark_submit.py","lineno":644}
{"timestamp":"2026-01-11T16:48:34.693967Z","level":"info","event":"26/01/11 16:48:34 INFO TaskSchedulerImpl: Adding task set 24.0 with 1 tasks resource profile 0","logger":"airflow.task.hooks.airflow.providers.apache.spark.hooks.spark_submit.SparkSubmitHook","filename":"spark_submit.py","lineno":644}
{"timestamp":"2026-01-11T16:48:34.704336Z","level":"info","event":"26/01/11 16:48:34 INFO TaskSetManager: Starting task 0.0 in stage 24.0 (TID 37) (localhost, executor driver, partition 0, PROCESS_LOCAL, 8278 bytes)","logger":"airflow.task.hooks.airflow.providers.apache.spark.hooks.spark_submit.SparkSubmitHook","filename":"spark_submit.py","lineno":644}
{"timestamp":"2026-01-11T16:48:34.705120Z","level":"info","event":"26/01/11 16:48:34 INFO Executor: Running task 0.0 in stage 24.0 (TID 37)","logger":"airflow.task.hooks.airflow.providers.apache.spark.hooks.spark_submit.SparkSubmitHook","filename":"spark_submit.py","lineno":644}
{"timestamp":"2026-01-11T16:48:34.717113Z","level":"info","event":"26/01/11 16:48:34 INFO FileScanRDD: Reading File path: file:///opt/airflow/data/raw/olist_products/part-00000-3ef4e2fe-86fd-4e58-bb3e-5304e29471de-c000.csv, range: 0-2338292, partition values: [empty row]","logger":"airflow.task.hooks.airflow.providers.apache.spark.hooks.spark_submit.SparkSubmitHook","filename":"spark_submit.py","lineno":644}
{"timestamp":"2026-01-11T16:48:34.742871Z","level":"info","event":"26/01/11 16:48:34 INFO Executor: Finished task 0.0 in stage 24.0 (TID 37). 1719 bytes result sent to driver","logger":"airflow.task.hooks.airflow.providers.apache.spark.hooks.spark_submit.SparkSubmitHook","filename":"spark_submit.py","lineno":644}
{"timestamp":"2026-01-11T16:48:34.745942Z","level":"info","event":"26/01/11 16:48:34 INFO TaskSetManager: Finished task 0.0 in stage 24.0 (TID 37) in 49 ms on localhost (executor driver) (1/1)","logger":"airflow.task.hooks.airflow.providers.apache.spark.hooks.spark_submit.SparkSubmitHook","filename":"spark_submit.py","lineno":644}
{"timestamp":"2026-01-11T16:48:34.746146Z","level":"info","event":"26/01/11 16:48:34 INFO TaskSchedulerImpl: Removed TaskSet 24.0, whose tasks have all completed, from pool","logger":"airflow.task.hooks.airflow.providers.apache.spark.hooks.spark_submit.SparkSubmitHook","filename":"spark_submit.py","lineno":644}
{"timestamp":"2026-01-11T16:48:34.746888Z","level":"info","event":"26/01/11 16:48:34 INFO DAGScheduler: ResultStage 24 (csv at NativeMethodAccessorImpl.java:0) finished in 0.068 s","logger":"airflow.task.hooks.airflow.providers.apache.spark.hooks.spark_submit.SparkSubmitHook","filename":"spark_submit.py","lineno":644}
{"timestamp":"2026-01-11T16:48:34.747115Z","level":"info","event":"26/01/11 16:48:34 INFO DAGScheduler: Job 18 is finished. Cancelling potential speculative or zombie tasks for this job","logger":"airflow.task.hooks.airflow.providers.apache.spark.hooks.spark_submit.SparkSubmitHook","filename":"spark_submit.py","lineno":644}
{"timestamp":"2026-01-11T16:48:34.747276Z","level":"info","event":"26/01/11 16:48:34 INFO TaskSchedulerImpl: Killing all running tasks in stage 24: Stage finished","logger":"airflow.task.hooks.airflow.providers.apache.spark.hooks.spark_submit.SparkSubmitHook","filename":"spark_submit.py","lineno":644}
{"timestamp":"2026-01-11T16:48:34.747911Z","level":"info","event":"26/01/11 16:48:34 INFO DAGScheduler: Job 18 finished: csv at NativeMethodAccessorImpl.java:0, took 0.073312 s","logger":"airflow.task.hooks.airflow.providers.apache.spark.hooks.spark_submit.SparkSubmitHook","filename":"spark_submit.py","lineno":644}
{"timestamp":"2026-01-11T16:48:34.776903Z","level":"info","event":"26/01/11 16:48:34 INFO FileSourceStrategy: Pushed Filters:","logger":"airflow.task.hooks.airflow.providers.apache.spark.hooks.spark_submit.SparkSubmitHook","filename":"spark_submit.py","lineno":644}
{"timestamp":"2026-01-11T16:48:34.777232Z","level":"info","event":"26/01/11 16:48:34 INFO FileSourceStrategy: Post-Scan Filters:","logger":"airflow.task.hooks.airflow.providers.apache.spark.hooks.spark_submit.SparkSubmitHook","filename":"spark_submit.py","lineno":644}
{"timestamp":"2026-01-11T16:48:34.780142Z","level":"info","event":"26/01/11 16:48:34 INFO MemoryStore: Block broadcast_38 stored as values in memory (estimated size 199.5 KiB, free 1047.3 MiB)","logger":"airflow.task.hooks.airflow.providers.apache.spark.hooks.spark_submit.SparkSubmitHook","filename":"spark_submit.py","lineno":644}
{"timestamp":"2026-01-11T16:48:34.798044Z","level":"info","event":"26/01/11 16:48:34 INFO MemoryStore: Block broadcast_38_piece0 stored as bytes in memory (estimated size 34.2 KiB, free 1047.3 MiB)","logger":"airflow.task.hooks.airflow.providers.apache.spark.hooks.spark_submit.SparkSubmitHook","filename":"spark_submit.py","lineno":644}
{"timestamp":"2026-01-11T16:48:34.798812Z","level":"info","event":"26/01/11 16:48:34 INFO BlockManagerInfo: Added broadcast_38_piece0 in memory on localhost:42335 (size: 34.2 KiB, free: 1048.6 MiB)","logger":"airflow.task.hooks.airflow.providers.apache.spark.hooks.spark_submit.SparkSubmitHook","filename":"spark_submit.py","lineno":644}
{"timestamp":"2026-01-11T16:48:34.801369Z","level":"info","event":"26/01/11 16:48:34 INFO SparkContext: Created broadcast 38 from csv at NativeMethodAccessorImpl.java:0","logger":"airflow.task.hooks.airflow.providers.apache.spark.hooks.spark_submit.SparkSubmitHook","filename":"spark_submit.py","lineno":644}
{"timestamp":"2026-01-11T16:48:34.803177Z","level":"info","event":"26/01/11 16:48:34 INFO FileSourceScanExec: Planning scan with bin packing, max size: 4194304 bytes, open cost is considered as scanning 4194304 bytes.","logger":"airflow.task.hooks.airflow.providers.apache.spark.hooks.spark_submit.SparkSubmitHook","filename":"spark_submit.py","lineno":644}
{"timestamp":"2026-01-11T16:48:34.833644Z","level":"info","event":"____________________________________________________","logger":"airflow.task.hooks.airflow.providers.apache.spark.hooks.spark_submit.SparkSubmitHook","filename":"spark_submit.py","lineno":644}
{"timestamp":"2026-01-11T16:48:34.861407Z","level":"info","event":"26/01/11 16:48:34 INFO FileSourceStrategy: Pushed Filters:","logger":"airflow.task.hooks.airflow.providers.apache.spark.hooks.spark_submit.SparkSubmitHook","filename":"spark_submit.py","lineno":644}
{"timestamp":"2026-01-11T16:48:34.861698Z","level":"info","event":"26/01/11 16:48:34 INFO FileSourceStrategy: Post-Scan Filters:","logger":"airflow.task.hooks.airflow.providers.apache.spark.hooks.spark_submit.SparkSubmitHook","filename":"spark_submit.py","lineno":644}
{"timestamp":"2026-01-11T16:48:34.908153Z","level":"info","event":"26/01/11 16:48:34 INFO MemoryStore: Block broadcast_39 stored as values in memory (estimated size 199.4 KiB, free 1047.1 MiB)","logger":"airflow.task.hooks.airflow.providers.apache.spark.hooks.spark_submit.SparkSubmitHook","filename":"spark_submit.py","lineno":644}
{"timestamp":"2026-01-11T16:48:34.938307Z","level":"info","event":"26/01/11 16:48:34 INFO MemoryStore: Block broadcast_39_piece0 stored as bytes in memory (estimated size 34.2 KiB, free 1047.1 MiB)","logger":"airflow.task.hooks.airflow.providers.apache.spark.hooks.spark_submit.SparkSubmitHook","filename":"spark_submit.py","lineno":644}
{"timestamp":"2026-01-11T16:48:34.939703Z","level":"info","event":"26/01/11 16:48:34 INFO BlockManagerInfo: Added broadcast_39_piece0 in memory on localhost:42335 (size: 34.2 KiB, free: 1048.5 MiB)","logger":"airflow.task.hooks.airflow.providers.apache.spark.hooks.spark_submit.SparkSubmitHook","filename":"spark_submit.py","lineno":644}
{"timestamp":"2026-01-11T16:48:34.942129Z","level":"info","event":"26/01/11 16:48:34 INFO SparkContext: Created broadcast 39 from count at NativeMethodAccessorImpl.java:0","logger":"airflow.task.hooks.airflow.providers.apache.spark.hooks.spark_submit.SparkSubmitHook","filename":"spark_submit.py","lineno":644}
{"timestamp":"2026-01-11T16:48:34.943494Z","level":"info","event":"26/01/11 16:48:34 INFO FileSourceScanExec: Planning scan with bin packing, max size: 4194304 bytes, open cost is considered as scanning 4194304 bytes.","logger":"airflow.task.hooks.airflow.providers.apache.spark.hooks.spark_submit.SparkSubmitHook","filename":"spark_submit.py","lineno":644}
{"timestamp":"2026-01-11T16:48:34.951932Z","level":"info","event":"26/01/11 16:48:34 INFO DAGScheduler: Registering RDD 115 (count at NativeMethodAccessorImpl.java:0) as input to shuffle 6","logger":"airflow.task.hooks.airflow.providers.apache.spark.hooks.spark_submit.SparkSubmitHook","filename":"spark_submit.py","lineno":644}
{"timestamp":"2026-01-11T16:48:34.952183Z","level":"info","event":"26/01/11 16:48:34 INFO DAGScheduler: Got map stage job 19 (count at NativeMethodAccessorImpl.java:0) with 1 output partitions","logger":"airflow.task.hooks.airflow.providers.apache.spark.hooks.spark_submit.SparkSubmitHook","filename":"spark_submit.py","lineno":644}
{"timestamp":"2026-01-11T16:48:34.952271Z","level":"info","event":"26/01/11 16:48:34 INFO DAGScheduler: Final stage: ShuffleMapStage 25 (count at NativeMethodAccessorImpl.java:0)","logger":"airflow.task.hooks.airflow.providers.apache.spark.hooks.spark_submit.SparkSubmitHook","filename":"spark_submit.py","lineno":644}
{"timestamp":"2026-01-11T16:48:34.952349Z","level":"info","event":"26/01/11 16:48:34 INFO DAGScheduler: Parents of final stage: List()","logger":"airflow.task.hooks.airflow.providers.apache.spark.hooks.spark_submit.SparkSubmitHook","filename":"spark_submit.py","lineno":644}
{"timestamp":"2026-01-11T16:48:34.952440Z","level":"info","event":"26/01/11 16:48:34 INFO DAGScheduler: Missing parents: List()","logger":"airflow.task.hooks.airflow.providers.apache.spark.hooks.spark_submit.SparkSubmitHook","filename":"spark_submit.py","lineno":644}
{"timestamp":"2026-01-11T16:48:34.954100Z","level":"info","event":"26/01/11 16:48:34 INFO DAGScheduler: Submitting ShuffleMapStage 25 (MapPartitionsRDD[115] at count at NativeMethodAccessorImpl.java:0), which has no missing parents","logger":"airflow.task.hooks.airflow.providers.apache.spark.hooks.spark_submit.SparkSubmitHook","filename":"spark_submit.py","lineno":644}
{"timestamp":"2026-01-11T16:48:34.955037Z","level":"info","event":"26/01/11 16:48:34 INFO MemoryStore: Block broadcast_40 stored as values in memory (estimated size 18.0 KiB, free 1047.1 MiB)","logger":"airflow.task.hooks.airflow.providers.apache.spark.hooks.spark_submit.SparkSubmitHook","filename":"spark_submit.py","lineno":644}
{"timestamp":"2026-01-11T16:48:34.965599Z","level":"info","event":"26/01/11 16:48:34 INFO MemoryStore: Block broadcast_40_piece0 stored as bytes in memory (estimated size 8.8 KiB, free 1047.0 MiB)","logger":"airflow.task.hooks.airflow.providers.apache.spark.hooks.spark_submit.SparkSubmitHook","filename":"spark_submit.py","lineno":644}
{"timestamp":"2026-01-11T16:48:34.966348Z","level":"info","event":"26/01/11 16:48:34 INFO BlockManagerInfo: Added broadcast_40_piece0 in memory on localhost:42335 (size: 8.8 KiB, free: 1048.5 MiB)","logger":"airflow.task.hooks.airflow.providers.apache.spark.hooks.spark_submit.SparkSubmitHook","filename":"spark_submit.py","lineno":644}
{"timestamp":"2026-01-11T16:48:34.966714Z","level":"info","event":"26/01/11 16:48:34 INFO SparkContext: Created broadcast 40 from broadcast at DAGScheduler.scala:1580","logger":"airflow.task.hooks.airflow.providers.apache.spark.hooks.spark_submit.SparkSubmitHook","filename":"spark_submit.py","lineno":644}
{"timestamp":"2026-01-11T16:48:34.967835Z","level":"info","event":"26/01/11 16:48:34 INFO DAGScheduler: Submitting 1 missing tasks from ShuffleMapStage 25 (MapPartitionsRDD[115] at count at NativeMethodAccessorImpl.java:0) (first 15 tasks are for partitions Vector(0))","logger":"airflow.task.hooks.airflow.providers.apache.spark.hooks.spark_submit.SparkSubmitHook","filename":"spark_submit.py","lineno":644}
{"timestamp":"2026-01-11T16:48:34.968095Z","level":"info","event":"26/01/11 16:48:34 INFO TaskSchedulerImpl: Adding task set 25.0 with 1 tasks resource profile 0","logger":"airflow.task.hooks.airflow.providers.apache.spark.hooks.spark_submit.SparkSubmitHook","filename":"spark_submit.py","lineno":644}
{"timestamp":"2026-01-11T16:48:34.970001Z","level":"info","event":"26/01/11 16:48:34 INFO TaskSetManager: Starting task 0.0 in stage 25.0 (TID 38) (localhost, executor driver, partition 0, PROCESS_LOCAL, 8267 bytes)","logger":"airflow.task.hooks.airflow.providers.apache.spark.hooks.spark_submit.SparkSubmitHook","filename":"spark_submit.py","lineno":644}
{"timestamp":"2026-01-11T16:48:34.971888Z","level":"info","event":"26/01/11 16:48:34 INFO Executor: Running task 0.0 in stage 25.0 (TID 38)","logger":"airflow.task.hooks.airflow.providers.apache.spark.hooks.spark_submit.SparkSubmitHook","filename":"spark_submit.py","lineno":644}
{"timestamp":"2026-01-11T16:48:34.983848Z","level":"info","event":"26/01/11 16:48:34 INFO FileScanRDD: Reading File path: file:///opt/airflow/data/raw/olist_products/part-00000-3ef4e2fe-86fd-4e58-bb3e-5304e29471de-c000.csv, range: 0-2338292, partition values: [empty row]","logger":"airflow.task.hooks.airflow.providers.apache.spark.hooks.spark_submit.SparkSubmitHook","filename":"spark_submit.py","lineno":644}
{"timestamp":"2026-01-11T16:48:35.070370Z","level":"info","event":"26/01/11 16:48:35 INFO Executor: Finished task 0.0 in stage 25.0 (TID 38). 1925 bytes result sent to driver","logger":"airflow.task.hooks.airflow.providers.apache.spark.hooks.spark_submit.SparkSubmitHook","filename":"spark_submit.py","lineno":644}
{"timestamp":"2026-01-11T16:48:35.075601Z","level":"info","event":"26/01/11 16:48:35 INFO TaskSetManager: Finished task 0.0 in stage 25.0 (TID 38) in 106 ms on localhost (executor driver) (1/1)","logger":"airflow.task.hooks.airflow.providers.apache.spark.hooks.spark_submit.SparkSubmitHook","filename":"spark_submit.py","lineno":644}
{"timestamp":"2026-01-11T16:48:35.075725Z","level":"info","event":"26/01/11 16:48:35 INFO TaskSchedulerImpl: Removed TaskSet 25.0, whose tasks have all completed, from pool","logger":"airflow.task.hooks.airflow.providers.apache.spark.hooks.spark_submit.SparkSubmitHook","filename":"spark_submit.py","lineno":644}
{"timestamp":"2026-01-11T16:48:35.078926Z","level":"info","event":"26/01/11 16:48:35 INFO DAGScheduler: ShuffleMapStage 25 (count at NativeMethodAccessorImpl.java:0) finished in 0.125 s","logger":"airflow.task.hooks.airflow.providers.apache.spark.hooks.spark_submit.SparkSubmitHook","filename":"spark_submit.py","lineno":644}
{"timestamp":"2026-01-11T16:48:35.079412Z","level":"info","event":"26/01/11 16:48:35 INFO DAGScheduler: looking for newly runnable stages","logger":"airflow.task.hooks.airflow.providers.apache.spark.hooks.spark_submit.SparkSubmitHook","filename":"spark_submit.py","lineno":644}
{"timestamp":"2026-01-11T16:48:35.079573Z","level":"info","event":"26/01/11 16:48:35 INFO DAGScheduler: running: Set()","logger":"airflow.task.hooks.airflow.providers.apache.spark.hooks.spark_submit.SparkSubmitHook","filename":"spark_submit.py","lineno":644}
{"timestamp":"2026-01-11T16:48:35.079680Z","level":"info","event":"26/01/11 16:48:35 INFO DAGScheduler: waiting: Set()","logger":"airflow.task.hooks.airflow.providers.apache.spark.hooks.spark_submit.SparkSubmitHook","filename":"spark_submit.py","lineno":644}
{"timestamp":"2026-01-11T16:48:35.079856Z","level":"info","event":"26/01/11 16:48:35 INFO DAGScheduler: failed: Set()","logger":"airflow.task.hooks.airflow.providers.apache.spark.hooks.spark_submit.SparkSubmitHook","filename":"spark_submit.py","lineno":644}
{"timestamp":"2026-01-11T16:48:35.122090Z","level":"info","event":"26/01/11 16:48:35 INFO SparkContext: Starting job: count at NativeMethodAccessorImpl.java:0","logger":"airflow.task.hooks.airflow.providers.apache.spark.hooks.spark_submit.SparkSubmitHook","filename":"spark_submit.py","lineno":644}
{"timestamp":"2026-01-11T16:48:35.123598Z","level":"info","event":"26/01/11 16:48:35 INFO DAGScheduler: Got job 20 (count at NativeMethodAccessorImpl.java:0) with 1 output partitions","logger":"airflow.task.hooks.airflow.providers.apache.spark.hooks.spark_submit.SparkSubmitHook","filename":"spark_submit.py","lineno":644}
{"timestamp":"2026-01-11T16:48:35.124328Z","level":"info","event":"26/01/11 16:48:35 INFO DAGScheduler: Final stage: ResultStage 27 (count at NativeMethodAccessorImpl.java:0)","logger":"airflow.task.hooks.airflow.providers.apache.spark.hooks.spark_submit.SparkSubmitHook","filename":"spark_submit.py","lineno":644}
{"timestamp":"2026-01-11T16:48:35.124401Z","level":"info","event":"26/01/11 16:48:35 INFO DAGScheduler: Parents of final stage: List(ShuffleMapStage 26)","logger":"airflow.task.hooks.airflow.providers.apache.spark.hooks.spark_submit.SparkSubmitHook","filename":"spark_submit.py","lineno":644}
{"timestamp":"2026-01-11T16:48:35.124433Z","level":"info","event":"26/01/11 16:48:35 INFO DAGScheduler: Missing parents: List()","logger":"airflow.task.hooks.airflow.providers.apache.spark.hooks.spark_submit.SparkSubmitHook","filename":"spark_submit.py","lineno":644}
{"timestamp":"2026-01-11T16:48:35.124461Z","level":"info","event":"26/01/11 16:48:35 INFO DAGScheduler: Submitting ResultStage 27 (MapPartitionsRDD[118] at count at NativeMethodAccessorImpl.java:0), which has no missing parents","logger":"airflow.task.hooks.airflow.providers.apache.spark.hooks.spark_submit.SparkSubmitHook","filename":"spark_submit.py","lineno":644}
{"timestamp":"2026-01-11T16:48:35.127705Z","level":"info","event":"26/01/11 16:48:35 INFO MemoryStore: Block broadcast_41 stored as values in memory (estimated size 12.5 KiB, free 1047.0 MiB)","logger":"airflow.task.hooks.airflow.providers.apache.spark.hooks.spark_submit.SparkSubmitHook","filename":"spark_submit.py","lineno":644}
{"timestamp":"2026-01-11T16:48:35.131609Z","level":"info","event":"26/01/11 16:48:35 INFO MemoryStore: Block broadcast_41_piece0 stored as bytes in memory (estimated size 5.9 KiB, free 1047.0 MiB)","logger":"airflow.task.hooks.airflow.providers.apache.spark.hooks.spark_submit.SparkSubmitHook","filename":"spark_submit.py","lineno":644}
{"timestamp":"2026-01-11T16:48:35.132666Z","level":"info","event":"26/01/11 16:48:35 INFO BlockManagerInfo: Added broadcast_41_piece0 in memory on localhost:42335 (size: 5.9 KiB, free: 1048.5 MiB)","logger":"airflow.task.hooks.airflow.providers.apache.spark.hooks.spark_submit.SparkSubmitHook","filename":"spark_submit.py","lineno":644}
{"timestamp":"2026-01-11T16:48:35.134989Z","level":"info","event":"26/01/11 16:48:35 INFO SparkContext: Created broadcast 41 from broadcast at DAGScheduler.scala:1580","logger":"airflow.task.hooks.airflow.providers.apache.spark.hooks.spark_submit.SparkSubmitHook","filename":"spark_submit.py","lineno":644}
{"timestamp":"2026-01-11T16:48:35.135134Z","level":"info","event":"26/01/11 16:48:35 INFO DAGScheduler: Submitting 1 missing tasks from ResultStage 27 (MapPartitionsRDD[118] at count at NativeMethodAccessorImpl.java:0) (first 15 tasks are for partitions Vector(0))","logger":"airflow.task.hooks.airflow.providers.apache.spark.hooks.spark_submit.SparkSubmitHook","filename":"spark_submit.py","lineno":644}
{"timestamp":"2026-01-11T16:48:35.135194Z","level":"info","event":"26/01/11 16:48:35 INFO TaskSchedulerImpl: Adding task set 27.0 with 1 tasks resource profile 0","logger":"airflow.task.hooks.airflow.providers.apache.spark.hooks.spark_submit.SparkSubmitHook","filename":"spark_submit.py","lineno":644}
{"timestamp":"2026-01-11T16:48:35.138933Z","level":"info","event":"26/01/11 16:48:35 INFO TaskSetManager: Starting task 0.0 in stage 27.0 (TID 39) (localhost, executor driver, partition 0, NODE_LOCAL, 7615 bytes)","logger":"airflow.task.hooks.airflow.providers.apache.spark.hooks.spark_submit.SparkSubmitHook","filename":"spark_submit.py","lineno":644}
{"timestamp":"2026-01-11T16:48:35.145421Z","level":"info","event":"26/01/11 16:48:35 INFO Executor: Running task 0.0 in stage 27.0 (TID 39)","logger":"airflow.task.hooks.airflow.providers.apache.spark.hooks.spark_submit.SparkSubmitHook","filename":"spark_submit.py","lineno":644}
{"timestamp":"2026-01-11T16:48:35.167652Z","level":"info","event":"26/01/11 16:48:35 INFO ShuffleBlockFetcherIterator: Getting 1 (60.0 B) non-empty blocks including 1 (60.0 B) local and 0 (0.0 B) host-local and 0 (0.0 B) push-merged-local and 0 (0.0 B) remote blocks","logger":"airflow.task.hooks.airflow.providers.apache.spark.hooks.spark_submit.SparkSubmitHook","filename":"spark_submit.py","lineno":644}
{"timestamp":"2026-01-11T16:48:35.168039Z","level":"info","event":"26/01/11 16:48:35 INFO ShuffleBlockFetcherIterator: Started 0 remote fetches in 1 ms","logger":"airflow.task.hooks.airflow.providers.apache.spark.hooks.spark_submit.SparkSubmitHook","filename":"spark_submit.py","lineno":644}
{"timestamp":"2026-01-11T16:48:35.172258Z","level":"info","event":"26/01/11 16:48:35 INFO Executor: Finished task 0.0 in stage 27.0 (TID 39). 3995 bytes result sent to driver","logger":"airflow.task.hooks.airflow.providers.apache.spark.hooks.spark_submit.SparkSubmitHook","filename":"spark_submit.py","lineno":644}
{"timestamp":"2026-01-11T16:48:35.173740Z","level":"info","event":"26/01/11 16:48:35 INFO TaskSetManager: Finished task 0.0 in stage 27.0 (TID 39) in 36 ms on localhost (executor driver) (1/1)","logger":"airflow.task.hooks.airflow.providers.apache.spark.hooks.spark_submit.SparkSubmitHook","filename":"spark_submit.py","lineno":644}
{"timestamp":"2026-01-11T16:48:35.173873Z","level":"info","event":"26/01/11 16:48:35 INFO TaskSchedulerImpl: Removed TaskSet 27.0, whose tasks have all completed, from pool","logger":"airflow.task.hooks.airflow.providers.apache.spark.hooks.spark_submit.SparkSubmitHook","filename":"spark_submit.py","lineno":644}
{"timestamp":"2026-01-11T16:48:35.174372Z","level":"info","event":"26/01/11 16:48:35 INFO DAGScheduler: ResultStage 27 (count at NativeMethodAccessorImpl.java:0) finished in 0.048 s","logger":"airflow.task.hooks.airflow.providers.apache.spark.hooks.spark_submit.SparkSubmitHook","filename":"spark_submit.py","lineno":644}
{"timestamp":"2026-01-11T16:48:35.174539Z","level":"info","event":"26/01/11 16:48:35 INFO DAGScheduler: Job 20 is finished. Cancelling potential speculative or zombie tasks for this job","logger":"airflow.task.hooks.airflow.providers.apache.spark.hooks.spark_submit.SparkSubmitHook","filename":"spark_submit.py","lineno":644}
{"timestamp":"2026-01-11T16:48:35.174636Z","level":"info","event":"26/01/11 16:48:35 INFO TaskSchedulerImpl: Killing all running tasks in stage 27: Stage finished","logger":"airflow.task.hooks.airflow.providers.apache.spark.hooks.spark_submit.SparkSubmitHook","filename":"spark_submit.py","lineno":644}
{"timestamp":"2026-01-11T16:48:35.174789Z","level":"info","event":"26/01/11 16:48:35 INFO DAGScheduler: Job 20 finished: count at NativeMethodAccessorImpl.java:0, took 0.052631 s","logger":"airflow.task.hooks.airflow.providers.apache.spark.hooks.spark_submit.SparkSubmitHook","filename":"spark_submit.py","lineno":644}
{"timestamp":"2026-01-11T16:48:35.176843Z","level":"info","event":"Loaded olist_products with 32951 records for cleaning.","logger":"airflow.task.hooks.airflow.providers.apache.spark.hooks.spark_submit.SparkSubmitHook","filename":"spark_submit.py","lineno":644}
{"timestamp":"2026-01-11T16:48:35.182075Z","level":"info","event":"root","logger":"airflow.task.hooks.airflow.providers.apache.spark.hooks.spark_submit.SparkSubmitHook","filename":"spark_submit.py","lineno":644}
{"timestamp":"2026-01-11T16:48:35.182222Z","level":"info","event":"|-- product_id: string (nullable = true)","logger":"airflow.task.hooks.airflow.providers.apache.spark.hooks.spark_submit.SparkSubmitHook","filename":"spark_submit.py","lineno":644}
{"timestamp":"2026-01-11T16:48:35.182292Z","level":"info","event":"|-- product_category_name: string (nullable = true)","logger":"airflow.task.hooks.airflow.providers.apache.spark.hooks.spark_submit.SparkSubmitHook","filename":"spark_submit.py","lineno":644}
{"timestamp":"2026-01-11T16:48:35.182634Z","level":"info","event":"|-- product_name_lenght: string (nullable = true)","logger":"airflow.task.hooks.airflow.providers.apache.spark.hooks.spark_submit.SparkSubmitHook","filename":"spark_submit.py","lineno":644}
{"timestamp":"2026-01-11T16:48:35.183153Z","level":"info","event":"|-- product_description_lenght: string (nullable = true)","logger":"airflow.task.hooks.airflow.providers.apache.spark.hooks.spark_submit.SparkSubmitHook","filename":"spark_submit.py","lineno":644}
{"timestamp":"2026-01-11T16:48:35.183197Z","level":"info","event":"|-- product_photos_qty: string (nullable = true)","logger":"airflow.task.hooks.airflow.providers.apache.spark.hooks.spark_submit.SparkSubmitHook","filename":"spark_submit.py","lineno":644}
{"timestamp":"2026-01-11T16:48:35.183252Z","level":"info","event":"|-- product_weight_g: string (nullable = true)","logger":"airflow.task.hooks.airflow.providers.apache.spark.hooks.spark_submit.SparkSubmitHook","filename":"spark_submit.py","lineno":644}
{"timestamp":"2026-01-11T16:48:35.183305Z","level":"info","event":"|-- product_length_cm: string (nullable = true)","logger":"airflow.task.hooks.airflow.providers.apache.spark.hooks.spark_submit.SparkSubmitHook","filename":"spark_submit.py","lineno":644}
{"timestamp":"2026-01-11T16:48:35.183350Z","level":"info","event":"|-- product_height_cm: string (nullable = true)","logger":"airflow.task.hooks.airflow.providers.apache.spark.hooks.spark_submit.SparkSubmitHook","filename":"spark_submit.py","lineno":644}
{"timestamp":"2026-01-11T16:48:35.183429Z","level":"info","event":"|-- product_width_cm: string (nullable = true)","logger":"airflow.task.hooks.airflow.providers.apache.spark.hooks.spark_submit.SparkSubmitHook","filename":"spark_submit.py","lineno":644}
{"timestamp":"2026-01-11T16:48:35.183486Z","level":"info","event":"","logger":"airflow.task.hooks.airflow.providers.apache.spark.hooks.spark_submit.SparkSubmitHook","filename":"spark_submit.py","lineno":644}
{"timestamp":"2026-01-11T16:48:35.219323Z","level":"info","event":"26/01/11 16:48:35 INFO InMemoryFileIndex: It took 3 ms to list leaf files for 1 paths.","logger":"airflow.task.hooks.airflow.providers.apache.spark.hooks.spark_submit.SparkSubmitHook","filename":"spark_submit.py","lineno":644}
{"timestamp":"2026-01-11T16:48:35.224672Z","level":"info","event":"26/01/11 16:48:35 INFO InMemoryFileIndex: It took 0 ms to list leaf files for 1 paths.","logger":"airflow.task.hooks.airflow.providers.apache.spark.hooks.spark_submit.SparkSubmitHook","filename":"spark_submit.py","lineno":644}
{"timestamp":"2026-01-11T16:48:35.274062Z","level":"info","event":"26/01/11 16:48:35 INFO FileSourceStrategy: Pushed Filters:","logger":"airflow.task.hooks.airflow.providers.apache.spark.hooks.spark_submit.SparkSubmitHook","filename":"spark_submit.py","lineno":644}
{"timestamp":"2026-01-11T16:48:35.274571Z","level":"info","event":"26/01/11 16:48:35 INFO FileSourceStrategy: Post-Scan Filters: (length(trim(value#292, None)) > 0)","logger":"airflow.task.hooks.airflow.providers.apache.spark.hooks.spark_submit.SparkSubmitHook","filename":"spark_submit.py","lineno":644}
{"timestamp":"2026-01-11T16:48:35.285619Z","level":"info","event":"26/01/11 16:48:35 INFO MemoryStore: Block broadcast_42 stored as values in memory (estimated size 199.5 KiB, free 1046.8 MiB)","logger":"airflow.task.hooks.airflow.providers.apache.spark.hooks.spark_submit.SparkSubmitHook","filename":"spark_submit.py","lineno":644}
{"timestamp":"2026-01-11T16:48:35.293032Z","level":"info","event":"26/01/11 16:48:35 INFO MemoryStore: Block broadcast_42_piece0 stored as bytes in memory (estimated size 34.2 KiB, free 1046.8 MiB)","logger":"airflow.task.hooks.airflow.providers.apache.spark.hooks.spark_submit.SparkSubmitHook","filename":"spark_submit.py","lineno":644}
{"timestamp":"2026-01-11T16:48:35.293443Z","level":"info","event":"26/01/11 16:48:35 INFO BlockManagerInfo: Added broadcast_42_piece0 in memory on localhost:42335 (size: 34.2 KiB, free: 1048.5 MiB)","logger":"airflow.task.hooks.airflow.providers.apache.spark.hooks.spark_submit.SparkSubmitHook","filename":"spark_submit.py","lineno":644}
{"timestamp":"2026-01-11T16:48:35.293950Z","level":"info","event":"26/01/11 16:48:35 INFO SparkContext: Created broadcast 42 from csv at NativeMethodAccessorImpl.java:0","logger":"airflow.task.hooks.airflow.providers.apache.spark.hooks.spark_submit.SparkSubmitHook","filename":"spark_submit.py","lineno":644}
{"timestamp":"2026-01-11T16:48:35.294556Z","level":"info","event":"26/01/11 16:48:35 INFO FileSourceScanExec: Planning scan with bin packing, max size: 4194304 bytes, open cost is considered as scanning 4194304 bytes.","logger":"airflow.task.hooks.airflow.providers.apache.spark.hooks.spark_submit.SparkSubmitHook","filename":"spark_submit.py","lineno":644}
{"timestamp":"2026-01-11T16:48:35.303378Z","level":"info","event":"26/01/11 16:48:35 INFO SparkContext: Starting job: csv at NativeMethodAccessorImpl.java:0","logger":"airflow.task.hooks.airflow.providers.apache.spark.hooks.spark_submit.SparkSubmitHook","filename":"spark_submit.py","lineno":644}
{"timestamp":"2026-01-11T16:48:35.305033Z","level":"info","event":"26/01/11 16:48:35 INFO DAGScheduler: Got job 21 (csv at NativeMethodAccessorImpl.java:0) with 1 output partitions","logger":"airflow.task.hooks.airflow.providers.apache.spark.hooks.spark_submit.SparkSubmitHook","filename":"spark_submit.py","lineno":644}
{"timestamp":"2026-01-11T16:48:35.310724Z","level":"info","event":"26/01/11 16:48:35 INFO DAGScheduler: Final stage: ResultStage 28 (csv at NativeMethodAccessorImpl.java:0)","logger":"airflow.task.hooks.airflow.providers.apache.spark.hooks.spark_submit.SparkSubmitHook","filename":"spark_submit.py","lineno":644}
{"timestamp":"2026-01-11T16:48:35.311261Z","level":"info","event":"26/01/11 16:48:35 INFO DAGScheduler: Parents of final stage: List()","logger":"airflow.task.hooks.airflow.providers.apache.spark.hooks.spark_submit.SparkSubmitHook","filename":"spark_submit.py","lineno":644}
{"timestamp":"2026-01-11T16:48:35.311468Z","level":"info","event":"26/01/11 16:48:35 INFO DAGScheduler: Missing parents: List()","logger":"airflow.task.hooks.airflow.providers.apache.spark.hooks.spark_submit.SparkSubmitHook","filename":"spark_submit.py","lineno":644}
{"timestamp":"2026-01-11T16:48:35.311558Z","level":"info","event":"26/01/11 16:48:35 INFO DAGScheduler: Submitting ResultStage 28 (MapPartitionsRDD[122] at csv at NativeMethodAccessorImpl.java:0), which has no missing parents","logger":"airflow.task.hooks.airflow.providers.apache.spark.hooks.spark_submit.SparkSubmitHook","filename":"spark_submit.py","lineno":644}
{"timestamp":"2026-01-11T16:48:35.311625Z","level":"info","event":"26/01/11 16:48:35 INFO MemoryStore: Block broadcast_43 stored as values in memory (estimated size 13.5 KiB, free 1046.8 MiB)","logger":"airflow.task.hooks.airflow.providers.apache.spark.hooks.spark_submit.SparkSubmitHook","filename":"spark_submit.py","lineno":644}
{"timestamp":"2026-01-11T16:48:35.314069Z","level":"info","event":"26/01/11 16:48:35 INFO MemoryStore: Block broadcast_43_piece0 stored as bytes in memory (estimated size 6.4 KiB, free 1046.8 MiB)","logger":"airflow.task.hooks.airflow.providers.apache.spark.hooks.spark_submit.SparkSubmitHook","filename":"spark_submit.py","lineno":644}
{"timestamp":"2026-01-11T16:48:35.314596Z","level":"info","event":"26/01/11 16:48:35 INFO BlockManagerInfo: Added broadcast_43_piece0 in memory on localhost:42335 (size: 6.4 KiB, free: 1048.5 MiB)","logger":"airflow.task.hooks.airflow.providers.apache.spark.hooks.spark_submit.SparkSubmitHook","filename":"spark_submit.py","lineno":644}
{"timestamp":"2026-01-11T16:48:35.315353Z","level":"info","event":"26/01/11 16:48:35 INFO SparkContext: Created broadcast 43 from broadcast at DAGScheduler.scala:1580","logger":"airflow.task.hooks.airflow.providers.apache.spark.hooks.spark_submit.SparkSubmitHook","filename":"spark_submit.py","lineno":644}
{"timestamp":"2026-01-11T16:48:35.316086Z","level":"info","event":"26/01/11 16:48:35 INFO DAGScheduler: Submitting 1 missing tasks from ResultStage 28 (MapPartitionsRDD[122] at csv at NativeMethodAccessorImpl.java:0) (first 15 tasks are for partitions Vector(0))","logger":"airflow.task.hooks.airflow.providers.apache.spark.hooks.spark_submit.SparkSubmitHook","filename":"spark_submit.py","lineno":644}
{"timestamp":"2026-01-11T16:48:35.316274Z","level":"info","event":"26/01/11 16:48:35 INFO TaskSchedulerImpl: Adding task set 28.0 with 1 tasks resource profile 0","logger":"airflow.task.hooks.airflow.providers.apache.spark.hooks.spark_submit.SparkSubmitHook","filename":"spark_submit.py","lineno":644}
{"timestamp":"2026-01-11T16:48:35.318452Z","level":"info","event":"26/01/11 16:48:35 INFO TaskSetManager: Starting task 0.0 in stage 28.0 (TID 40) (localhost, executor driver, partition 0, PROCESS_LOCAL, 8277 bytes)","logger":"airflow.task.hooks.airflow.providers.apache.spark.hooks.spark_submit.SparkSubmitHook","filename":"spark_submit.py","lineno":644}
{"timestamp":"2026-01-11T16:48:35.319847Z","level":"info","event":"26/01/11 16:48:35 INFO Executor: Running task 0.0 in stage 28.0 (TID 40)","logger":"airflow.task.hooks.airflow.providers.apache.spark.hooks.spark_submit.SparkSubmitHook","filename":"spark_submit.py","lineno":644}
{"timestamp":"2026-01-11T16:48:35.327725Z","level":"info","event":"26/01/11 16:48:35 INFO FileScanRDD: Reading File path: file:///opt/airflow/data/raw/olist_sellers/part-00000-4ba0edea-4f6f-4e26-9369-2bc084106f7c-c000.csv, range: 0-164617, partition values: [empty row]","logger":"airflow.task.hooks.airflow.providers.apache.spark.hooks.spark_submit.SparkSubmitHook","filename":"spark_submit.py","lineno":644}
{"timestamp":"2026-01-11T16:48:35.333665Z","level":"info","event":"26/01/11 16:48:35 INFO Executor: Finished task 0.0 in stage 28.0 (TID 40). 1621 bytes result sent to driver","logger":"airflow.task.hooks.airflow.providers.apache.spark.hooks.spark_submit.SparkSubmitHook","filename":"spark_submit.py","lineno":644}
{"timestamp":"2026-01-11T16:48:35.334364Z","level":"info","event":"26/01/11 16:48:35 INFO TaskSetManager: Finished task 0.0 in stage 28.0 (TID 40) in 17 ms on localhost (executor driver) (1/1)","logger":"airflow.task.hooks.airflow.providers.apache.spark.hooks.spark_submit.SparkSubmitHook","filename":"spark_submit.py","lineno":644}
{"timestamp":"2026-01-11T16:48:35.334420Z","level":"info","event":"26/01/11 16:48:35 INFO TaskSchedulerImpl: Removed TaskSet 28.0, whose tasks have all completed, from pool","logger":"airflow.task.hooks.airflow.providers.apache.spark.hooks.spark_submit.SparkSubmitHook","filename":"spark_submit.py","lineno":644}
{"timestamp":"2026-01-11T16:48:35.334807Z","level":"info","event":"26/01/11 16:48:35 INFO DAGScheduler: ResultStage 28 (csv at NativeMethodAccessorImpl.java:0) finished in 0.026 s","logger":"airflow.task.hooks.airflow.providers.apache.spark.hooks.spark_submit.SparkSubmitHook","filename":"spark_submit.py","lineno":644}
{"timestamp":"2026-01-11T16:48:35.334991Z","level":"info","event":"26/01/11 16:48:35 INFO DAGScheduler: Job 21 is finished. Cancelling potential speculative or zombie tasks for this job","logger":"airflow.task.hooks.airflow.providers.apache.spark.hooks.spark_submit.SparkSubmitHook","filename":"spark_submit.py","lineno":644}
{"timestamp":"2026-01-11T16:48:35.335228Z","level":"info","event":"26/01/11 16:48:35 INFO TaskSchedulerImpl: Killing all running tasks in stage 28: Stage finished","logger":"airflow.task.hooks.airflow.providers.apache.spark.hooks.spark_submit.SparkSubmitHook","filename":"spark_submit.py","lineno":644}
{"timestamp":"2026-01-11T16:48:35.335276Z","level":"info","event":"26/01/11 16:48:35 INFO DAGScheduler: Job 21 finished: csv at NativeMethodAccessorImpl.java:0, took 0.031876 s","logger":"airflow.task.hooks.airflow.providers.apache.spark.hooks.spark_submit.SparkSubmitHook","filename":"spark_submit.py","lineno":644}
{"timestamp":"2026-01-11T16:48:35.346532Z","level":"info","event":"26/01/11 16:48:35 INFO FileSourceStrategy: Pushed Filters:","logger":"airflow.task.hooks.airflow.providers.apache.spark.hooks.spark_submit.SparkSubmitHook","filename":"spark_submit.py","lineno":644}
{"timestamp":"2026-01-11T16:48:35.346671Z","level":"info","event":"26/01/11 16:48:35 INFO FileSourceStrategy: Post-Scan Filters:","logger":"airflow.task.hooks.airflow.providers.apache.spark.hooks.spark_submit.SparkSubmitHook","filename":"spark_submit.py","lineno":644}
{"timestamp":"2026-01-11T16:48:35.349019Z","level":"info","event":"26/01/11 16:48:35 INFO MemoryStore: Block broadcast_44 stored as values in memory (estimated size 199.5 KiB, free 1046.6 MiB)","logger":"airflow.task.hooks.airflow.providers.apache.spark.hooks.spark_submit.SparkSubmitHook","filename":"spark_submit.py","lineno":644}
{"timestamp":"2026-01-11T16:48:35.356541Z","level":"info","event":"26/01/11 16:48:35 INFO MemoryStore: Block broadcast_44_piece0 stored as bytes in memory (estimated size 34.2 KiB, free 1046.6 MiB)","logger":"airflow.task.hooks.airflow.providers.apache.spark.hooks.spark_submit.SparkSubmitHook","filename":"spark_submit.py","lineno":644}
{"timestamp":"2026-01-11T16:48:35.356954Z","level":"info","event":"26/01/11 16:48:35 INFO BlockManagerInfo: Added broadcast_44_piece0 in memory on localhost:42335 (size: 34.2 KiB, free: 1048.4 MiB)","logger":"airflow.task.hooks.airflow.providers.apache.spark.hooks.spark_submit.SparkSubmitHook","filename":"spark_submit.py","lineno":644}
{"timestamp":"2026-01-11T16:48:35.357377Z","level":"info","event":"26/01/11 16:48:35 INFO SparkContext: Created broadcast 44 from csv at NativeMethodAccessorImpl.java:0","logger":"airflow.task.hooks.airflow.providers.apache.spark.hooks.spark_submit.SparkSubmitHook","filename":"spark_submit.py","lineno":644}
{"timestamp":"2026-01-11T16:48:35.357855Z","level":"info","event":"26/01/11 16:48:35 INFO FileSourceScanExec: Planning scan with bin packing, max size: 4194304 bytes, open cost is considered as scanning 4194304 bytes.","logger":"airflow.task.hooks.airflow.providers.apache.spark.hooks.spark_submit.SparkSubmitHook","filename":"spark_submit.py","lineno":644}
{"timestamp":"2026-01-11T16:48:35.366369Z","level":"info","event":"____________________________________________________","logger":"airflow.task.hooks.airflow.providers.apache.spark.hooks.spark_submit.SparkSubmitHook","filename":"spark_submit.py","lineno":644}
{"timestamp":"2026-01-11T16:48:35.373396Z","level":"info","event":"26/01/11 16:48:35 INFO FileSourceStrategy: Pushed Filters:","logger":"airflow.task.hooks.airflow.providers.apache.spark.hooks.spark_submit.SparkSubmitHook","filename":"spark_submit.py","lineno":644}
{"timestamp":"2026-01-11T16:48:35.373520Z","level":"info","event":"26/01/11 16:48:35 INFO FileSourceStrategy: Post-Scan Filters:","logger":"airflow.task.hooks.airflow.providers.apache.spark.hooks.spark_submit.SparkSubmitHook","filename":"spark_submit.py","lineno":644}
{"timestamp":"2026-01-11T16:48:35.381088Z","level":"info","event":"26/01/11 16:48:35 INFO MemoryStore: Block broadcast_45 stored as values in memory (estimated size 199.4 KiB, free 1046.4 MiB)","logger":"airflow.task.hooks.airflow.providers.apache.spark.hooks.spark_submit.SparkSubmitHook","filename":"spark_submit.py","lineno":644}
{"timestamp":"2026-01-11T16:48:35.401103Z","level":"info","event":"26/01/11 16:48:35 INFO MemoryStore: Block broadcast_45_piece0 stored as bytes in memory (estimated size 34.2 KiB, free 1046.3 MiB)","logger":"airflow.task.hooks.airflow.providers.apache.spark.hooks.spark_submit.SparkSubmitHook","filename":"spark_submit.py","lineno":644}
{"timestamp":"2026-01-11T16:48:35.401887Z","level":"info","event":"26/01/11 16:48:35 INFO BlockManagerInfo: Added broadcast_45_piece0 in memory on localhost:42335 (size: 34.2 KiB, free: 1048.4 MiB)","logger":"airflow.task.hooks.airflow.providers.apache.spark.hooks.spark_submit.SparkSubmitHook","filename":"spark_submit.py","lineno":644}
{"timestamp":"2026-01-11T16:48:35.402929Z","level":"info","event":"26/01/11 16:48:35 INFO SparkContext: Created broadcast 45 from count at NativeMethodAccessorImpl.java:0","logger":"airflow.task.hooks.airflow.providers.apache.spark.hooks.spark_submit.SparkSubmitHook","filename":"spark_submit.py","lineno":644}
{"timestamp":"2026-01-11T16:48:35.403913Z","level":"info","event":"26/01/11 16:48:35 INFO FileSourceScanExec: Planning scan with bin packing, max size: 4194304 bytes, open cost is considered as scanning 4194304 bytes.","logger":"airflow.task.hooks.airflow.providers.apache.spark.hooks.spark_submit.SparkSubmitHook","filename":"spark_submit.py","lineno":644}
{"timestamp":"2026-01-11T16:48:35.409143Z","level":"info","event":"26/01/11 16:48:35 INFO DAGScheduler: Registering RDD 132 (count at NativeMethodAccessorImpl.java:0) as input to shuffle 7","logger":"airflow.task.hooks.airflow.providers.apache.spark.hooks.spark_submit.SparkSubmitHook","filename":"spark_submit.py","lineno":644}
{"timestamp":"2026-01-11T16:48:35.409415Z","level":"info","event":"26/01/11 16:48:35 INFO DAGScheduler: Got map stage job 22 (count at NativeMethodAccessorImpl.java:0) with 1 output partitions","logger":"airflow.task.hooks.airflow.providers.apache.spark.hooks.spark_submit.SparkSubmitHook","filename":"spark_submit.py","lineno":644}
{"timestamp":"2026-01-11T16:48:35.409494Z","level":"info","event":"26/01/11 16:48:35 INFO DAGScheduler: Final stage: ShuffleMapStage 29 (count at NativeMethodAccessorImpl.java:0)","logger":"airflow.task.hooks.airflow.providers.apache.spark.hooks.spark_submit.SparkSubmitHook","filename":"spark_submit.py","lineno":644}
{"timestamp":"2026-01-11T16:48:35.409559Z","level":"info","event":"26/01/11 16:48:35 INFO DAGScheduler: Parents of final stage: List()","logger":"airflow.task.hooks.airflow.providers.apache.spark.hooks.spark_submit.SparkSubmitHook","filename":"spark_submit.py","lineno":644}
{"timestamp":"2026-01-11T16:48:35.409636Z","level":"info","event":"26/01/11 16:48:35 INFO DAGScheduler: Missing parents: List()","logger":"airflow.task.hooks.airflow.providers.apache.spark.hooks.spark_submit.SparkSubmitHook","filename":"spark_submit.py","lineno":644}
{"timestamp":"2026-01-11T16:48:35.409719Z","level":"info","event":"26/01/11 16:48:35 INFO DAGScheduler: Submitting ShuffleMapStage 29 (MapPartitionsRDD[132] at count at NativeMethodAccessorImpl.java:0), which has no missing parents","logger":"airflow.task.hooks.airflow.providers.apache.spark.hooks.spark_submit.SparkSubmitHook","filename":"spark_submit.py","lineno":644}
{"timestamp":"2026-01-11T16:48:35.425568Z","level":"info","event":"26/01/11 16:48:35 INFO MemoryStore: Block broadcast_46 stored as values in memory (estimated size 17.8 KiB, free 1046.3 MiB)","logger":"airflow.task.hooks.airflow.providers.apache.spark.hooks.spark_submit.SparkSubmitHook","filename":"spark_submit.py","lineno":644}
{"timestamp":"2026-01-11T16:48:35.435123Z","level":"info","event":"26/01/11 16:48:35 INFO MemoryStore: Block broadcast_46_piece0 stored as bytes in memory (estimated size 8.8 KiB, free 1046.3 MiB)","logger":"airflow.task.hooks.airflow.providers.apache.spark.hooks.spark_submit.SparkSubmitHook","filename":"spark_submit.py","lineno":644}
{"timestamp":"2026-01-11T16:48:35.436235Z","level":"info","event":"26/01/11 16:48:35 INFO BlockManagerInfo: Added broadcast_46_piece0 in memory on localhost:42335 (size: 8.8 KiB, free: 1048.4 MiB)","logger":"airflow.task.hooks.airflow.providers.apache.spark.hooks.spark_submit.SparkSubmitHook","filename":"spark_submit.py","lineno":644}
{"timestamp":"2026-01-11T16:48:35.436951Z","level":"info","event":"26/01/11 16:48:35 INFO SparkContext: Created broadcast 46 from broadcast at DAGScheduler.scala:1580","logger":"airflow.task.hooks.airflow.providers.apache.spark.hooks.spark_submit.SparkSubmitHook","filename":"spark_submit.py","lineno":644}
{"timestamp":"2026-01-11T16:48:35.438118Z","level":"info","event":"26/01/11 16:48:35 INFO DAGScheduler: Submitting 1 missing tasks from ShuffleMapStage 29 (MapPartitionsRDD[132] at count at NativeMethodAccessorImpl.java:0) (first 15 tasks are for partitions Vector(0))","logger":"airflow.task.hooks.airflow.providers.apache.spark.hooks.spark_submit.SparkSubmitHook","filename":"spark_submit.py","lineno":644}
{"timestamp":"2026-01-11T16:48:35.438499Z","level":"info","event":"26/01/11 16:48:35 INFO TaskSchedulerImpl: Adding task set 29.0 with 1 tasks resource profile 0","logger":"airflow.task.hooks.airflow.providers.apache.spark.hooks.spark_submit.SparkSubmitHook","filename":"spark_submit.py","lineno":644}
{"timestamp":"2026-01-11T16:48:35.441180Z","level":"info","event":"26/01/11 16:48:35 INFO TaskSetManager: Starting task 0.0 in stage 29.0 (TID 41) (localhost, executor driver, partition 0, PROCESS_LOCAL, 8266 bytes)","logger":"airflow.task.hooks.airflow.providers.apache.spark.hooks.spark_submit.SparkSubmitHook","filename":"spark_submit.py","lineno":644}
{"timestamp":"2026-01-11T16:48:35.444524Z","level":"info","event":"26/01/11 16:48:35 INFO Executor: Running task 0.0 in stage 29.0 (TID 41)","logger":"airflow.task.hooks.airflow.providers.apache.spark.hooks.spark_submit.SparkSubmitHook","filename":"spark_submit.py","lineno":644}
{"timestamp":"2026-01-11T16:48:35.453247Z","level":"info","event":"26/01/11 16:48:35 INFO FileScanRDD: Reading File path: file:///opt/airflow/data/raw/olist_sellers/part-00000-4ba0edea-4f6f-4e26-9369-2bc084106f7c-c000.csv, range: 0-164617, partition values: [empty row]","logger":"airflow.task.hooks.airflow.providers.apache.spark.hooks.spark_submit.SparkSubmitHook","filename":"spark_submit.py","lineno":644}
{"timestamp":"2026-01-11T16:48:35.474479Z","level":"info","event":"26/01/11 16:48:35 INFO Executor: Finished task 0.0 in stage 29.0 (TID 41). 1925 bytes result sent to driver","logger":"airflow.task.hooks.airflow.providers.apache.spark.hooks.spark_submit.SparkSubmitHook","filename":"spark_submit.py","lineno":644}
{"timestamp":"2026-01-11T16:48:35.479305Z","level":"info","event":"26/01/11 16:48:35 INFO TaskSetManager: Finished task 0.0 in stage 29.0 (TID 41) in 38 ms on localhost (executor driver) (1/1)","logger":"airflow.task.hooks.airflow.providers.apache.spark.hooks.spark_submit.SparkSubmitHook","filename":"spark_submit.py","lineno":644}
{"timestamp":"2026-01-11T16:48:35.479436Z","level":"info","event":"26/01/11 16:48:35 INFO TaskSchedulerImpl: Removed TaskSet 29.0, whose tasks have all completed, from pool","logger":"airflow.task.hooks.airflow.providers.apache.spark.hooks.spark_submit.SparkSubmitHook","filename":"spark_submit.py","lineno":644}
{"timestamp":"2026-01-11T16:48:35.481485Z","level":"info","event":"26/01/11 16:48:35 INFO DAGScheduler: ShuffleMapStage 29 (count at NativeMethodAccessorImpl.java:0) finished in 0.070 s","logger":"airflow.task.hooks.airflow.providers.apache.spark.hooks.spark_submit.SparkSubmitHook","filename":"spark_submit.py","lineno":644}
{"timestamp":"2026-01-11T16:48:35.481680Z","level":"info","event":"26/01/11 16:48:35 INFO DAGScheduler: looking for newly runnable stages","logger":"airflow.task.hooks.airflow.providers.apache.spark.hooks.spark_submit.SparkSubmitHook","filename":"spark_submit.py","lineno":644}
{"timestamp":"2026-01-11T16:48:35.483180Z","level":"info","event":"26/01/11 16:48:35 INFO DAGScheduler: running: Set()","logger":"airflow.task.hooks.airflow.providers.apache.spark.hooks.spark_submit.SparkSubmitHook","filename":"spark_submit.py","lineno":644}
{"timestamp":"2026-01-11T16:48:35.483282Z","level":"info","event":"26/01/11 16:48:35 INFO DAGScheduler: waiting: Set()","logger":"airflow.task.hooks.airflow.providers.apache.spark.hooks.spark_submit.SparkSubmitHook","filename":"spark_submit.py","lineno":644}
{"timestamp":"2026-01-11T16:48:35.483328Z","level":"info","event":"26/01/11 16:48:35 INFO DAGScheduler: failed: Set()","logger":"airflow.task.hooks.airflow.providers.apache.spark.hooks.spark_submit.SparkSubmitHook","filename":"spark_submit.py","lineno":644}
{"timestamp":"2026-01-11T16:48:35.503973Z","level":"info","event":"26/01/11 16:48:35 INFO SparkContext: Starting job: count at NativeMethodAccessorImpl.java:0","logger":"airflow.task.hooks.airflow.providers.apache.spark.hooks.spark_submit.SparkSubmitHook","filename":"spark_submit.py","lineno":644}
{"timestamp":"2026-01-11T16:48:35.505132Z","level":"info","event":"26/01/11 16:48:35 INFO DAGScheduler: Got job 23 (count at NativeMethodAccessorImpl.java:0) with 1 output partitions","logger":"airflow.task.hooks.airflow.providers.apache.spark.hooks.spark_submit.SparkSubmitHook","filename":"spark_submit.py","lineno":644}
{"timestamp":"2026-01-11T16:48:35.505372Z","level":"info","event":"26/01/11 16:48:35 INFO DAGScheduler: Final stage: ResultStage 31 (count at NativeMethodAccessorImpl.java:0)","logger":"airflow.task.hooks.airflow.providers.apache.spark.hooks.spark_submit.SparkSubmitHook","filename":"spark_submit.py","lineno":644}
{"timestamp":"2026-01-11T16:48:35.505546Z","level":"info","event":"26/01/11 16:48:35 INFO DAGScheduler: Parents of final stage: List(ShuffleMapStage 30)","logger":"airflow.task.hooks.airflow.providers.apache.spark.hooks.spark_submit.SparkSubmitHook","filename":"spark_submit.py","lineno":644}
{"timestamp":"2026-01-11T16:48:35.505645Z","level":"info","event":"26/01/11 16:48:35 INFO DAGScheduler: Missing parents: List()","logger":"airflow.task.hooks.airflow.providers.apache.spark.hooks.spark_submit.SparkSubmitHook","filename":"spark_submit.py","lineno":644}
{"timestamp":"2026-01-11T16:48:35.505795Z","level":"info","event":"26/01/11 16:48:35 INFO DAGScheduler: Submitting ResultStage 31 (MapPartitionsRDD[135] at count at NativeMethodAccessorImpl.java:0), which has no missing parents","logger":"airflow.task.hooks.airflow.providers.apache.spark.hooks.spark_submit.SparkSubmitHook","filename":"spark_submit.py","lineno":644}
{"timestamp":"2026-01-11T16:48:35.507045Z","level":"info","event":"26/01/11 16:48:35 INFO MemoryStore: Block broadcast_47 stored as values in memory (estimated size 12.5 KiB, free 1046.3 MiB)","logger":"airflow.task.hooks.airflow.providers.apache.spark.hooks.spark_submit.SparkSubmitHook","filename":"spark_submit.py","lineno":644}
{"timestamp":"2026-01-11T16:48:35.557910Z","level":"info","event":"26/01/11 16:48:35 INFO BlockManagerInfo: Removed broadcast_31_piece0 on localhost:42335 in memory (size: 6.4 KiB, free: 1048.4 MiB)","logger":"airflow.task.hooks.airflow.providers.apache.spark.hooks.spark_submit.SparkSubmitHook","filename":"spark_submit.py","lineno":644}
{"timestamp":"2026-01-11T16:48:35.559705Z","level":"info","event":"26/01/11 16:48:35 INFO MemoryStore: Block broadcast_47_piece0 stored as bytes in memory (estimated size 5.9 KiB, free 1046.3 MiB)","logger":"airflow.task.hooks.airflow.providers.apache.spark.hooks.spark_submit.SparkSubmitHook","filename":"spark_submit.py","lineno":644}
{"timestamp":"2026-01-11T16:48:35.560077Z","level":"info","event":"26/01/11 16:48:35 INFO BlockManagerInfo: Added broadcast_47_piece0 in memory on localhost:42335 (size: 5.9 KiB, free: 1048.4 MiB)","logger":"airflow.task.hooks.airflow.providers.apache.spark.hooks.spark_submit.SparkSubmitHook","filename":"spark_submit.py","lineno":644}
{"timestamp":"2026-01-11T16:48:35.560909Z","level":"info","event":"26/01/11 16:48:35 INFO SparkContext: Created broadcast 47 from broadcast at DAGScheduler.scala:1580","logger":"airflow.task.hooks.airflow.providers.apache.spark.hooks.spark_submit.SparkSubmitHook","filename":"spark_submit.py","lineno":644}
{"timestamp":"2026-01-11T16:48:35.561974Z","level":"info","event":"26/01/11 16:48:35 INFO DAGScheduler: Submitting 1 missing tasks from ResultStage 31 (MapPartitionsRDD[135] at count at NativeMethodAccessorImpl.java:0) (first 15 tasks are for partitions Vector(0))","logger":"airflow.task.hooks.airflow.providers.apache.spark.hooks.spark_submit.SparkSubmitHook","filename":"spark_submit.py","lineno":644}
{"timestamp":"2026-01-11T16:48:35.562085Z","level":"info","event":"26/01/11 16:48:35 INFO TaskSchedulerImpl: Adding task set 31.0 with 1 tasks resource profile 0","logger":"airflow.task.hooks.airflow.providers.apache.spark.hooks.spark_submit.SparkSubmitHook","filename":"spark_submit.py","lineno":644}
{"timestamp":"2026-01-11T16:48:35.563957Z","level":"info","event":"26/01/11 16:48:35 INFO TaskSetManager: Starting task 0.0 in stage 31.0 (TID 42) (localhost, executor driver, partition 0, NODE_LOCAL, 7615 bytes)","logger":"airflow.task.hooks.airflow.providers.apache.spark.hooks.spark_submit.SparkSubmitHook","filename":"spark_submit.py","lineno":644}
{"timestamp":"2026-01-11T16:48:35.564731Z","level":"info","event":"26/01/11 16:48:35 INFO BlockManagerInfo: Removed broadcast_36_piece0 on localhost:42335 in memory (size: 34.2 KiB, free: 1048.4 MiB)","logger":"airflow.task.hooks.airflow.providers.apache.spark.hooks.spark_submit.SparkSubmitHook","filename":"spark_submit.py","lineno":644}
{"timestamp":"2026-01-11T16:48:35.565100Z","level":"info","event":"26/01/11 16:48:35 INFO Executor: Running task 0.0 in stage 31.0 (TID 42)","logger":"airflow.task.hooks.airflow.providers.apache.spark.hooks.spark_submit.SparkSubmitHook","filename":"spark_submit.py","lineno":644}
{"timestamp":"2026-01-11T16:48:35.572193Z","level":"info","event":"26/01/11 16:48:35 INFO BlockManagerInfo: Removed broadcast_32_piece0 on localhost:42335 in memory (size: 34.2 KiB, free: 1048.5 MiB)","logger":"airflow.task.hooks.airflow.providers.apache.spark.hooks.spark_submit.SparkSubmitHook","filename":"spark_submit.py","lineno":644}
{"timestamp":"2026-01-11T16:48:35.582353Z","level":"info","event":"26/01/11 16:48:35 INFO BlockManagerInfo: Removed broadcast_39_piece0 on localhost:42335 in memory (size: 34.2 KiB, free: 1048.5 MiB)","logger":"airflow.task.hooks.airflow.providers.apache.spark.hooks.spark_submit.SparkSubmitHook","filename":"spark_submit.py","lineno":644}
{"timestamp":"2026-01-11T16:48:35.582698Z","level":"info","event":"26/01/11 16:48:35 INFO ShuffleBlockFetcherIterator: Getting 1 (60.0 B) non-empty blocks including 1 (60.0 B) local and 0 (0.0 B) host-local and 0 (0.0 B) push-merged-local and 0 (0.0 B) remote blocks","logger":"airflow.task.hooks.airflow.providers.apache.spark.hooks.spark_submit.SparkSubmitHook","filename":"spark_submit.py","lineno":644}
{"timestamp":"2026-01-11T16:48:35.584225Z","level":"info","event":"26/01/11 16:48:35 INFO ShuffleBlockFetcherIterator: Started 0 remote fetches in 4 ms","logger":"airflow.task.hooks.airflow.providers.apache.spark.hooks.spark_submit.SparkSubmitHook","filename":"spark_submit.py","lineno":644}
{"timestamp":"2026-01-11T16:48:35.593347Z","level":"info","event":"26/01/11 16:48:35 INFO BlockManagerInfo: Removed broadcast_34_piece0 on localhost:42335 in memory (size: 8.8 KiB, free: 1048.5 MiB)","logger":"airflow.task.hooks.airflow.providers.apache.spark.hooks.spark_submit.SparkSubmitHook","filename":"spark_submit.py","lineno":644}
{"timestamp":"2026-01-11T16:48:35.599542Z","level":"info","event":"26/01/11 16:48:35 INFO Executor: Finished task 0.0 in stage 31.0 (TID 42). 4038 bytes result sent to driver","logger":"airflow.task.hooks.airflow.providers.apache.spark.hooks.spark_submit.SparkSubmitHook","filename":"spark_submit.py","lineno":644}
{"timestamp":"2026-01-11T16:48:35.606148Z","level":"info","event":"26/01/11 16:48:35 INFO BlockManagerInfo: Removed broadcast_44_piece0 on localhost:42335 in memory (size: 34.2 KiB, free: 1048.5 MiB)","logger":"airflow.task.hooks.airflow.providers.apache.spark.hooks.spark_submit.SparkSubmitHook","filename":"spark_submit.py","lineno":644}
{"timestamp":"2026-01-11T16:48:35.606291Z","level":"info","event":"26/01/11 16:48:35 INFO TaskSetManager: Finished task 0.0 in stage 31.0 (TID 42) in 42 ms on localhost (executor driver) (1/1)","logger":"airflow.task.hooks.airflow.providers.apache.spark.hooks.spark_submit.SparkSubmitHook","filename":"spark_submit.py","lineno":644}
{"timestamp":"2026-01-11T16:48:35.606339Z","level":"info","event":"26/01/11 16:48:35 INFO TaskSchedulerImpl: Removed TaskSet 31.0, whose tasks have all completed, from pool","logger":"airflow.task.hooks.airflow.providers.apache.spark.hooks.spark_submit.SparkSubmitHook","filename":"spark_submit.py","lineno":644}
{"timestamp":"2026-01-11T16:48:35.608291Z","level":"info","event":"26/01/11 16:48:35 INFO DAGScheduler: ResultStage 31 (count at NativeMethodAccessorImpl.java:0) finished in 0.100 s","logger":"airflow.task.hooks.airflow.providers.apache.spark.hooks.spark_submit.SparkSubmitHook","filename":"spark_submit.py","lineno":644}
{"timestamp":"2026-01-11T16:48:35.608499Z","level":"info","event":"26/01/11 16:48:35 INFO DAGScheduler: Job 23 is finished. Cancelling potential speculative or zombie tasks for this job","logger":"airflow.task.hooks.airflow.providers.apache.spark.hooks.spark_submit.SparkSubmitHook","filename":"spark_submit.py","lineno":644}
{"timestamp":"2026-01-11T16:48:35.608640Z","level":"info","event":"26/01/11 16:48:35 INFO TaskSchedulerImpl: Killing all running tasks in stage 31: Stage finished","logger":"airflow.task.hooks.airflow.providers.apache.spark.hooks.spark_submit.SparkSubmitHook","filename":"spark_submit.py","lineno":644}
{"timestamp":"2026-01-11T16:48:35.613409Z","level":"info","event":"26/01/11 16:48:35 INFO DAGScheduler: Job 23 finished: count at NativeMethodAccessorImpl.java:0, took 0.105164 s","logger":"airflow.task.hooks.airflow.providers.apache.spark.hooks.spark_submit.SparkSubmitHook","filename":"spark_submit.py","lineno":644}
{"timestamp":"2026-01-11T16:48:35.618280Z","level":"info","event":"26/01/11 16:48:35 INFO BlockManagerInfo: Removed broadcast_29_piece0 on localhost:42335 in memory (size: 5.9 KiB, free: 1048.5 MiB)","logger":"airflow.task.hooks.airflow.providers.apache.spark.hooks.spark_submit.SparkSubmitHook","filename":"spark_submit.py","lineno":644}
{"timestamp":"2026-01-11T16:48:35.624947Z","level":"info","event":"26/01/11 16:48:35 INFO BlockManagerInfo: Removed broadcast_37_piece0 on localhost:42335 in memory (size: 6.4 KiB, free: 1048.6 MiB)","logger":"airflow.task.hooks.airflow.providers.apache.spark.hooks.spark_submit.SparkSubmitHook","filename":"spark_submit.py","lineno":644}
{"timestamp":"2026-01-11T16:48:35.628594Z","level":"info","event":"Loaded olist_sellers with 3095 records for cleaning.","logger":"airflow.task.hooks.airflow.providers.apache.spark.hooks.spark_submit.SparkSubmitHook","filename":"spark_submit.py","lineno":644}
{"timestamp":"2026-01-11T16:48:35.632902Z","level":"info","event":"root","logger":"airflow.task.hooks.airflow.providers.apache.spark.hooks.spark_submit.SparkSubmitHook","filename":"spark_submit.py","lineno":644}
{"timestamp":"2026-01-11T16:48:35.633260Z","level":"info","event":"|-- seller_id: string (nullable = true)","logger":"airflow.task.hooks.airflow.providers.apache.spark.hooks.spark_submit.SparkSubmitHook","filename":"spark_submit.py","lineno":644}
{"timestamp":"2026-01-11T16:48:35.633360Z","level":"info","event":"|-- seller_zip_code_prefix: string (nullable = true)","logger":"airflow.task.hooks.airflow.providers.apache.spark.hooks.spark_submit.SparkSubmitHook","filename":"spark_submit.py","lineno":644}
{"timestamp":"2026-01-11T16:48:35.633489Z","level":"info","event":"|-- seller_city: string (nullable = true)","logger":"airflow.task.hooks.airflow.providers.apache.spark.hooks.spark_submit.SparkSubmitHook","filename":"spark_submit.py","lineno":644}
{"timestamp":"2026-01-11T16:48:35.633553Z","level":"info","event":"|-- seller_state: string (nullable = true)","logger":"airflow.task.hooks.airflow.providers.apache.spark.hooks.spark_submit.SparkSubmitHook","filename":"spark_submit.py","lineno":644}
{"timestamp":"2026-01-11T16:48:35.633587Z","level":"info","event":"","logger":"airflow.task.hooks.airflow.providers.apache.spark.hooks.spark_submit.SparkSubmitHook","filename":"spark_submit.py","lineno":644}
{"timestamp":"2026-01-11T16:48:35.635323Z","level":"info","event":"26/01/11 16:48:35 INFO BlockManagerInfo: Removed broadcast_40_piece0 on localhost:42335 in memory (size: 8.8 KiB, free: 1048.6 MiB)","logger":"airflow.task.hooks.airflow.providers.apache.spark.hooks.spark_submit.SparkSubmitHook","filename":"spark_submit.py","lineno":644}
{"timestamp":"2026-01-11T16:48:35.646426Z","level":"info","event":"26/01/11 16:48:35 INFO BlockManagerInfo: Removed broadcast_33_piece0 on localhost:42335 in memory (size: 34.2 KiB, free: 1048.6 MiB)","logger":"airflow.task.hooks.airflow.providers.apache.spark.hooks.spark_submit.SparkSubmitHook","filename":"spark_submit.py","lineno":644}
{"timestamp":"2026-01-11T16:48:35.656333Z","level":"info","event":"26/01/11 16:48:35 INFO BlockManagerInfo: Removed broadcast_28_piece0 on localhost:42335 in memory (size: 8.8 KiB, free: 1048.6 MiB)","logger":"airflow.task.hooks.airflow.providers.apache.spark.hooks.spark_submit.SparkSubmitHook","filename":"spark_submit.py","lineno":644}
{"timestamp":"2026-01-11T16:48:35.667862Z","level":"info","event":"26/01/11 16:48:35 INFO InMemoryFileIndex: It took 11 ms to list leaf files for 1 paths.","logger":"airflow.task.hooks.airflow.providers.apache.spark.hooks.spark_submit.SparkSubmitHook","filename":"spark_submit.py","lineno":644}
{"timestamp":"2026-01-11T16:48:35.668004Z","level":"info","event":"26/01/11 16:48:35 INFO BlockManagerInfo: Removed broadcast_38_piece0 on localhost:42335 in memory (size: 34.2 KiB, free: 1048.6 MiB)","logger":"airflow.task.hooks.airflow.providers.apache.spark.hooks.spark_submit.SparkSubmitHook","filename":"spark_submit.py","lineno":644}
{"timestamp":"2026-01-11T16:48:35.676658Z","level":"info","event":"26/01/11 16:48:35 INFO InMemoryFileIndex: It took 1 ms to list leaf files for 1 paths.","logger":"airflow.task.hooks.airflow.providers.apache.spark.hooks.spark_submit.SparkSubmitHook","filename":"spark_submit.py","lineno":644}
{"timestamp":"2026-01-11T16:48:35.679687Z","level":"info","event":"26/01/11 16:48:35 INFO BlockManagerInfo: Removed broadcast_27_piece0 on localhost:42335 in memory (size: 34.2 KiB, free: 1048.7 MiB)","logger":"airflow.task.hooks.airflow.providers.apache.spark.hooks.spark_submit.SparkSubmitHook","filename":"spark_submit.py","lineno":644}
{"timestamp":"2026-01-11T16:48:35.689904Z","level":"info","event":"26/01/11 16:48:35 INFO BlockManagerInfo: Removed broadcast_41_piece0 on localhost:42335 in memory (size: 5.9 KiB, free: 1048.7 MiB)","logger":"airflow.task.hooks.airflow.providers.apache.spark.hooks.spark_submit.SparkSubmitHook","filename":"spark_submit.py","lineno":644}
{"timestamp":"2026-01-11T16:48:35.693401Z","level":"info","event":"26/01/11 16:48:35 INFO BlockManagerInfo: Removed broadcast_35_piece0 on localhost:42335 in memory (size: 5.9 KiB, free: 1048.7 MiB)","logger":"airflow.task.hooks.airflow.providers.apache.spark.hooks.spark_submit.SparkSubmitHook","filename":"spark_submit.py","lineno":644}
{"timestamp":"2026-01-11T16:48:35.701083Z","level":"info","event":"26/01/11 16:48:35 INFO BlockManagerInfo: Removed broadcast_42_piece0 on localhost:42335 in memory (size: 34.2 KiB, free: 1048.7 MiB)","logger":"airflow.task.hooks.airflow.providers.apache.spark.hooks.spark_submit.SparkSubmitHook","filename":"spark_submit.py","lineno":644}
{"timestamp":"2026-01-11T16:48:35.707841Z","level":"info","event":"26/01/11 16:48:35 INFO BlockManagerInfo: Removed broadcast_30_piece0 on localhost:42335 in memory (size: 34.2 KiB, free: 1048.7 MiB)","logger":"airflow.task.hooks.airflow.providers.apache.spark.hooks.spark_submit.SparkSubmitHook","filename":"spark_submit.py","lineno":644}
{"timestamp":"2026-01-11T16:48:35.713018Z","level":"info","event":"26/01/11 16:48:35 INFO BlockManagerInfo: Removed broadcast_46_piece0 on localhost:42335 in memory (size: 8.8 KiB, free: 1048.8 MiB)","logger":"airflow.task.hooks.airflow.providers.apache.spark.hooks.spark_submit.SparkSubmitHook","filename":"spark_submit.py","lineno":644}
{"timestamp":"2026-01-11T16:48:35.719917Z","level":"info","event":"26/01/11 16:48:35 INFO BlockManagerInfo: Removed broadcast_43_piece0 on localhost:42335 in memory (size: 6.4 KiB, free: 1048.8 MiB)","logger":"airflow.task.hooks.airflow.providers.apache.spark.hooks.spark_submit.SparkSubmitHook","filename":"spark_submit.py","lineno":644}
{"timestamp":"2026-01-11T16:48:35.784782Z","level":"info","event":"26/01/11 16:48:35 INFO FileSourceStrategy: Pushed Filters:","logger":"airflow.task.hooks.airflow.providers.apache.spark.hooks.spark_submit.SparkSubmitHook","filename":"spark_submit.py","lineno":644}
{"timestamp":"2026-01-11T16:48:35.785134Z","level":"info","event":"26/01/11 16:48:35 INFO FileSourceStrategy: Post-Scan Filters: (length(trim(value#326, None)) > 0)","logger":"airflow.task.hooks.airflow.providers.apache.spark.hooks.spark_submit.SparkSubmitHook","filename":"spark_submit.py","lineno":644}
{"timestamp":"2026-01-11T16:48:35.861705Z","level":"info","event":"26/01/11 16:48:35 INFO MemoryStore: Block broadcast_48 stored as values in memory (estimated size 199.5 KiB, free 1048.4 MiB)","logger":"airflow.task.hooks.airflow.providers.apache.spark.hooks.spark_submit.SparkSubmitHook","filename":"spark_submit.py","lineno":644}
{"timestamp":"2026-01-11T16:48:35.907088Z","level":"info","event":"26/01/11 16:48:35 INFO MemoryStore: Block broadcast_48_piece0 stored as bytes in memory (estimated size 34.2 KiB, free 1048.3 MiB)","logger":"airflow.task.hooks.airflow.providers.apache.spark.hooks.spark_submit.SparkSubmitHook","filename":"spark_submit.py","lineno":644}
{"timestamp":"2026-01-11T16:48:35.907781Z","level":"info","event":"26/01/11 16:48:35 INFO BlockManagerInfo: Added broadcast_48_piece0 in memory on localhost:42335 (size: 34.2 KiB, free: 1048.7 MiB)","logger":"airflow.task.hooks.airflow.providers.apache.spark.hooks.spark_submit.SparkSubmitHook","filename":"spark_submit.py","lineno":644}
{"timestamp":"2026-01-11T16:48:35.910011Z","level":"info","event":"26/01/11 16:48:35 INFO SparkContext: Created broadcast 48 from csv at NativeMethodAccessorImpl.java:0","logger":"airflow.task.hooks.airflow.providers.apache.spark.hooks.spark_submit.SparkSubmitHook","filename":"spark_submit.py","lineno":644}
{"timestamp":"2026-01-11T16:48:35.918895Z","level":"info","event":"26/01/11 16:48:35 INFO FileSourceScanExec: Planning scan with bin packing, max size: 4194304 bytes, open cost is considered as scanning 4194304 bytes.","logger":"airflow.task.hooks.airflow.providers.apache.spark.hooks.spark_submit.SparkSubmitHook","filename":"spark_submit.py","lineno":644}
{"timestamp":"2026-01-11T16:48:35.944882Z","level":"info","event":"26/01/11 16:48:35 INFO SparkContext: Starting job: csv at NativeMethodAccessorImpl.java:0","logger":"airflow.task.hooks.airflow.providers.apache.spark.hooks.spark_submit.SparkSubmitHook","filename":"spark_submit.py","lineno":644}
{"timestamp":"2026-01-11T16:48:35.947533Z","level":"info","event":"26/01/11 16:48:35 INFO DAGScheduler: Got job 24 (csv at NativeMethodAccessorImpl.java:0) with 1 output partitions","logger":"airflow.task.hooks.airflow.providers.apache.spark.hooks.spark_submit.SparkSubmitHook","filename":"spark_submit.py","lineno":644}
{"timestamp":"2026-01-11T16:48:35.947897Z","level":"info","event":"26/01/11 16:48:35 INFO DAGScheduler: Final stage: ResultStage 32 (csv at NativeMethodAccessorImpl.java:0)","logger":"airflow.task.hooks.airflow.providers.apache.spark.hooks.spark_submit.SparkSubmitHook","filename":"spark_submit.py","lineno":644}
{"timestamp":"2026-01-11T16:48:35.948015Z","level":"info","event":"26/01/11 16:48:35 INFO DAGScheduler: Parents of final stage: List()","logger":"airflow.task.hooks.airflow.providers.apache.spark.hooks.spark_submit.SparkSubmitHook","filename":"spark_submit.py","lineno":644}
{"timestamp":"2026-01-11T16:48:35.948060Z","level":"info","event":"26/01/11 16:48:35 INFO DAGScheduler: Missing parents: List()","logger":"airflow.task.hooks.airflow.providers.apache.spark.hooks.spark_submit.SparkSubmitHook","filename":"spark_submit.py","lineno":644}
{"timestamp":"2026-01-11T16:48:35.948201Z","level":"info","event":"26/01/11 16:48:35 INFO DAGScheduler: Submitting ResultStage 32 (MapPartitionsRDD[139] at csv at NativeMethodAccessorImpl.java:0), which has no missing parents","logger":"airflow.task.hooks.airflow.providers.apache.spark.hooks.spark_submit.SparkSubmitHook","filename":"spark_submit.py","lineno":644}
{"timestamp":"2026-01-11T16:48:35.952634Z","level":"info","event":"26/01/11 16:48:35 INFO MemoryStore: Block broadcast_49 stored as values in memory (estimated size 13.5 KiB, free 1048.3 MiB)","logger":"airflow.task.hooks.airflow.providers.apache.spark.hooks.spark_submit.SparkSubmitHook","filename":"spark_submit.py","lineno":644}
{"timestamp":"2026-01-11T16:48:35.962487Z","level":"info","event":"26/01/11 16:48:35 INFO MemoryStore: Block broadcast_49_piece0 stored as bytes in memory (estimated size 6.4 KiB, free 1048.3 MiB)","logger":"airflow.task.hooks.airflow.providers.apache.spark.hooks.spark_submit.SparkSubmitHook","filename":"spark_submit.py","lineno":644}
{"timestamp":"2026-01-11T16:48:35.962973Z","level":"info","event":"26/01/11 16:48:35 INFO BlockManagerInfo: Added broadcast_49_piece0 in memory on localhost:42335 (size: 6.4 KiB, free: 1048.7 MiB)","logger":"airflow.task.hooks.airflow.providers.apache.spark.hooks.spark_submit.SparkSubmitHook","filename":"spark_submit.py","lineno":644}
{"timestamp":"2026-01-11T16:48:35.963369Z","level":"info","event":"26/01/11 16:48:35 INFO SparkContext: Created broadcast 49 from broadcast at DAGScheduler.scala:1580","logger":"airflow.task.hooks.airflow.providers.apache.spark.hooks.spark_submit.SparkSubmitHook","filename":"spark_submit.py","lineno":644}
{"timestamp":"2026-01-11T16:48:35.963807Z","level":"info","event":"26/01/11 16:48:35 INFO DAGScheduler: Submitting 1 missing tasks from ResultStage 32 (MapPartitionsRDD[139] at csv at NativeMethodAccessorImpl.java:0) (first 15 tasks are for partitions Vector(0))","logger":"airflow.task.hooks.airflow.providers.apache.spark.hooks.spark_submit.SparkSubmitHook","filename":"spark_submit.py","lineno":644}
{"timestamp":"2026-01-11T16:48:35.963910Z","level":"info","event":"26/01/11 16:48:35 INFO TaskSchedulerImpl: Adding task set 32.0 with 1 tasks resource profile 0","logger":"airflow.task.hooks.airflow.providers.apache.spark.hooks.spark_submit.SparkSubmitHook","filename":"spark_submit.py","lineno":644}
{"timestamp":"2026-01-11T16:48:35.976707Z","level":"info","event":"26/01/11 16:48:35 INFO TaskSetManager: Starting task 0.0 in stage 32.0 (TID 43) (localhost, executor driver, partition 0, PROCESS_LOCAL, 8297 bytes)","logger":"airflow.task.hooks.airflow.providers.apache.spark.hooks.spark_submit.SparkSubmitHook","filename":"spark_submit.py","lineno":644}
{"timestamp":"2026-01-11T16:48:35.978963Z","level":"info","event":"26/01/11 16:48:35 INFO Executor: Running task 0.0 in stage 32.0 (TID 43)","logger":"airflow.task.hooks.airflow.providers.apache.spark.hooks.spark_submit.SparkSubmitHook","filename":"spark_submit.py","lineno":644}
{"timestamp":"2026-01-11T16:48:35.999373Z","level":"info","event":"26/01/11 16:48:35 INFO FileScanRDD: Reading File path: file:///opt/airflow/data/raw/product_category_name_translation/part-00000-73c52658-44f4-48a2-ada6-b5744c71eee5-c000.csv, range: 0-2540, partition values: [empty row]","logger":"airflow.task.hooks.airflow.providers.apache.spark.hooks.spark_submit.SparkSubmitHook","filename":"spark_submit.py","lineno":644}
{"timestamp":"2026-01-11T16:48:36.023426Z","level":"info","event":"26/01/11 16:48:36 INFO Executor: Finished task 0.0 in stage 32.0 (TID 43). 1652 bytes result sent to driver","logger":"airflow.task.hooks.airflow.providers.apache.spark.hooks.spark_submit.SparkSubmitHook","filename":"spark_submit.py","lineno":644}
{"timestamp":"2026-01-11T16:48:36.024784Z","level":"info","event":"26/01/11 16:48:36 INFO TaskSetManager: Finished task 0.0 in stage 32.0 (TID 43) in 49 ms on localhost (executor driver) (1/1)","logger":"airflow.task.hooks.airflow.providers.apache.spark.hooks.spark_submit.SparkSubmitHook","filename":"spark_submit.py","lineno":644}
{"timestamp":"2026-01-11T16:48:36.025087Z","level":"info","event":"26/01/11 16:48:36 INFO TaskSchedulerImpl: Removed TaskSet 32.0, whose tasks have all completed, from pool","logger":"airflow.task.hooks.airflow.providers.apache.spark.hooks.spark_submit.SparkSubmitHook","filename":"spark_submit.py","lineno":644}
{"timestamp":"2026-01-11T16:48:36.026485Z","level":"info","event":"26/01/11 16:48:36 INFO DAGScheduler: ResultStage 32 (csv at NativeMethodAccessorImpl.java:0) finished in 0.075 s","logger":"airflow.task.hooks.airflow.providers.apache.spark.hooks.spark_submit.SparkSubmitHook","filename":"spark_submit.py","lineno":644}
{"timestamp":"2026-01-11T16:48:36.027323Z","level":"info","event":"26/01/11 16:48:36 INFO DAGScheduler: Job 24 is finished. Cancelling potential speculative or zombie tasks for this job","logger":"airflow.task.hooks.airflow.providers.apache.spark.hooks.spark_submit.SparkSubmitHook","filename":"spark_submit.py","lineno":644}
{"timestamp":"2026-01-11T16:48:36.027797Z","level":"info","event":"26/01/11 16:48:36 INFO TaskSchedulerImpl: Killing all running tasks in stage 32: Stage finished","logger":"airflow.task.hooks.airflow.providers.apache.spark.hooks.spark_submit.SparkSubmitHook","filename":"spark_submit.py","lineno":644}
{"timestamp":"2026-01-11T16:48:36.029350Z","level":"info","event":"26/01/11 16:48:36 INFO DAGScheduler: Job 24 finished: csv at NativeMethodAccessorImpl.java:0, took 0.083464 s","logger":"airflow.task.hooks.airflow.providers.apache.spark.hooks.spark_submit.SparkSubmitHook","filename":"spark_submit.py","lineno":644}
{"timestamp":"2026-01-11T16:48:36.063113Z","level":"info","event":"26/01/11 16:48:36 INFO FileSourceStrategy: Pushed Filters:","logger":"airflow.task.hooks.airflow.providers.apache.spark.hooks.spark_submit.SparkSubmitHook","filename":"spark_submit.py","lineno":644}
{"timestamp":"2026-01-11T16:48:36.063438Z","level":"info","event":"26/01/11 16:48:36 INFO FileSourceStrategy: Post-Scan Filters:","logger":"airflow.task.hooks.airflow.providers.apache.spark.hooks.spark_submit.SparkSubmitHook","filename":"spark_submit.py","lineno":644}
{"timestamp":"2026-01-11T16:48:36.068731Z","level":"info","event":"26/01/11 16:48:36 INFO MemoryStore: Block broadcast_50 stored as values in memory (estimated size 199.5 KiB, free 1048.1 MiB)","logger":"airflow.task.hooks.airflow.providers.apache.spark.hooks.spark_submit.SparkSubmitHook","filename":"spark_submit.py","lineno":644}
{"timestamp":"2026-01-11T16:48:36.083570Z","level":"info","event":"26/01/11 16:48:36 INFO MemoryStore: Block broadcast_50_piece0 stored as bytes in memory (estimated size 34.2 KiB, free 1048.1 MiB)","logger":"airflow.task.hooks.airflow.providers.apache.spark.hooks.spark_submit.SparkSubmitHook","filename":"spark_submit.py","lineno":644}
{"timestamp":"2026-01-11T16:48:36.084554Z","level":"info","event":"26/01/11 16:48:36 INFO BlockManagerInfo: Added broadcast_50_piece0 in memory on localhost:42335 (size: 34.2 KiB, free: 1048.7 MiB)","logger":"airflow.task.hooks.airflow.providers.apache.spark.hooks.spark_submit.SparkSubmitHook","filename":"spark_submit.py","lineno":644}
{"timestamp":"2026-01-11T16:48:36.085931Z","level":"info","event":"26/01/11 16:48:36 INFO SparkContext: Created broadcast 50 from csv at NativeMethodAccessorImpl.java:0","logger":"airflow.task.hooks.airflow.providers.apache.spark.hooks.spark_submit.SparkSubmitHook","filename":"spark_submit.py","lineno":644}
{"timestamp":"2026-01-11T16:48:36.087329Z","level":"info","event":"26/01/11 16:48:36 INFO FileSourceScanExec: Planning scan with bin packing, max size: 4194304 bytes, open cost is considered as scanning 4194304 bytes.","logger":"airflow.task.hooks.airflow.providers.apache.spark.hooks.spark_submit.SparkSubmitHook","filename":"spark_submit.py","lineno":644}
{"timestamp":"2026-01-11T16:48:36.115054Z","level":"info","event":"____________________________________________________","logger":"airflow.task.hooks.airflow.providers.apache.spark.hooks.spark_submit.SparkSubmitHook","filename":"spark_submit.py","lineno":644}
{"timestamp":"2026-01-11T16:48:36.140688Z","level":"info","event":"26/01/11 16:48:36 INFO FileSourceStrategy: Pushed Filters:","logger":"airflow.task.hooks.airflow.providers.apache.spark.hooks.spark_submit.SparkSubmitHook","filename":"spark_submit.py","lineno":644}
{"timestamp":"2026-01-11T16:48:36.140878Z","level":"info","event":"26/01/11 16:48:36 INFO FileSourceStrategy: Post-Scan Filters:","logger":"airflow.task.hooks.airflow.providers.apache.spark.hooks.spark_submit.SparkSubmitHook","filename":"spark_submit.py","lineno":644}
{"timestamp":"2026-01-11T16:48:36.157784Z","level":"info","event":"26/01/11 16:48:36 INFO MemoryStore: Block broadcast_51 stored as values in memory (estimated size 199.4 KiB, free 1047.9 MiB)","logger":"airflow.task.hooks.airflow.providers.apache.spark.hooks.spark_submit.SparkSubmitHook","filename":"spark_submit.py","lineno":644}
{"timestamp":"2026-01-11T16:48:36.172170Z","level":"info","event":"26/01/11 16:48:36 INFO MemoryStore: Block broadcast_51_piece0 stored as bytes in memory (estimated size 34.2 KiB, free 1047.9 MiB)","logger":"airflow.task.hooks.airflow.providers.apache.spark.hooks.spark_submit.SparkSubmitHook","filename":"spark_submit.py","lineno":644}
{"timestamp":"2026-01-11T16:48:36.172547Z","level":"info","event":"26/01/11 16:48:36 INFO BlockManagerInfo: Added broadcast_51_piece0 in memory on localhost:42335 (size: 34.2 KiB, free: 1048.7 MiB)","logger":"airflow.task.hooks.airflow.providers.apache.spark.hooks.spark_submit.SparkSubmitHook","filename":"spark_submit.py","lineno":644}
{"timestamp":"2026-01-11T16:48:36.173686Z","level":"info","event":"26/01/11 16:48:36 INFO SparkContext: Created broadcast 51 from count at NativeMethodAccessorImpl.java:0","logger":"airflow.task.hooks.airflow.providers.apache.spark.hooks.spark_submit.SparkSubmitHook","filename":"spark_submit.py","lineno":644}
{"timestamp":"2026-01-11T16:48:36.176151Z","level":"info","event":"26/01/11 16:48:36 INFO FileSourceScanExec: Planning scan with bin packing, max size: 4194304 bytes, open cost is considered as scanning 4194304 bytes.","logger":"airflow.task.hooks.airflow.providers.apache.spark.hooks.spark_submit.SparkSubmitHook","filename":"spark_submit.py","lineno":644}
{"timestamp":"2026-01-11T16:48:36.183109Z","level":"info","event":"26/01/11 16:48:36 INFO DAGScheduler: Registering RDD 149 (count at NativeMethodAccessorImpl.java:0) as input to shuffle 8","logger":"airflow.task.hooks.airflow.providers.apache.spark.hooks.spark_submit.SparkSubmitHook","filename":"spark_submit.py","lineno":644}
{"timestamp":"2026-01-11T16:48:36.184059Z","level":"info","event":"26/01/11 16:48:36 INFO DAGScheduler: Got map stage job 25 (count at NativeMethodAccessorImpl.java:0) with 1 output partitions","logger":"airflow.task.hooks.airflow.providers.apache.spark.hooks.spark_submit.SparkSubmitHook","filename":"spark_submit.py","lineno":644}
{"timestamp":"2026-01-11T16:48:36.184452Z","level":"info","event":"26/01/11 16:48:36 INFO DAGScheduler: Final stage: ShuffleMapStage 33 (count at NativeMethodAccessorImpl.java:0)","logger":"airflow.task.hooks.airflow.providers.apache.spark.hooks.spark_submit.SparkSubmitHook","filename":"spark_submit.py","lineno":644}
{"timestamp":"2026-01-11T16:48:36.184698Z","level":"info","event":"26/01/11 16:48:36 INFO DAGScheduler: Parents of final stage: List()","logger":"airflow.task.hooks.airflow.providers.apache.spark.hooks.spark_submit.SparkSubmitHook","filename":"spark_submit.py","lineno":644}
{"timestamp":"2026-01-11T16:48:36.185385Z","level":"info","event":"26/01/11 16:48:36 INFO DAGScheduler: Missing parents: List()","logger":"airflow.task.hooks.airflow.providers.apache.spark.hooks.spark_submit.SparkSubmitHook","filename":"spark_submit.py","lineno":644}
{"timestamp":"2026-01-11T16:48:36.187126Z","level":"info","event":"26/01/11 16:48:36 INFO DAGScheduler: Submitting ShuffleMapStage 33 (MapPartitionsRDD[149] at count at NativeMethodAccessorImpl.java:0), which has no missing parents","logger":"airflow.task.hooks.airflow.providers.apache.spark.hooks.spark_submit.SparkSubmitHook","filename":"spark_submit.py","lineno":644}
{"timestamp":"2026-01-11T16:48:36.194437Z","level":"info","event":"26/01/11 16:48:36 INFO MemoryStore: Block broadcast_52 stored as values in memory (estimated size 17.7 KiB, free 1047.8 MiB)","logger":"airflow.task.hooks.airflow.providers.apache.spark.hooks.spark_submit.SparkSubmitHook","filename":"spark_submit.py","lineno":644}
{"timestamp":"2026-01-11T16:48:36.211464Z","level":"info","event":"26/01/11 16:48:36 INFO MemoryStore: Block broadcast_52_piece0 stored as bytes in memory (estimated size 8.7 KiB, free 1047.8 MiB)","logger":"airflow.task.hooks.airflow.providers.apache.spark.hooks.spark_submit.SparkSubmitHook","filename":"spark_submit.py","lineno":644}
{"timestamp":"2026-01-11T16:48:36.212514Z","level":"info","event":"26/01/11 16:48:36 INFO BlockManagerInfo: Added broadcast_52_piece0 in memory on localhost:42335 (size: 8.7 KiB, free: 1048.6 MiB)","logger":"airflow.task.hooks.airflow.providers.apache.spark.hooks.spark_submit.SparkSubmitHook","filename":"spark_submit.py","lineno":644}
{"timestamp":"2026-01-11T16:48:36.213251Z","level":"info","event":"26/01/11 16:48:36 INFO SparkContext: Created broadcast 52 from broadcast at DAGScheduler.scala:1580","logger":"airflow.task.hooks.airflow.providers.apache.spark.hooks.spark_submit.SparkSubmitHook","filename":"spark_submit.py","lineno":644}
{"timestamp":"2026-01-11T16:48:36.213514Z","level":"info","event":"26/01/11 16:48:36 INFO DAGScheduler: Submitting 1 missing tasks from ShuffleMapStage 33 (MapPartitionsRDD[149] at count at NativeMethodAccessorImpl.java:0) (first 15 tasks are for partitions Vector(0))","logger":"airflow.task.hooks.airflow.providers.apache.spark.hooks.spark_submit.SparkSubmitHook","filename":"spark_submit.py","lineno":644}
{"timestamp":"2026-01-11T16:48:36.213628Z","level":"info","event":"26/01/11 16:48:36 INFO TaskSchedulerImpl: Adding task set 33.0 with 1 tasks resource profile 0","logger":"airflow.task.hooks.airflow.providers.apache.spark.hooks.spark_submit.SparkSubmitHook","filename":"spark_submit.py","lineno":644}
{"timestamp":"2026-01-11T16:48:36.215397Z","level":"info","event":"26/01/11 16:48:36 INFO TaskSetManager: Starting task 0.0 in stage 33.0 (TID 44) (localhost, executor driver, partition 0, PROCESS_LOCAL, 8286 bytes)","logger":"airflow.task.hooks.airflow.providers.apache.spark.hooks.spark_submit.SparkSubmitHook","filename":"spark_submit.py","lineno":644}
{"timestamp":"2026-01-11T16:48:36.216290Z","level":"info","event":"26/01/11 16:48:36 INFO Executor: Running task 0.0 in stage 33.0 (TID 44)","logger":"airflow.task.hooks.airflow.providers.apache.spark.hooks.spark_submit.SparkSubmitHook","filename":"spark_submit.py","lineno":644}
{"timestamp":"2026-01-11T16:48:36.221827Z","level":"info","event":"26/01/11 16:48:36 INFO FileScanRDD: Reading File path: file:///opt/airflow/data/raw/product_category_name_translation/part-00000-73c52658-44f4-48a2-ada6-b5744c71eee5-c000.csv, range: 0-2540, partition values: [empty row]","logger":"airflow.task.hooks.airflow.providers.apache.spark.hooks.spark_submit.SparkSubmitHook","filename":"spark_submit.py","lineno":644}
{"timestamp":"2026-01-11T16:48:36.240689Z","level":"info","event":"26/01/11 16:48:36 INFO Executor: Finished task 0.0 in stage 33.0 (TID 44). 1968 bytes result sent to driver","logger":"airflow.task.hooks.airflow.providers.apache.spark.hooks.spark_submit.SparkSubmitHook","filename":"spark_submit.py","lineno":644}
{"timestamp":"2026-01-11T16:48:36.241453Z","level":"info","event":"26/01/11 16:48:36 INFO TaskSetManager: Finished task 0.0 in stage 33.0 (TID 44) in 27 ms on localhost (executor driver) (1/1)","logger":"airflow.task.hooks.airflow.providers.apache.spark.hooks.spark_submit.SparkSubmitHook","filename":"spark_submit.py","lineno":644}
{"timestamp":"2026-01-11T16:48:36.241520Z","level":"info","event":"26/01/11 16:48:36 INFO TaskSchedulerImpl: Removed TaskSet 33.0, whose tasks have all completed, from pool","logger":"airflow.task.hooks.airflow.providers.apache.spark.hooks.spark_submit.SparkSubmitHook","filename":"spark_submit.py","lineno":644}
{"timestamp":"2026-01-11T16:48:36.242099Z","level":"info","event":"26/01/11 16:48:36 INFO DAGScheduler: ShuffleMapStage 33 (count at NativeMethodAccessorImpl.java:0) finished in 0.053 s","logger":"airflow.task.hooks.airflow.providers.apache.spark.hooks.spark_submit.SparkSubmitHook","filename":"spark_submit.py","lineno":644}
{"timestamp":"2026-01-11T16:48:36.242169Z","level":"info","event":"26/01/11 16:48:36 INFO DAGScheduler: looking for newly runnable stages","logger":"airflow.task.hooks.airflow.providers.apache.spark.hooks.spark_submit.SparkSubmitHook","filename":"spark_submit.py","lineno":644}
{"timestamp":"2026-01-11T16:48:36.242205Z","level":"info","event":"26/01/11 16:48:36 INFO DAGScheduler: running: Set()","logger":"airflow.task.hooks.airflow.providers.apache.spark.hooks.spark_submit.SparkSubmitHook","filename":"spark_submit.py","lineno":644}
{"timestamp":"2026-01-11T16:48:36.242234Z","level":"info","event":"26/01/11 16:48:36 INFO DAGScheduler: waiting: Set()","logger":"airflow.task.hooks.airflow.providers.apache.spark.hooks.spark_submit.SparkSubmitHook","filename":"spark_submit.py","lineno":644}
{"timestamp":"2026-01-11T16:48:36.242263Z","level":"info","event":"26/01/11 16:48:36 INFO DAGScheduler: failed: Set()","logger":"airflow.task.hooks.airflow.providers.apache.spark.hooks.spark_submit.SparkSubmitHook","filename":"spark_submit.py","lineno":644}
{"timestamp":"2026-01-11T16:48:36.260899Z","level":"info","event":"26/01/11 16:48:36 INFO SparkContext: Starting job: count at NativeMethodAccessorImpl.java:0","logger":"airflow.task.hooks.airflow.providers.apache.spark.hooks.spark_submit.SparkSubmitHook","filename":"spark_submit.py","lineno":644}
{"timestamp":"2026-01-11T16:48:36.262220Z","level":"info","event":"26/01/11 16:48:36 INFO DAGScheduler: Got job 26 (count at NativeMethodAccessorImpl.java:0) with 1 output partitions","logger":"airflow.task.hooks.airflow.providers.apache.spark.hooks.spark_submit.SparkSubmitHook","filename":"spark_submit.py","lineno":644}
{"timestamp":"2026-01-11T16:48:36.262421Z","level":"info","event":"26/01/11 16:48:36 INFO DAGScheduler: Final stage: ResultStage 35 (count at NativeMethodAccessorImpl.java:0)","logger":"airflow.task.hooks.airflow.providers.apache.spark.hooks.spark_submit.SparkSubmitHook","filename":"spark_submit.py","lineno":644}
{"timestamp":"2026-01-11T16:48:36.262649Z","level":"info","event":"26/01/11 16:48:36 INFO DAGScheduler: Parents of final stage: List(ShuffleMapStage 34)","logger":"airflow.task.hooks.airflow.providers.apache.spark.hooks.spark_submit.SparkSubmitHook","filename":"spark_submit.py","lineno":644}
{"timestamp":"2026-01-11T16:48:36.262741Z","level":"info","event":"26/01/11 16:48:36 INFO DAGScheduler: Missing parents: List()","logger":"airflow.task.hooks.airflow.providers.apache.spark.hooks.spark_submit.SparkSubmitHook","filename":"spark_submit.py","lineno":644}
{"timestamp":"2026-01-11T16:48:36.262917Z","level":"info","event":"26/01/11 16:48:36 INFO DAGScheduler: Submitting ResultStage 35 (MapPartitionsRDD[152] at count at NativeMethodAccessorImpl.java:0), which has no missing parents","logger":"airflow.task.hooks.airflow.providers.apache.spark.hooks.spark_submit.SparkSubmitHook","filename":"spark_submit.py","lineno":644}
{"timestamp":"2026-01-11T16:48:36.264255Z","level":"info","event":"26/01/11 16:48:36 INFO MemoryStore: Block broadcast_53 stored as values in memory (estimated size 12.5 KiB, free 1047.8 MiB)","logger":"airflow.task.hooks.airflow.providers.apache.spark.hooks.spark_submit.SparkSubmitHook","filename":"spark_submit.py","lineno":644}
{"timestamp":"2026-01-11T16:48:36.278610Z","level":"info","event":"26/01/11 16:48:36 INFO MemoryStore: Block broadcast_53_piece0 stored as bytes in memory (estimated size 5.9 KiB, free 1047.8 MiB)","logger":"airflow.task.hooks.airflow.providers.apache.spark.hooks.spark_submit.SparkSubmitHook","filename":"spark_submit.py","lineno":644}
{"timestamp":"2026-01-11T16:48:36.279458Z","level":"info","event":"26/01/11 16:48:36 INFO BlockManagerInfo: Added broadcast_53_piece0 in memory on localhost:42335 (size: 5.9 KiB, free: 1048.6 MiB)","logger":"airflow.task.hooks.airflow.providers.apache.spark.hooks.spark_submit.SparkSubmitHook","filename":"spark_submit.py","lineno":644}
{"timestamp":"2026-01-11T16:48:36.280635Z","level":"info","event":"26/01/11 16:48:36 INFO SparkContext: Created broadcast 53 from broadcast at DAGScheduler.scala:1580","logger":"airflow.task.hooks.airflow.providers.apache.spark.hooks.spark_submit.SparkSubmitHook","filename":"spark_submit.py","lineno":644}
{"timestamp":"2026-01-11T16:48:36.281007Z","level":"info","event":"26/01/11 16:48:36 INFO DAGScheduler: Submitting 1 missing tasks from ResultStage 35 (MapPartitionsRDD[152] at count at NativeMethodAccessorImpl.java:0) (first 15 tasks are for partitions Vector(0))","logger":"airflow.task.hooks.airflow.providers.apache.spark.hooks.spark_submit.SparkSubmitHook","filename":"spark_submit.py","lineno":644}
{"timestamp":"2026-01-11T16:48:36.281090Z","level":"info","event":"26/01/11 16:48:36 INFO TaskSchedulerImpl: Adding task set 35.0 with 1 tasks resource profile 0","logger":"airflow.task.hooks.airflow.providers.apache.spark.hooks.spark_submit.SparkSubmitHook","filename":"spark_submit.py","lineno":644}
{"timestamp":"2026-01-11T16:48:36.282209Z","level":"info","event":"26/01/11 16:48:36 INFO TaskSetManager: Starting task 0.0 in stage 35.0 (TID 45) (localhost, executor driver, partition 0, NODE_LOCAL, 7615 bytes)","logger":"airflow.task.hooks.airflow.providers.apache.spark.hooks.spark_submit.SparkSubmitHook","filename":"spark_submit.py","lineno":644}
{"timestamp":"2026-01-11T16:48:36.282692Z","level":"info","event":"26/01/11 16:48:36 INFO Executor: Running task 0.0 in stage 35.0 (TID 45)","logger":"airflow.task.hooks.airflow.providers.apache.spark.hooks.spark_submit.SparkSubmitHook","filename":"spark_submit.py","lineno":644}
{"timestamp":"2026-01-11T16:48:36.284919Z","level":"info","event":"26/01/11 16:48:36 INFO ShuffleBlockFetcherIterator: Getting 1 (60.0 B) non-empty blocks including 1 (60.0 B) local and 0 (0.0 B) host-local and 0 (0.0 B) push-merged-local and 0 (0.0 B) remote blocks","logger":"airflow.task.hooks.airflow.providers.apache.spark.hooks.spark_submit.SparkSubmitHook","filename":"spark_submit.py","lineno":644}
{"timestamp":"2026-01-11T16:48:36.285015Z","level":"info","event":"26/01/11 16:48:36 INFO ShuffleBlockFetcherIterator: Started 0 remote fetches in 0 ms","logger":"airflow.task.hooks.airflow.providers.apache.spark.hooks.spark_submit.SparkSubmitHook","filename":"spark_submit.py","lineno":644}
{"timestamp":"2026-01-11T16:48:36.293766Z","level":"info","event":"26/01/11 16:48:36 INFO Executor: Finished task 0.0 in stage 35.0 (TID 45). 4038 bytes result sent to driver","logger":"airflow.task.hooks.airflow.providers.apache.spark.hooks.spark_submit.SparkSubmitHook","filename":"spark_submit.py","lineno":644}
{"timestamp":"2026-01-11T16:48:36.295694Z","level":"info","event":"26/01/11 16:48:36 INFO TaskSetManager: Finished task 0.0 in stage 35.0 (TID 45) in 14 ms on localhost (executor driver) (1/1)","logger":"airflow.task.hooks.airflow.providers.apache.spark.hooks.spark_submit.SparkSubmitHook","filename":"spark_submit.py","lineno":644}
{"timestamp":"2026-01-11T16:48:36.295976Z","level":"info","event":"26/01/11 16:48:36 INFO TaskSchedulerImpl: Removed TaskSet 35.0, whose tasks have all completed, from pool","logger":"airflow.task.hooks.airflow.providers.apache.spark.hooks.spark_submit.SparkSubmitHook","filename":"spark_submit.py","lineno":644}
{"timestamp":"2026-01-11T16:48:36.297145Z","level":"info","event":"26/01/11 16:48:36 INFO DAGScheduler: ResultStage 35 (count at NativeMethodAccessorImpl.java:0) finished in 0.033 s","logger":"airflow.task.hooks.airflow.providers.apache.spark.hooks.spark_submit.SparkSubmitHook","filename":"spark_submit.py","lineno":644}
{"timestamp":"2026-01-11T16:48:36.297491Z","level":"info","event":"26/01/11 16:48:36 INFO DAGScheduler: Job 26 is finished. Cancelling potential speculative or zombie tasks for this job","logger":"airflow.task.hooks.airflow.providers.apache.spark.hooks.spark_submit.SparkSubmitHook","filename":"spark_submit.py","lineno":644}
{"timestamp":"2026-01-11T16:48:36.297727Z","level":"info","event":"26/01/11 16:48:36 INFO TaskSchedulerImpl: Killing all running tasks in stage 35: Stage finished","logger":"airflow.task.hooks.airflow.providers.apache.spark.hooks.spark_submit.SparkSubmitHook","filename":"spark_submit.py","lineno":644}
{"timestamp":"2026-01-11T16:48:36.298099Z","level":"info","event":"26/01/11 16:48:36 INFO DAGScheduler: Job 26 finished: count at NativeMethodAccessorImpl.java:0, took 0.037132 s","logger":"airflow.task.hooks.airflow.providers.apache.spark.hooks.spark_submit.SparkSubmitHook","filename":"spark_submit.py","lineno":644}
{"timestamp":"2026-01-11T16:48:36.299433Z","level":"info","event":"Loaded product_category_name_translation with 71 records for cleaning.","logger":"airflow.task.hooks.airflow.providers.apache.spark.hooks.spark_submit.SparkSubmitHook","filename":"spark_submit.py","lineno":644}
{"timestamp":"2026-01-11T16:48:36.300490Z","level":"info","event":"root","logger":"airflow.task.hooks.airflow.providers.apache.spark.hooks.spark_submit.SparkSubmitHook","filename":"spark_submit.py","lineno":644}
{"timestamp":"2026-01-11T16:48:36.300877Z","level":"info","event":"|-- product_category_name: string (nullable = true)","logger":"airflow.task.hooks.airflow.providers.apache.spark.hooks.spark_submit.SparkSubmitHook","filename":"spark_submit.py","lineno":644}
{"timestamp":"2026-01-11T16:48:36.301016Z","level":"info","event":"|-- product_category_name_english: string (nullable = true)","logger":"airflow.task.hooks.airflow.providers.apache.spark.hooks.spark_submit.SparkSubmitHook","filename":"spark_submit.py","lineno":644}
{"timestamp":"2026-01-11T16:48:36.301080Z","level":"info","event":"","logger":"airflow.task.hooks.airflow.providers.apache.spark.hooks.spark_submit.SparkSubmitHook","filename":"spark_submit.py","lineno":644}
{"timestamp":"2026-01-11T16:48:36.301116Z","level":"info","event":"=====================================================","logger":"airflow.task.hooks.airflow.providers.apache.spark.hooks.spark_submit.SparkSubmitHook","filename":"spark_submit.py","lineno":644}
{"timestamp":"2026-01-11T16:48:36.301133Z","level":"info","event":"printing cleaned dataframes now...","logger":"airflow.task.hooks.airflow.providers.apache.spark.hooks.spark_submit.SparkSubmitHook","filename":"spark_submit.py","lineno":644}
{"timestamp":"2026-01-11T16:48:36.301148Z","level":"info","event":"=====================================================","logger":"airflow.task.hooks.airflow.providers.apache.spark.hooks.spark_submit.SparkSubmitHook","filename":"spark_submit.py","lineno":644}
{"timestamp":"2026-01-11T16:48:36.476370Z","level":"info","event":"Traceback (most recent call last):","logger":"airflow.task.hooks.airflow.providers.apache.spark.hooks.spark_submit.SparkSubmitHook","filename":"spark_submit.py","lineno":644}
{"timestamp":"2026-01-11T16:48:36.476563Z","level":"info","event":"File \"/opt/airflow/src/cleaning.py\", line 159, in <module>","logger":"airflow.task.hooks.airflow.providers.apache.spark.hooks.spark_submit.SparkSubmitHook","filename":"spark_submit.py","lineno":644}
{"timestamp":"2026-01-11T16:48:36.477416Z","level":"info","event":"clean_data()","logger":"airflow.task.hooks.airflow.providers.apache.spark.hooks.spark_submit.SparkSubmitHook","filename":"spark_submit.py","lineno":644}
{"timestamp":"2026-01-11T16:48:36.479424Z","level":"info","event":"File \"/opt/airflow/src/cleaning.py\", line 138, in clean_data","logger":"airflow.task.hooks.airflow.providers.apache.spark.hooks.spark_submit.SparkSubmitHook","filename":"spark_submit.py","lineno":644}
{"timestamp":"2026-01-11T16:48:36.480639Z","level":"info","event":"dfs['olist_order_reviews'] = clean_order_reviews()","logger":"airflow.task.hooks.airflow.providers.apache.spark.hooks.spark_submit.SparkSubmitHook","filename":"spark_submit.py","lineno":644}
{"timestamp":"2026-01-11T16:48:36.480790Z","level":"info","event":"^^^^^^^^^^^^^^^^^^^^^","logger":"airflow.task.hooks.airflow.providers.apache.spark.hooks.spark_submit.SparkSubmitHook","filename":"spark_submit.py","lineno":644}
{"timestamp":"2026-01-11T16:48:36.480914Z","level":"info","event":"File \"/opt/airflow/src/cleaning.py\", line 66, in clean_order_reviews","logger":"airflow.task.hooks.airflow.providers.apache.spark.hooks.spark_submit.SparkSubmitHook","filename":"spark_submit.py","lineno":644}
{"timestamp":"2026-01-11T16:48:36.482099Z","level":"info","event":"col(\"review_creation_date\").try_cast(\"timestamp\"),","logger":"airflow.task.hooks.airflow.providers.apache.spark.hooks.spark_submit.SparkSubmitHook","filename":"spark_submit.py","lineno":644}
{"timestamp":"2026-01-11T16:48:36.482455Z","level":"info","event":"^^^^^^^^^^^^^^^^^^^^^^^^^^^^^^^^^^^^^^^^^^^^^^^^^","logger":"airflow.task.hooks.airflow.providers.apache.spark.hooks.spark_submit.SparkSubmitHook","filename":"spark_submit.py","lineno":644}
{"timestamp":"2026-01-11T16:48:36.482508Z","level":"info","event":"TypeError: 'Column' object is not callable","logger":"airflow.task.hooks.airflow.providers.apache.spark.hooks.spark_submit.SparkSubmitHook","filename":"spark_submit.py","lineno":644}
{"timestamp":"2026-01-11T16:48:36.713217Z","level":"info","event":"26/01/11 16:48:36 INFO SparkContext: Invoking stop() from shutdown hook","logger":"airflow.task.hooks.airflow.providers.apache.spark.hooks.spark_submit.SparkSubmitHook","filename":"spark_submit.py","lineno":644}
{"timestamp":"2026-01-11T16:48:36.713815Z","level":"info","event":"26/01/11 16:48:36 INFO SparkContext: SparkContext is stopping with exitCode 0.","logger":"airflow.task.hooks.airflow.providers.apache.spark.hooks.spark_submit.SparkSubmitHook","filename":"spark_submit.py","lineno":644}
{"timestamp":"2026-01-11T16:48:36.752786Z","level":"info","event":"26/01/11 16:48:36 INFO SparkUI: Stopped Spark web UI at http://localhost:4040","logger":"airflow.task.hooks.airflow.providers.apache.spark.hooks.spark_submit.SparkSubmitHook","filename":"spark_submit.py","lineno":644}
{"timestamp":"2026-01-11T16:48:36.786562Z","level":"info","event":"26/01/11 16:48:36 INFO MapOutputTrackerMasterEndpoint: MapOutputTrackerMasterEndpoint stopped!","logger":"airflow.task.hooks.airflow.providers.apache.spark.hooks.spark_submit.SparkSubmitHook","filename":"spark_submit.py","lineno":644}
{"timestamp":"2026-01-11T16:48:36.843470Z","level":"info","event":"26/01/11 16:48:36 INFO MemoryStore: MemoryStore cleared","logger":"airflow.task.hooks.airflow.providers.apache.spark.hooks.spark_submit.SparkSubmitHook","filename":"spark_submit.py","lineno":644}
{"timestamp":"2026-01-11T16:48:36.844414Z","level":"info","event":"26/01/11 16:48:36 INFO BlockManager: BlockManager stopped","logger":"airflow.task.hooks.airflow.providers.apache.spark.hooks.spark_submit.SparkSubmitHook","filename":"spark_submit.py","lineno":644}
{"timestamp":"2026-01-11T16:48:36.857615Z","level":"info","event":"26/01/11 16:48:36 INFO BlockManagerMaster: BlockManagerMaster stopped","logger":"airflow.task.hooks.airflow.providers.apache.spark.hooks.spark_submit.SparkSubmitHook","filename":"spark_submit.py","lineno":644}
{"timestamp":"2026-01-11T16:48:36.865801Z","level":"info","event":"26/01/11 16:48:36 INFO OutputCommitCoordinator$OutputCommitCoordinatorEndpoint: OutputCommitCoordinator stopped!","logger":"airflow.task.hooks.airflow.providers.apache.spark.hooks.spark_submit.SparkSubmitHook","filename":"spark_submit.py","lineno":644}
{"timestamp":"2026-01-11T16:48:36.908118Z","level":"info","event":"26/01/11 16:48:36 INFO SparkContext: Successfully stopped SparkContext","logger":"airflow.task.hooks.airflow.providers.apache.spark.hooks.spark_submit.SparkSubmitHook","filename":"spark_submit.py","lineno":644}
{"timestamp":"2026-01-11T16:48:36.908278Z","level":"info","event":"26/01/11 16:48:36 INFO ShutdownHookManager: Shutdown hook called","logger":"airflow.task.hooks.airflow.providers.apache.spark.hooks.spark_submit.SparkSubmitHook","filename":"spark_submit.py","lineno":644}
{"timestamp":"2026-01-11T16:48:36.908870Z","level":"info","event":"26/01/11 16:48:36 INFO ShutdownHookManager: Deleting directory /tmp/spark-11fb6990-c606-47cf-aaf5-a07f16a42889","logger":"airflow.task.hooks.airflow.providers.apache.spark.hooks.spark_submit.SparkSubmitHook","filename":"spark_submit.py","lineno":644}
{"timestamp":"2026-01-11T16:48:36.912497Z","level":"info","event":"26/01/11 16:48:36 INFO ShutdownHookManager: Deleting directory /tmp/spark-11fb6990-c606-47cf-aaf5-a07f16a42889/pyspark-629de389-0c55-4a29-80ff-5099fad0871f","logger":"airflow.task.hooks.airflow.providers.apache.spark.hooks.spark_submit.SparkSubmitHook","filename":"spark_submit.py","lineno":644}
{"timestamp":"2026-01-11T16:48:36.915563Z","level":"info","event":"26/01/11 16:48:36 INFO ShutdownHookManager: Deleting directory /tmp/spark-4ac58f22-db7c-4c46-b75c-42f2b31153d4","logger":"airflow.task.hooks.airflow.providers.apache.spark.hooks.spark_submit.SparkSubmitHook","filename":"spark_submit.py","lineno":644}
{"timestamp":"2026-01-11T16:48:36.999692Z","level":"error","event":"Task failed with exception","logger":"task","filename":"task_runner.py","lineno":986,"error_detail":[{"exc_type":"AirflowException","exc_value":"Cannot execute: spark-submit --master local[*] --name arrow-spark --verbose --deploy-mode client /opt/airflow/src/cleaning.py. Error code is: 1.","exc_notes":[],"syntax_error":null,"is_cause":false,"frames":[{"filename":"/home/airflow/.local/lib/python3.12/site-packages/airflow/sdk/execution_time/task_runner.py","lineno":934,"name":"run"},{"filename":"/home/airflow/.local/lib/python3.12/site-packages/airflow/sdk/execution_time/task_runner.py","lineno":1320,"name":"_execute_task"},{"filename":"/home/airflow/.local/lib/python3.12/site-packages/airflow/sdk/bases/operator.py","lineno":417,"name":"wrapper"},{"filename":"/home/airflow/.local/lib/python3.12/site-packages/airflow/providers/apache/spark/operators/spark_submit.py","lineno":197,"name":"execute"},{"filename":"/home/airflow/.local/lib/python3.12/site-packages/airflow/providers/apache/spark/hooks/spark_submit.py","lineno":566,"name":"submit"}],"is_group":false,"exceptions":[]}]}
