{"timestamp":"2026-01-11T16:42:46.766063Z","level":"info","event":"DAG bundles loaded: dags-folder","logger":"airflow.dag_processing.bundles.manager.DagBundlesManager","filename":"manager.py","lineno":179}
{"timestamp":"2026-01-11T16:42:46.767574Z","level":"info","event":"Filling up the DagBag from /opt/airflow/dags/ecom_pipeline.py","logger":"airflow.models.dagbag.DagBag","filename":"dagbag.py","lineno":593}
{"timestamp":"2026-01-11T16:42:46.965617Z","level":"warning","event":"The `airflow.hooks.base.BaseHook` attribute is deprecated. Please use `'airflow.sdk.bases.hook.BaseHook'`.","category":"DeprecatedImportWarning","filename":"/home/airflow/.local/lib/python3.12/site-packages/airflow/providers/apache/spark/hooks/spark_submit.py","lineno":35,"logger":"py.warnings"}
{"timestamp":"2026-01-11T16:42:46.965789Z","level":"warning","event":"The `airflow.operators.bash.BashOperator` attribute is deprecated. Please use `'airflow.providers.standard.operators.bash.BashOperator'`.","category":"DeprecatedImportWarning","filename":"/opt/airflow/dags/ecom_pipeline.py","lineno":6,"logger":"py.warnings"}
{"timestamp":"2026-01-11T16:42:47.040711Z","level":"info","event":"Spark-Submit cmd: spark-submit --master local[*] --name arrow-spark --verbose --deploy-mode client /opt/airflow/src/cleaning.py","logger":"airflow.task.hooks.airflow.providers.apache.spark.hooks.spark_submit.SparkSubmitHook","filename":"spark_submit.py","lineno":474}
{"timestamp":"2026-01-11T16:42:49.170899Z","level":"info","event":"Using properties file: null","logger":"airflow.task.hooks.airflow.providers.apache.spark.hooks.spark_submit.SparkSubmitHook","filename":"spark_submit.py","lineno":644}
{"timestamp":"2026-01-11T16:42:49.649430Z","level":"info","event":"Parsed arguments:","logger":"airflow.task.hooks.airflow.providers.apache.spark.hooks.spark_submit.SparkSubmitHook","filename":"spark_submit.py","lineno":644}
{"timestamp":"2026-01-11T16:42:49.662615Z","level":"info","event":"master                  local[*]","logger":"airflow.task.hooks.airflow.providers.apache.spark.hooks.spark_submit.SparkSubmitHook","filename":"spark_submit.py","lineno":644}
{"timestamp":"2026-01-11T16:42:49.664371Z","level":"info","event":"remote                  null","logger":"airflow.task.hooks.airflow.providers.apache.spark.hooks.spark_submit.SparkSubmitHook","filename":"spark_submit.py","lineno":644}
{"timestamp":"2026-01-11T16:42:49.665181Z","level":"info","event":"deployMode              client","logger":"airflow.task.hooks.airflow.providers.apache.spark.hooks.spark_submit.SparkSubmitHook","filename":"spark_submit.py","lineno":644}
{"timestamp":"2026-01-11T16:42:49.671581Z","level":"info","event":"executorMemory          1g","logger":"airflow.task.hooks.airflow.providers.apache.spark.hooks.spark_submit.SparkSubmitHook","filename":"spark_submit.py","lineno":644}
{"timestamp":"2026-01-11T16:42:49.672699Z","level":"info","event":"executorCores           null","logger":"airflow.task.hooks.airflow.providers.apache.spark.hooks.spark_submit.SparkSubmitHook","filename":"spark_submit.py","lineno":644}
{"timestamp":"2026-01-11T16:42:49.673672Z","level":"info","event":"totalExecutorCores      null","logger":"airflow.task.hooks.airflow.providers.apache.spark.hooks.spark_submit.SparkSubmitHook","filename":"spark_submit.py","lineno":644}
{"timestamp":"2026-01-11T16:42:49.675564Z","level":"info","event":"propertiesFile          null","logger":"airflow.task.hooks.airflow.providers.apache.spark.hooks.spark_submit.SparkSubmitHook","filename":"spark_submit.py","lineno":644}
{"timestamp":"2026-01-11T16:42:49.675948Z","level":"info","event":"driverMemory            2g","logger":"airflow.task.hooks.airflow.providers.apache.spark.hooks.spark_submit.SparkSubmitHook","filename":"spark_submit.py","lineno":644}
{"timestamp":"2026-01-11T16:42:49.676000Z","level":"info","event":"driverCores             null","logger":"airflow.task.hooks.airflow.providers.apache.spark.hooks.spark_submit.SparkSubmitHook","filename":"spark_submit.py","lineno":644}
{"timestamp":"2026-01-11T16:42:49.676395Z","level":"info","event":"driverExtraClassPath    null","logger":"airflow.task.hooks.airflow.providers.apache.spark.hooks.spark_submit.SparkSubmitHook","filename":"spark_submit.py","lineno":644}
{"timestamp":"2026-01-11T16:42:49.676489Z","level":"info","event":"driverExtraLibraryPath  null","logger":"airflow.task.hooks.airflow.providers.apache.spark.hooks.spark_submit.SparkSubmitHook","filename":"spark_submit.py","lineno":644}
{"timestamp":"2026-01-11T16:42:49.679947Z","level":"info","event":"driverExtraJavaOptions  null","logger":"airflow.task.hooks.airflow.providers.apache.spark.hooks.spark_submit.SparkSubmitHook","filename":"spark_submit.py","lineno":644}
{"timestamp":"2026-01-11T16:42:49.687342Z","level":"info","event":"supervise               false","logger":"airflow.task.hooks.airflow.providers.apache.spark.hooks.spark_submit.SparkSubmitHook","filename":"spark_submit.py","lineno":644}
{"timestamp":"2026-01-11T16:42:49.687854Z","level":"info","event":"queue                   null","logger":"airflow.task.hooks.airflow.providers.apache.spark.hooks.spark_submit.SparkSubmitHook","filename":"spark_submit.py","lineno":644}
{"timestamp":"2026-01-11T16:42:49.688018Z","level":"info","event":"numExecutors            null","logger":"airflow.task.hooks.airflow.providers.apache.spark.hooks.spark_submit.SparkSubmitHook","filename":"spark_submit.py","lineno":644}
{"timestamp":"2026-01-11T16:42:49.688070Z","level":"info","event":"files                   null","logger":"airflow.task.hooks.airflow.providers.apache.spark.hooks.spark_submit.SparkSubmitHook","filename":"spark_submit.py","lineno":644}
{"timestamp":"2026-01-11T16:42:49.688392Z","level":"info","event":"pyFiles                 null","logger":"airflow.task.hooks.airflow.providers.apache.spark.hooks.spark_submit.SparkSubmitHook","filename":"spark_submit.py","lineno":644}
{"timestamp":"2026-01-11T16:42:49.688444Z","level":"info","event":"archives                null","logger":"airflow.task.hooks.airflow.providers.apache.spark.hooks.spark_submit.SparkSubmitHook","filename":"spark_submit.py","lineno":644}
{"timestamp":"2026-01-11T16:42:49.688484Z","level":"info","event":"mainClass               null","logger":"airflow.task.hooks.airflow.providers.apache.spark.hooks.spark_submit.SparkSubmitHook","filename":"spark_submit.py","lineno":644}
{"timestamp":"2026-01-11T16:42:49.688565Z","level":"info","event":"primaryResource         file:/opt/airflow/src/cleaning.py","logger":"airflow.task.hooks.airflow.providers.apache.spark.hooks.spark_submit.SparkSubmitHook","filename":"spark_submit.py","lineno":644}
{"timestamp":"2026-01-11T16:42:49.688673Z","level":"info","event":"name                    arrow-spark","logger":"airflow.task.hooks.airflow.providers.apache.spark.hooks.spark_submit.SparkSubmitHook","filename":"spark_submit.py","lineno":644}
{"timestamp":"2026-01-11T16:42:49.688806Z","level":"info","event":"childArgs               []","logger":"airflow.task.hooks.airflow.providers.apache.spark.hooks.spark_submit.SparkSubmitHook","filename":"spark_submit.py","lineno":644}
{"timestamp":"2026-01-11T16:42:49.688954Z","level":"info","event":"jars                    null","logger":"airflow.task.hooks.airflow.providers.apache.spark.hooks.spark_submit.SparkSubmitHook","filename":"spark_submit.py","lineno":644}
{"timestamp":"2026-01-11T16:42:49.689702Z","level":"info","event":"packages                null","logger":"airflow.task.hooks.airflow.providers.apache.spark.hooks.spark_submit.SparkSubmitHook","filename":"spark_submit.py","lineno":644}
{"timestamp":"2026-01-11T16:42:49.689738Z","level":"info","event":"packagesExclusions      null","logger":"airflow.task.hooks.airflow.providers.apache.spark.hooks.spark_submit.SparkSubmitHook","filename":"spark_submit.py","lineno":644}
{"timestamp":"2026-01-11T16:42:49.689884Z","level":"info","event":"repositories            null","logger":"airflow.task.hooks.airflow.providers.apache.spark.hooks.spark_submit.SparkSubmitHook","filename":"spark_submit.py","lineno":644}
{"timestamp":"2026-01-11T16:42:49.691881Z","level":"info","event":"verbose                 true","logger":"airflow.task.hooks.airflow.providers.apache.spark.hooks.spark_submit.SparkSubmitHook","filename":"spark_submit.py","lineno":644}
{"timestamp":"2026-01-11T16:42:49.692342Z","level":"info","event":"","logger":"airflow.task.hooks.airflow.providers.apache.spark.hooks.spark_submit.SparkSubmitHook","filename":"spark_submit.py","lineno":644}
{"timestamp":"2026-01-11T16:42:49.692396Z","level":"info","event":"Spark properties used, including those specified through","logger":"airflow.task.hooks.airflow.providers.apache.spark.hooks.spark_submit.SparkSubmitHook","filename":"spark_submit.py","lineno":644}
{"timestamp":"2026-01-11T16:42:49.692429Z","level":"info","event":"--conf and those from the properties file null:","logger":"airflow.task.hooks.airflow.providers.apache.spark.hooks.spark_submit.SparkSubmitHook","filename":"spark_submit.py","lineno":644}
{"timestamp":"2026-01-11T16:42:49.692473Z","level":"info","event":"","logger":"airflow.task.hooks.airflow.providers.apache.spark.hooks.spark_submit.SparkSubmitHook","filename":"spark_submit.py","lineno":644}
{"timestamp":"2026-01-11T16:42:49.692513Z","level":"info","event":"","logger":"airflow.task.hooks.airflow.providers.apache.spark.hooks.spark_submit.SparkSubmitHook","filename":"spark_submit.py","lineno":644}
{"timestamp":"2026-01-11T16:42:49.692541Z","level":"info","event":"","logger":"airflow.task.hooks.airflow.providers.apache.spark.hooks.spark_submit.SparkSubmitHook","filename":"spark_submit.py","lineno":644}
{"timestamp":"2026-01-11T16:42:50.563196Z","level":"info","event":"Main class:","logger":"airflow.task.hooks.airflow.providers.apache.spark.hooks.spark_submit.SparkSubmitHook","filename":"spark_submit.py","lineno":644}
{"timestamp":"2026-01-11T16:42:50.565245Z","level":"info","event":"org.apache.spark.deploy.PythonRunner","logger":"airflow.task.hooks.airflow.providers.apache.spark.hooks.spark_submit.SparkSubmitHook","filename":"spark_submit.py","lineno":644}
{"timestamp":"2026-01-11T16:42:50.565411Z","level":"info","event":"Arguments:","logger":"airflow.task.hooks.airflow.providers.apache.spark.hooks.spark_submit.SparkSubmitHook","filename":"spark_submit.py","lineno":644}
{"timestamp":"2026-01-11T16:42:50.565454Z","level":"info","event":"file:/opt/airflow/src/cleaning.py","logger":"airflow.task.hooks.airflow.providers.apache.spark.hooks.spark_submit.SparkSubmitHook","filename":"spark_submit.py","lineno":644}
{"timestamp":"2026-01-11T16:42:50.565516Z","level":"info","event":"null","logger":"airflow.task.hooks.airflow.providers.apache.spark.hooks.spark_submit.SparkSubmitHook","filename":"spark_submit.py","lineno":644}
{"timestamp":"2026-01-11T16:42:50.566267Z","level":"info","event":"Spark config:","logger":"airflow.task.hooks.airflow.providers.apache.spark.hooks.spark_submit.SparkSubmitHook","filename":"spark_submit.py","lineno":644}
{"timestamp":"2026-01-11T16:42:50.566475Z","level":"info","event":"(spark.app.name,arrow-spark)","logger":"airflow.task.hooks.airflow.providers.apache.spark.hooks.spark_submit.SparkSubmitHook","filename":"spark_submit.py","lineno":644}
{"timestamp":"2026-01-11T16:42:50.566571Z","level":"info","event":"(spark.app.submitTime,1768149770534)","logger":"airflow.task.hooks.airflow.providers.apache.spark.hooks.spark_submit.SparkSubmitHook","filename":"spark_submit.py","lineno":644}
{"timestamp":"2026-01-11T16:42:50.566672Z","level":"info","event":"(spark.driver.memory,2g)","logger":"airflow.task.hooks.airflow.providers.apache.spark.hooks.spark_submit.SparkSubmitHook","filename":"spark_submit.py","lineno":644}
{"timestamp":"2026-01-11T16:42:50.566814Z","level":"info","event":"(spark.master,local[*])","logger":"airflow.task.hooks.airflow.providers.apache.spark.hooks.spark_submit.SparkSubmitHook","filename":"spark_submit.py","lineno":644}
{"timestamp":"2026-01-11T16:42:50.566930Z","level":"info","event":"(spark.submit.deployMode,client)","logger":"airflow.task.hooks.airflow.providers.apache.spark.hooks.spark_submit.SparkSubmitHook","filename":"spark_submit.py","lineno":644}
{"timestamp":"2026-01-11T16:42:50.567084Z","level":"info","event":"(spark.submit.pyFiles,)","logger":"airflow.task.hooks.airflow.providers.apache.spark.hooks.spark_submit.SparkSubmitHook","filename":"spark_submit.py","lineno":644}
{"timestamp":"2026-01-11T16:42:50.567209Z","level":"info","event":"Classpath elements:","logger":"airflow.task.hooks.airflow.providers.apache.spark.hooks.spark_submit.SparkSubmitHook","filename":"spark_submit.py","lineno":644}
{"timestamp":"2026-01-11T16:42:50.567296Z","level":"info","event":"","logger":"airflow.task.hooks.airflow.providers.apache.spark.hooks.spark_submit.SparkSubmitHook","filename":"spark_submit.py","lineno":644}
{"timestamp":"2026-01-11T16:42:50.567410Z","level":"info","event":"","logger":"airflow.task.hooks.airflow.providers.apache.spark.hooks.spark_submit.SparkSubmitHook","filename":"spark_submit.py","lineno":644}
{"timestamp":"2026-01-11T16:42:50.567518Z","level":"info","event":"","logger":"airflow.task.hooks.airflow.providers.apache.spark.hooks.spark_submit.SparkSubmitHook","filename":"spark_submit.py","lineno":644}
{"timestamp":"2026-01-11T16:42:51.583924Z","level":"info","event":"26/01/11 16:42:51 INFO SparkContext: Running Spark version 3.5.0","logger":"airflow.task.hooks.airflow.providers.apache.spark.hooks.spark_submit.SparkSubmitHook","filename":"spark_submit.py","lineno":644}
{"timestamp":"2026-01-11T16:42:51.589939Z","level":"info","event":"26/01/11 16:42:51 INFO SparkContext: OS info Linux, 6.10.14-linuxkit, aarch64","logger":"airflow.task.hooks.airflow.providers.apache.spark.hooks.spark_submit.SparkSubmitHook","filename":"spark_submit.py","lineno":644}
{"timestamp":"2026-01-11T16:42:51.591781Z","level":"info","event":"26/01/11 16:42:51 INFO SparkContext: Java version 17.0.17","logger":"airflow.task.hooks.airflow.providers.apache.spark.hooks.spark_submit.SparkSubmitHook","filename":"spark_submit.py","lineno":644}
{"timestamp":"2026-01-11T16:42:51.694889Z","level":"info","event":"26/01/11 16:42:51 WARN NativeCodeLoader: Unable to load native-hadoop library for your platform... using builtin-java classes where applicable","logger":"airflow.task.hooks.airflow.providers.apache.spark.hooks.spark_submit.SparkSubmitHook","filename":"spark_submit.py","lineno":644}
{"timestamp":"2026-01-11T16:42:51.825444Z","level":"info","event":"26/01/11 16:42:51 INFO ResourceUtils: ==============================================================","logger":"airflow.task.hooks.airflow.providers.apache.spark.hooks.spark_submit.SparkSubmitHook","filename":"spark_submit.py","lineno":644}
{"timestamp":"2026-01-11T16:42:51.825959Z","level":"info","event":"26/01/11 16:42:51 INFO ResourceUtils: No custom resources configured for spark.driver.","logger":"airflow.task.hooks.airflow.providers.apache.spark.hooks.spark_submit.SparkSubmitHook","filename":"spark_submit.py","lineno":644}
{"timestamp":"2026-01-11T16:42:51.826054Z","level":"info","event":"26/01/11 16:42:51 INFO ResourceUtils: ==============================================================","logger":"airflow.task.hooks.airflow.providers.apache.spark.hooks.spark_submit.SparkSubmitHook","filename":"spark_submit.py","lineno":644}
{"timestamp":"2026-01-11T16:42:51.826254Z","level":"info","event":"26/01/11 16:42:51 INFO SparkContext: Submitted application: Data_Cleaning","logger":"airflow.task.hooks.airflow.providers.apache.spark.hooks.spark_submit.SparkSubmitHook","filename":"spark_submit.py","lineno":644}
{"timestamp":"2026-01-11T16:42:51.869897Z","level":"info","event":"26/01/11 16:42:51 INFO ResourceProfile: Default ResourceProfile created, executor resources: Map(cores -> name: cores, amount: 1, script: , vendor: , memory -> name: memory, amount: 1024, script: , vendor: , offHeap -> name: offHeap, amount: 0, script: , vendor: ), task resources: Map(cpus -> name: cpus, amount: 1.0)","logger":"airflow.task.hooks.airflow.providers.apache.spark.hooks.spark_submit.SparkSubmitHook","filename":"spark_submit.py","lineno":644}
{"timestamp":"2026-01-11T16:42:51.972972Z","level":"info","event":"26/01/11 16:42:51 INFO ResourceProfile: Limiting resource is cpu","logger":"airflow.task.hooks.airflow.providers.apache.spark.hooks.spark_submit.SparkSubmitHook","filename":"spark_submit.py","lineno":644}
{"timestamp":"2026-01-11T16:42:51.977473Z","level":"info","event":"26/01/11 16:42:51 INFO ResourceProfileManager: Added ResourceProfile id: 0","logger":"airflow.task.hooks.airflow.providers.apache.spark.hooks.spark_submit.SparkSubmitHook","filename":"spark_submit.py","lineno":644}
{"timestamp":"2026-01-11T16:42:52.181036Z","level":"info","event":"26/01/11 16:42:52 INFO SecurityManager: Changing view acls to: airflow","logger":"airflow.task.hooks.airflow.providers.apache.spark.hooks.spark_submit.SparkSubmitHook","filename":"spark_submit.py","lineno":644}
{"timestamp":"2026-01-11T16:42:52.182029Z","level":"info","event":"26/01/11 16:42:52 INFO SecurityManager: Changing modify acls to: airflow","logger":"airflow.task.hooks.airflow.providers.apache.spark.hooks.spark_submit.SparkSubmitHook","filename":"spark_submit.py","lineno":644}
{"timestamp":"2026-01-11T16:42:52.182974Z","level":"info","event":"26/01/11 16:42:52 INFO SecurityManager: Changing view acls groups to:","logger":"airflow.task.hooks.airflow.providers.apache.spark.hooks.spark_submit.SparkSubmitHook","filename":"spark_submit.py","lineno":644}
{"timestamp":"2026-01-11T16:42:52.184350Z","level":"info","event":"26/01/11 16:42:52 INFO SecurityManager: Changing modify acls groups to:","logger":"airflow.task.hooks.airflow.providers.apache.spark.hooks.spark_submit.SparkSubmitHook","filename":"spark_submit.py","lineno":644}
{"timestamp":"2026-01-11T16:42:52.184902Z","level":"info","event":"26/01/11 16:42:52 INFO SecurityManager: SecurityManager: authentication disabled; ui acls disabled; users with view permissions: airflow; groups with view permissions: EMPTY; users with modify permissions: airflow; groups with modify permissions: EMPTY","logger":"airflow.task.hooks.airflow.providers.apache.spark.hooks.spark_submit.SparkSubmitHook","filename":"spark_submit.py","lineno":644}
{"timestamp":"2026-01-11T16:42:52.511107Z","level":"info","event":"26/01/11 16:42:52 INFO Utils: Successfully started service 'sparkDriver' on port 41283.","logger":"airflow.task.hooks.airflow.providers.apache.spark.hooks.spark_submit.SparkSubmitHook","filename":"spark_submit.py","lineno":644}
{"timestamp":"2026-01-11T16:42:52.548188Z","level":"info","event":"26/01/11 16:42:52 INFO SparkEnv: Registering MapOutputTracker","logger":"airflow.task.hooks.airflow.providers.apache.spark.hooks.spark_submit.SparkSubmitHook","filename":"spark_submit.py","lineno":644}
{"timestamp":"2026-01-11T16:42:52.585502Z","level":"info","event":"26/01/11 16:42:52 INFO SparkEnv: Registering BlockManagerMaster","logger":"airflow.task.hooks.airflow.providers.apache.spark.hooks.spark_submit.SparkSubmitHook","filename":"spark_submit.py","lineno":644}
{"timestamp":"2026-01-11T16:42:52.603639Z","level":"info","event":"26/01/11 16:42:52 INFO BlockManagerMasterEndpoint: Using org.apache.spark.storage.DefaultTopologyMapper for getting topology information","logger":"airflow.task.hooks.airflow.providers.apache.spark.hooks.spark_submit.SparkSubmitHook","filename":"spark_submit.py","lineno":644}
{"timestamp":"2026-01-11T16:42:52.604036Z","level":"info","event":"26/01/11 16:42:52 INFO BlockManagerMasterEndpoint: BlockManagerMasterEndpoint up","logger":"airflow.task.hooks.airflow.providers.apache.spark.hooks.spark_submit.SparkSubmitHook","filename":"spark_submit.py","lineno":644}
{"timestamp":"2026-01-11T16:42:52.608285Z","level":"info","event":"26/01/11 16:42:52 INFO SparkEnv: Registering BlockManagerMasterHeartbeat","logger":"airflow.task.hooks.airflow.providers.apache.spark.hooks.spark_submit.SparkSubmitHook","filename":"spark_submit.py","lineno":644}
{"timestamp":"2026-01-11T16:42:52.628674Z","level":"info","event":"26/01/11 16:42:52 INFO DiskBlockManager: Created local directory at /tmp/blockmgr-43e38071-2fa0-4cb2-b586-c44fcefd6e9a","logger":"airflow.task.hooks.airflow.providers.apache.spark.hooks.spark_submit.SparkSubmitHook","filename":"spark_submit.py","lineno":644}
{"timestamp":"2026-01-11T16:42:52.643458Z","level":"info","event":"26/01/11 16:42:52 INFO MemoryStore: MemoryStore started with capacity 1048.8 MiB","logger":"airflow.task.hooks.airflow.providers.apache.spark.hooks.spark_submit.SparkSubmitHook","filename":"spark_submit.py","lineno":644}
{"timestamp":"2026-01-11T16:42:52.663847Z","level":"info","event":"26/01/11 16:42:52 INFO SparkEnv: Registering OutputCommitCoordinator","logger":"airflow.task.hooks.airflow.providers.apache.spark.hooks.spark_submit.SparkSubmitHook","filename":"spark_submit.py","lineno":644}
{"timestamp":"2026-01-11T16:42:52.819551Z","level":"info","event":"26/01/11 16:42:52 INFO JettyUtils: Start Jetty localhost:4040 for SparkUI","logger":"airflow.task.hooks.airflow.providers.apache.spark.hooks.spark_submit.SparkSubmitHook","filename":"spark_submit.py","lineno":644}
{"timestamp":"2026-01-11T16:42:52.878899Z","level":"info","event":"26/01/11 16:42:52 INFO Utils: Successfully started service 'SparkUI' on port 4040.","logger":"airflow.task.hooks.airflow.providers.apache.spark.hooks.spark_submit.SparkSubmitHook","filename":"spark_submit.py","lineno":644}
{"timestamp":"2026-01-11T16:42:52.970011Z","level":"info","event":"26/01/11 16:42:52 INFO Executor: Starting executor ID driver on host localhost","logger":"airflow.task.hooks.airflow.providers.apache.spark.hooks.spark_submit.SparkSubmitHook","filename":"spark_submit.py","lineno":644}
{"timestamp":"2026-01-11T16:42:52.970293Z","level":"info","event":"26/01/11 16:42:52 INFO Executor: OS info Linux, 6.10.14-linuxkit, aarch64","logger":"airflow.task.hooks.airflow.providers.apache.spark.hooks.spark_submit.SparkSubmitHook","filename":"spark_submit.py","lineno":644}
{"timestamp":"2026-01-11T16:42:52.970672Z","level":"info","event":"26/01/11 16:42:52 INFO Executor: Java version 17.0.17","logger":"airflow.task.hooks.airflow.providers.apache.spark.hooks.spark_submit.SparkSubmitHook","filename":"spark_submit.py","lineno":644}
{"timestamp":"2026-01-11T16:42:52.976963Z","level":"info","event":"26/01/11 16:42:52 INFO Executor: Starting executor with user classpath (userClassPathFirst = false): ''","logger":"airflow.task.hooks.airflow.providers.apache.spark.hooks.spark_submit.SparkSubmitHook","filename":"spark_submit.py","lineno":644}
{"timestamp":"2026-01-11T16:42:52.977384Z","level":"info","event":"26/01/11 16:42:52 INFO Executor: Created or updated repl class loader org.apache.spark.util.MutableURLClassLoader@33a4d8ae for default.","logger":"airflow.task.hooks.airflow.providers.apache.spark.hooks.spark_submit.SparkSubmitHook","filename":"spark_submit.py","lineno":644}
{"timestamp":"2026-01-11T16:42:52.993854Z","level":"info","event":"26/01/11 16:42:52 INFO Utils: Successfully started service 'org.apache.spark.network.netty.NettyBlockTransferService' on port 45901.","logger":"airflow.task.hooks.airflow.providers.apache.spark.hooks.spark_submit.SparkSubmitHook","filename":"spark_submit.py","lineno":644}
{"timestamp":"2026-01-11T16:42:52.994091Z","level":"info","event":"26/01/11 16:42:52 INFO NettyBlockTransferService: Server created on localhost:45901","logger":"airflow.task.hooks.airflow.providers.apache.spark.hooks.spark_submit.SparkSubmitHook","filename":"spark_submit.py","lineno":644}
{"timestamp":"2026-01-11T16:42:52.995798Z","level":"info","event":"26/01/11 16:42:52 INFO BlockManager: Using org.apache.spark.storage.RandomBlockReplicationPolicy for block replication policy","logger":"airflow.task.hooks.airflow.providers.apache.spark.hooks.spark_submit.SparkSubmitHook","filename":"spark_submit.py","lineno":644}
{"timestamp":"2026-01-11T16:42:52.999842Z","level":"info","event":"26/01/11 16:42:52 INFO BlockManagerMaster: Registering BlockManager BlockManagerId(driver, localhost, 45901, None)","logger":"airflow.task.hooks.airflow.providers.apache.spark.hooks.spark_submit.SparkSubmitHook","filename":"spark_submit.py","lineno":644}
{"timestamp":"2026-01-11T16:42:53.002601Z","level":"info","event":"26/01/11 16:42:53 INFO BlockManagerMasterEndpoint: Registering block manager localhost:45901 with 1048.8 MiB RAM, BlockManagerId(driver, localhost, 45901, None)","logger":"airflow.task.hooks.airflow.providers.apache.spark.hooks.spark_submit.SparkSubmitHook","filename":"spark_submit.py","lineno":644}
{"timestamp":"2026-01-11T16:42:53.004066Z","level":"info","event":"26/01/11 16:42:53 INFO BlockManagerMaster: Registered BlockManager BlockManagerId(driver, localhost, 45901, None)","logger":"airflow.task.hooks.airflow.providers.apache.spark.hooks.spark_submit.SparkSubmitHook","filename":"spark_submit.py","lineno":644}
{"timestamp":"2026-01-11T16:42:53.004899Z","level":"info","event":"26/01/11 16:42:53 INFO BlockManager: Initialized BlockManager: BlockManagerId(driver, localhost, 45901, None)","logger":"airflow.task.hooks.airflow.providers.apache.spark.hooks.spark_submit.SparkSubmitHook","filename":"spark_submit.py","lineno":644}
{"timestamp":"2026-01-11T16:42:53.777991Z","level":"info","event":"26/01/11 16:42:53 INFO SharedState: Setting hive.metastore.warehouse.dir ('null') to the value of spark.sql.warehouse.dir.","logger":"airflow.task.hooks.airflow.providers.apache.spark.hooks.spark_submit.SparkSubmitHook","filename":"spark_submit.py","lineno":644}
{"timestamp":"2026-01-11T16:42:53.788418Z","level":"info","event":"26/01/11 16:42:53 INFO SharedState: Warehouse path is 'file:/opt/airflow/spark-warehouse'.","logger":"airflow.task.hooks.airflow.providers.apache.spark.hooks.spark_submit.SparkSubmitHook","filename":"spark_submit.py","lineno":644}
{"timestamp":"2026-01-11T16:42:55.334723Z","level":"info","event":"26/01/11 16:42:55 INFO InMemoryFileIndex: It took 135 ms to list leaf files for 1 paths.","logger":"airflow.task.hooks.airflow.providers.apache.spark.hooks.spark_submit.SparkSubmitHook","filename":"spark_submit.py","lineno":644}
{"timestamp":"2026-01-11T16:42:55.892372Z","level":"info","event":"26/01/11 16:42:55 INFO InMemoryFileIndex: It took 75 ms to list leaf files for 3 paths.","logger":"airflow.task.hooks.airflow.providers.apache.spark.hooks.spark_submit.SparkSubmitHook","filename":"spark_submit.py","lineno":644}
{"timestamp":"2026-01-11T16:43:00.819098Z","level":"info","event":"26/01/11 16:43:00 INFO FileSourceStrategy: Pushed Filters:","logger":"airflow.task.hooks.airflow.providers.apache.spark.hooks.spark_submit.SparkSubmitHook","filename":"spark_submit.py","lineno":644}
{"timestamp":"2026-01-11T16:43:00.825921Z","level":"info","event":"26/01/11 16:43:00 INFO FileSourceStrategy: Post-Scan Filters: (length(trim(value#0, None)) > 0)","logger":"airflow.task.hooks.airflow.providers.apache.spark.hooks.spark_submit.SparkSubmitHook","filename":"spark_submit.py","lineno":644}
{"timestamp":"2026-01-11T16:43:01.527510Z","level":"info","event":"26/01/11 16:43:01 INFO CodeGenerator: Code generated in 220.538167 ms","logger":"airflow.task.hooks.airflow.providers.apache.spark.hooks.spark_submit.SparkSubmitHook","filename":"spark_submit.py","lineno":644}
{"timestamp":"2026-01-11T16:43:01.587985Z","level":"info","event":"26/01/11 16:43:01 INFO MemoryStore: Block broadcast_0 stored as values in memory (estimated size 199.5 KiB, free 1048.6 MiB)","logger":"airflow.task.hooks.airflow.providers.apache.spark.hooks.spark_submit.SparkSubmitHook","filename":"spark_submit.py","lineno":644}
{"timestamp":"2026-01-11T16:43:01.643255Z","level":"info","event":"26/01/11 16:43:01 INFO MemoryStore: Block broadcast_0_piece0 stored as bytes in memory (estimated size 34.2 KiB, free 1048.6 MiB)","logger":"airflow.task.hooks.airflow.providers.apache.spark.hooks.spark_submit.SparkSubmitHook","filename":"spark_submit.py","lineno":644}
{"timestamp":"2026-01-11T16:43:01.685627Z","level":"info","event":"26/01/11 16:43:01 INFO BlockManagerInfo: Added broadcast_0_piece0 in memory on localhost:45901 (size: 34.2 KiB, free: 1048.8 MiB)","logger":"airflow.task.hooks.airflow.providers.apache.spark.hooks.spark_submit.SparkSubmitHook","filename":"spark_submit.py","lineno":644}
{"timestamp":"2026-01-11T16:43:01.860915Z","level":"info","event":"26/01/11 16:43:01 INFO SparkContext: Created broadcast 0 from csv at NativeMethodAccessorImpl.java:0","logger":"airflow.task.hooks.airflow.providers.apache.spark.hooks.spark_submit.SparkSubmitHook","filename":"spark_submit.py","lineno":644}
{"timestamp":"2026-01-11T16:43:01.978424Z","level":"info","event":"26/01/11 16:43:01 INFO FileSourceScanExec: Planning scan with bin packing, max size: 4194304 bytes, open cost is considered as scanning 4194304 bytes.","logger":"airflow.task.hooks.airflow.providers.apache.spark.hooks.spark_submit.SparkSubmitHook","filename":"spark_submit.py","lineno":644}
{"timestamp":"2026-01-11T16:43:02.174146Z","level":"info","event":"26/01/11 16:43:02 INFO SparkContext: Starting job: csv at NativeMethodAccessorImpl.java:0","logger":"airflow.task.hooks.airflow.providers.apache.spark.hooks.spark_submit.SparkSubmitHook","filename":"spark_submit.py","lineno":644}
{"timestamp":"2026-01-11T16:43:02.437350Z","level":"info","event":"26/01/11 16:43:02 INFO DAGScheduler: Got job 0 (csv at NativeMethodAccessorImpl.java:0) with 1 output partitions","logger":"airflow.task.hooks.airflow.providers.apache.spark.hooks.spark_submit.SparkSubmitHook","filename":"spark_submit.py","lineno":644}
{"timestamp":"2026-01-11T16:43:02.438335Z","level":"info","event":"26/01/11 16:43:02 INFO DAGScheduler: Final stage: ResultStage 0 (csv at NativeMethodAccessorImpl.java:0)","logger":"airflow.task.hooks.airflow.providers.apache.spark.hooks.spark_submit.SparkSubmitHook","filename":"spark_submit.py","lineno":644}
{"timestamp":"2026-01-11T16:43:02.438414Z","level":"info","event":"26/01/11 16:43:02 INFO DAGScheduler: Parents of final stage: List()","logger":"airflow.task.hooks.airflow.providers.apache.spark.hooks.spark_submit.SparkSubmitHook","filename":"spark_submit.py","lineno":644}
{"timestamp":"2026-01-11T16:43:02.445755Z","level":"info","event":"26/01/11 16:43:02 INFO DAGScheduler: Missing parents: List()","logger":"airflow.task.hooks.airflow.providers.apache.spark.hooks.spark_submit.SparkSubmitHook","filename":"spark_submit.py","lineno":644}
{"timestamp":"2026-01-11T16:43:02.454617Z","level":"info","event":"26/01/11 16:43:02 INFO DAGScheduler: Submitting ResultStage 0 (MapPartitionsRDD[3] at csv at NativeMethodAccessorImpl.java:0), which has no missing parents","logger":"airflow.task.hooks.airflow.providers.apache.spark.hooks.spark_submit.SparkSubmitHook","filename":"spark_submit.py","lineno":644}
{"timestamp":"2026-01-11T16:43:02.846616Z","level":"info","event":"26/01/11 16:43:02 INFO MemoryStore: Block broadcast_1 stored as values in memory (estimated size 13.5 KiB, free 1048.6 MiB)","logger":"airflow.task.hooks.airflow.providers.apache.spark.hooks.spark_submit.SparkSubmitHook","filename":"spark_submit.py","lineno":644}
{"timestamp":"2026-01-11T16:43:02.856074Z","level":"info","event":"26/01/11 16:43:02 INFO MemoryStore: Block broadcast_1_piece0 stored as bytes in memory (estimated size 6.4 KiB, free 1048.6 MiB)","logger":"airflow.task.hooks.airflow.providers.apache.spark.hooks.spark_submit.SparkSubmitHook","filename":"spark_submit.py","lineno":644}
{"timestamp":"2026-01-11T16:43:02.862015Z","level":"info","event":"26/01/11 16:43:02 INFO BlockManagerInfo: Added broadcast_1_piece0 in memory on localhost:45901 (size: 6.4 KiB, free: 1048.8 MiB)","logger":"airflow.task.hooks.airflow.providers.apache.spark.hooks.spark_submit.SparkSubmitHook","filename":"spark_submit.py","lineno":644}
{"timestamp":"2026-01-11T16:43:02.866336Z","level":"info","event":"26/01/11 16:43:02 INFO SparkContext: Created broadcast 1 from broadcast at DAGScheduler.scala:1580","logger":"airflow.task.hooks.airflow.providers.apache.spark.hooks.spark_submit.SparkSubmitHook","filename":"spark_submit.py","lineno":644}
{"timestamp":"2026-01-11T16:43:02.909603Z","level":"info","event":"26/01/11 16:43:02 INFO DAGScheduler: Submitting 1 missing tasks from ResultStage 0 (MapPartitionsRDD[3] at csv at NativeMethodAccessorImpl.java:0) (first 15 tasks are for partitions Vector(0))","logger":"airflow.task.hooks.airflow.providers.apache.spark.hooks.spark_submit.SparkSubmitHook","filename":"spark_submit.py","lineno":644}
{"timestamp":"2026-01-11T16:43:02.914810Z","level":"info","event":"26/01/11 16:43:02 INFO TaskSchedulerImpl: Adding task set 0.0 with 1 tasks resource profile 0","logger":"airflow.task.hooks.airflow.providers.apache.spark.hooks.spark_submit.SparkSubmitHook","filename":"spark_submit.py","lineno":644}
{"timestamp":"2026-01-11T16:43:03.008420Z","level":"info","event":"26/01/11 16:43:03 INFO TaskSetManager: Starting task 0.0 in stage 0.0 (TID 0) (localhost, executor driver, partition 0, PROCESS_LOCAL, 8279 bytes)","logger":"airflow.task.hooks.airflow.providers.apache.spark.hooks.spark_submit.SparkSubmitHook","filename":"spark_submit.py","lineno":644}
{"timestamp":"2026-01-11T16:43:03.056509Z","level":"info","event":"26/01/11 16:43:03 INFO Executor: Running task 0.0 in stage 0.0 (TID 0)","logger":"airflow.task.hooks.airflow.providers.apache.spark.hooks.spark_submit.SparkSubmitHook","filename":"spark_submit.py","lineno":644}
{"timestamp":"2026-01-11T16:43:03.210892Z","level":"info","event":"26/01/11 16:43:03 INFO CodeGenerator: Code generated in 18.636541 ms","logger":"airflow.task.hooks.airflow.providers.apache.spark.hooks.spark_submit.SparkSubmitHook","filename":"spark_submit.py","lineno":644}
{"timestamp":"2026-01-11T16:43:03.214463Z","level":"info","event":"26/01/11 16:43:03 INFO FileScanRDD: Reading File path: file:///opt/airflow/data/raw/olist_customers/part-00000-d3297468-f221-473f-86d9-d42ab8296849-c000.csv, range: 0-3986750, partition values: [empty row]","logger":"airflow.task.hooks.airflow.providers.apache.spark.hooks.spark_submit.SparkSubmitHook","filename":"spark_submit.py","lineno":644}
{"timestamp":"2026-01-11T16:43:03.238396Z","level":"info","event":"26/01/11 16:43:03 INFO CodeGenerator: Code generated in 9.608166 ms","logger":"airflow.task.hooks.airflow.providers.apache.spark.hooks.spark_submit.SparkSubmitHook","filename":"spark_submit.py","lineno":644}
{"timestamp":"2026-01-11T16:43:03.325905Z","level":"info","event":"26/01/11 16:43:03 INFO Executor: Finished task 0.0 in stage 0.0 (TID 0). 1671 bytes result sent to driver","logger":"airflow.task.hooks.airflow.providers.apache.spark.hooks.spark_submit.SparkSubmitHook","filename":"spark_submit.py","lineno":644}
{"timestamp":"2026-01-11T16:43:03.335322Z","level":"info","event":"26/01/11 16:43:03 INFO TaskSetManager: Finished task 0.0 in stage 0.0 (TID 0) in 359 ms on localhost (executor driver) (1/1)","logger":"airflow.task.hooks.airflow.providers.apache.spark.hooks.spark_submit.SparkSubmitHook","filename":"spark_submit.py","lineno":644}
{"timestamp":"2026-01-11T16:43:03.336730Z","level":"info","event":"26/01/11 16:43:03 INFO TaskSchedulerImpl: Removed TaskSet 0.0, whose tasks have all completed, from pool","logger":"airflow.task.hooks.airflow.providers.apache.spark.hooks.spark_submit.SparkSubmitHook","filename":"spark_submit.py","lineno":644}
{"timestamp":"2026-01-11T16:43:03.343119Z","level":"info","event":"26/01/11 16:43:03 INFO DAGScheduler: ResultStage 0 (csv at NativeMethodAccessorImpl.java:0) finished in 0.850 s","logger":"airflow.task.hooks.airflow.providers.apache.spark.hooks.spark_submit.SparkSubmitHook","filename":"spark_submit.py","lineno":644}
{"timestamp":"2026-01-11T16:43:03.357658Z","level":"info","event":"26/01/11 16:43:03 INFO DAGScheduler: Job 0 is finished. Cancelling potential speculative or zombie tasks for this job","logger":"airflow.task.hooks.airflow.providers.apache.spark.hooks.spark_submit.SparkSubmitHook","filename":"spark_submit.py","lineno":644}
{"timestamp":"2026-01-11T16:43:03.357881Z","level":"info","event":"26/01/11 16:43:03 INFO TaskSchedulerImpl: Killing all running tasks in stage 0: Stage finished","logger":"airflow.task.hooks.airflow.providers.apache.spark.hooks.spark_submit.SparkSubmitHook","filename":"spark_submit.py","lineno":644}
{"timestamp":"2026-01-11T16:43:03.359116Z","level":"info","event":"26/01/11 16:43:03 INFO DAGScheduler: Job 0 finished: csv at NativeMethodAccessorImpl.java:0, took 1.182057 s","logger":"airflow.task.hooks.airflow.providers.apache.spark.hooks.spark_submit.SparkSubmitHook","filename":"spark_submit.py","lineno":644}
{"timestamp":"2026-01-11T16:43:03.420248Z","level":"info","event":"26/01/11 16:43:03 INFO CodeGenerator: Code generated in 38.43875 ms","logger":"airflow.task.hooks.airflow.providers.apache.spark.hooks.spark_submit.SparkSubmitHook","filename":"spark_submit.py","lineno":644}
{"timestamp":"2026-01-11T16:43:03.578890Z","level":"info","event":"26/01/11 16:43:03 INFO FileSourceStrategy: Pushed Filters:","logger":"airflow.task.hooks.airflow.providers.apache.spark.hooks.spark_submit.SparkSubmitHook","filename":"spark_submit.py","lineno":644}
{"timestamp":"2026-01-11T16:43:03.579076Z","level":"info","event":"26/01/11 16:43:03 INFO FileSourceStrategy: Post-Scan Filters:","logger":"airflow.task.hooks.airflow.providers.apache.spark.hooks.spark_submit.SparkSubmitHook","filename":"spark_submit.py","lineno":644}
{"timestamp":"2026-01-11T16:43:03.596911Z","level":"info","event":"26/01/11 16:43:03 INFO MemoryStore: Block broadcast_2 stored as values in memory (estimated size 199.5 KiB, free 1048.4 MiB)","logger":"airflow.task.hooks.airflow.providers.apache.spark.hooks.spark_submit.SparkSubmitHook","filename":"spark_submit.py","lineno":644}
{"timestamp":"2026-01-11T16:43:03.622192Z","level":"info","event":"26/01/11 16:43:03 INFO MemoryStore: Block broadcast_2_piece0 stored as bytes in memory (estimated size 34.2 KiB, free 1048.3 MiB)","logger":"airflow.task.hooks.airflow.providers.apache.spark.hooks.spark_submit.SparkSubmitHook","filename":"spark_submit.py","lineno":644}
{"timestamp":"2026-01-11T16:43:03.626417Z","level":"info","event":"26/01/11 16:43:03 INFO BlockManagerInfo: Added broadcast_2_piece0 in memory on localhost:45901 (size: 34.2 KiB, free: 1048.7 MiB)","logger":"airflow.task.hooks.airflow.providers.apache.spark.hooks.spark_submit.SparkSubmitHook","filename":"spark_submit.py","lineno":644}
{"timestamp":"2026-01-11T16:43:03.629866Z","level":"info","event":"26/01/11 16:43:03 INFO SparkContext: Created broadcast 2 from csv at NativeMethodAccessorImpl.java:0","logger":"airflow.task.hooks.airflow.providers.apache.spark.hooks.spark_submit.SparkSubmitHook","filename":"spark_submit.py","lineno":644}
{"timestamp":"2026-01-11T16:43:03.633000Z","level":"info","event":"26/01/11 16:43:03 INFO FileSourceScanExec: Planning scan with bin packing, max size: 4194304 bytes, open cost is considered as scanning 4194304 bytes.","logger":"airflow.task.hooks.airflow.providers.apache.spark.hooks.spark_submit.SparkSubmitHook","filename":"spark_submit.py","lineno":644}
{"timestamp":"2026-01-11T16:43:04.050416Z","level":"info","event":"____________________________________________________","logger":"airflow.task.hooks.airflow.providers.apache.spark.hooks.spark_submit.SparkSubmitHook","filename":"spark_submit.py","lineno":644}
{"timestamp":"2026-01-11T16:43:04.171261Z","level":"info","event":"26/01/11 16:43:04 INFO FileSourceStrategy: Pushed Filters:","logger":"airflow.task.hooks.airflow.providers.apache.spark.hooks.spark_submit.SparkSubmitHook","filename":"spark_submit.py","lineno":644}
{"timestamp":"2026-01-11T16:43:04.172169Z","level":"info","event":"26/01/11 16:43:04 INFO FileSourceStrategy: Post-Scan Filters:","logger":"airflow.task.hooks.airflow.providers.apache.spark.hooks.spark_submit.SparkSubmitHook","filename":"spark_submit.py","lineno":644}
{"timestamp":"2026-01-11T16:43:04.316497Z","level":"info","event":"26/01/11 16:43:04 INFO CodeGenerator: Code generated in 29.293625 ms","logger":"airflow.task.hooks.airflow.providers.apache.spark.hooks.spark_submit.SparkSubmitHook","filename":"spark_submit.py","lineno":644}
{"timestamp":"2026-01-11T16:43:04.324719Z","level":"info","event":"26/01/11 16:43:04 INFO MemoryStore: Block broadcast_3 stored as values in memory (estimated size 199.4 KiB, free 1048.1 MiB)","logger":"airflow.task.hooks.airflow.providers.apache.spark.hooks.spark_submit.SparkSubmitHook","filename":"spark_submit.py","lineno":644}
{"timestamp":"2026-01-11T16:43:04.345141Z","level":"info","event":"26/01/11 16:43:04 INFO MemoryStore: Block broadcast_3_piece0 stored as bytes in memory (estimated size 34.2 KiB, free 1048.1 MiB)","logger":"airflow.task.hooks.airflow.providers.apache.spark.hooks.spark_submit.SparkSubmitHook","filename":"spark_submit.py","lineno":644}
{"timestamp":"2026-01-11T16:43:04.346222Z","level":"info","event":"26/01/11 16:43:04 INFO BlockManagerInfo: Added broadcast_3_piece0 in memory on localhost:45901 (size: 34.2 KiB, free: 1048.7 MiB)","logger":"airflow.task.hooks.airflow.providers.apache.spark.hooks.spark_submit.SparkSubmitHook","filename":"spark_submit.py","lineno":644}
{"timestamp":"2026-01-11T16:43:04.349870Z","level":"info","event":"26/01/11 16:43:04 INFO SparkContext: Created broadcast 3 from count at NativeMethodAccessorImpl.java:0","logger":"airflow.task.hooks.airflow.providers.apache.spark.hooks.spark_submit.SparkSubmitHook","filename":"spark_submit.py","lineno":644}
{"timestamp":"2026-01-11T16:43:04.361901Z","level":"info","event":"26/01/11 16:43:04 INFO FileSourceScanExec: Planning scan with bin packing, max size: 4194304 bytes, open cost is considered as scanning 4194304 bytes.","logger":"airflow.task.hooks.airflow.providers.apache.spark.hooks.spark_submit.SparkSubmitHook","filename":"spark_submit.py","lineno":644}
{"timestamp":"2026-01-11T16:43:04.408790Z","level":"info","event":"26/01/11 16:43:04 INFO DAGScheduler: Registering RDD 13 (count at NativeMethodAccessorImpl.java:0) as input to shuffle 0","logger":"airflow.task.hooks.airflow.providers.apache.spark.hooks.spark_submit.SparkSubmitHook","filename":"spark_submit.py","lineno":644}
{"timestamp":"2026-01-11T16:43:04.413054Z","level":"info","event":"26/01/11 16:43:04 INFO DAGScheduler: Got map stage job 1 (count at NativeMethodAccessorImpl.java:0) with 3 output partitions","logger":"airflow.task.hooks.airflow.providers.apache.spark.hooks.spark_submit.SparkSubmitHook","filename":"spark_submit.py","lineno":644}
{"timestamp":"2026-01-11T16:43:04.413412Z","level":"info","event":"26/01/11 16:43:04 INFO DAGScheduler: Final stage: ShuffleMapStage 1 (count at NativeMethodAccessorImpl.java:0)","logger":"airflow.task.hooks.airflow.providers.apache.spark.hooks.spark_submit.SparkSubmitHook","filename":"spark_submit.py","lineno":644}
{"timestamp":"2026-01-11T16:43:04.413723Z","level":"info","event":"26/01/11 16:43:04 INFO DAGScheduler: Parents of final stage: List()","logger":"airflow.task.hooks.airflow.providers.apache.spark.hooks.spark_submit.SparkSubmitHook","filename":"spark_submit.py","lineno":644}
{"timestamp":"2026-01-11T16:43:04.414591Z","level":"info","event":"26/01/11 16:43:04 INFO DAGScheduler: Missing parents: List()","logger":"airflow.task.hooks.airflow.providers.apache.spark.hooks.spark_submit.SparkSubmitHook","filename":"spark_submit.py","lineno":644}
{"timestamp":"2026-01-11T16:43:04.416137Z","level":"info","event":"26/01/11 16:43:04 INFO DAGScheduler: Submitting ShuffleMapStage 1 (MapPartitionsRDD[13] at count at NativeMethodAccessorImpl.java:0), which has no missing parents","logger":"airflow.task.hooks.airflow.providers.apache.spark.hooks.spark_submit.SparkSubmitHook","filename":"spark_submit.py","lineno":644}
{"timestamp":"2026-01-11T16:43:04.486270Z","level":"info","event":"26/01/11 16:43:04 INFO MemoryStore: Block broadcast_4 stored as values in memory (estimated size 17.8 KiB, free 1048.1 MiB)","logger":"airflow.task.hooks.airflow.providers.apache.spark.hooks.spark_submit.SparkSubmitHook","filename":"spark_submit.py","lineno":644}
{"timestamp":"2026-01-11T16:43:04.566603Z","level":"info","event":"26/01/11 16:43:04 INFO MemoryStore: Block broadcast_4_piece0 stored as bytes in memory (estimated size 8.7 KiB, free 1048.1 MiB)","logger":"airflow.task.hooks.airflow.providers.apache.spark.hooks.spark_submit.SparkSubmitHook","filename":"spark_submit.py","lineno":644}
{"timestamp":"2026-01-11T16:43:04.569248Z","level":"info","event":"26/01/11 16:43:04 INFO BlockManagerInfo: Added broadcast_4_piece0 in memory on localhost:45901 (size: 8.7 KiB, free: 1048.7 MiB)","logger":"airflow.task.hooks.airflow.providers.apache.spark.hooks.spark_submit.SparkSubmitHook","filename":"spark_submit.py","lineno":644}
{"timestamp":"2026-01-11T16:43:04.571981Z","level":"info","event":"26/01/11 16:43:04 INFO SparkContext: Created broadcast 4 from broadcast at DAGScheduler.scala:1580","logger":"airflow.task.hooks.airflow.providers.apache.spark.hooks.spark_submit.SparkSubmitHook","filename":"spark_submit.py","lineno":644}
{"timestamp":"2026-01-11T16:43:04.574863Z","level":"info","event":"26/01/11 16:43:04 INFO DAGScheduler: Submitting 3 missing tasks from ShuffleMapStage 1 (MapPartitionsRDD[13] at count at NativeMethodAccessorImpl.java:0) (first 15 tasks are for partitions Vector(0, 1, 2))","logger":"airflow.task.hooks.airflow.providers.apache.spark.hooks.spark_submit.SparkSubmitHook","filename":"spark_submit.py","lineno":644}
{"timestamp":"2026-01-11T16:43:04.575014Z","level":"info","event":"26/01/11 16:43:04 INFO TaskSchedulerImpl: Adding task set 1.0 with 3 tasks resource profile 0","logger":"airflow.task.hooks.airflow.providers.apache.spark.hooks.spark_submit.SparkSubmitHook","filename":"spark_submit.py","lineno":644}
{"timestamp":"2026-01-11T16:43:04.586526Z","level":"info","event":"26/01/11 16:43:04 INFO TaskSetManager: Starting task 0.0 in stage 1.0 (TID 1) (localhost, executor driver, partition 0, PROCESS_LOCAL, 8268 bytes)","logger":"airflow.task.hooks.airflow.providers.apache.spark.hooks.spark_submit.SparkSubmitHook","filename":"spark_submit.py","lineno":644}
{"timestamp":"2026-01-11T16:43:04.588502Z","level":"info","event":"26/01/11 16:43:04 INFO TaskSetManager: Starting task 1.0 in stage 1.0 (TID 2) (localhost, executor driver, partition 1, PROCESS_LOCAL, 8268 bytes)","logger":"airflow.task.hooks.airflow.providers.apache.spark.hooks.spark_submit.SparkSubmitHook","filename":"spark_submit.py","lineno":644}
{"timestamp":"2026-01-11T16:43:04.592419Z","level":"info","event":"26/01/11 16:43:04 INFO TaskSetManager: Starting task 2.0 in stage 1.0 (TID 3) (localhost, executor driver, partition 2, PROCESS_LOCAL, 8268 bytes)","logger":"airflow.task.hooks.airflow.providers.apache.spark.hooks.spark_submit.SparkSubmitHook","filename":"spark_submit.py","lineno":644}
{"timestamp":"2026-01-11T16:43:04.594226Z","level":"info","event":"26/01/11 16:43:04 INFO Executor: Running task 0.0 in stage 1.0 (TID 1)","logger":"airflow.task.hooks.airflow.providers.apache.spark.hooks.spark_submit.SparkSubmitHook","filename":"spark_submit.py","lineno":644}
{"timestamp":"2026-01-11T16:43:04.596813Z","level":"info","event":"26/01/11 16:43:04 INFO Executor: Running task 1.0 in stage 1.0 (TID 2)","logger":"airflow.task.hooks.airflow.providers.apache.spark.hooks.spark_submit.SparkSubmitHook","filename":"spark_submit.py","lineno":644}
{"timestamp":"2026-01-11T16:43:04.599722Z","level":"info","event":"26/01/11 16:43:04 INFO Executor: Running task 2.0 in stage 1.0 (TID 3)","logger":"airflow.task.hooks.airflow.providers.apache.spark.hooks.spark_submit.SparkSubmitHook","filename":"spark_submit.py","lineno":644}
{"timestamp":"2026-01-11T16:43:04.990273Z","level":"info","event":"26/01/11 16:43:04 INFO BlockManagerInfo: Removed broadcast_0_piece0 on localhost:45901 in memory (size: 34.2 KiB, free: 1048.7 MiB)","logger":"airflow.task.hooks.airflow.providers.apache.spark.hooks.spark_submit.SparkSubmitHook","filename":"spark_submit.py","lineno":644}
{"timestamp":"2026-01-11T16:43:05.067499Z","level":"info","event":"26/01/11 16:43:05 INFO CodeGenerator: Code generated in 117.916875 ms","logger":"airflow.task.hooks.airflow.providers.apache.spark.hooks.spark_submit.SparkSubmitHook","filename":"spark_submit.py","lineno":644}
{"timestamp":"2026-01-11T16:43:05.119476Z","level":"info","event":"26/01/11 16:43:05 INFO BlockManagerInfo: Removed broadcast_2_piece0 on localhost:45901 in memory (size: 34.2 KiB, free: 1048.8 MiB)","logger":"airflow.task.hooks.airflow.providers.apache.spark.hooks.spark_submit.SparkSubmitHook","filename":"spark_submit.py","lineno":644}
{"timestamp":"2026-01-11T16:43:05.133713Z","level":"info","event":"26/01/11 16:43:05 INFO FileScanRDD: Reading File path: file:///opt/airflow/data/raw/olist_customers/part-00001-d3297468-f221-473f-86d9-d42ab8296849-c000.csv, range: 0-3986389, partition values: [empty row]","logger":"airflow.task.hooks.airflow.providers.apache.spark.hooks.spark_submit.SparkSubmitHook","filename":"spark_submit.py","lineno":644}
{"timestamp":"2026-01-11T16:43:05.133936Z","level":"info","event":"26/01/11 16:43:05 INFO FileScanRDD: Reading File path: file:///opt/airflow/data/raw/olist_customers/part-00002-d3297468-f221-473f-86d9-d42ab8296849-c000.csv, range: 0-613296, partition values: [empty row]","logger":"airflow.task.hooks.airflow.providers.apache.spark.hooks.spark_submit.SparkSubmitHook","filename":"spark_submit.py","lineno":644}
{"timestamp":"2026-01-11T16:43:05.134354Z","level":"info","event":"26/01/11 16:43:05 INFO FileScanRDD: Reading File path: file:///opt/airflow/data/raw/olist_customers/part-00000-d3297468-f221-473f-86d9-d42ab8296849-c000.csv, range: 0-3986750, partition values: [empty row]","logger":"airflow.task.hooks.airflow.providers.apache.spark.hooks.spark_submit.SparkSubmitHook","filename":"spark_submit.py","lineno":644}
{"timestamp":"2026-01-11T16:43:05.171549Z","level":"info","event":"26/01/11 16:43:05 INFO BlockManagerInfo: Removed broadcast_1_piece0 on localhost:45901 in memory (size: 6.4 KiB, free: 1048.8 MiB)","logger":"airflow.task.hooks.airflow.providers.apache.spark.hooks.spark_submit.SparkSubmitHook","filename":"spark_submit.py","lineno":644}
{"timestamp":"2026-01-11T16:43:05.180540Z","level":"info","event":"26/01/11 16:43:05 INFO CodeGenerator: Code generated in 38.570709 ms","logger":"airflow.task.hooks.airflow.providers.apache.spark.hooks.spark_submit.SparkSubmitHook","filename":"spark_submit.py","lineno":644}
{"timestamp":"2026-01-11T16:43:05.536304Z","level":"info","event":"26/01/11 16:43:05 INFO Executor: Finished task 2.0 in stage 1.0 (TID 3). 1968 bytes result sent to driver","logger":"airflow.task.hooks.airflow.providers.apache.spark.hooks.spark_submit.SparkSubmitHook","filename":"spark_submit.py","lineno":644}
{"timestamp":"2026-01-11T16:43:05.545738Z","level":"info","event":"26/01/11 16:43:05 INFO TaskSetManager: Finished task 2.0 in stage 1.0 (TID 3) in 954 ms on localhost (executor driver) (1/3)","logger":"airflow.task.hooks.airflow.providers.apache.spark.hooks.spark_submit.SparkSubmitHook","filename":"spark_submit.py","lineno":644}
{"timestamp":"2026-01-11T16:43:05.580218Z","level":"info","event":"26/01/11 16:43:05 INFO Executor: Finished task 0.0 in stage 1.0 (TID 1). 1968 bytes result sent to driver","logger":"airflow.task.hooks.airflow.providers.apache.spark.hooks.spark_submit.SparkSubmitHook","filename":"spark_submit.py","lineno":644}
{"timestamp":"2026-01-11T16:43:05.593068Z","level":"info","event":"26/01/11 16:43:05 INFO TaskSetManager: Finished task 0.0 in stage 1.0 (TID 1) in 1012 ms on localhost (executor driver) (2/3)","logger":"airflow.task.hooks.airflow.providers.apache.spark.hooks.spark_submit.SparkSubmitHook","filename":"spark_submit.py","lineno":644}
{"timestamp":"2026-01-11T16:43:05.643301Z","level":"info","event":"26/01/11 16:43:05 INFO Executor: Finished task 1.0 in stage 1.0 (TID 2). 2011 bytes result sent to driver","logger":"airflow.task.hooks.airflow.providers.apache.spark.hooks.spark_submit.SparkSubmitHook","filename":"spark_submit.py","lineno":644}
{"timestamp":"2026-01-11T16:43:05.734213Z","level":"info","event":"26/01/11 16:43:05 INFO TaskSetManager: Finished task 1.0 in stage 1.0 (TID 2) in 1146 ms on localhost (executor driver) (3/3)","logger":"airflow.task.hooks.airflow.providers.apache.spark.hooks.spark_submit.SparkSubmitHook","filename":"spark_submit.py","lineno":644}
{"timestamp":"2026-01-11T16:43:05.736172Z","level":"info","event":"26/01/11 16:43:05 INFO TaskSchedulerImpl: Removed TaskSet 1.0, whose tasks have all completed, from pool","logger":"airflow.task.hooks.airflow.providers.apache.spark.hooks.spark_submit.SparkSubmitHook","filename":"spark_submit.py","lineno":644}
{"timestamp":"2026-01-11T16:43:05.741411Z","level":"info","event":"26/01/11 16:43:05 INFO DAGScheduler: ShuffleMapStage 1 (count at NativeMethodAccessorImpl.java:0) finished in 1.314 s","logger":"airflow.task.hooks.airflow.providers.apache.spark.hooks.spark_submit.SparkSubmitHook","filename":"spark_submit.py","lineno":644}
{"timestamp":"2026-01-11T16:43:05.747562Z","level":"info","event":"26/01/11 16:43:05 INFO DAGScheduler: looking for newly runnable stages","logger":"airflow.task.hooks.airflow.providers.apache.spark.hooks.spark_submit.SparkSubmitHook","filename":"spark_submit.py","lineno":644}
{"timestamp":"2026-01-11T16:43:05.751015Z","level":"info","event":"26/01/11 16:43:05 INFO DAGScheduler: running: Set()","logger":"airflow.task.hooks.airflow.providers.apache.spark.hooks.spark_submit.SparkSubmitHook","filename":"spark_submit.py","lineno":644}
{"timestamp":"2026-01-11T16:43:05.752678Z","level":"info","event":"26/01/11 16:43:05 INFO DAGScheduler: waiting: Set()","logger":"airflow.task.hooks.airflow.providers.apache.spark.hooks.spark_submit.SparkSubmitHook","filename":"spark_submit.py","lineno":644}
{"timestamp":"2026-01-11T16:43:05.757098Z","level":"info","event":"26/01/11 16:43:05 INFO DAGScheduler: failed: Set()","logger":"airflow.task.hooks.airflow.providers.apache.spark.hooks.spark_submit.SparkSubmitHook","filename":"spark_submit.py","lineno":644}
{"timestamp":"2026-01-11T16:43:06.197614Z","level":"info","event":"26/01/11 16:43:06 INFO CodeGenerator: Code generated in 49.708 ms","logger":"airflow.task.hooks.airflow.providers.apache.spark.hooks.spark_submit.SparkSubmitHook","filename":"spark_submit.py","lineno":644}
{"timestamp":"2026-01-11T16:43:06.271897Z","level":"info","event":"26/01/11 16:43:06 INFO SparkContext: Starting job: count at NativeMethodAccessorImpl.java:0","logger":"airflow.task.hooks.airflow.providers.apache.spark.hooks.spark_submit.SparkSubmitHook","filename":"spark_submit.py","lineno":644}
{"timestamp":"2026-01-11T16:43:06.284166Z","level":"info","event":"26/01/11 16:43:06 INFO DAGScheduler: Got job 2 (count at NativeMethodAccessorImpl.java:0) with 1 output partitions","logger":"airflow.task.hooks.airflow.providers.apache.spark.hooks.spark_submit.SparkSubmitHook","filename":"spark_submit.py","lineno":644}
{"timestamp":"2026-01-11T16:43:06.284376Z","level":"info","event":"26/01/11 16:43:06 INFO DAGScheduler: Final stage: ResultStage 3 (count at NativeMethodAccessorImpl.java:0)","logger":"airflow.task.hooks.airflow.providers.apache.spark.hooks.spark_submit.SparkSubmitHook","filename":"spark_submit.py","lineno":644}
{"timestamp":"2026-01-11T16:43:06.284427Z","level":"info","event":"26/01/11 16:43:06 INFO DAGScheduler: Parents of final stage: List(ShuffleMapStage 2)","logger":"airflow.task.hooks.airflow.providers.apache.spark.hooks.spark_submit.SparkSubmitHook","filename":"spark_submit.py","lineno":644}
{"timestamp":"2026-01-11T16:43:06.284450Z","level":"info","event":"26/01/11 16:43:06 INFO DAGScheduler: Missing parents: List()","logger":"airflow.task.hooks.airflow.providers.apache.spark.hooks.spark_submit.SparkSubmitHook","filename":"spark_submit.py","lineno":644}
{"timestamp":"2026-01-11T16:43:06.291526Z","level":"info","event":"26/01/11 16:43:06 INFO DAGScheduler: Submitting ResultStage 3 (MapPartitionsRDD[16] at count at NativeMethodAccessorImpl.java:0), which has no missing parents","logger":"airflow.task.hooks.airflow.providers.apache.spark.hooks.spark_submit.SparkSubmitHook","filename":"spark_submit.py","lineno":644}
{"timestamp":"2026-01-11T16:43:06.338675Z","level":"info","event":"26/01/11 16:43:06 INFO MemoryStore: Block broadcast_5 stored as values in memory (estimated size 12.5 KiB, free 1048.5 MiB)","logger":"airflow.task.hooks.airflow.providers.apache.spark.hooks.spark_submit.SparkSubmitHook","filename":"spark_submit.py","lineno":644}
{"timestamp":"2026-01-11T16:43:06.353982Z","level":"info","event":"26/01/11 16:43:06 INFO MemoryStore: Block broadcast_5_piece0 stored as bytes in memory (estimated size 5.9 KiB, free 1048.5 MiB)","logger":"airflow.task.hooks.airflow.providers.apache.spark.hooks.spark_submit.SparkSubmitHook","filename":"spark_submit.py","lineno":644}
{"timestamp":"2026-01-11T16:43:06.358984Z","level":"info","event":"26/01/11 16:43:06 INFO BlockManagerInfo: Added broadcast_5_piece0 in memory on localhost:45901 (size: 5.9 KiB, free: 1048.8 MiB)","logger":"airflow.task.hooks.airflow.providers.apache.spark.hooks.spark_submit.SparkSubmitHook","filename":"spark_submit.py","lineno":644}
{"timestamp":"2026-01-11T16:43:06.364725Z","level":"info","event":"26/01/11 16:43:06 INFO SparkContext: Created broadcast 5 from broadcast at DAGScheduler.scala:1580","logger":"airflow.task.hooks.airflow.providers.apache.spark.hooks.spark_submit.SparkSubmitHook","filename":"spark_submit.py","lineno":644}
{"timestamp":"2026-01-11T16:43:06.367554Z","level":"info","event":"26/01/11 16:43:06 INFO DAGScheduler: Submitting 1 missing tasks from ResultStage 3 (MapPartitionsRDD[16] at count at NativeMethodAccessorImpl.java:0) (first 15 tasks are for partitions Vector(0))","logger":"airflow.task.hooks.airflow.providers.apache.spark.hooks.spark_submit.SparkSubmitHook","filename":"spark_submit.py","lineno":644}
{"timestamp":"2026-01-11T16:43:06.367676Z","level":"info","event":"26/01/11 16:43:06 INFO TaskSchedulerImpl: Adding task set 3.0 with 1 tasks resource profile 0","logger":"airflow.task.hooks.airflow.providers.apache.spark.hooks.spark_submit.SparkSubmitHook","filename":"spark_submit.py","lineno":644}
{"timestamp":"2026-01-11T16:43:06.383416Z","level":"info","event":"26/01/11 16:43:06 INFO TaskSetManager: Starting task 0.0 in stage 3.0 (TID 4) (localhost, executor driver, partition 0, NODE_LOCAL, 7615 bytes)","logger":"airflow.task.hooks.airflow.providers.apache.spark.hooks.spark_submit.SparkSubmitHook","filename":"spark_submit.py","lineno":644}
{"timestamp":"2026-01-11T16:43:06.398230Z","level":"info","event":"26/01/11 16:43:06 INFO Executor: Running task 0.0 in stage 3.0 (TID 4)","logger":"airflow.task.hooks.airflow.providers.apache.spark.hooks.spark_submit.SparkSubmitHook","filename":"spark_submit.py","lineno":644}
{"timestamp":"2026-01-11T16:43:06.593801Z","level":"info","event":"26/01/11 16:43:06 INFO ShuffleBlockFetcherIterator: Getting 3 (180.0 B) non-empty blocks including 3 (180.0 B) local and 0 (0.0 B) host-local and 0 (0.0 B) push-merged-local and 0 (0.0 B) remote blocks","logger":"airflow.task.hooks.airflow.providers.apache.spark.hooks.spark_submit.SparkSubmitHook","filename":"spark_submit.py","lineno":644}
{"timestamp":"2026-01-11T16:43:06.610815Z","level":"info","event":"26/01/11 16:43:06 INFO ShuffleBlockFetcherIterator: Started 0 remote fetches in 35 ms","logger":"airflow.task.hooks.airflow.providers.apache.spark.hooks.spark_submit.SparkSubmitHook","filename":"spark_submit.py","lineno":644}
{"timestamp":"2026-01-11T16:43:06.712221Z","level":"info","event":"26/01/11 16:43:06 INFO CodeGenerator: Code generated in 54.311583 ms","logger":"airflow.task.hooks.airflow.providers.apache.spark.hooks.spark_submit.SparkSubmitHook","filename":"spark_submit.py","lineno":644}
{"timestamp":"2026-01-11T16:43:06.830300Z","level":"info","event":"26/01/11 16:43:06 INFO Executor: Finished task 0.0 in stage 3.0 (TID 4). 4038 bytes result sent to driver","logger":"airflow.task.hooks.airflow.providers.apache.spark.hooks.spark_submit.SparkSubmitHook","filename":"spark_submit.py","lineno":644}
{"timestamp":"2026-01-11T16:43:06.848765Z","level":"info","event":"26/01/11 16:43:06 INFO TaskSetManager: Finished task 0.0 in stage 3.0 (TID 4) in 471 ms on localhost (executor driver) (1/1)","logger":"airflow.task.hooks.airflow.providers.apache.spark.hooks.spark_submit.SparkSubmitHook","filename":"spark_submit.py","lineno":644}
{"timestamp":"2026-01-11T16:43:06.850503Z","level":"info","event":"26/01/11 16:43:06 INFO TaskSchedulerImpl: Removed TaskSet 3.0, whose tasks have all completed, from pool","logger":"airflow.task.hooks.airflow.providers.apache.spark.hooks.spark_submit.SparkSubmitHook","filename":"spark_submit.py","lineno":644}
{"timestamp":"2026-01-11T16:43:06.862756Z","level":"info","event":"26/01/11 16:43:06 INFO DAGScheduler: ResultStage 3 (count at NativeMethodAccessorImpl.java:0) finished in 0.522 s","logger":"airflow.task.hooks.airflow.providers.apache.spark.hooks.spark_submit.SparkSubmitHook","filename":"spark_submit.py","lineno":644}
{"timestamp":"2026-01-11T16:43:06.865623Z","level":"info","event":"26/01/11 16:43:06 INFO DAGScheduler: Job 2 is finished. Cancelling potential speculative or zombie tasks for this job","logger":"airflow.task.hooks.airflow.providers.apache.spark.hooks.spark_submit.SparkSubmitHook","filename":"spark_submit.py","lineno":644}
{"timestamp":"2026-01-11T16:43:06.865829Z","level":"info","event":"26/01/11 16:43:06 INFO TaskSchedulerImpl: Killing all running tasks in stage 3: Stage finished","logger":"airflow.task.hooks.airflow.providers.apache.spark.hooks.spark_submit.SparkSubmitHook","filename":"spark_submit.py","lineno":644}
{"timestamp":"2026-01-11T16:43:06.868442Z","level":"info","event":"26/01/11 16:43:06 INFO DAGScheduler: Job 2 finished: count at NativeMethodAccessorImpl.java:0, took 0.595514 s","logger":"airflow.task.hooks.airflow.providers.apache.spark.hooks.spark_submit.SparkSubmitHook","filename":"spark_submit.py","lineno":644}
{"timestamp":"2026-01-11T16:43:06.910303Z","level":"info","event":"Loaded olist_customers with 99441 records for cleaning.","logger":"airflow.task.hooks.airflow.providers.apache.spark.hooks.spark_submit.SparkSubmitHook","filename":"spark_submit.py","lineno":644}
{"timestamp":"2026-01-11T16:43:06.977522Z","level":"info","event":"root","logger":"airflow.task.hooks.airflow.providers.apache.spark.hooks.spark_submit.SparkSubmitHook","filename":"spark_submit.py","lineno":644}
{"timestamp":"2026-01-11T16:43:06.977831Z","level":"info","event":"|-- customer_id: string (nullable = true)","logger":"airflow.task.hooks.airflow.providers.apache.spark.hooks.spark_submit.SparkSubmitHook","filename":"spark_submit.py","lineno":644}
{"timestamp":"2026-01-11T16:43:06.978074Z","level":"info","event":"|-- customer_unique_id: string (nullable = true)","logger":"airflow.task.hooks.airflow.providers.apache.spark.hooks.spark_submit.SparkSubmitHook","filename":"spark_submit.py","lineno":644}
{"timestamp":"2026-01-11T16:43:06.978394Z","level":"info","event":"|-- customer_zip_code_prefix: string (nullable = true)","logger":"airflow.task.hooks.airflow.providers.apache.spark.hooks.spark_submit.SparkSubmitHook","filename":"spark_submit.py","lineno":644}
{"timestamp":"2026-01-11T16:43:06.978668Z","level":"info","event":"|-- customer_city: string (nullable = true)","logger":"airflow.task.hooks.airflow.providers.apache.spark.hooks.spark_submit.SparkSubmitHook","filename":"spark_submit.py","lineno":644}
{"timestamp":"2026-01-11T16:43:06.978775Z","level":"info","event":"|-- customer_state: string (nullable = true)","logger":"airflow.task.hooks.airflow.providers.apache.spark.hooks.spark_submit.SparkSubmitHook","filename":"spark_submit.py","lineno":644}
{"timestamp":"2026-01-11T16:43:06.978832Z","level":"info","event":"","logger":"airflow.task.hooks.airflow.providers.apache.spark.hooks.spark_submit.SparkSubmitHook","filename":"spark_submit.py","lineno":644}
{"timestamp":"2026-01-11T16:43:07.074978Z","level":"info","event":"26/01/11 16:43:07 INFO InMemoryFileIndex: It took 37 ms to list leaf files for 1 paths.","logger":"airflow.task.hooks.airflow.providers.apache.spark.hooks.spark_submit.SparkSubmitHook","filename":"spark_submit.py","lineno":644}
{"timestamp":"2026-01-11T16:43:07.106104Z","level":"info","event":"26/01/11 16:43:07 INFO InMemoryFileIndex: It took 5 ms to list leaf files for 7 paths.","logger":"airflow.task.hooks.airflow.providers.apache.spark.hooks.spark_submit.SparkSubmitHook","filename":"spark_submit.py","lineno":644}
{"timestamp":"2026-01-11T16:43:07.281557Z","level":"info","event":"26/01/11 16:43:07 INFO FileSourceStrategy: Pushed Filters:","logger":"airflow.task.hooks.airflow.providers.apache.spark.hooks.spark_submit.SparkSubmitHook","filename":"spark_submit.py","lineno":644}
{"timestamp":"2026-01-11T16:43:07.282255Z","level":"info","event":"26/01/11 16:43:07 INFO FileSourceStrategy: Post-Scan Filters: (length(trim(value#37, None)) > 0)","logger":"airflow.task.hooks.airflow.providers.apache.spark.hooks.spark_submit.SparkSubmitHook","filename":"spark_submit.py","lineno":644}
{"timestamp":"2026-01-11T16:43:07.302235Z","level":"info","event":"26/01/11 16:43:07 INFO MemoryStore: Block broadcast_6 stored as values in memory (estimated size 199.5 KiB, free 1048.3 MiB)","logger":"airflow.task.hooks.airflow.providers.apache.spark.hooks.spark_submit.SparkSubmitHook","filename":"spark_submit.py","lineno":644}
{"timestamp":"2026-01-11T16:43:07.329839Z","level":"info","event":"26/01/11 16:43:07 INFO MemoryStore: Block broadcast_6_piece0 stored as bytes in memory (estimated size 34.2 KiB, free 1048.3 MiB)","logger":"airflow.task.hooks.airflow.providers.apache.spark.hooks.spark_submit.SparkSubmitHook","filename":"spark_submit.py","lineno":644}
{"timestamp":"2026-01-11T16:43:07.338974Z","level":"info","event":"26/01/11 16:43:07 INFO BlockManagerInfo: Added broadcast_6_piece0 in memory on localhost:45901 (size: 34.2 KiB, free: 1048.7 MiB)","logger":"airflow.task.hooks.airflow.providers.apache.spark.hooks.spark_submit.SparkSubmitHook","filename":"spark_submit.py","lineno":644}
{"timestamp":"2026-01-11T16:43:07.344774Z","level":"info","event":"26/01/11 16:43:07 INFO SparkContext: Created broadcast 6 from csv at NativeMethodAccessorImpl.java:0","logger":"airflow.task.hooks.airflow.providers.apache.spark.hooks.spark_submit.SparkSubmitHook","filename":"spark_submit.py","lineno":644}
{"timestamp":"2026-01-11T16:43:07.349619Z","level":"info","event":"26/01/11 16:43:07 INFO FileSourceScanExec: Planning scan with bin packing, max size: 12662034 bytes, open cost is considered as scanning 4194304 bytes.","logger":"airflow.task.hooks.airflow.providers.apache.spark.hooks.spark_submit.SparkSubmitHook","filename":"spark_submit.py","lineno":644}
{"timestamp":"2026-01-11T16:43:07.379743Z","level":"info","event":"26/01/11 16:43:07 INFO SparkContext: Starting job: csv at NativeMethodAccessorImpl.java:0","logger":"airflow.task.hooks.airflow.providers.apache.spark.hooks.spark_submit.SparkSubmitHook","filename":"spark_submit.py","lineno":644}
{"timestamp":"2026-01-11T16:43:07.388822Z","level":"info","event":"26/01/11 16:43:07 INFO DAGScheduler: Got job 3 (csv at NativeMethodAccessorImpl.java:0) with 1 output partitions","logger":"airflow.task.hooks.airflow.providers.apache.spark.hooks.spark_submit.SparkSubmitHook","filename":"spark_submit.py","lineno":644}
{"timestamp":"2026-01-11T16:43:07.389130Z","level":"info","event":"26/01/11 16:43:07 INFO DAGScheduler: Final stage: ResultStage 4 (csv at NativeMethodAccessorImpl.java:0)","logger":"airflow.task.hooks.airflow.providers.apache.spark.hooks.spark_submit.SparkSubmitHook","filename":"spark_submit.py","lineno":644}
{"timestamp":"2026-01-11T16:43:07.389218Z","level":"info","event":"26/01/11 16:43:07 INFO DAGScheduler: Parents of final stage: List()","logger":"airflow.task.hooks.airflow.providers.apache.spark.hooks.spark_submit.SparkSubmitHook","filename":"spark_submit.py","lineno":644}
{"timestamp":"2026-01-11T16:43:07.390800Z","level":"info","event":"26/01/11 16:43:07 INFO DAGScheduler: Missing parents: List()","logger":"airflow.task.hooks.airflow.providers.apache.spark.hooks.spark_submit.SparkSubmitHook","filename":"spark_submit.py","lineno":644}
{"timestamp":"2026-01-11T16:43:07.393482Z","level":"info","event":"26/01/11 16:43:07 INFO DAGScheduler: Submitting ResultStage 4 (MapPartitionsRDD[20] at csv at NativeMethodAccessorImpl.java:0), which has no missing parents","logger":"airflow.task.hooks.airflow.providers.apache.spark.hooks.spark_submit.SparkSubmitHook","filename":"spark_submit.py","lineno":644}
{"timestamp":"2026-01-11T16:43:07.407662Z","level":"info","event":"26/01/11 16:43:07 INFO MemoryStore: Block broadcast_7 stored as values in memory (estimated size 13.5 KiB, free 1048.3 MiB)","logger":"airflow.task.hooks.airflow.providers.apache.spark.hooks.spark_submit.SparkSubmitHook","filename":"spark_submit.py","lineno":644}
{"timestamp":"2026-01-11T16:43:07.465944Z","level":"info","event":"26/01/11 16:43:07 INFO MemoryStore: Block broadcast_7_piece0 stored as bytes in memory (estimated size 6.4 KiB, free 1048.3 MiB)","logger":"airflow.task.hooks.airflow.providers.apache.spark.hooks.spark_submit.SparkSubmitHook","filename":"spark_submit.py","lineno":644}
{"timestamp":"2026-01-11T16:43:07.478018Z","level":"info","event":"26/01/11 16:43:07 INFO BlockManagerInfo: Added broadcast_7_piece0 in memory on localhost:45901 (size: 6.4 KiB, free: 1048.7 MiB)","logger":"airflow.task.hooks.airflow.providers.apache.spark.hooks.spark_submit.SparkSubmitHook","filename":"spark_submit.py","lineno":644}
{"timestamp":"2026-01-11T16:43:07.490132Z","level":"info","event":"26/01/11 16:43:07 INFO SparkContext: Created broadcast 7 from broadcast at DAGScheduler.scala:1580","logger":"airflow.task.hooks.airflow.providers.apache.spark.hooks.spark_submit.SparkSubmitHook","filename":"spark_submit.py","lineno":644}
{"timestamp":"2026-01-11T16:43:07.491328Z","level":"info","event":"26/01/11 16:43:07 INFO DAGScheduler: Submitting 1 missing tasks from ResultStage 4 (MapPartitionsRDD[20] at csv at NativeMethodAccessorImpl.java:0) (first 15 tasks are for partitions Vector(0))","logger":"airflow.task.hooks.airflow.providers.apache.spark.hooks.spark_submit.SparkSubmitHook","filename":"spark_submit.py","lineno":644}
{"timestamp":"2026-01-11T16:43:07.492969Z","level":"info","event":"26/01/11 16:43:07 INFO TaskSchedulerImpl: Adding task set 4.0 with 1 tasks resource profile 0","logger":"airflow.task.hooks.airflow.providers.apache.spark.hooks.spark_submit.SparkSubmitHook","filename":"spark_submit.py","lineno":644}
{"timestamp":"2026-01-11T16:43:07.510026Z","level":"info","event":"26/01/11 16:43:07 INFO BlockManagerInfo: Removed broadcast_5_piece0 on localhost:45901 in memory (size: 5.9 KiB, free: 1048.7 MiB)","logger":"airflow.task.hooks.airflow.providers.apache.spark.hooks.spark_submit.SparkSubmitHook","filename":"spark_submit.py","lineno":644}
{"timestamp":"2026-01-11T16:43:07.570959Z","level":"info","event":"26/01/11 16:43:07 INFO BlockManagerInfo: Removed broadcast_3_piece0 on localhost:45901 in memory (size: 34.2 KiB, free: 1048.8 MiB)","logger":"airflow.task.hooks.airflow.providers.apache.spark.hooks.spark_submit.SparkSubmitHook","filename":"spark_submit.py","lineno":644}
{"timestamp":"2026-01-11T16:43:07.576761Z","level":"info","event":"26/01/11 16:43:07 INFO TaskSetManager: Starting task 0.0 in stage 4.0 (TID 5) (localhost, executor driver, partition 0, PROCESS_LOCAL, 8281 bytes)","logger":"airflow.task.hooks.airflow.providers.apache.spark.hooks.spark_submit.SparkSubmitHook","filename":"spark_submit.py","lineno":644}
{"timestamp":"2026-01-11T16:43:07.583880Z","level":"info","event":"26/01/11 16:43:07 INFO Executor: Running task 0.0 in stage 4.0 (TID 5)","logger":"airflow.task.hooks.airflow.providers.apache.spark.hooks.spark_submit.SparkSubmitHook","filename":"spark_submit.py","lineno":644}
{"timestamp":"2026-01-11T16:43:07.595541Z","level":"info","event":"26/01/11 16:43:07 INFO BlockManagerInfo: Removed broadcast_4_piece0 on localhost:45901 in memory (size: 8.7 KiB, free: 1048.8 MiB)","logger":"airflow.task.hooks.airflow.providers.apache.spark.hooks.spark_submit.SparkSubmitHook","filename":"spark_submit.py","lineno":644}
{"timestamp":"2026-01-11T16:43:07.607725Z","level":"info","event":"26/01/11 16:43:07 INFO FileScanRDD: Reading File path: file:///opt/airflow/data/raw/olist_geolocation/part-00002-77e75a83-ba92-4b7e-b736-cb419abb14bd-c000.csv, range: 0-9053172, partition values: [empty row]","logger":"airflow.task.hooks.airflow.providers.apache.spark.hooks.spark_submit.SparkSubmitHook","filename":"spark_submit.py","lineno":644}
{"timestamp":"2026-01-11T16:43:07.636170Z","level":"info","event":"26/01/11 16:43:07 INFO Executor: Finished task 0.0 in stage 4.0 (TID 5). 1668 bytes result sent to driver","logger":"airflow.task.hooks.airflow.providers.apache.spark.hooks.spark_submit.SparkSubmitHook","filename":"spark_submit.py","lineno":644}
{"timestamp":"2026-01-11T16:43:07.648222Z","level":"info","event":"26/01/11 16:43:07 INFO TaskSetManager: Finished task 0.0 in stage 4.0 (TID 5) in 89 ms on localhost (executor driver) (1/1)","logger":"airflow.task.hooks.airflow.providers.apache.spark.hooks.spark_submit.SparkSubmitHook","filename":"spark_submit.py","lineno":644}
{"timestamp":"2026-01-11T16:43:07.650021Z","level":"info","event":"26/01/11 16:43:07 INFO TaskSchedulerImpl: Removed TaskSet 4.0, whose tasks have all completed, from pool","logger":"airflow.task.hooks.airflow.providers.apache.spark.hooks.spark_submit.SparkSubmitHook","filename":"spark_submit.py","lineno":644}
{"timestamp":"2026-01-11T16:43:07.659539Z","level":"info","event":"26/01/11 16:43:07 INFO DAGScheduler: ResultStage 4 (csv at NativeMethodAccessorImpl.java:0) finished in 0.258 s","logger":"airflow.task.hooks.airflow.providers.apache.spark.hooks.spark_submit.SparkSubmitHook","filename":"spark_submit.py","lineno":644}
{"timestamp":"2026-01-11T16:43:07.660957Z","level":"info","event":"26/01/11 16:43:07 INFO DAGScheduler: Job 3 is finished. Cancelling potential speculative or zombie tasks for this job","logger":"airflow.task.hooks.airflow.providers.apache.spark.hooks.spark_submit.SparkSubmitHook","filename":"spark_submit.py","lineno":644}
{"timestamp":"2026-01-11T16:43:07.661289Z","level":"info","event":"26/01/11 16:43:07 INFO TaskSchedulerImpl: Killing all running tasks in stage 4: Stage finished","logger":"airflow.task.hooks.airflow.providers.apache.spark.hooks.spark_submit.SparkSubmitHook","filename":"spark_submit.py","lineno":644}
{"timestamp":"2026-01-11T16:43:07.663746Z","level":"info","event":"26/01/11 16:43:07 INFO DAGScheduler: Job 3 finished: csv at NativeMethodAccessorImpl.java:0, took 0.282006 s","logger":"airflow.task.hooks.airflow.providers.apache.spark.hooks.spark_submit.SparkSubmitHook","filename":"spark_submit.py","lineno":644}
{"timestamp":"2026-01-11T16:43:07.712633Z","level":"info","event":"26/01/11 16:43:07 INFO FileSourceStrategy: Pushed Filters:","logger":"airflow.task.hooks.airflow.providers.apache.spark.hooks.spark_submit.SparkSubmitHook","filename":"spark_submit.py","lineno":644}
{"timestamp":"2026-01-11T16:43:07.712817Z","level":"info","event":"26/01/11 16:43:07 INFO FileSourceStrategy: Post-Scan Filters:","logger":"airflow.task.hooks.airflow.providers.apache.spark.hooks.spark_submit.SparkSubmitHook","filename":"spark_submit.py","lineno":644}
{"timestamp":"2026-01-11T16:43:07.724446Z","level":"info","event":"26/01/11 16:43:07 INFO MemoryStore: Block broadcast_8 stored as values in memory (estimated size 199.5 KiB, free 1048.4 MiB)","logger":"airflow.task.hooks.airflow.providers.apache.spark.hooks.spark_submit.SparkSubmitHook","filename":"spark_submit.py","lineno":644}
{"timestamp":"2026-01-11T16:43:07.750590Z","level":"info","event":"26/01/11 16:43:07 INFO BlockManagerInfo: Removed broadcast_7_piece0 on localhost:45901 in memory (size: 6.4 KiB, free: 1048.8 MiB)","logger":"airflow.task.hooks.airflow.providers.apache.spark.hooks.spark_submit.SparkSubmitHook","filename":"spark_submit.py","lineno":644}
{"timestamp":"2026-01-11T16:43:07.754799Z","level":"info","event":"26/01/11 16:43:07 INFO MemoryStore: Block broadcast_8_piece0 stored as bytes in memory (estimated size 34.2 KiB, free 1048.3 MiB)","logger":"airflow.task.hooks.airflow.providers.apache.spark.hooks.spark_submit.SparkSubmitHook","filename":"spark_submit.py","lineno":644}
{"timestamp":"2026-01-11T16:43:07.755708Z","level":"info","event":"26/01/11 16:43:07 INFO BlockManagerInfo: Added broadcast_8_piece0 in memory on localhost:45901 (size: 34.2 KiB, free: 1048.7 MiB)","logger":"airflow.task.hooks.airflow.providers.apache.spark.hooks.spark_submit.SparkSubmitHook","filename":"spark_submit.py","lineno":644}
{"timestamp":"2026-01-11T16:43:07.757549Z","level":"info","event":"26/01/11 16:43:07 INFO SparkContext: Created broadcast 8 from csv at NativeMethodAccessorImpl.java:0","logger":"airflow.task.hooks.airflow.providers.apache.spark.hooks.spark_submit.SparkSubmitHook","filename":"spark_submit.py","lineno":644}
{"timestamp":"2026-01-11T16:43:07.759718Z","level":"info","event":"26/01/11 16:43:07 INFO FileSourceScanExec: Planning scan with bin packing, max size: 12662034 bytes, open cost is considered as scanning 4194304 bytes.","logger":"airflow.task.hooks.airflow.providers.apache.spark.hooks.spark_submit.SparkSubmitHook","filename":"spark_submit.py","lineno":644}
{"timestamp":"2026-01-11T16:43:07.796430Z","level":"info","event":"____________________________________________________","logger":"airflow.task.hooks.airflow.providers.apache.spark.hooks.spark_submit.SparkSubmitHook","filename":"spark_submit.py","lineno":644}
{"timestamp":"2026-01-11T16:43:07.840248Z","level":"info","event":"26/01/11 16:43:07 INFO FileSourceStrategy: Pushed Filters:","logger":"airflow.task.hooks.airflow.providers.apache.spark.hooks.spark_submit.SparkSubmitHook","filename":"spark_submit.py","lineno":644}
{"timestamp":"2026-01-11T16:43:07.840514Z","level":"info","event":"26/01/11 16:43:07 INFO FileSourceStrategy: Post-Scan Filters:","logger":"airflow.task.hooks.airflow.providers.apache.spark.hooks.spark_submit.SparkSubmitHook","filename":"spark_submit.py","lineno":644}
{"timestamp":"2026-01-11T16:43:07.878191Z","level":"info","event":"26/01/11 16:43:07 INFO MemoryStore: Block broadcast_9 stored as values in memory (estimated size 199.4 KiB, free 1048.1 MiB)","logger":"airflow.task.hooks.airflow.providers.apache.spark.hooks.spark_submit.SparkSubmitHook","filename":"spark_submit.py","lineno":644}
{"timestamp":"2026-01-11T16:43:07.899070Z","level":"info","event":"26/01/11 16:43:07 INFO MemoryStore: Block broadcast_9_piece0 stored as bytes in memory (estimated size 34.2 KiB, free 1048.1 MiB)","logger":"airflow.task.hooks.airflow.providers.apache.spark.hooks.spark_submit.SparkSubmitHook","filename":"spark_submit.py","lineno":644}
{"timestamp":"2026-01-11T16:43:07.900497Z","level":"info","event":"26/01/11 16:43:07 INFO BlockManagerInfo: Added broadcast_9_piece0 in memory on localhost:45901 (size: 34.2 KiB, free: 1048.7 MiB)","logger":"airflow.task.hooks.airflow.providers.apache.spark.hooks.spark_submit.SparkSubmitHook","filename":"spark_submit.py","lineno":644}
{"timestamp":"2026-01-11T16:43:07.902250Z","level":"info","event":"26/01/11 16:43:07 INFO SparkContext: Created broadcast 9 from count at NativeMethodAccessorImpl.java:0","logger":"airflow.task.hooks.airflow.providers.apache.spark.hooks.spark_submit.SparkSubmitHook","filename":"spark_submit.py","lineno":644}
{"timestamp":"2026-01-11T16:43:07.904475Z","level":"info","event":"26/01/11 16:43:07 INFO FileSourceScanExec: Planning scan with bin packing, max size: 12662034 bytes, open cost is considered as scanning 4194304 bytes.","logger":"airflow.task.hooks.airflow.providers.apache.spark.hooks.spark_submit.SparkSubmitHook","filename":"spark_submit.py","lineno":644}
{"timestamp":"2026-01-11T16:43:07.924758Z","level":"info","event":"26/01/11 16:43:07 INFO DAGScheduler: Registering RDD 30 (count at NativeMethodAccessorImpl.java:0) as input to shuffle 1","logger":"airflow.task.hooks.airflow.providers.apache.spark.hooks.spark_submit.SparkSubmitHook","filename":"spark_submit.py","lineno":644}
{"timestamp":"2026-01-11T16:43:07.925652Z","level":"info","event":"26/01/11 16:43:07 INFO DAGScheduler: Got map stage job 4 (count at NativeMethodAccessorImpl.java:0) with 7 output partitions","logger":"airflow.task.hooks.airflow.providers.apache.spark.hooks.spark_submit.SparkSubmitHook","filename":"spark_submit.py","lineno":644}
{"timestamp":"2026-01-11T16:43:07.925927Z","level":"info","event":"26/01/11 16:43:07 INFO DAGScheduler: Final stage: ShuffleMapStage 5 (count at NativeMethodAccessorImpl.java:0)","logger":"airflow.task.hooks.airflow.providers.apache.spark.hooks.spark_submit.SparkSubmitHook","filename":"spark_submit.py","lineno":644}
{"timestamp":"2026-01-11T16:43:07.926036Z","level":"info","event":"26/01/11 16:43:07 INFO DAGScheduler: Parents of final stage: List()","logger":"airflow.task.hooks.airflow.providers.apache.spark.hooks.spark_submit.SparkSubmitHook","filename":"spark_submit.py","lineno":644}
{"timestamp":"2026-01-11T16:43:07.926293Z","level":"info","event":"26/01/11 16:43:07 INFO DAGScheduler: Missing parents: List()","logger":"airflow.task.hooks.airflow.providers.apache.spark.hooks.spark_submit.SparkSubmitHook","filename":"spark_submit.py","lineno":644}
{"timestamp":"2026-01-11T16:43:07.928330Z","level":"info","event":"26/01/11 16:43:07 INFO DAGScheduler: Submitting ShuffleMapStage 5 (MapPartitionsRDD[30] at count at NativeMethodAccessorImpl.java:0), which has no missing parents","logger":"airflow.task.hooks.airflow.providers.apache.spark.hooks.spark_submit.SparkSubmitHook","filename":"spark_submit.py","lineno":644}
{"timestamp":"2026-01-11T16:43:07.933391Z","level":"info","event":"26/01/11 16:43:07 INFO MemoryStore: Block broadcast_10 stored as values in memory (estimated size 17.8 KiB, free 1048.1 MiB)","logger":"airflow.task.hooks.airflow.providers.apache.spark.hooks.spark_submit.SparkSubmitHook","filename":"spark_submit.py","lineno":644}
{"timestamp":"2026-01-11T16:43:07.944565Z","level":"info","event":"26/01/11 16:43:07 INFO MemoryStore: Block broadcast_10_piece0 stored as bytes in memory (estimated size 8.7 KiB, free 1048.1 MiB)","logger":"airflow.task.hooks.airflow.providers.apache.spark.hooks.spark_submit.SparkSubmitHook","filename":"spark_submit.py","lineno":644}
{"timestamp":"2026-01-11T16:43:07.947112Z","level":"info","event":"26/01/11 16:43:07 INFO BlockManagerInfo: Added broadcast_10_piece0 in memory on localhost:45901 (size: 8.7 KiB, free: 1048.7 MiB)","logger":"airflow.task.hooks.airflow.providers.apache.spark.hooks.spark_submit.SparkSubmitHook","filename":"spark_submit.py","lineno":644}
{"timestamp":"2026-01-11T16:43:07.949624Z","level":"info","event":"26/01/11 16:43:07 INFO SparkContext: Created broadcast 10 from broadcast at DAGScheduler.scala:1580","logger":"airflow.task.hooks.airflow.providers.apache.spark.hooks.spark_submit.SparkSubmitHook","filename":"spark_submit.py","lineno":644}
{"timestamp":"2026-01-11T16:43:07.951510Z","level":"info","event":"26/01/11 16:43:07 INFO DAGScheduler: Submitting 7 missing tasks from ShuffleMapStage 5 (MapPartitionsRDD[30] at count at NativeMethodAccessorImpl.java:0) (first 15 tasks are for partitions Vector(0, 1, 2, 3, 4, 5, 6))","logger":"airflow.task.hooks.airflow.providers.apache.spark.hooks.spark_submit.SparkSubmitHook","filename":"spark_submit.py","lineno":644}
{"timestamp":"2026-01-11T16:43:07.951655Z","level":"info","event":"26/01/11 16:43:07 INFO TaskSchedulerImpl: Adding task set 5.0 with 7 tasks resource profile 0","logger":"airflow.task.hooks.airflow.providers.apache.spark.hooks.spark_submit.SparkSubmitHook","filename":"spark_submit.py","lineno":644}
{"timestamp":"2026-01-11T16:43:07.954517Z","level":"info","event":"26/01/11 16:43:07 INFO TaskSetManager: Starting task 0.0 in stage 5.0 (TID 6) (localhost, executor driver, partition 0, PROCESS_LOCAL, 8270 bytes)","logger":"airflow.task.hooks.airflow.providers.apache.spark.hooks.spark_submit.SparkSubmitHook","filename":"spark_submit.py","lineno":644}
{"timestamp":"2026-01-11T16:43:07.954798Z","level":"info","event":"26/01/11 16:43:07 INFO TaskSetManager: Starting task 1.0 in stage 5.0 (TID 7) (localhost, executor driver, partition 1, PROCESS_LOCAL, 8270 bytes)","logger":"airflow.task.hooks.airflow.providers.apache.spark.hooks.spark_submit.SparkSubmitHook","filename":"spark_submit.py","lineno":644}
{"timestamp":"2026-01-11T16:43:07.954885Z","level":"info","event":"26/01/11 16:43:07 INFO TaskSetManager: Starting task 2.0 in stage 5.0 (TID 8) (localhost, executor driver, partition 2, PROCESS_LOCAL, 8270 bytes)","logger":"airflow.task.hooks.airflow.providers.apache.spark.hooks.spark_submit.SparkSubmitHook","filename":"spark_submit.py","lineno":644}
{"timestamp":"2026-01-11T16:43:07.955749Z","level":"info","event":"26/01/11 16:43:07 INFO TaskSetManager: Starting task 3.0 in stage 5.0 (TID 9) (localhost, executor driver, partition 3, PROCESS_LOCAL, 8270 bytes)","logger":"airflow.task.hooks.airflow.providers.apache.spark.hooks.spark_submit.SparkSubmitHook","filename":"spark_submit.py","lineno":644}
{"timestamp":"2026-01-11T16:43:07.955888Z","level":"info","event":"26/01/11 16:43:07 INFO TaskSetManager: Starting task 4.0 in stage 5.0 (TID 10) (localhost, executor driver, partition 4, PROCESS_LOCAL, 8270 bytes)","logger":"airflow.task.hooks.airflow.providers.apache.spark.hooks.spark_submit.SparkSubmitHook","filename":"spark_submit.py","lineno":644}
{"timestamp":"2026-01-11T16:43:07.958928Z","level":"info","event":"26/01/11 16:43:07 INFO TaskSetManager: Starting task 5.0 in stage 5.0 (TID 11) (localhost, executor driver, partition 5, PROCESS_LOCAL, 8270 bytes)","logger":"airflow.task.hooks.airflow.providers.apache.spark.hooks.spark_submit.SparkSubmitHook","filename":"spark_submit.py","lineno":644}
{"timestamp":"2026-01-11T16:43:07.962537Z","level":"info","event":"26/01/11 16:43:07 INFO TaskSetManager: Starting task 6.0 in stage 5.0 (TID 12) (localhost, executor driver, partition 6, PROCESS_LOCAL, 8270 bytes)","logger":"airflow.task.hooks.airflow.providers.apache.spark.hooks.spark_submit.SparkSubmitHook","filename":"spark_submit.py","lineno":644}
{"timestamp":"2026-01-11T16:43:07.968371Z","level":"info","event":"26/01/11 16:43:07 INFO Executor: Running task 2.0 in stage 5.0 (TID 8)","logger":"airflow.task.hooks.airflow.providers.apache.spark.hooks.spark_submit.SparkSubmitHook","filename":"spark_submit.py","lineno":644}
{"timestamp":"2026-01-11T16:43:07.969040Z","level":"info","event":"26/01/11 16:43:07 INFO Executor: Running task 0.0 in stage 5.0 (TID 6)","logger":"airflow.task.hooks.airflow.providers.apache.spark.hooks.spark_submit.SparkSubmitHook","filename":"spark_submit.py","lineno":644}
{"timestamp":"2026-01-11T16:43:07.974371Z","level":"info","event":"26/01/11 16:43:07 INFO Executor: Running task 4.0 in stage 5.0 (TID 10)","logger":"airflow.task.hooks.airflow.providers.apache.spark.hooks.spark_submit.SparkSubmitHook","filename":"spark_submit.py","lineno":644}
{"timestamp":"2026-01-11T16:43:07.974616Z","level":"info","event":"26/01/11 16:43:07 INFO Executor: Running task 3.0 in stage 5.0 (TID 9)","logger":"airflow.task.hooks.airflow.providers.apache.spark.hooks.spark_submit.SparkSubmitHook","filename":"spark_submit.py","lineno":644}
{"timestamp":"2026-01-11T16:43:07.974662Z","level":"info","event":"26/01/11 16:43:07 INFO Executor: Running task 1.0 in stage 5.0 (TID 7)","logger":"airflow.task.hooks.airflow.providers.apache.spark.hooks.spark_submit.SparkSubmitHook","filename":"spark_submit.py","lineno":644}
{"timestamp":"2026-01-11T16:43:07.984188Z","level":"info","event":"26/01/11 16:43:07 INFO Executor: Running task 6.0 in stage 5.0 (TID 12)","logger":"airflow.task.hooks.airflow.providers.apache.spark.hooks.spark_submit.SparkSubmitHook","filename":"spark_submit.py","lineno":644}
{"timestamp":"2026-01-11T16:43:07.985126Z","level":"info","event":"26/01/11 16:43:07 INFO Executor: Running task 5.0 in stage 5.0 (TID 11)","logger":"airflow.task.hooks.airflow.providers.apache.spark.hooks.spark_submit.SparkSubmitHook","filename":"spark_submit.py","lineno":644}
{"timestamp":"2026-01-11T16:43:07.998809Z","level":"info","event":"26/01/11 16:43:07 INFO FileScanRDD: Reading File path: file:///opt/airflow/data/raw/olist_geolocation/part-00002-77e75a83-ba92-4b7e-b736-cb419abb14bd-c000.csv, range: 0-9053172, partition values: [empty row]","logger":"airflow.task.hooks.airflow.providers.apache.spark.hooks.spark_submit.SparkSubmitHook","filename":"spark_submit.py","lineno":644}
{"timestamp":"2026-01-11T16:43:07.998969Z","level":"info","event":"26/01/11 16:43:07 INFO FileScanRDD: Reading File path: file:///opt/airflow/data/raw/olist_geolocation/part-00005-77e75a83-ba92-4b7e-b736-cb419abb14bd-c000.csv, range: 0-9043974, partition values: [empty row]","logger":"airflow.task.hooks.airflow.providers.apache.spark.hooks.spark_submit.SparkSubmitHook","filename":"spark_submit.py","lineno":644}
{"timestamp":"2026-01-11T16:43:07.998998Z","level":"info","event":"26/01/11 16:43:07 INFO FileScanRDD: Reading File path: file:///opt/airflow/data/raw/olist_geolocation/part-00004-77e75a83-ba92-4b7e-b736-cb419abb14bd-c000.csv, range: 0-9045196, partition values: [empty row]","logger":"airflow.task.hooks.airflow.providers.apache.spark.hooks.spark_submit.SparkSubmitHook","filename":"spark_submit.py","lineno":644}
{"timestamp":"2026-01-11T16:43:08.010718Z","level":"info","event":"26/01/11 16:43:08 INFO FileScanRDD: Reading File path: file:///opt/airflow/data/raw/olist_geolocation/part-00001-77e75a83-ba92-4b7e-b736-cb419abb14bd-c000.csv, range: 0-9049376, partition values: [empty row]","logger":"airflow.task.hooks.airflow.providers.apache.spark.hooks.spark_submit.SparkSubmitHook","filename":"spark_submit.py","lineno":644}
{"timestamp":"2026-01-11T16:43:08.010883Z","level":"info","event":"26/01/11 16:43:08 INFO FileScanRDD: Reading File path: file:///opt/airflow/data/raw/olist_geolocation/part-00003-77e75a83-ba92-4b7e-b736-cb419abb14bd-c000.csv, range: 0-9052747, partition values: [empty row]","logger":"airflow.task.hooks.airflow.providers.apache.spark.hooks.spark_submit.SparkSubmitHook","filename":"spark_submit.py","lineno":644}
{"timestamp":"2026-01-11T16:43:08.013566Z","level":"info","event":"26/01/11 16:43:08 INFO FileScanRDD: Reading File path: file:///opt/airflow/data/raw/olist_geolocation/part-00006-77e75a83-ba92-4b7e-b736-cb419abb14bd-c000.csv, range: 0-4989944, partition values: [empty row]","logger":"airflow.task.hooks.airflow.providers.apache.spark.hooks.spark_submit.SparkSubmitHook","filename":"spark_submit.py","lineno":644}
{"timestamp":"2026-01-11T16:43:08.013729Z","level":"info","event":"26/01/11 16:43:08 INFO FileScanRDD: Reading File path: file:///opt/airflow/data/raw/olist_geolocation/part-00000-77e75a83-ba92-4b7e-b736-cb419abb14bd-c000.csv, range: 0-9039701, partition values: [empty row]","logger":"airflow.task.hooks.airflow.providers.apache.spark.hooks.spark_submit.SparkSubmitHook","filename":"spark_submit.py","lineno":644}
{"timestamp":"2026-01-11T16:43:08.075380Z","level":"info","event":"26/01/11 16:43:08 INFO BlockManagerInfo: Removed broadcast_6_piece0 on localhost:45901 in memory (size: 34.2 KiB, free: 1048.7 MiB)","logger":"airflow.task.hooks.airflow.providers.apache.spark.hooks.spark_submit.SparkSubmitHook","filename":"spark_submit.py","lineno":644}
{"timestamp":"2026-01-11T16:43:08.093462Z","level":"info","event":"26/01/11 16:43:08 INFO BlockManagerInfo: Removed broadcast_8_piece0 on localhost:45901 in memory (size: 34.2 KiB, free: 1048.8 MiB)","logger":"airflow.task.hooks.airflow.providers.apache.spark.hooks.spark_submit.SparkSubmitHook","filename":"spark_submit.py","lineno":644}
{"timestamp":"2026-01-11T16:43:08.287235Z","level":"info","event":"26/01/11 16:43:08 INFO Executor: Finished task 6.0 in stage 5.0 (TID 12). 2011 bytes result sent to driver","logger":"airflow.task.hooks.airflow.providers.apache.spark.hooks.spark_submit.SparkSubmitHook","filename":"spark_submit.py","lineno":644}
{"timestamp":"2026-01-11T16:43:08.303219Z","level":"info","event":"26/01/11 16:43:08 INFO Executor: Finished task 0.0 in stage 5.0 (TID 6). 2011 bytes result sent to driver","logger":"airflow.task.hooks.airflow.providers.apache.spark.hooks.spark_submit.SparkSubmitHook","filename":"spark_submit.py","lineno":644}
{"timestamp":"2026-01-11T16:43:08.313361Z","level":"info","event":"26/01/11 16:43:08 INFO TaskSetManager: Finished task 6.0 in stage 5.0 (TID 12) in 351 ms on localhost (executor driver) (1/7)","logger":"airflow.task.hooks.airflow.providers.apache.spark.hooks.spark_submit.SparkSubmitHook","filename":"spark_submit.py","lineno":644}
{"timestamp":"2026-01-11T16:43:08.317401Z","level":"info","event":"26/01/11 16:43:08 INFO TaskSetManager: Finished task 0.0 in stage 5.0 (TID 6) in 360 ms on localhost (executor driver) (2/7)","logger":"airflow.task.hooks.airflow.providers.apache.spark.hooks.spark_submit.SparkSubmitHook","filename":"spark_submit.py","lineno":644}
{"timestamp":"2026-01-11T16:43:08.335409Z","level":"info","event":"26/01/11 16:43:08 INFO Executor: Finished task 3.0 in stage 5.0 (TID 9). 1968 bytes result sent to driver","logger":"airflow.task.hooks.airflow.providers.apache.spark.hooks.spark_submit.SparkSubmitHook","filename":"spark_submit.py","lineno":644}
{"timestamp":"2026-01-11T16:43:08.337229Z","level":"info","event":"26/01/11 16:43:08 INFO TaskSetManager: Finished task 3.0 in stage 5.0 (TID 9) in 382 ms on localhost (executor driver) (3/7)","logger":"airflow.task.hooks.airflow.providers.apache.spark.hooks.spark_submit.SparkSubmitHook","filename":"spark_submit.py","lineno":644}
{"timestamp":"2026-01-11T16:43:08.338149Z","level":"info","event":"26/01/11 16:43:08 INFO Executor: Finished task 2.0 in stage 5.0 (TID 8). 1968 bytes result sent to driver","logger":"airflow.task.hooks.airflow.providers.apache.spark.hooks.spark_submit.SparkSubmitHook","filename":"spark_submit.py","lineno":644}
{"timestamp":"2026-01-11T16:43:08.339257Z","level":"info","event":"26/01/11 16:43:08 INFO TaskSetManager: Finished task 2.0 in stage 5.0 (TID 8) in 384 ms on localhost (executor driver) (4/7)","logger":"airflow.task.hooks.airflow.providers.apache.spark.hooks.spark_submit.SparkSubmitHook","filename":"spark_submit.py","lineno":644}
{"timestamp":"2026-01-11T16:43:08.343269Z","level":"info","event":"26/01/11 16:43:08 INFO Executor: Finished task 5.0 in stage 5.0 (TID 11). 1968 bytes result sent to driver","logger":"airflow.task.hooks.airflow.providers.apache.spark.hooks.spark_submit.SparkSubmitHook","filename":"spark_submit.py","lineno":644}
{"timestamp":"2026-01-11T16:43:08.344507Z","level":"info","event":"26/01/11 16:43:08 INFO TaskSetManager: Finished task 5.0 in stage 5.0 (TID 11) in 389 ms on localhost (executor driver) (5/7)","logger":"airflow.task.hooks.airflow.providers.apache.spark.hooks.spark_submit.SparkSubmitHook","filename":"spark_submit.py","lineno":644}
{"timestamp":"2026-01-11T16:43:08.348187Z","level":"info","event":"26/01/11 16:43:08 INFO Executor: Finished task 1.0 in stage 5.0 (TID 7). 1968 bytes result sent to driver","logger":"airflow.task.hooks.airflow.providers.apache.spark.hooks.spark_submit.SparkSubmitHook","filename":"spark_submit.py","lineno":644}
{"timestamp":"2026-01-11T16:43:08.349650Z","level":"info","event":"26/01/11 16:43:08 INFO TaskSetManager: Finished task 1.0 in stage 5.0 (TID 7) in 395 ms on localhost (executor driver) (6/7)","logger":"airflow.task.hooks.airflow.providers.apache.spark.hooks.spark_submit.SparkSubmitHook","filename":"spark_submit.py","lineno":644}
{"timestamp":"2026-01-11T16:43:08.350732Z","level":"info","event":"26/01/11 16:43:08 INFO Executor: Finished task 4.0 in stage 5.0 (TID 10). 2011 bytes result sent to driver","logger":"airflow.task.hooks.airflow.providers.apache.spark.hooks.spark_submit.SparkSubmitHook","filename":"spark_submit.py","lineno":644}
{"timestamp":"2026-01-11T16:43:08.351526Z","level":"info","event":"26/01/11 16:43:08 INFO TaskSetManager: Finished task 4.0 in stage 5.0 (TID 10) in 396 ms on localhost (executor driver) (7/7)","logger":"airflow.task.hooks.airflow.providers.apache.spark.hooks.spark_submit.SparkSubmitHook","filename":"spark_submit.py","lineno":644}
{"timestamp":"2026-01-11T16:43:08.351742Z","level":"info","event":"26/01/11 16:43:08 INFO TaskSchedulerImpl: Removed TaskSet 5.0, whose tasks have all completed, from pool","logger":"airflow.task.hooks.airflow.providers.apache.spark.hooks.spark_submit.SparkSubmitHook","filename":"spark_submit.py","lineno":644}
{"timestamp":"2026-01-11T16:43:08.352656Z","level":"info","event":"26/01/11 16:43:08 INFO DAGScheduler: ShuffleMapStage 5 (count at NativeMethodAccessorImpl.java:0) finished in 0.423 s","logger":"airflow.task.hooks.airflow.providers.apache.spark.hooks.spark_submit.SparkSubmitHook","filename":"spark_submit.py","lineno":644}
{"timestamp":"2026-01-11T16:43:08.352905Z","level":"info","event":"26/01/11 16:43:08 INFO DAGScheduler: looking for newly runnable stages","logger":"airflow.task.hooks.airflow.providers.apache.spark.hooks.spark_submit.SparkSubmitHook","filename":"spark_submit.py","lineno":644}
{"timestamp":"2026-01-11T16:43:08.353136Z","level":"info","event":"26/01/11 16:43:08 INFO DAGScheduler: running: Set()","logger":"airflow.task.hooks.airflow.providers.apache.spark.hooks.spark_submit.SparkSubmitHook","filename":"spark_submit.py","lineno":644}
{"timestamp":"2026-01-11T16:43:08.353487Z","level":"info","event":"26/01/11 16:43:08 INFO DAGScheduler: waiting: Set()","logger":"airflow.task.hooks.airflow.providers.apache.spark.hooks.spark_submit.SparkSubmitHook","filename":"spark_submit.py","lineno":644}
{"timestamp":"2026-01-11T16:43:08.353617Z","level":"info","event":"26/01/11 16:43:08 INFO DAGScheduler: failed: Set()","logger":"airflow.task.hooks.airflow.providers.apache.spark.hooks.spark_submit.SparkSubmitHook","filename":"spark_submit.py","lineno":644}
{"timestamp":"2026-01-11T16:43:08.379338Z","level":"info","event":"26/01/11 16:43:08 INFO SparkContext: Starting job: count at NativeMethodAccessorImpl.java:0","logger":"airflow.task.hooks.airflow.providers.apache.spark.hooks.spark_submit.SparkSubmitHook","filename":"spark_submit.py","lineno":644}
{"timestamp":"2026-01-11T16:43:08.380571Z","level":"info","event":"26/01/11 16:43:08 INFO DAGScheduler: Got job 5 (count at NativeMethodAccessorImpl.java:0) with 1 output partitions","logger":"airflow.task.hooks.airflow.providers.apache.spark.hooks.spark_submit.SparkSubmitHook","filename":"spark_submit.py","lineno":644}
{"timestamp":"2026-01-11T16:43:08.380656Z","level":"info","event":"26/01/11 16:43:08 INFO DAGScheduler: Final stage: ResultStage 7 (count at NativeMethodAccessorImpl.java:0)","logger":"airflow.task.hooks.airflow.providers.apache.spark.hooks.spark_submit.SparkSubmitHook","filename":"spark_submit.py","lineno":644}
{"timestamp":"2026-01-11T16:43:08.380734Z","level":"info","event":"26/01/11 16:43:08 INFO DAGScheduler: Parents of final stage: List(ShuffleMapStage 6)","logger":"airflow.task.hooks.airflow.providers.apache.spark.hooks.spark_submit.SparkSubmitHook","filename":"spark_submit.py","lineno":644}
{"timestamp":"2026-01-11T16:43:08.380793Z","level":"info","event":"26/01/11 16:43:08 INFO DAGScheduler: Missing parents: List()","logger":"airflow.task.hooks.airflow.providers.apache.spark.hooks.spark_submit.SparkSubmitHook","filename":"spark_submit.py","lineno":644}
{"timestamp":"2026-01-11T16:43:08.381162Z","level":"info","event":"26/01/11 16:43:08 INFO DAGScheduler: Submitting ResultStage 7 (MapPartitionsRDD[33] at count at NativeMethodAccessorImpl.java:0), which has no missing parents","logger":"airflow.task.hooks.airflow.providers.apache.spark.hooks.spark_submit.SparkSubmitHook","filename":"spark_submit.py","lineno":644}
{"timestamp":"2026-01-11T16:43:08.383235Z","level":"info","event":"26/01/11 16:43:08 INFO MemoryStore: Block broadcast_11 stored as values in memory (estimated size 12.5 KiB, free 1048.5 MiB)","logger":"airflow.task.hooks.airflow.providers.apache.spark.hooks.spark_submit.SparkSubmitHook","filename":"spark_submit.py","lineno":644}
{"timestamp":"2026-01-11T16:43:08.391362Z","level":"info","event":"26/01/11 16:43:08 INFO MemoryStore: Block broadcast_11_piece0 stored as bytes in memory (estimated size 5.9 KiB, free 1048.5 MiB)","logger":"airflow.task.hooks.airflow.providers.apache.spark.hooks.spark_submit.SparkSubmitHook","filename":"spark_submit.py","lineno":644}
{"timestamp":"2026-01-11T16:43:08.393583Z","level":"info","event":"26/01/11 16:43:08 INFO BlockManagerInfo: Added broadcast_11_piece0 in memory on localhost:45901 (size: 5.9 KiB, free: 1048.8 MiB)","logger":"airflow.task.hooks.airflow.providers.apache.spark.hooks.spark_submit.SparkSubmitHook","filename":"spark_submit.py","lineno":644}
{"timestamp":"2026-01-11T16:43:08.393984Z","level":"info","event":"26/01/11 16:43:08 INFO BlockManagerInfo: Removed broadcast_10_piece0 on localhost:45901 in memory (size: 8.7 KiB, free: 1048.8 MiB)","logger":"airflow.task.hooks.airflow.providers.apache.spark.hooks.spark_submit.SparkSubmitHook","filename":"spark_submit.py","lineno":644}
{"timestamp":"2026-01-11T16:43:08.394158Z","level":"info","event":"26/01/11 16:43:08 INFO SparkContext: Created broadcast 11 from broadcast at DAGScheduler.scala:1580","logger":"airflow.task.hooks.airflow.providers.apache.spark.hooks.spark_submit.SparkSubmitHook","filename":"spark_submit.py","lineno":644}
{"timestamp":"2026-01-11T16:43:08.394535Z","level":"info","event":"26/01/11 16:43:08 INFO DAGScheduler: Submitting 1 missing tasks from ResultStage 7 (MapPartitionsRDD[33] at count at NativeMethodAccessorImpl.java:0) (first 15 tasks are for partitions Vector(0))","logger":"airflow.task.hooks.airflow.providers.apache.spark.hooks.spark_submit.SparkSubmitHook","filename":"spark_submit.py","lineno":644}
{"timestamp":"2026-01-11T16:43:08.394703Z","level":"info","event":"26/01/11 16:43:08 INFO TaskSchedulerImpl: Adding task set 7.0 with 1 tasks resource profile 0","logger":"airflow.task.hooks.airflow.providers.apache.spark.hooks.spark_submit.SparkSubmitHook","filename":"spark_submit.py","lineno":644}
{"timestamp":"2026-01-11T16:43:08.396108Z","level":"info","event":"26/01/11 16:43:08 INFO TaskSetManager: Starting task 0.0 in stage 7.0 (TID 13) (localhost, executor driver, partition 0, NODE_LOCAL, 7615 bytes)","logger":"airflow.task.hooks.airflow.providers.apache.spark.hooks.spark_submit.SparkSubmitHook","filename":"spark_submit.py","lineno":644}
{"timestamp":"2026-01-11T16:43:08.396843Z","level":"info","event":"26/01/11 16:43:08 INFO Executor: Running task 0.0 in stage 7.0 (TID 13)","logger":"airflow.task.hooks.airflow.providers.apache.spark.hooks.spark_submit.SparkSubmitHook","filename":"spark_submit.py","lineno":644}
{"timestamp":"2026-01-11T16:43:08.401484Z","level":"info","event":"26/01/11 16:43:08 INFO ShuffleBlockFetcherIterator: Getting 7 (420.0 B) non-empty blocks including 7 (420.0 B) local and 0 (0.0 B) host-local and 0 (0.0 B) push-merged-local and 0 (0.0 B) remote blocks","logger":"airflow.task.hooks.airflow.providers.apache.spark.hooks.spark_submit.SparkSubmitHook","filename":"spark_submit.py","lineno":644}
{"timestamp":"2026-01-11T16:43:08.401614Z","level":"info","event":"26/01/11 16:43:08 INFO ShuffleBlockFetcherIterator: Started 0 remote fetches in 0 ms","logger":"airflow.task.hooks.airflow.providers.apache.spark.hooks.spark_submit.SparkSubmitHook","filename":"spark_submit.py","lineno":644}
{"timestamp":"2026-01-11T16:43:08.408426Z","level":"info","event":"26/01/11 16:43:08 INFO Executor: Finished task 0.0 in stage 7.0 (TID 13). 4038 bytes result sent to driver","logger":"airflow.task.hooks.airflow.providers.apache.spark.hooks.spark_submit.SparkSubmitHook","filename":"spark_submit.py","lineno":644}
{"timestamp":"2026-01-11T16:43:08.412007Z","level":"info","event":"26/01/11 16:43:08 INFO TaskSetManager: Finished task 0.0 in stage 7.0 (TID 13) in 16 ms on localhost (executor driver) (1/1)","logger":"airflow.task.hooks.airflow.providers.apache.spark.hooks.spark_submit.SparkSubmitHook","filename":"spark_submit.py","lineno":644}
{"timestamp":"2026-01-11T16:43:08.412543Z","level":"info","event":"26/01/11 16:43:08 INFO TaskSchedulerImpl: Removed TaskSet 7.0, whose tasks have all completed, from pool","logger":"airflow.task.hooks.airflow.providers.apache.spark.hooks.spark_submit.SparkSubmitHook","filename":"spark_submit.py","lineno":644}
{"timestamp":"2026-01-11T16:43:08.413102Z","level":"info","event":"26/01/11 16:43:08 INFO DAGScheduler: ResultStage 7 (count at NativeMethodAccessorImpl.java:0) finished in 0.031 s","logger":"airflow.task.hooks.airflow.providers.apache.spark.hooks.spark_submit.SparkSubmitHook","filename":"spark_submit.py","lineno":644}
{"timestamp":"2026-01-11T16:43:08.413336Z","level":"info","event":"26/01/11 16:43:08 INFO DAGScheduler: Job 5 is finished. Cancelling potential speculative or zombie tasks for this job","logger":"airflow.task.hooks.airflow.providers.apache.spark.hooks.spark_submit.SparkSubmitHook","filename":"spark_submit.py","lineno":644}
{"timestamp":"2026-01-11T16:43:08.413435Z","level":"info","event":"26/01/11 16:43:08 INFO TaskSchedulerImpl: Killing all running tasks in stage 7: Stage finished","logger":"airflow.task.hooks.airflow.providers.apache.spark.hooks.spark_submit.SparkSubmitHook","filename":"spark_submit.py","lineno":644}
{"timestamp":"2026-01-11T16:43:08.413637Z","level":"info","event":"26/01/11 16:43:08 INFO DAGScheduler: Job 5 finished: count at NativeMethodAccessorImpl.java:0, took 0.034235 s","logger":"airflow.task.hooks.airflow.providers.apache.spark.hooks.spark_submit.SparkSubmitHook","filename":"spark_submit.py","lineno":644}
{"timestamp":"2026-01-11T16:43:08.417353Z","level":"info","event":"Loaded olist_geolocation with 1000163 records for cleaning.","logger":"airflow.task.hooks.airflow.providers.apache.spark.hooks.spark_submit.SparkSubmitHook","filename":"spark_submit.py","lineno":644}
{"timestamp":"2026-01-11T16:43:08.419256Z","level":"info","event":"root","logger":"airflow.task.hooks.airflow.providers.apache.spark.hooks.spark_submit.SparkSubmitHook","filename":"spark_submit.py","lineno":644}
{"timestamp":"2026-01-11T16:43:08.419496Z","level":"info","event":"|-- geolocation_zip_code_prefix: string (nullable = true)","logger":"airflow.task.hooks.airflow.providers.apache.spark.hooks.spark_submit.SparkSubmitHook","filename":"spark_submit.py","lineno":644}
{"timestamp":"2026-01-11T16:43:08.419616Z","level":"info","event":"|-- geolocation_lat: string (nullable = true)","logger":"airflow.task.hooks.airflow.providers.apache.spark.hooks.spark_submit.SparkSubmitHook","filename":"spark_submit.py","lineno":644}
{"timestamp":"2026-01-11T16:43:08.419749Z","level":"info","event":"|-- geolocation_lng: string (nullable = true)","logger":"airflow.task.hooks.airflow.providers.apache.spark.hooks.spark_submit.SparkSubmitHook","filename":"spark_submit.py","lineno":644}
{"timestamp":"2026-01-11T16:43:08.419884Z","level":"info","event":"|-- geolocation_city: string (nullable = true)","logger":"airflow.task.hooks.airflow.providers.apache.spark.hooks.spark_submit.SparkSubmitHook","filename":"spark_submit.py","lineno":644}
{"timestamp":"2026-01-11T16:43:08.419994Z","level":"info","event":"|-- geolocation_state: string (nullable = true)","logger":"airflow.task.hooks.airflow.providers.apache.spark.hooks.spark_submit.SparkSubmitHook","filename":"spark_submit.py","lineno":644}
{"timestamp":"2026-01-11T16:43:08.420099Z","level":"info","event":"","logger":"airflow.task.hooks.airflow.providers.apache.spark.hooks.spark_submit.SparkSubmitHook","filename":"spark_submit.py","lineno":644}
{"timestamp":"2026-01-11T16:43:08.445555Z","level":"info","event":"26/01/11 16:43:08 INFO InMemoryFileIndex: It took 10 ms to list leaf files for 1 paths.","logger":"airflow.task.hooks.airflow.providers.apache.spark.hooks.spark_submit.SparkSubmitHook","filename":"spark_submit.py","lineno":644}
{"timestamp":"2026-01-11T16:43:08.454968Z","level":"info","event":"26/01/11 16:43:08 INFO InMemoryFileIndex: It took 1 ms to list leaf files for 4 paths.","logger":"airflow.task.hooks.airflow.providers.apache.spark.hooks.spark_submit.SparkSubmitHook","filename":"spark_submit.py","lineno":644}
{"timestamp":"2026-01-11T16:43:08.535471Z","level":"info","event":"26/01/11 16:43:08 INFO FileSourceStrategy: Pushed Filters:","logger":"airflow.task.hooks.airflow.providers.apache.spark.hooks.spark_submit.SparkSubmitHook","filename":"spark_submit.py","lineno":644}
{"timestamp":"2026-01-11T16:43:08.535631Z","level":"info","event":"26/01/11 16:43:08 INFO FileSourceStrategy: Post-Scan Filters: (length(trim(value#74, None)) > 0)","logger":"airflow.task.hooks.airflow.providers.apache.spark.hooks.spark_submit.SparkSubmitHook","filename":"spark_submit.py","lineno":644}
{"timestamp":"2026-01-11T16:43:08.547350Z","level":"info","event":"26/01/11 16:43:08 INFO MemoryStore: Block broadcast_12 stored as values in memory (estimated size 199.5 KiB, free 1048.4 MiB)","logger":"airflow.task.hooks.airflow.providers.apache.spark.hooks.spark_submit.SparkSubmitHook","filename":"spark_submit.py","lineno":644}
{"timestamp":"2026-01-11T16:43:08.560009Z","level":"info","event":"26/01/11 16:43:08 INFO MemoryStore: Block broadcast_12_piece0 stored as bytes in memory (estimated size 34.2 KiB, free 1048.3 MiB)","logger":"airflow.task.hooks.airflow.providers.apache.spark.hooks.spark_submit.SparkSubmitHook","filename":"spark_submit.py","lineno":644}
{"timestamp":"2026-01-11T16:43:08.560659Z","level":"info","event":"26/01/11 16:43:08 INFO BlockManagerInfo: Added broadcast_12_piece0 in memory on localhost:45901 (size: 34.2 KiB, free: 1048.7 MiB)","logger":"airflow.task.hooks.airflow.providers.apache.spark.hooks.spark_submit.SparkSubmitHook","filename":"spark_submit.py","lineno":644}
{"timestamp":"2026-01-11T16:43:08.561522Z","level":"info","event":"26/01/11 16:43:08 INFO SparkContext: Created broadcast 12 from csv at NativeMethodAccessorImpl.java:0","logger":"airflow.task.hooks.airflow.providers.apache.spark.hooks.spark_submit.SparkSubmitHook","filename":"spark_submit.py","lineno":644}
{"timestamp":"2026-01-11T16:43:08.562703Z","level":"info","event":"26/01/11 16:43:08 INFO FileSourceScanExec: Planning scan with bin packing, max size: 4540723 bytes, open cost is considered as scanning 4194304 bytes.","logger":"airflow.task.hooks.airflow.providers.apache.spark.hooks.spark_submit.SparkSubmitHook","filename":"spark_submit.py","lineno":644}
{"timestamp":"2026-01-11T16:43:08.571081Z","level":"info","event":"26/01/11 16:43:08 INFO SparkContext: Starting job: csv at NativeMethodAccessorImpl.java:0","logger":"airflow.task.hooks.airflow.providers.apache.spark.hooks.spark_submit.SparkSubmitHook","filename":"spark_submit.py","lineno":644}
{"timestamp":"2026-01-11T16:43:08.572070Z","level":"info","event":"26/01/11 16:43:08 INFO DAGScheduler: Got job 6 (csv at NativeMethodAccessorImpl.java:0) with 1 output partitions","logger":"airflow.task.hooks.airflow.providers.apache.spark.hooks.spark_submit.SparkSubmitHook","filename":"spark_submit.py","lineno":644}
{"timestamp":"2026-01-11T16:43:08.572123Z","level":"info","event":"26/01/11 16:43:08 INFO DAGScheduler: Final stage: ResultStage 8 (csv at NativeMethodAccessorImpl.java:0)","logger":"airflow.task.hooks.airflow.providers.apache.spark.hooks.spark_submit.SparkSubmitHook","filename":"spark_submit.py","lineno":644}
{"timestamp":"2026-01-11T16:43:08.572155Z","level":"info","event":"26/01/11 16:43:08 INFO DAGScheduler: Parents of final stage: List()","logger":"airflow.task.hooks.airflow.providers.apache.spark.hooks.spark_submit.SparkSubmitHook","filename":"spark_submit.py","lineno":644}
{"timestamp":"2026-01-11T16:43:08.572244Z","level":"info","event":"26/01/11 16:43:08 INFO DAGScheduler: Missing parents: List()","logger":"airflow.task.hooks.airflow.providers.apache.spark.hooks.spark_submit.SparkSubmitHook","filename":"spark_submit.py","lineno":644}
{"timestamp":"2026-01-11T16:43:08.572525Z","level":"info","event":"26/01/11 16:43:08 INFO DAGScheduler: Submitting ResultStage 8 (MapPartitionsRDD[37] at csv at NativeMethodAccessorImpl.java:0), which has no missing parents","logger":"airflow.task.hooks.airflow.providers.apache.spark.hooks.spark_submit.SparkSubmitHook","filename":"spark_submit.py","lineno":644}
{"timestamp":"2026-01-11T16:43:08.574721Z","level":"info","event":"26/01/11 16:43:08 INFO MemoryStore: Block broadcast_13 stored as values in memory (estimated size 13.5 KiB, free 1048.3 MiB)","logger":"airflow.task.hooks.airflow.providers.apache.spark.hooks.spark_submit.SparkSubmitHook","filename":"spark_submit.py","lineno":644}
{"timestamp":"2026-01-11T16:43:08.575992Z","level":"info","event":"26/01/11 16:43:08 INFO MemoryStore: Block broadcast_13_piece0 stored as bytes in memory (estimated size 6.4 KiB, free 1048.3 MiB)","logger":"airflow.task.hooks.airflow.providers.apache.spark.hooks.spark_submit.SparkSubmitHook","filename":"spark_submit.py","lineno":644}
{"timestamp":"2026-01-11T16:43:08.576628Z","level":"info","event":"26/01/11 16:43:08 INFO BlockManagerInfo: Added broadcast_13_piece0 in memory on localhost:45901 (size: 6.4 KiB, free: 1048.7 MiB)","logger":"airflow.task.hooks.airflow.providers.apache.spark.hooks.spark_submit.SparkSubmitHook","filename":"spark_submit.py","lineno":644}
{"timestamp":"2026-01-11T16:43:08.576975Z","level":"info","event":"26/01/11 16:43:08 INFO SparkContext: Created broadcast 13 from broadcast at DAGScheduler.scala:1580","logger":"airflow.task.hooks.airflow.providers.apache.spark.hooks.spark_submit.SparkSubmitHook","filename":"spark_submit.py","lineno":644}
{"timestamp":"2026-01-11T16:43:08.577328Z","level":"info","event":"26/01/11 16:43:08 INFO DAGScheduler: Submitting 1 missing tasks from ResultStage 8 (MapPartitionsRDD[37] at csv at NativeMethodAccessorImpl.java:0) (first 15 tasks are for partitions Vector(0))","logger":"airflow.task.hooks.airflow.providers.apache.spark.hooks.spark_submit.SparkSubmitHook","filename":"spark_submit.py","lineno":644}
{"timestamp":"2026-01-11T16:43:08.577470Z","level":"info","event":"26/01/11 16:43:08 INFO TaskSchedulerImpl: Adding task set 8.0 with 1 tasks resource profile 0","logger":"airflow.task.hooks.airflow.providers.apache.spark.hooks.spark_submit.SparkSubmitHook","filename":"spark_submit.py","lineno":644}
{"timestamp":"2026-01-11T16:43:08.578299Z","level":"info","event":"26/01/11 16:43:08 INFO TaskSetManager: Starting task 0.0 in stage 8.0 (TID 14) (localhost, executor driver, partition 0, PROCESS_LOCAL, 8281 bytes)","logger":"airflow.task.hooks.airflow.providers.apache.spark.hooks.spark_submit.SparkSubmitHook","filename":"spark_submit.py","lineno":644}
{"timestamp":"2026-01-11T16:43:08.578922Z","level":"info","event":"26/01/11 16:43:08 INFO Executor: Running task 0.0 in stage 8.0 (TID 14)","logger":"airflow.task.hooks.airflow.providers.apache.spark.hooks.spark_submit.SparkSubmitHook","filename":"spark_submit.py","lineno":644}
{"timestamp":"2026-01-11T16:43:08.582910Z","level":"info","event":"26/01/11 16:43:08 INFO FileScanRDD: Reading File path: file:///opt/airflow/data/raw/olist_order_items/part-00002-5518444a-24fe-4b89-a2ee-274669db2380-c000.csv, range: 0-4096412, partition values: [empty row]","logger":"airflow.task.hooks.airflow.providers.apache.spark.hooks.spark_submit.SparkSubmitHook","filename":"spark_submit.py","lineno":644}
{"timestamp":"2026-01-11T16:43:08.588864Z","level":"info","event":"26/01/11 16:43:08 INFO Executor: Finished task 0.0 in stage 8.0 (TID 14). 1649 bytes result sent to driver","logger":"airflow.task.hooks.airflow.providers.apache.spark.hooks.spark_submit.SparkSubmitHook","filename":"spark_submit.py","lineno":644}
{"timestamp":"2026-01-11T16:43:08.589677Z","level":"info","event":"26/01/11 16:43:08 INFO TaskSetManager: Finished task 0.0 in stage 8.0 (TID 14) in 12 ms on localhost (executor driver) (1/1)","logger":"airflow.task.hooks.airflow.providers.apache.spark.hooks.spark_submit.SparkSubmitHook","filename":"spark_submit.py","lineno":644}
{"timestamp":"2026-01-11T16:43:08.589752Z","level":"info","event":"26/01/11 16:43:08 INFO TaskSchedulerImpl: Removed TaskSet 8.0, whose tasks have all completed, from pool","logger":"airflow.task.hooks.airflow.providers.apache.spark.hooks.spark_submit.SparkSubmitHook","filename":"spark_submit.py","lineno":644}
{"timestamp":"2026-01-11T16:43:08.590245Z","level":"info","event":"26/01/11 16:43:08 INFO DAGScheduler: ResultStage 8 (csv at NativeMethodAccessorImpl.java:0) finished in 0.016 s","logger":"airflow.task.hooks.airflow.providers.apache.spark.hooks.spark_submit.SparkSubmitHook","filename":"spark_submit.py","lineno":644}
{"timestamp":"2026-01-11T16:43:08.590395Z","level":"info","event":"26/01/11 16:43:08 INFO DAGScheduler: Job 6 is finished. Cancelling potential speculative or zombie tasks for this job","logger":"airflow.task.hooks.airflow.providers.apache.spark.hooks.spark_submit.SparkSubmitHook","filename":"spark_submit.py","lineno":644}
{"timestamp":"2026-01-11T16:43:08.590474Z","level":"info","event":"26/01/11 16:43:08 INFO TaskSchedulerImpl: Killing all running tasks in stage 8: Stage finished","logger":"airflow.task.hooks.airflow.providers.apache.spark.hooks.spark_submit.SparkSubmitHook","filename":"spark_submit.py","lineno":644}
{"timestamp":"2026-01-11T16:43:08.590809Z","level":"info","event":"26/01/11 16:43:08 INFO DAGScheduler: Job 6 finished: csv at NativeMethodAccessorImpl.java:0, took 0.019600 s","logger":"airflow.task.hooks.airflow.providers.apache.spark.hooks.spark_submit.SparkSubmitHook","filename":"spark_submit.py","lineno":644}
{"timestamp":"2026-01-11T16:43:08.606166Z","level":"info","event":"26/01/11 16:43:08 INFO FileSourceStrategy: Pushed Filters:","logger":"airflow.task.hooks.airflow.providers.apache.spark.hooks.spark_submit.SparkSubmitHook","filename":"spark_submit.py","lineno":644}
{"timestamp":"2026-01-11T16:43:08.606300Z","level":"info","event":"26/01/11 16:43:08 INFO FileSourceStrategy: Post-Scan Filters:","logger":"airflow.task.hooks.airflow.providers.apache.spark.hooks.spark_submit.SparkSubmitHook","filename":"spark_submit.py","lineno":644}
{"timestamp":"2026-01-11T16:43:08.609954Z","level":"info","event":"26/01/11 16:43:08 INFO MemoryStore: Block broadcast_14 stored as values in memory (estimated size 199.5 KiB, free 1048.1 MiB)","logger":"airflow.task.hooks.airflow.providers.apache.spark.hooks.spark_submit.SparkSubmitHook","filename":"spark_submit.py","lineno":644}
{"timestamp":"2026-01-11T16:43:08.622154Z","level":"info","event":"26/01/11 16:43:08 INFO MemoryStore: Block broadcast_14_piece0 stored as bytes in memory (estimated size 34.2 KiB, free 1048.1 MiB)","logger":"airflow.task.hooks.airflow.providers.apache.spark.hooks.spark_submit.SparkSubmitHook","filename":"spark_submit.py","lineno":644}
{"timestamp":"2026-01-11T16:43:08.622446Z","level":"info","event":"26/01/11 16:43:08 INFO BlockManagerInfo: Added broadcast_14_piece0 in memory on localhost:45901 (size: 34.2 KiB, free: 1048.7 MiB)","logger":"airflow.task.hooks.airflow.providers.apache.spark.hooks.spark_submit.SparkSubmitHook","filename":"spark_submit.py","lineno":644}
{"timestamp":"2026-01-11T16:43:08.623185Z","level":"info","event":"26/01/11 16:43:08 INFO SparkContext: Created broadcast 14 from csv at NativeMethodAccessorImpl.java:0","logger":"airflow.task.hooks.airflow.providers.apache.spark.hooks.spark_submit.SparkSubmitHook","filename":"spark_submit.py","lineno":644}
{"timestamp":"2026-01-11T16:43:08.623913Z","level":"info","event":"26/01/11 16:43:08 INFO FileSourceScanExec: Planning scan with bin packing, max size: 4540723 bytes, open cost is considered as scanning 4194304 bytes.","logger":"airflow.task.hooks.airflow.providers.apache.spark.hooks.spark_submit.SparkSubmitHook","filename":"spark_submit.py","lineno":644}
{"timestamp":"2026-01-11T16:43:08.634380Z","level":"info","event":"____________________________________________________","logger":"airflow.task.hooks.airflow.providers.apache.spark.hooks.spark_submit.SparkSubmitHook","filename":"spark_submit.py","lineno":644}
{"timestamp":"2026-01-11T16:43:08.645355Z","level":"info","event":"26/01/11 16:43:08 INFO FileSourceStrategy: Pushed Filters:","logger":"airflow.task.hooks.airflow.providers.apache.spark.hooks.spark_submit.SparkSubmitHook","filename":"spark_submit.py","lineno":644}
{"timestamp":"2026-01-11T16:43:08.645605Z","level":"info","event":"26/01/11 16:43:08 INFO FileSourceStrategy: Post-Scan Filters:","logger":"airflow.task.hooks.airflow.providers.apache.spark.hooks.spark_submit.SparkSubmitHook","filename":"spark_submit.py","lineno":644}
{"timestamp":"2026-01-11T16:43:08.675877Z","level":"info","event":"26/01/11 16:43:08 INFO MemoryStore: Block broadcast_15 stored as values in memory (estimated size 199.4 KiB, free 1047.9 MiB)","logger":"airflow.task.hooks.airflow.providers.apache.spark.hooks.spark_submit.SparkSubmitHook","filename":"spark_submit.py","lineno":644}
{"timestamp":"2026-01-11T16:43:08.696939Z","level":"info","event":"26/01/11 16:43:08 INFO MemoryStore: Block broadcast_15_piece0 stored as bytes in memory (estimated size 34.2 KiB, free 1047.9 MiB)","logger":"airflow.task.hooks.airflow.providers.apache.spark.hooks.spark_submit.SparkSubmitHook","filename":"spark_submit.py","lineno":644}
{"timestamp":"2026-01-11T16:43:08.698460Z","level":"info","event":"26/01/11 16:43:08 INFO BlockManagerInfo: Added broadcast_15_piece0 in memory on localhost:45901 (size: 34.2 KiB, free: 1048.7 MiB)","logger":"airflow.task.hooks.airflow.providers.apache.spark.hooks.spark_submit.SparkSubmitHook","filename":"spark_submit.py","lineno":644}
{"timestamp":"2026-01-11T16:43:08.701556Z","level":"info","event":"26/01/11 16:43:08 INFO SparkContext: Created broadcast 15 from count at NativeMethodAccessorImpl.java:0","logger":"airflow.task.hooks.airflow.providers.apache.spark.hooks.spark_submit.SparkSubmitHook","filename":"spark_submit.py","lineno":644}
{"timestamp":"2026-01-11T16:43:08.709667Z","level":"info","event":"26/01/11 16:43:08 INFO FileSourceScanExec: Planning scan with bin packing, max size: 4540723 bytes, open cost is considered as scanning 4194304 bytes.","logger":"airflow.task.hooks.airflow.providers.apache.spark.hooks.spark_submit.SparkSubmitHook","filename":"spark_submit.py","lineno":644}
{"timestamp":"2026-01-11T16:43:08.734954Z","level":"info","event":"26/01/11 16:43:08 INFO DAGScheduler: Registering RDD 47 (count at NativeMethodAccessorImpl.java:0) as input to shuffle 2","logger":"airflow.task.hooks.airflow.providers.apache.spark.hooks.spark_submit.SparkSubmitHook","filename":"spark_submit.py","lineno":644}
{"timestamp":"2026-01-11T16:43:08.744928Z","level":"info","event":"26/01/11 16:43:08 INFO DAGScheduler: Got map stage job 7 (count at NativeMethodAccessorImpl.java:0) with 4 output partitions","logger":"airflow.task.hooks.airflow.providers.apache.spark.hooks.spark_submit.SparkSubmitHook","filename":"spark_submit.py","lineno":644}
{"timestamp":"2026-01-11T16:43:08.746195Z","level":"info","event":"26/01/11 16:43:08 INFO DAGScheduler: Final stage: ShuffleMapStage 9 (count at NativeMethodAccessorImpl.java:0)","logger":"airflow.task.hooks.airflow.providers.apache.spark.hooks.spark_submit.SparkSubmitHook","filename":"spark_submit.py","lineno":644}
{"timestamp":"2026-01-11T16:43:08.746597Z","level":"info","event":"26/01/11 16:43:08 INFO DAGScheduler: Parents of final stage: List()","logger":"airflow.task.hooks.airflow.providers.apache.spark.hooks.spark_submit.SparkSubmitHook","filename":"spark_submit.py","lineno":644}
{"timestamp":"2026-01-11T16:43:08.748634Z","level":"info","event":"26/01/11 16:43:08 INFO DAGScheduler: Missing parents: List()","logger":"airflow.task.hooks.airflow.providers.apache.spark.hooks.spark_submit.SparkSubmitHook","filename":"spark_submit.py","lineno":644}
{"timestamp":"2026-01-11T16:43:08.750034Z","level":"info","event":"26/01/11 16:43:08 INFO DAGScheduler: Submitting ShuffleMapStage 9 (MapPartitionsRDD[47] at count at NativeMethodAccessorImpl.java:0), which has no missing parents","logger":"airflow.task.hooks.airflow.providers.apache.spark.hooks.spark_submit.SparkSubmitHook","filename":"spark_submit.py","lineno":644}
{"timestamp":"2026-01-11T16:43:08.769760Z","level":"info","event":"26/01/11 16:43:08 INFO MemoryStore: Block broadcast_16 stored as values in memory (estimated size 17.8 KiB, free 1047.8 MiB)","logger":"airflow.task.hooks.airflow.providers.apache.spark.hooks.spark_submit.SparkSubmitHook","filename":"spark_submit.py","lineno":644}
{"timestamp":"2026-01-11T16:43:08.778460Z","level":"info","event":"26/01/11 16:43:08 INFO MemoryStore: Block broadcast_16_piece0 stored as bytes in memory (estimated size 8.8 KiB, free 1047.8 MiB)","logger":"airflow.task.hooks.airflow.providers.apache.spark.hooks.spark_submit.SparkSubmitHook","filename":"spark_submit.py","lineno":644}
{"timestamp":"2026-01-11T16:43:08.784104Z","level":"info","event":"26/01/11 16:43:08 INFO BlockManagerInfo: Added broadcast_16_piece0 in memory on localhost:45901 (size: 8.8 KiB, free: 1048.6 MiB)","logger":"airflow.task.hooks.airflow.providers.apache.spark.hooks.spark_submit.SparkSubmitHook","filename":"spark_submit.py","lineno":644}
{"timestamp":"2026-01-11T16:43:08.811354Z","level":"info","event":"26/01/11 16:43:08 INFO SparkContext: Created broadcast 16 from broadcast at DAGScheduler.scala:1580","logger":"airflow.task.hooks.airflow.providers.apache.spark.hooks.spark_submit.SparkSubmitHook","filename":"spark_submit.py","lineno":644}
{"timestamp":"2026-01-11T16:43:08.850196Z","level":"info","event":"26/01/11 16:43:08 INFO DAGScheduler: Submitting 4 missing tasks from ShuffleMapStage 9 (MapPartitionsRDD[47] at count at NativeMethodAccessorImpl.java:0) (first 15 tasks are for partitions Vector(0, 1, 2, 3))","logger":"airflow.task.hooks.airflow.providers.apache.spark.hooks.spark_submit.SparkSubmitHook","filename":"spark_submit.py","lineno":644}
{"timestamp":"2026-01-11T16:43:08.866378Z","level":"info","event":"26/01/11 16:43:08 INFO TaskSchedulerImpl: Adding task set 9.0 with 4 tasks resource profile 0","logger":"airflow.task.hooks.airflow.providers.apache.spark.hooks.spark_submit.SparkSubmitHook","filename":"spark_submit.py","lineno":644}
{"timestamp":"2026-01-11T16:43:08.881825Z","level":"info","event":"26/01/11 16:43:08 INFO TaskSetManager: Starting task 0.0 in stage 9.0 (TID 15) (localhost, executor driver, partition 0, PROCESS_LOCAL, 8270 bytes)","logger":"airflow.task.hooks.airflow.providers.apache.spark.hooks.spark_submit.SparkSubmitHook","filename":"spark_submit.py","lineno":644}
{"timestamp":"2026-01-11T16:43:08.884770Z","level":"info","event":"26/01/11 16:43:08 INFO TaskSetManager: Starting task 1.0 in stage 9.0 (TID 16) (localhost, executor driver, partition 1, PROCESS_LOCAL, 8270 bytes)","logger":"airflow.task.hooks.airflow.providers.apache.spark.hooks.spark_submit.SparkSubmitHook","filename":"spark_submit.py","lineno":644}
{"timestamp":"2026-01-11T16:43:08.885059Z","level":"info","event":"26/01/11 16:43:08 INFO TaskSetManager: Starting task 2.0 in stage 9.0 (TID 17) (localhost, executor driver, partition 2, PROCESS_LOCAL, 8270 bytes)","logger":"airflow.task.hooks.airflow.providers.apache.spark.hooks.spark_submit.SparkSubmitHook","filename":"spark_submit.py","lineno":644}
{"timestamp":"2026-01-11T16:43:08.885638Z","level":"info","event":"26/01/11 16:43:08 INFO TaskSetManager: Starting task 3.0 in stage 9.0 (TID 18) (localhost, executor driver, partition 3, PROCESS_LOCAL, 8270 bytes)","logger":"airflow.task.hooks.airflow.providers.apache.spark.hooks.spark_submit.SparkSubmitHook","filename":"spark_submit.py","lineno":644}
{"timestamp":"2026-01-11T16:43:08.888796Z","level":"info","event":"26/01/11 16:43:08 INFO Executor: Running task 1.0 in stage 9.0 (TID 16)","logger":"airflow.task.hooks.airflow.providers.apache.spark.hooks.spark_submit.SparkSubmitHook","filename":"spark_submit.py","lineno":644}
{"timestamp":"2026-01-11T16:43:08.888958Z","level":"info","event":"26/01/11 16:43:08 INFO Executor: Running task 0.0 in stage 9.0 (TID 15)","logger":"airflow.task.hooks.airflow.providers.apache.spark.hooks.spark_submit.SparkSubmitHook","filename":"spark_submit.py","lineno":644}
{"timestamp":"2026-01-11T16:43:08.888999Z","level":"info","event":"26/01/11 16:43:08 INFO Executor: Running task 2.0 in stage 9.0 (TID 17)","logger":"airflow.task.hooks.airflow.providers.apache.spark.hooks.spark_submit.SparkSubmitHook","filename":"spark_submit.py","lineno":644}
{"timestamp":"2026-01-11T16:43:08.889037Z","level":"info","event":"26/01/11 16:43:08 INFO Executor: Running task 3.0 in stage 9.0 (TID 18)","logger":"airflow.task.hooks.airflow.providers.apache.spark.hooks.spark_submit.SparkSubmitHook","filename":"spark_submit.py","lineno":644}
{"timestamp":"2026-01-11T16:43:08.929836Z","level":"info","event":"26/01/11 16:43:08 INFO FileScanRDD: Reading File path: file:///opt/airflow/data/raw/olist_order_items/part-00003-5518444a-24fe-4b89-a2ee-274669db2380-c000.csv, range: 0-2801209, partition values: [empty row]","logger":"airflow.task.hooks.airflow.providers.apache.spark.hooks.spark_submit.SparkSubmitHook","filename":"spark_submit.py","lineno":644}
{"timestamp":"2026-01-11T16:43:08.933412Z","level":"info","event":"26/01/11 16:43:08 INFO FileScanRDD: Reading File path: file:///opt/airflow/data/raw/olist_order_items/part-00002-5518444a-24fe-4b89-a2ee-274669db2380-c000.csv, range: 0-4096412, partition values: [empty row]","logger":"airflow.task.hooks.airflow.providers.apache.spark.hooks.spark_submit.SparkSubmitHook","filename":"spark_submit.py","lineno":644}
{"timestamp":"2026-01-11T16:43:08.933666Z","level":"info","event":"26/01/11 16:43:08 INFO FileScanRDD: Reading File path: file:///opt/airflow/data/raw/olist_order_items/part-00000-5518444a-24fe-4b89-a2ee-274669db2380-c000.csv, range: 0-4055057, partition values: [empty row]","logger":"airflow.task.hooks.airflow.providers.apache.spark.hooks.spark_submit.SparkSubmitHook","filename":"spark_submit.py","lineno":644}
{"timestamp":"2026-01-11T16:43:08.933798Z","level":"info","event":"26/01/11 16:43:08 INFO FileScanRDD: Reading File path: file:///opt/airflow/data/raw/olist_order_items/part-00001-5518444a-24fe-4b89-a2ee-274669db2380-c000.csv, range: 0-4055167, partition values: [empty row]","logger":"airflow.task.hooks.airflow.providers.apache.spark.hooks.spark_submit.SparkSubmitHook","filename":"spark_submit.py","lineno":644}
{"timestamp":"2026-01-11T16:43:09.055054Z","level":"info","event":"26/01/11 16:43:09 INFO Executor: Finished task 3.0 in stage 9.0 (TID 18). 1968 bytes result sent to driver","logger":"airflow.task.hooks.airflow.providers.apache.spark.hooks.spark_submit.SparkSubmitHook","filename":"spark_submit.py","lineno":644}
{"timestamp":"2026-01-11T16:43:09.064522Z","level":"info","event":"26/01/11 16:43:09 INFO TaskSetManager: Finished task 3.0 in stage 9.0 (TID 18) in 178 ms on localhost (executor driver) (1/4)","logger":"airflow.task.hooks.airflow.providers.apache.spark.hooks.spark_submit.SparkSubmitHook","filename":"spark_submit.py","lineno":644}
{"timestamp":"2026-01-11T16:43:09.066651Z","level":"info","event":"26/01/11 16:43:09 INFO Executor: Finished task 2.0 in stage 9.0 (TID 17). 1925 bytes result sent to driver","logger":"airflow.task.hooks.airflow.providers.apache.spark.hooks.spark_submit.SparkSubmitHook","filename":"spark_submit.py","lineno":644}
{"timestamp":"2026-01-11T16:43:09.074775Z","level":"info","event":"26/01/11 16:43:09 INFO Executor: Finished task 0.0 in stage 9.0 (TID 15). 1968 bytes result sent to driver","logger":"airflow.task.hooks.airflow.providers.apache.spark.hooks.spark_submit.SparkSubmitHook","filename":"spark_submit.py","lineno":644}
{"timestamp":"2026-01-11T16:43:09.075612Z","level":"info","event":"26/01/11 16:43:09 INFO TaskSetManager: Finished task 2.0 in stage 9.0 (TID 17) in 191 ms on localhost (executor driver) (2/4)","logger":"airflow.task.hooks.airflow.providers.apache.spark.hooks.spark_submit.SparkSubmitHook","filename":"spark_submit.py","lineno":644}
{"timestamp":"2026-01-11T16:43:09.077063Z","level":"info","event":"26/01/11 16:43:09 INFO Executor: Finished task 1.0 in stage 9.0 (TID 16). 1968 bytes result sent to driver","logger":"airflow.task.hooks.airflow.providers.apache.spark.hooks.spark_submit.SparkSubmitHook","filename":"spark_submit.py","lineno":644}
{"timestamp":"2026-01-11T16:43:09.077346Z","level":"info","event":"26/01/11 16:43:09 INFO TaskSetManager: Finished task 0.0 in stage 9.0 (TID 15) in 196 ms on localhost (executor driver) (3/4)","logger":"airflow.task.hooks.airflow.providers.apache.spark.hooks.spark_submit.SparkSubmitHook","filename":"spark_submit.py","lineno":644}
{"timestamp":"2026-01-11T16:43:09.078463Z","level":"info","event":"26/01/11 16:43:09 INFO TaskSetManager: Finished task 1.0 in stage 9.0 (TID 16) in 196 ms on localhost (executor driver) (4/4)","logger":"airflow.task.hooks.airflow.providers.apache.spark.hooks.spark_submit.SparkSubmitHook","filename":"spark_submit.py","lineno":644}
{"timestamp":"2026-01-11T16:43:09.079067Z","level":"info","event":"26/01/11 16:43:09 INFO TaskSchedulerImpl: Removed TaskSet 9.0, whose tasks have all completed, from pool","logger":"airflow.task.hooks.airflow.providers.apache.spark.hooks.spark_submit.SparkSubmitHook","filename":"spark_submit.py","lineno":644}
{"timestamp":"2026-01-11T16:43:09.080017Z","level":"info","event":"26/01/11 16:43:09 INFO DAGScheduler: ShuffleMapStage 9 (count at NativeMethodAccessorImpl.java:0) finished in 0.327 s","logger":"airflow.task.hooks.airflow.providers.apache.spark.hooks.spark_submit.SparkSubmitHook","filename":"spark_submit.py","lineno":644}
{"timestamp":"2026-01-11T16:43:09.080167Z","level":"info","event":"26/01/11 16:43:09 INFO DAGScheduler: looking for newly runnable stages","logger":"airflow.task.hooks.airflow.providers.apache.spark.hooks.spark_submit.SparkSubmitHook","filename":"spark_submit.py","lineno":644}
{"timestamp":"2026-01-11T16:43:09.080200Z","level":"info","event":"26/01/11 16:43:09 INFO DAGScheduler: running: Set()","logger":"airflow.task.hooks.airflow.providers.apache.spark.hooks.spark_submit.SparkSubmitHook","filename":"spark_submit.py","lineno":644}
{"timestamp":"2026-01-11T16:43:09.080247Z","level":"info","event":"26/01/11 16:43:09 INFO DAGScheduler: waiting: Set()","logger":"airflow.task.hooks.airflow.providers.apache.spark.hooks.spark_submit.SparkSubmitHook","filename":"spark_submit.py","lineno":644}
{"timestamp":"2026-01-11T16:43:09.080312Z","level":"info","event":"26/01/11 16:43:09 INFO DAGScheduler: failed: Set()","logger":"airflow.task.hooks.airflow.providers.apache.spark.hooks.spark_submit.SparkSubmitHook","filename":"spark_submit.py","lineno":644}
{"timestamp":"2026-01-11T16:43:09.117950Z","level":"info","event":"26/01/11 16:43:09 INFO SparkContext: Starting job: count at NativeMethodAccessorImpl.java:0","logger":"airflow.task.hooks.airflow.providers.apache.spark.hooks.spark_submit.SparkSubmitHook","filename":"spark_submit.py","lineno":644}
{"timestamp":"2026-01-11T16:43:09.119832Z","level":"info","event":"26/01/11 16:43:09 INFO DAGScheduler: Got job 8 (count at NativeMethodAccessorImpl.java:0) with 1 output partitions","logger":"airflow.task.hooks.airflow.providers.apache.spark.hooks.spark_submit.SparkSubmitHook","filename":"spark_submit.py","lineno":644}
{"timestamp":"2026-01-11T16:43:09.120048Z","level":"info","event":"26/01/11 16:43:09 INFO DAGScheduler: Final stage: ResultStage 11 (count at NativeMethodAccessorImpl.java:0)","logger":"airflow.task.hooks.airflow.providers.apache.spark.hooks.spark_submit.SparkSubmitHook","filename":"spark_submit.py","lineno":644}
{"timestamp":"2026-01-11T16:43:09.120138Z","level":"info","event":"26/01/11 16:43:09 INFO DAGScheduler: Parents of final stage: List(ShuffleMapStage 10)","logger":"airflow.task.hooks.airflow.providers.apache.spark.hooks.spark_submit.SparkSubmitHook","filename":"spark_submit.py","lineno":644}
{"timestamp":"2026-01-11T16:43:09.120221Z","level":"info","event":"26/01/11 16:43:09 INFO DAGScheduler: Missing parents: List()","logger":"airflow.task.hooks.airflow.providers.apache.spark.hooks.spark_submit.SparkSubmitHook","filename":"spark_submit.py","lineno":644}
{"timestamp":"2026-01-11T16:43:09.122936Z","level":"info","event":"26/01/11 16:43:09 INFO DAGScheduler: Submitting ResultStage 11 (MapPartitionsRDD[50] at count at NativeMethodAccessorImpl.java:0), which has no missing parents","logger":"airflow.task.hooks.airflow.providers.apache.spark.hooks.spark_submit.SparkSubmitHook","filename":"spark_submit.py","lineno":644}
{"timestamp":"2026-01-11T16:43:09.125675Z","level":"info","event":"26/01/11 16:43:09 INFO MemoryStore: Block broadcast_17 stored as values in memory (estimated size 12.5 KiB, free 1047.8 MiB)","logger":"airflow.task.hooks.airflow.providers.apache.spark.hooks.spark_submit.SparkSubmitHook","filename":"spark_submit.py","lineno":644}
{"timestamp":"2026-01-11T16:43:09.128159Z","level":"info","event":"26/01/11 16:43:09 INFO MemoryStore: Block broadcast_17_piece0 stored as bytes in memory (estimated size 5.9 KiB, free 1047.8 MiB)","logger":"airflow.task.hooks.airflow.providers.apache.spark.hooks.spark_submit.SparkSubmitHook","filename":"spark_submit.py","lineno":644}
{"timestamp":"2026-01-11T16:43:09.128634Z","level":"info","event":"26/01/11 16:43:09 INFO BlockManagerInfo: Added broadcast_17_piece0 in memory on localhost:45901 (size: 5.9 KiB, free: 1048.6 MiB)","logger":"airflow.task.hooks.airflow.providers.apache.spark.hooks.spark_submit.SparkSubmitHook","filename":"spark_submit.py","lineno":644}
{"timestamp":"2026-01-11T16:43:09.129372Z","level":"info","event":"26/01/11 16:43:09 INFO SparkContext: Created broadcast 17 from broadcast at DAGScheduler.scala:1580","logger":"airflow.task.hooks.airflow.providers.apache.spark.hooks.spark_submit.SparkSubmitHook","filename":"spark_submit.py","lineno":644}
{"timestamp":"2026-01-11T16:43:09.129795Z","level":"info","event":"26/01/11 16:43:09 INFO DAGScheduler: Submitting 1 missing tasks from ResultStage 11 (MapPartitionsRDD[50] at count at NativeMethodAccessorImpl.java:0) (first 15 tasks are for partitions Vector(0))","logger":"airflow.task.hooks.airflow.providers.apache.spark.hooks.spark_submit.SparkSubmitHook","filename":"spark_submit.py","lineno":644}
{"timestamp":"2026-01-11T16:43:09.129867Z","level":"info","event":"26/01/11 16:43:09 INFO TaskSchedulerImpl: Adding task set 11.0 with 1 tasks resource profile 0","logger":"airflow.task.hooks.airflow.providers.apache.spark.hooks.spark_submit.SparkSubmitHook","filename":"spark_submit.py","lineno":644}
{"timestamp":"2026-01-11T16:43:09.131333Z","level":"info","event":"26/01/11 16:43:09 INFO TaskSetManager: Starting task 0.0 in stage 11.0 (TID 19) (localhost, executor driver, partition 0, NODE_LOCAL, 7615 bytes)","logger":"airflow.task.hooks.airflow.providers.apache.spark.hooks.spark_submit.SparkSubmitHook","filename":"spark_submit.py","lineno":644}
{"timestamp":"2026-01-11T16:43:09.131920Z","level":"info","event":"26/01/11 16:43:09 INFO Executor: Running task 0.0 in stage 11.0 (TID 19)","logger":"airflow.task.hooks.airflow.providers.apache.spark.hooks.spark_submit.SparkSubmitHook","filename":"spark_submit.py","lineno":644}
{"timestamp":"2026-01-11T16:43:09.135750Z","level":"info","event":"26/01/11 16:43:09 INFO ShuffleBlockFetcherIterator: Getting 4 (240.0 B) non-empty blocks including 4 (240.0 B) local and 0 (0.0 B) host-local and 0 (0.0 B) push-merged-local and 0 (0.0 B) remote blocks","logger":"airflow.task.hooks.airflow.providers.apache.spark.hooks.spark_submit.SparkSubmitHook","filename":"spark_submit.py","lineno":644}
{"timestamp":"2026-01-11T16:43:09.135979Z","level":"info","event":"26/01/11 16:43:09 INFO ShuffleBlockFetcherIterator: Started 0 remote fetches in 0 ms","logger":"airflow.task.hooks.airflow.providers.apache.spark.hooks.spark_submit.SparkSubmitHook","filename":"spark_submit.py","lineno":644}
{"timestamp":"2026-01-11T16:43:09.147181Z","level":"info","event":"26/01/11 16:43:09 INFO Executor: Finished task 0.0 in stage 11.0 (TID 19). 3995 bytes result sent to driver","logger":"airflow.task.hooks.airflow.providers.apache.spark.hooks.spark_submit.SparkSubmitHook","filename":"spark_submit.py","lineno":644}
{"timestamp":"2026-01-11T16:43:09.149077Z","level":"info","event":"26/01/11 16:43:09 INFO TaskSetManager: Finished task 0.0 in stage 11.0 (TID 19) in 18 ms on localhost (executor driver) (1/1)","logger":"airflow.task.hooks.airflow.providers.apache.spark.hooks.spark_submit.SparkSubmitHook","filename":"spark_submit.py","lineno":644}
{"timestamp":"2026-01-11T16:43:09.149245Z","level":"info","event":"26/01/11 16:43:09 INFO TaskSchedulerImpl: Removed TaskSet 11.0, whose tasks have all completed, from pool","logger":"airflow.task.hooks.airflow.providers.apache.spark.hooks.spark_submit.SparkSubmitHook","filename":"spark_submit.py","lineno":644}
{"timestamp":"2026-01-11T16:43:09.150949Z","level":"info","event":"26/01/11 16:43:09 INFO DAGScheduler: ResultStage 11 (count at NativeMethodAccessorImpl.java:0) finished in 0.026 s","logger":"airflow.task.hooks.airflow.providers.apache.spark.hooks.spark_submit.SparkSubmitHook","filename":"spark_submit.py","lineno":644}
{"timestamp":"2026-01-11T16:43:09.151148Z","level":"info","event":"26/01/11 16:43:09 INFO DAGScheduler: Job 8 is finished. Cancelling potential speculative or zombie tasks for this job","logger":"airflow.task.hooks.airflow.providers.apache.spark.hooks.spark_submit.SparkSubmitHook","filename":"spark_submit.py","lineno":644}
{"timestamp":"2026-01-11T16:43:09.151276Z","level":"info","event":"26/01/11 16:43:09 INFO TaskSchedulerImpl: Killing all running tasks in stage 11: Stage finished","logger":"airflow.task.hooks.airflow.providers.apache.spark.hooks.spark_submit.SparkSubmitHook","filename":"spark_submit.py","lineno":644}
{"timestamp":"2026-01-11T16:43:09.151467Z","level":"info","event":"26/01/11 16:43:09 INFO DAGScheduler: Job 8 finished: count at NativeMethodAccessorImpl.java:0, took 0.033444 s","logger":"airflow.task.hooks.airflow.providers.apache.spark.hooks.spark_submit.SparkSubmitHook","filename":"spark_submit.py","lineno":644}
{"timestamp":"2026-01-11T16:43:09.155326Z","level":"info","event":"Loaded olist_order_items with 112650 records for cleaning.","logger":"airflow.task.hooks.airflow.providers.apache.spark.hooks.spark_submit.SparkSubmitHook","filename":"spark_submit.py","lineno":644}
{"timestamp":"2026-01-11T16:43:09.159657Z","level":"info","event":"root","logger":"airflow.task.hooks.airflow.providers.apache.spark.hooks.spark_submit.SparkSubmitHook","filename":"spark_submit.py","lineno":644}
{"timestamp":"2026-01-11T16:43:09.159843Z","level":"info","event":"|-- order_id: string (nullable = true)","logger":"airflow.task.hooks.airflow.providers.apache.spark.hooks.spark_submit.SparkSubmitHook","filename":"spark_submit.py","lineno":644}
{"timestamp":"2026-01-11T16:43:09.159924Z","level":"info","event":"|-- order_item_id: string (nullable = true)","logger":"airflow.task.hooks.airflow.providers.apache.spark.hooks.spark_submit.SparkSubmitHook","filename":"spark_submit.py","lineno":644}
{"timestamp":"2026-01-11T16:43:09.160009Z","level":"info","event":"|-- product_id: string (nullable = true)","logger":"airflow.task.hooks.airflow.providers.apache.spark.hooks.spark_submit.SparkSubmitHook","filename":"spark_submit.py","lineno":644}
{"timestamp":"2026-01-11T16:43:09.160066Z","level":"info","event":"|-- seller_id: string (nullable = true)","logger":"airflow.task.hooks.airflow.providers.apache.spark.hooks.spark_submit.SparkSubmitHook","filename":"spark_submit.py","lineno":644}
{"timestamp":"2026-01-11T16:43:09.160151Z","level":"info","event":"|-- shipping_limit_date: string (nullable = true)","logger":"airflow.task.hooks.airflow.providers.apache.spark.hooks.spark_submit.SparkSubmitHook","filename":"spark_submit.py","lineno":644}
{"timestamp":"2026-01-11T16:43:09.160229Z","level":"info","event":"|-- price: string (nullable = true)","logger":"airflow.task.hooks.airflow.providers.apache.spark.hooks.spark_submit.SparkSubmitHook","filename":"spark_submit.py","lineno":644}
{"timestamp":"2026-01-11T16:43:09.160323Z","level":"info","event":"|-- freight_value: string (nullable = true)","logger":"airflow.task.hooks.airflow.providers.apache.spark.hooks.spark_submit.SparkSubmitHook","filename":"spark_submit.py","lineno":644}
{"timestamp":"2026-01-11T16:43:09.160391Z","level":"info","event":"","logger":"airflow.task.hooks.airflow.providers.apache.spark.hooks.spark_submit.SparkSubmitHook","filename":"spark_submit.py","lineno":644}
{"timestamp":"2026-01-11T16:43:09.187470Z","level":"info","event":"26/01/11 16:43:09 INFO InMemoryFileIndex: It took 8 ms to list leaf files for 1 paths.","logger":"airflow.task.hooks.airflow.providers.apache.spark.hooks.spark_submit.SparkSubmitHook","filename":"spark_submit.py","lineno":644}
{"timestamp":"2026-01-11T16:43:09.193900Z","level":"info","event":"26/01/11 16:43:09 INFO InMemoryFileIndex: It took 1 ms to list leaf files for 2 paths.","logger":"airflow.task.hooks.airflow.providers.apache.spark.hooks.spark_submit.SparkSubmitHook","filename":"spark_submit.py","lineno":644}
{"timestamp":"2026-01-11T16:43:09.251478Z","level":"info","event":"26/01/11 16:43:09 INFO FileSourceStrategy: Pushed Filters:","logger":"airflow.task.hooks.airflow.providers.apache.spark.hooks.spark_submit.SparkSubmitHook","filename":"spark_submit.py","lineno":644}
{"timestamp":"2026-01-11T16:43:09.251654Z","level":"info","event":"26/01/11 16:43:09 INFO FileSourceStrategy: Post-Scan Filters: (length(trim(value#117, None)) > 0)","logger":"airflow.task.hooks.airflow.providers.apache.spark.hooks.spark_submit.SparkSubmitHook","filename":"spark_submit.py","lineno":644}
{"timestamp":"2026-01-11T16:43:09.258942Z","level":"info","event":"26/01/11 16:43:09 INFO MemoryStore: Block broadcast_18 stored as values in memory (estimated size 199.5 KiB, free 1047.6 MiB)","logger":"airflow.task.hooks.airflow.providers.apache.spark.hooks.spark_submit.SparkSubmitHook","filename":"spark_submit.py","lineno":644}
{"timestamp":"2026-01-11T16:43:09.274905Z","level":"info","event":"26/01/11 16:43:09 INFO MemoryStore: Block broadcast_18_piece0 stored as bytes in memory (estimated size 34.2 KiB, free 1047.6 MiB)","logger":"airflow.task.hooks.airflow.providers.apache.spark.hooks.spark_submit.SparkSubmitHook","filename":"spark_submit.py","lineno":644}
{"timestamp":"2026-01-11T16:43:09.275414Z","level":"info","event":"26/01/11 16:43:09 INFO BlockManagerInfo: Added broadcast_18_piece0 in memory on localhost:45901 (size: 34.2 KiB, free: 1048.6 MiB)","logger":"airflow.task.hooks.airflow.providers.apache.spark.hooks.spark_submit.SparkSubmitHook","filename":"spark_submit.py","lineno":644}
{"timestamp":"2026-01-11T16:43:09.276258Z","level":"info","event":"26/01/11 16:43:09 INFO SparkContext: Created broadcast 18 from csv at NativeMethodAccessorImpl.java:0","logger":"airflow.task.hooks.airflow.providers.apache.spark.hooks.spark_submit.SparkSubmitHook","filename":"spark_submit.py","lineno":644}
{"timestamp":"2026-01-11T16:43:09.277288Z","level":"info","event":"26/01/11 16:43:09 INFO FileSourceScanExec: Planning scan with bin packing, max size: 4194304 bytes, open cost is considered as scanning 4194304 bytes.","logger":"airflow.task.hooks.airflow.providers.apache.spark.hooks.spark_submit.SparkSubmitHook","filename":"spark_submit.py","lineno":644}
{"timestamp":"2026-01-11T16:43:09.285544Z","level":"info","event":"26/01/11 16:43:09 INFO SparkContext: Starting job: csv at NativeMethodAccessorImpl.java:0","logger":"airflow.task.hooks.airflow.providers.apache.spark.hooks.spark_submit.SparkSubmitHook","filename":"spark_submit.py","lineno":644}
{"timestamp":"2026-01-11T16:43:09.286527Z","level":"info","event":"26/01/11 16:43:09 INFO DAGScheduler: Got job 9 (csv at NativeMethodAccessorImpl.java:0) with 1 output partitions","logger":"airflow.task.hooks.airflow.providers.apache.spark.hooks.spark_submit.SparkSubmitHook","filename":"spark_submit.py","lineno":644}
{"timestamp":"2026-01-11T16:43:09.286579Z","level":"info","event":"26/01/11 16:43:09 INFO DAGScheduler: Final stage: ResultStage 12 (csv at NativeMethodAccessorImpl.java:0)","logger":"airflow.task.hooks.airflow.providers.apache.spark.hooks.spark_submit.SparkSubmitHook","filename":"spark_submit.py","lineno":644}
{"timestamp":"2026-01-11T16:43:09.286599Z","level":"info","event":"26/01/11 16:43:09 INFO DAGScheduler: Parents of final stage: List()","logger":"airflow.task.hooks.airflow.providers.apache.spark.hooks.spark_submit.SparkSubmitHook","filename":"spark_submit.py","lineno":644}
{"timestamp":"2026-01-11T16:43:09.286618Z","level":"info","event":"26/01/11 16:43:09 INFO DAGScheduler: Missing parents: List()","logger":"airflow.task.hooks.airflow.providers.apache.spark.hooks.spark_submit.SparkSubmitHook","filename":"spark_submit.py","lineno":644}
{"timestamp":"2026-01-11T16:43:09.287344Z","level":"info","event":"26/01/11 16:43:09 INFO DAGScheduler: Submitting ResultStage 12 (MapPartitionsRDD[54] at csv at NativeMethodAccessorImpl.java:0), which has no missing parents","logger":"airflow.task.hooks.airflow.providers.apache.spark.hooks.spark_submit.SparkSubmitHook","filename":"spark_submit.py","lineno":644}
{"timestamp":"2026-01-11T16:43:09.289261Z","level":"info","event":"26/01/11 16:43:09 INFO MemoryStore: Block broadcast_19 stored as values in memory (estimated size 13.5 KiB, free 1047.6 MiB)","logger":"airflow.task.hooks.airflow.providers.apache.spark.hooks.spark_submit.SparkSubmitHook","filename":"spark_submit.py","lineno":644}
{"timestamp":"2026-01-11T16:43:09.311742Z","level":"info","event":"26/01/11 16:43:09 INFO MemoryStore: Block broadcast_19_piece0 stored as bytes in memory (estimated size 6.4 KiB, free 1047.6 MiB)","logger":"airflow.task.hooks.airflow.providers.apache.spark.hooks.spark_submit.SparkSubmitHook","filename":"spark_submit.py","lineno":644}
{"timestamp":"2026-01-11T16:43:09.312953Z","level":"info","event":"26/01/11 16:43:09 INFO BlockManagerInfo: Removed broadcast_17_piece0 on localhost:45901 in memory (size: 5.9 KiB, free: 1048.6 MiB)","logger":"airflow.task.hooks.airflow.providers.apache.spark.hooks.spark_submit.SparkSubmitHook","filename":"spark_submit.py","lineno":644}
{"timestamp":"2026-01-11T16:43:09.313117Z","level":"info","event":"26/01/11 16:43:09 INFO BlockManagerInfo: Added broadcast_19_piece0 in memory on localhost:45901 (size: 6.4 KiB, free: 1048.6 MiB)","logger":"airflow.task.hooks.airflow.providers.apache.spark.hooks.spark_submit.SparkSubmitHook","filename":"spark_submit.py","lineno":644}
{"timestamp":"2026-01-11T16:43:09.313705Z","level":"info","event":"26/01/11 16:43:09 INFO SparkContext: Created broadcast 19 from broadcast at DAGScheduler.scala:1580","logger":"airflow.task.hooks.airflow.providers.apache.spark.hooks.spark_submit.SparkSubmitHook","filename":"spark_submit.py","lineno":644}
{"timestamp":"2026-01-11T16:43:09.314083Z","level":"info","event":"26/01/11 16:43:09 INFO DAGScheduler: Submitting 1 missing tasks from ResultStage 12 (MapPartitionsRDD[54] at csv at NativeMethodAccessorImpl.java:0) (first 15 tasks are for partitions Vector(0))","logger":"airflow.task.hooks.airflow.providers.apache.spark.hooks.spark_submit.SparkSubmitHook","filename":"spark_submit.py","lineno":644}
{"timestamp":"2026-01-11T16:43:09.314156Z","level":"info","event":"26/01/11 16:43:09 INFO TaskSchedulerImpl: Adding task set 12.0 with 1 tasks resource profile 0","logger":"airflow.task.hooks.airflow.providers.apache.spark.hooks.spark_submit.SparkSubmitHook","filename":"spark_submit.py","lineno":644}
{"timestamp":"2026-01-11T16:43:09.315264Z","level":"info","event":"26/01/11 16:43:09 INFO TaskSetManager: Starting task 0.0 in stage 12.0 (TID 20) (localhost, executor driver, partition 0, PROCESS_LOCAL, 8284 bytes)","logger":"airflow.task.hooks.airflow.providers.apache.spark.hooks.spark_submit.SparkSubmitHook","filename":"spark_submit.py","lineno":644}
{"timestamp":"2026-01-11T16:43:09.316105Z","level":"info","event":"26/01/11 16:43:09 INFO Executor: Running task 0.0 in stage 12.0 (TID 20)","logger":"airflow.task.hooks.airflow.providers.apache.spark.hooks.spark_submit.SparkSubmitHook","filename":"spark_submit.py","lineno":644}
{"timestamp":"2026-01-11T16:43:09.318289Z","level":"info","event":"26/01/11 16:43:09 INFO BlockManagerInfo: Removed broadcast_15_piece0 on localhost:45901 in memory (size: 34.2 KiB, free: 1048.6 MiB)","logger":"airflow.task.hooks.airflow.providers.apache.spark.hooks.spark_submit.SparkSubmitHook","filename":"spark_submit.py","lineno":644}
{"timestamp":"2026-01-11T16:43:09.320321Z","level":"info","event":"26/01/11 16:43:09 INFO FileScanRDD: Reading File path: file:///opt/airflow/data/raw/olist_order_payments/part-00000-a5c5f732-5ca0-42d9-9531-302056541ceb-c000.csv, range: 0-4100366, partition values: [empty row]","logger":"airflow.task.hooks.airflow.providers.apache.spark.hooks.spark_submit.SparkSubmitHook","filename":"spark_submit.py","lineno":644}
{"timestamp":"2026-01-11T16:43:09.325037Z","level":"info","event":"26/01/11 16:43:09 INFO BlockManagerInfo: Removed broadcast_9_piece0 on localhost:45901 in memory (size: 34.2 KiB, free: 1048.7 MiB)","logger":"airflow.task.hooks.airflow.providers.apache.spark.hooks.spark_submit.SparkSubmitHook","filename":"spark_submit.py","lineno":644}
{"timestamp":"2026-01-11T16:43:09.329352Z","level":"info","event":"26/01/11 16:43:09 INFO BlockManagerInfo: Removed broadcast_12_piece0 on localhost:45901 in memory (size: 34.2 KiB, free: 1048.7 MiB)","logger":"airflow.task.hooks.airflow.providers.apache.spark.hooks.spark_submit.SparkSubmitHook","filename":"spark_submit.py","lineno":644}
{"timestamp":"2026-01-11T16:43:09.337647Z","level":"info","event":"26/01/11 16:43:09 INFO Executor: Finished task 0.0 in stage 12.0 (TID 20). 1673 bytes result sent to driver","logger":"airflow.task.hooks.airflow.providers.apache.spark.hooks.spark_submit.SparkSubmitHook","filename":"spark_submit.py","lineno":644}
{"timestamp":"2026-01-11T16:43:09.340503Z","level":"info","event":"26/01/11 16:43:09 INFO TaskSetManager: Finished task 0.0 in stage 12.0 (TID 20) in 26 ms on localhost (executor driver) (1/1)","logger":"airflow.task.hooks.airflow.providers.apache.spark.hooks.spark_submit.SparkSubmitHook","filename":"spark_submit.py","lineno":644}
{"timestamp":"2026-01-11T16:43:09.340782Z","level":"info","event":"26/01/11 16:43:09 INFO TaskSchedulerImpl: Removed TaskSet 12.0, whose tasks have all completed, from pool","logger":"airflow.task.hooks.airflow.providers.apache.spark.hooks.spark_submit.SparkSubmitHook","filename":"spark_submit.py","lineno":644}
{"timestamp":"2026-01-11T16:43:09.341206Z","level":"info","event":"26/01/11 16:43:09 INFO BlockManagerInfo: Removed broadcast_13_piece0 on localhost:45901 in memory (size: 6.4 KiB, free: 1048.7 MiB)","logger":"airflow.task.hooks.airflow.providers.apache.spark.hooks.spark_submit.SparkSubmitHook","filename":"spark_submit.py","lineno":644}
{"timestamp":"2026-01-11T16:43:09.343882Z","level":"info","event":"26/01/11 16:43:09 INFO DAGScheduler: ResultStage 12 (csv at NativeMethodAccessorImpl.java:0) finished in 0.055 s","logger":"airflow.task.hooks.airflow.providers.apache.spark.hooks.spark_submit.SparkSubmitHook","filename":"spark_submit.py","lineno":644}
{"timestamp":"2026-01-11T16:43:09.344116Z","level":"info","event":"26/01/11 16:43:09 INFO DAGScheduler: Job 9 is finished. Cancelling potential speculative or zombie tasks for this job","logger":"airflow.task.hooks.airflow.providers.apache.spark.hooks.spark_submit.SparkSubmitHook","filename":"spark_submit.py","lineno":644}
{"timestamp":"2026-01-11T16:43:09.344203Z","level":"info","event":"26/01/11 16:43:09 INFO TaskSchedulerImpl: Killing all running tasks in stage 12: Stage finished","logger":"airflow.task.hooks.airflow.providers.apache.spark.hooks.spark_submit.SparkSubmitHook","filename":"spark_submit.py","lineno":644}
{"timestamp":"2026-01-11T16:43:09.344554Z","level":"info","event":"26/01/11 16:43:09 INFO DAGScheduler: Job 9 finished: csv at NativeMethodAccessorImpl.java:0, took 0.058625 s","logger":"airflow.task.hooks.airflow.providers.apache.spark.hooks.spark_submit.SparkSubmitHook","filename":"spark_submit.py","lineno":644}
{"timestamp":"2026-01-11T16:43:09.348780Z","level":"info","event":"26/01/11 16:43:09 INFO BlockManagerInfo: Removed broadcast_16_piece0 on localhost:45901 in memory (size: 8.8 KiB, free: 1048.7 MiB)","logger":"airflow.task.hooks.airflow.providers.apache.spark.hooks.spark_submit.SparkSubmitHook","filename":"spark_submit.py","lineno":644}
{"timestamp":"2026-01-11T16:43:09.357304Z","level":"info","event":"26/01/11 16:43:09 INFO BlockManagerInfo: Removed broadcast_11_piece0 on localhost:45901 in memory (size: 5.9 KiB, free: 1048.7 MiB)","logger":"airflow.task.hooks.airflow.providers.apache.spark.hooks.spark_submit.SparkSubmitHook","filename":"spark_submit.py","lineno":644}
{"timestamp":"2026-01-11T16:43:09.372981Z","level":"info","event":"26/01/11 16:43:09 INFO BlockManagerInfo: Removed broadcast_14_piece0 on localhost:45901 in memory (size: 34.2 KiB, free: 1048.8 MiB)","logger":"airflow.task.hooks.airflow.providers.apache.spark.hooks.spark_submit.SparkSubmitHook","filename":"spark_submit.py","lineno":644}
{"timestamp":"2026-01-11T16:43:09.374782Z","level":"info","event":"26/01/11 16:43:09 INFO FileSourceStrategy: Pushed Filters:","logger":"airflow.task.hooks.airflow.providers.apache.spark.hooks.spark_submit.SparkSubmitHook","filename":"spark_submit.py","lineno":644}
{"timestamp":"2026-01-11T16:43:09.375148Z","level":"info","event":"26/01/11 16:43:09 INFO FileSourceStrategy: Post-Scan Filters:","logger":"airflow.task.hooks.airflow.providers.apache.spark.hooks.spark_submit.SparkSubmitHook","filename":"spark_submit.py","lineno":644}
{"timestamp":"2026-01-11T16:43:09.380653Z","level":"info","event":"26/01/11 16:43:09 INFO MemoryStore: Block broadcast_20 stored as values in memory (estimated size 199.5 KiB, free 1048.4 MiB)","logger":"airflow.task.hooks.airflow.providers.apache.spark.hooks.spark_submit.SparkSubmitHook","filename":"spark_submit.py","lineno":644}
{"timestamp":"2026-01-11T16:43:09.397981Z","level":"info","event":"26/01/11 16:43:09 INFO MemoryStore: Block broadcast_20_piece0 stored as bytes in memory (estimated size 34.2 KiB, free 1048.3 MiB)","logger":"airflow.task.hooks.airflow.providers.apache.spark.hooks.spark_submit.SparkSubmitHook","filename":"spark_submit.py","lineno":644}
{"timestamp":"2026-01-11T16:43:09.398786Z","level":"info","event":"26/01/11 16:43:09 INFO BlockManagerInfo: Added broadcast_20_piece0 in memory on localhost:45901 (size: 34.2 KiB, free: 1048.7 MiB)","logger":"airflow.task.hooks.airflow.providers.apache.spark.hooks.spark_submit.SparkSubmitHook","filename":"spark_submit.py","lineno":644}
{"timestamp":"2026-01-11T16:43:09.399986Z","level":"info","event":"26/01/11 16:43:09 INFO SparkContext: Created broadcast 20 from csv at NativeMethodAccessorImpl.java:0","logger":"airflow.task.hooks.airflow.providers.apache.spark.hooks.spark_submit.SparkSubmitHook","filename":"spark_submit.py","lineno":644}
{"timestamp":"2026-01-11T16:43:09.401616Z","level":"info","event":"26/01/11 16:43:09 INFO FileSourceScanExec: Planning scan with bin packing, max size: 4194304 bytes, open cost is considered as scanning 4194304 bytes.","logger":"airflow.task.hooks.airflow.providers.apache.spark.hooks.spark_submit.SparkSubmitHook","filename":"spark_submit.py","lineno":644}
{"timestamp":"2026-01-11T16:43:09.417044Z","level":"info","event":"____________________________________________________","logger":"airflow.task.hooks.airflow.providers.apache.spark.hooks.spark_submit.SparkSubmitHook","filename":"spark_submit.py","lineno":644}
{"timestamp":"2026-01-11T16:43:09.432582Z","level":"info","event":"26/01/11 16:43:09 INFO FileSourceStrategy: Pushed Filters:","logger":"airflow.task.hooks.airflow.providers.apache.spark.hooks.spark_submit.SparkSubmitHook","filename":"spark_submit.py","lineno":644}
{"timestamp":"2026-01-11T16:43:09.432705Z","level":"info","event":"26/01/11 16:43:09 INFO FileSourceStrategy: Post-Scan Filters:","logger":"airflow.task.hooks.airflow.providers.apache.spark.hooks.spark_submit.SparkSubmitHook","filename":"spark_submit.py","lineno":644}
{"timestamp":"2026-01-11T16:43:09.446073Z","level":"info","event":"26/01/11 16:43:09 INFO MemoryStore: Block broadcast_21 stored as values in memory (estimated size 199.4 KiB, free 1048.1 MiB)","logger":"airflow.task.hooks.airflow.providers.apache.spark.hooks.spark_submit.SparkSubmitHook","filename":"spark_submit.py","lineno":644}
{"timestamp":"2026-01-11T16:43:09.453667Z","level":"info","event":"26/01/11 16:43:09 INFO MemoryStore: Block broadcast_21_piece0 stored as bytes in memory (estimated size 34.2 KiB, free 1048.1 MiB)","logger":"airflow.task.hooks.airflow.providers.apache.spark.hooks.spark_submit.SparkSubmitHook","filename":"spark_submit.py","lineno":644}
{"timestamp":"2026-01-11T16:43:09.455153Z","level":"info","event":"26/01/11 16:43:09 INFO BlockManagerInfo: Added broadcast_21_piece0 in memory on localhost:45901 (size: 34.2 KiB, free: 1048.7 MiB)","logger":"airflow.task.hooks.airflow.providers.apache.spark.hooks.spark_submit.SparkSubmitHook","filename":"spark_submit.py","lineno":644}
{"timestamp":"2026-01-11T16:43:09.457414Z","level":"info","event":"26/01/11 16:43:09 INFO SparkContext: Created broadcast 21 from count at NativeMethodAccessorImpl.java:0","logger":"airflow.task.hooks.airflow.providers.apache.spark.hooks.spark_submit.SparkSubmitHook","filename":"spark_submit.py","lineno":644}
{"timestamp":"2026-01-11T16:43:09.459657Z","level":"info","event":"26/01/11 16:43:09 INFO FileSourceScanExec: Planning scan with bin packing, max size: 4194304 bytes, open cost is considered as scanning 4194304 bytes.","logger":"airflow.task.hooks.airflow.providers.apache.spark.hooks.spark_submit.SparkSubmitHook","filename":"spark_submit.py","lineno":644}
{"timestamp":"2026-01-11T16:43:09.466819Z","level":"info","event":"26/01/11 16:43:09 INFO DAGScheduler: Registering RDD 64 (count at NativeMethodAccessorImpl.java:0) as input to shuffle 3","logger":"airflow.task.hooks.airflow.providers.apache.spark.hooks.spark_submit.SparkSubmitHook","filename":"spark_submit.py","lineno":644}
{"timestamp":"2026-01-11T16:43:09.467357Z","level":"info","event":"26/01/11 16:43:09 INFO DAGScheduler: Got map stage job 10 (count at NativeMethodAccessorImpl.java:0) with 2 output partitions","logger":"airflow.task.hooks.airflow.providers.apache.spark.hooks.spark_submit.SparkSubmitHook","filename":"spark_submit.py","lineno":644}
{"timestamp":"2026-01-11T16:43:09.467675Z","level":"info","event":"26/01/11 16:43:09 INFO DAGScheduler: Final stage: ShuffleMapStage 13 (count at NativeMethodAccessorImpl.java:0)","logger":"airflow.task.hooks.airflow.providers.apache.spark.hooks.spark_submit.SparkSubmitHook","filename":"spark_submit.py","lineno":644}
{"timestamp":"2026-01-11T16:43:09.467823Z","level":"info","event":"26/01/11 16:43:09 INFO DAGScheduler: Parents of final stage: List()","logger":"airflow.task.hooks.airflow.providers.apache.spark.hooks.spark_submit.SparkSubmitHook","filename":"spark_submit.py","lineno":644}
{"timestamp":"2026-01-11T16:43:09.467903Z","level":"info","event":"26/01/11 16:43:09 INFO DAGScheduler: Missing parents: List()","logger":"airflow.task.hooks.airflow.providers.apache.spark.hooks.spark_submit.SparkSubmitHook","filename":"spark_submit.py","lineno":644}
{"timestamp":"2026-01-11T16:43:09.468132Z","level":"info","event":"26/01/11 16:43:09 INFO DAGScheduler: Submitting ShuffleMapStage 13 (MapPartitionsRDD[64] at count at NativeMethodAccessorImpl.java:0), which has no missing parents","logger":"airflow.task.hooks.airflow.providers.apache.spark.hooks.spark_submit.SparkSubmitHook","filename":"spark_submit.py","lineno":644}
{"timestamp":"2026-01-11T16:43:09.474523Z","level":"info","event":"26/01/11 16:43:09 INFO MemoryStore: Block broadcast_22 stored as values in memory (estimated size 17.8 KiB, free 1048.1 MiB)","logger":"airflow.task.hooks.airflow.providers.apache.spark.hooks.spark_submit.SparkSubmitHook","filename":"spark_submit.py","lineno":644}
{"timestamp":"2026-01-11T16:43:09.482487Z","level":"info","event":"26/01/11 16:43:09 INFO MemoryStore: Block broadcast_22_piece0 stored as bytes in memory (estimated size 8.7 KiB, free 1048.1 MiB)","logger":"airflow.task.hooks.airflow.providers.apache.spark.hooks.spark_submit.SparkSubmitHook","filename":"spark_submit.py","lineno":644}
{"timestamp":"2026-01-11T16:43:09.482903Z","level":"info","event":"26/01/11 16:43:09 INFO BlockManagerInfo: Added broadcast_22_piece0 in memory on localhost:45901 (size: 8.7 KiB, free: 1048.7 MiB)","logger":"airflow.task.hooks.airflow.providers.apache.spark.hooks.spark_submit.SparkSubmitHook","filename":"spark_submit.py","lineno":644}
{"timestamp":"2026-01-11T16:43:09.483460Z","level":"info","event":"26/01/11 16:43:09 INFO SparkContext: Created broadcast 22 from broadcast at DAGScheduler.scala:1580","logger":"airflow.task.hooks.airflow.providers.apache.spark.hooks.spark_submit.SparkSubmitHook","filename":"spark_submit.py","lineno":644}
{"timestamp":"2026-01-11T16:43:09.483949Z","level":"info","event":"26/01/11 16:43:09 INFO DAGScheduler: Submitting 2 missing tasks from ShuffleMapStage 13 (MapPartitionsRDD[64] at count at NativeMethodAccessorImpl.java:0) (first 15 tasks are for partitions Vector(0, 1))","logger":"airflow.task.hooks.airflow.providers.apache.spark.hooks.spark_submit.SparkSubmitHook","filename":"spark_submit.py","lineno":644}
{"timestamp":"2026-01-11T16:43:09.484102Z","level":"info","event":"26/01/11 16:43:09 INFO TaskSchedulerImpl: Adding task set 13.0 with 2 tasks resource profile 0","logger":"airflow.task.hooks.airflow.providers.apache.spark.hooks.spark_submit.SparkSubmitHook","filename":"spark_submit.py","lineno":644}
{"timestamp":"2026-01-11T16:43:09.485344Z","level":"info","event":"26/01/11 16:43:09 INFO TaskSetManager: Starting task 0.0 in stage 13.0 (TID 21) (localhost, executor driver, partition 0, PROCESS_LOCAL, 8273 bytes)","logger":"airflow.task.hooks.airflow.providers.apache.spark.hooks.spark_submit.SparkSubmitHook","filename":"spark_submit.py","lineno":644}
{"timestamp":"2026-01-11T16:43:09.485509Z","level":"info","event":"26/01/11 16:43:09 INFO TaskSetManager: Starting task 1.0 in stage 13.0 (TID 22) (localhost, executor driver, partition 1, PROCESS_LOCAL, 8273 bytes)","logger":"airflow.task.hooks.airflow.providers.apache.spark.hooks.spark_submit.SparkSubmitHook","filename":"spark_submit.py","lineno":644}
{"timestamp":"2026-01-11T16:43:09.486005Z","level":"info","event":"26/01/11 16:43:09 INFO Executor: Running task 1.0 in stage 13.0 (TID 22)","logger":"airflow.task.hooks.airflow.providers.apache.spark.hooks.spark_submit.SparkSubmitHook","filename":"spark_submit.py","lineno":644}
{"timestamp":"2026-01-11T16:43:09.486130Z","level":"info","event":"26/01/11 16:43:09 INFO Executor: Running task 0.0 in stage 13.0 (TID 21)","logger":"airflow.task.hooks.airflow.providers.apache.spark.hooks.spark_submit.SparkSubmitHook","filename":"spark_submit.py","lineno":644}
{"timestamp":"2026-01-11T16:43:09.489526Z","level":"info","event":"26/01/11 16:43:09 INFO FileScanRDD: Reading File path: file:///opt/airflow/data/raw/olist_order_payments/part-00001-a5c5f732-5ca0-42d9-9531-302056541ceb-c000.csv, range: 0-1547490, partition values: [empty row]","logger":"airflow.task.hooks.airflow.providers.apache.spark.hooks.spark_submit.SparkSubmitHook","filename":"spark_submit.py","lineno":644}
{"timestamp":"2026-01-11T16:43:09.494932Z","level":"info","event":"26/01/11 16:43:09 INFO FileScanRDD: Reading File path: file:///opt/airflow/data/raw/olist_order_payments/part-00000-a5c5f732-5ca0-42d9-9531-302056541ceb-c000.csv, range: 0-4100366, partition values: [empty row]","logger":"airflow.task.hooks.airflow.providers.apache.spark.hooks.spark_submit.SparkSubmitHook","filename":"spark_submit.py","lineno":644}
{"timestamp":"2026-01-11T16:43:09.538818Z","level":"info","event":"26/01/11 16:43:09 INFO Executor: Finished task 1.0 in stage 13.0 (TID 22). 1968 bytes result sent to driver","logger":"airflow.task.hooks.airflow.providers.apache.spark.hooks.spark_submit.SparkSubmitHook","filename":"spark_submit.py","lineno":644}
{"timestamp":"2026-01-11T16:43:09.539611Z","level":"info","event":"26/01/11 16:43:09 INFO TaskSetManager: Finished task 1.0 in stage 13.0 (TID 22) in 53 ms on localhost (executor driver) (1/2)","logger":"airflow.task.hooks.airflow.providers.apache.spark.hooks.spark_submit.SparkSubmitHook","filename":"spark_submit.py","lineno":644}
{"timestamp":"2026-01-11T16:43:09.570437Z","level":"info","event":"26/01/11 16:43:09 INFO Executor: Finished task 0.0 in stage 13.0 (TID 21). 1968 bytes result sent to driver","logger":"airflow.task.hooks.airflow.providers.apache.spark.hooks.spark_submit.SparkSubmitHook","filename":"spark_submit.py","lineno":644}
{"timestamp":"2026-01-11T16:43:09.574133Z","level":"info","event":"26/01/11 16:43:09 INFO TaskSetManager: Finished task 0.0 in stage 13.0 (TID 21) in 89 ms on localhost (executor driver) (2/2)","logger":"airflow.task.hooks.airflow.providers.apache.spark.hooks.spark_submit.SparkSubmitHook","filename":"spark_submit.py","lineno":644}
{"timestamp":"2026-01-11T16:43:09.574431Z","level":"info","event":"26/01/11 16:43:09 INFO TaskSchedulerImpl: Removed TaskSet 13.0, whose tasks have all completed, from pool","logger":"airflow.task.hooks.airflow.providers.apache.spark.hooks.spark_submit.SparkSubmitHook","filename":"spark_submit.py","lineno":644}
{"timestamp":"2026-01-11T16:43:09.576162Z","level":"info","event":"26/01/11 16:43:09 INFO DAGScheduler: ShuffleMapStage 13 (count at NativeMethodAccessorImpl.java:0) finished in 0.104 s","logger":"airflow.task.hooks.airflow.providers.apache.spark.hooks.spark_submit.SparkSubmitHook","filename":"spark_submit.py","lineno":644}
{"timestamp":"2026-01-11T16:43:09.576407Z","level":"info","event":"26/01/11 16:43:09 INFO DAGScheduler: looking for newly runnable stages","logger":"airflow.task.hooks.airflow.providers.apache.spark.hooks.spark_submit.SparkSubmitHook","filename":"spark_submit.py","lineno":644}
{"timestamp":"2026-01-11T16:43:09.576885Z","level":"info","event":"26/01/11 16:43:09 INFO DAGScheduler: running: Set()","logger":"airflow.task.hooks.airflow.providers.apache.spark.hooks.spark_submit.SparkSubmitHook","filename":"spark_submit.py","lineno":644}
{"timestamp":"2026-01-11T16:43:09.577022Z","level":"info","event":"26/01/11 16:43:09 INFO DAGScheduler: waiting: Set()","logger":"airflow.task.hooks.airflow.providers.apache.spark.hooks.spark_submit.SparkSubmitHook","filename":"spark_submit.py","lineno":644}
{"timestamp":"2026-01-11T16:43:09.577100Z","level":"info","event":"26/01/11 16:43:09 INFO DAGScheduler: failed: Set()","logger":"airflow.task.hooks.airflow.providers.apache.spark.hooks.spark_submit.SparkSubmitHook","filename":"spark_submit.py","lineno":644}
{"timestamp":"2026-01-11T16:43:09.602795Z","level":"info","event":"26/01/11 16:43:09 INFO SparkContext: Starting job: count at NativeMethodAccessorImpl.java:0","logger":"airflow.task.hooks.airflow.providers.apache.spark.hooks.spark_submit.SparkSubmitHook","filename":"spark_submit.py","lineno":644}
{"timestamp":"2026-01-11T16:43:09.603093Z","level":"info","event":"26/01/11 16:43:09 INFO DAGScheduler: Got job 11 (count at NativeMethodAccessorImpl.java:0) with 1 output partitions","logger":"airflow.task.hooks.airflow.providers.apache.spark.hooks.spark_submit.SparkSubmitHook","filename":"spark_submit.py","lineno":644}
{"timestamp":"2026-01-11T16:43:09.603311Z","level":"info","event":"26/01/11 16:43:09 INFO DAGScheduler: Final stage: ResultStage 15 (count at NativeMethodAccessorImpl.java:0)","logger":"airflow.task.hooks.airflow.providers.apache.spark.hooks.spark_submit.SparkSubmitHook","filename":"spark_submit.py","lineno":644}
{"timestamp":"2026-01-11T16:43:09.603437Z","level":"info","event":"26/01/11 16:43:09 INFO DAGScheduler: Parents of final stage: List(ShuffleMapStage 14)","logger":"airflow.task.hooks.airflow.providers.apache.spark.hooks.spark_submit.SparkSubmitHook","filename":"spark_submit.py","lineno":644}
{"timestamp":"2026-01-11T16:43:09.603464Z","level":"info","event":"26/01/11 16:43:09 INFO DAGScheduler: Missing parents: List()","logger":"airflow.task.hooks.airflow.providers.apache.spark.hooks.spark_submit.SparkSubmitHook","filename":"spark_submit.py","lineno":644}
{"timestamp":"2026-01-11T16:43:09.603481Z","level":"info","event":"26/01/11 16:43:09 INFO DAGScheduler: Submitting ResultStage 15 (MapPartitionsRDD[67] at count at NativeMethodAccessorImpl.java:0), which has no missing parents","logger":"airflow.task.hooks.airflow.providers.apache.spark.hooks.spark_submit.SparkSubmitHook","filename":"spark_submit.py","lineno":644}
{"timestamp":"2026-01-11T16:43:09.615834Z","level":"info","event":"26/01/11 16:43:09 INFO MemoryStore: Block broadcast_23 stored as values in memory (estimated size 12.5 KiB, free 1048.1 MiB)","logger":"airflow.task.hooks.airflow.providers.apache.spark.hooks.spark_submit.SparkSubmitHook","filename":"spark_submit.py","lineno":644}
{"timestamp":"2026-01-11T16:43:09.621674Z","level":"info","event":"26/01/11 16:43:09 INFO MemoryStore: Block broadcast_23_piece0 stored as bytes in memory (estimated size 6.0 KiB, free 1048.1 MiB)","logger":"airflow.task.hooks.airflow.providers.apache.spark.hooks.spark_submit.SparkSubmitHook","filename":"spark_submit.py","lineno":644}
{"timestamp":"2026-01-11T16:43:09.622295Z","level":"info","event":"26/01/11 16:43:09 INFO BlockManagerInfo: Added broadcast_23_piece0 in memory on localhost:45901 (size: 6.0 KiB, free: 1048.7 MiB)","logger":"airflow.task.hooks.airflow.providers.apache.spark.hooks.spark_submit.SparkSubmitHook","filename":"spark_submit.py","lineno":644}
{"timestamp":"2026-01-11T16:43:09.626013Z","level":"info","event":"26/01/11 16:43:09 INFO SparkContext: Created broadcast 23 from broadcast at DAGScheduler.scala:1580","logger":"airflow.task.hooks.airflow.providers.apache.spark.hooks.spark_submit.SparkSubmitHook","filename":"spark_submit.py","lineno":644}
{"timestamp":"2026-01-11T16:43:09.626197Z","level":"info","event":"26/01/11 16:43:09 INFO DAGScheduler: Submitting 1 missing tasks from ResultStage 15 (MapPartitionsRDD[67] at count at NativeMethodAccessorImpl.java:0) (first 15 tasks are for partitions Vector(0))","logger":"airflow.task.hooks.airflow.providers.apache.spark.hooks.spark_submit.SparkSubmitHook","filename":"spark_submit.py","lineno":644}
{"timestamp":"2026-01-11T16:43:09.626514Z","level":"info","event":"26/01/11 16:43:09 INFO TaskSchedulerImpl: Adding task set 15.0 with 1 tasks resource profile 0","logger":"airflow.task.hooks.airflow.providers.apache.spark.hooks.spark_submit.SparkSubmitHook","filename":"spark_submit.py","lineno":644}
{"timestamp":"2026-01-11T16:43:09.630520Z","level":"info","event":"26/01/11 16:43:09 INFO TaskSetManager: Starting task 0.0 in stage 15.0 (TID 23) (localhost, executor driver, partition 0, NODE_LOCAL, 7615 bytes)","logger":"airflow.task.hooks.airflow.providers.apache.spark.hooks.spark_submit.SparkSubmitHook","filename":"spark_submit.py","lineno":644}
{"timestamp":"2026-01-11T16:43:09.634324Z","level":"info","event":"26/01/11 16:43:09 INFO Executor: Running task 0.0 in stage 15.0 (TID 23)","logger":"airflow.task.hooks.airflow.providers.apache.spark.hooks.spark_submit.SparkSubmitHook","filename":"spark_submit.py","lineno":644}
{"timestamp":"2026-01-11T16:43:09.648155Z","level":"info","event":"26/01/11 16:43:09 INFO ShuffleBlockFetcherIterator: Getting 2 (120.0 B) non-empty blocks including 2 (120.0 B) local and 0 (0.0 B) host-local and 0 (0.0 B) push-merged-local and 0 (0.0 B) remote blocks","logger":"airflow.task.hooks.airflow.providers.apache.spark.hooks.spark_submit.SparkSubmitHook","filename":"spark_submit.py","lineno":644}
{"timestamp":"2026-01-11T16:43:09.663764Z","level":"info","event":"26/01/11 16:43:09 INFO ShuffleBlockFetcherIterator: Started 0 remote fetches in 8 ms","logger":"airflow.task.hooks.airflow.providers.apache.spark.hooks.spark_submit.SparkSubmitHook","filename":"spark_submit.py","lineno":644}
{"timestamp":"2026-01-11T16:43:09.957832Z","level":"info","event":"26/01/11 16:43:09 INFO Executor: Finished task 0.0 in stage 15.0 (TID 23). 4038 bytes result sent to driver","logger":"airflow.task.hooks.airflow.providers.apache.spark.hooks.spark_submit.SparkSubmitHook","filename":"spark_submit.py","lineno":644}
{"timestamp":"2026-01-11T16:43:09.991566Z","level":"info","event":"26/01/11 16:43:09 INFO TaskSetManager: Finished task 0.0 in stage 15.0 (TID 23) in 357 ms on localhost (executor driver) (1/1)","logger":"airflow.task.hooks.airflow.providers.apache.spark.hooks.spark_submit.SparkSubmitHook","filename":"spark_submit.py","lineno":644}
{"timestamp":"2026-01-11T16:43:09.993652Z","level":"info","event":"26/01/11 16:43:09 INFO TaskSchedulerImpl: Removed TaskSet 15.0, whose tasks have all completed, from pool","logger":"airflow.task.hooks.airflow.providers.apache.spark.hooks.spark_submit.SparkSubmitHook","filename":"spark_submit.py","lineno":644}
{"timestamp":"2026-01-11T16:43:10.016741Z","level":"info","event":"26/01/11 16:43:10 INFO DAGScheduler: ResultStage 15 (count at NativeMethodAccessorImpl.java:0) finished in 0.396 s","logger":"airflow.task.hooks.airflow.providers.apache.spark.hooks.spark_submit.SparkSubmitHook","filename":"spark_submit.py","lineno":644}
{"timestamp":"2026-01-11T16:43:10.016931Z","level":"info","event":"26/01/11 16:43:10 INFO DAGScheduler: Job 11 is finished. Cancelling potential speculative or zombie tasks for this job","logger":"airflow.task.hooks.airflow.providers.apache.spark.hooks.spark_submit.SparkSubmitHook","filename":"spark_submit.py","lineno":644}
{"timestamp":"2026-01-11T16:43:10.021272Z","level":"info","event":"26/01/11 16:43:10 INFO TaskSchedulerImpl: Killing all running tasks in stage 15: Stage finished","logger":"airflow.task.hooks.airflow.providers.apache.spark.hooks.spark_submit.SparkSubmitHook","filename":"spark_submit.py","lineno":644}
{"timestamp":"2026-01-11T16:43:10.042988Z","level":"info","event":"26/01/11 16:43:10 INFO DAGScheduler: Job 11 finished: count at NativeMethodAccessorImpl.java:0, took 0.420204 s","logger":"airflow.task.hooks.airflow.providers.apache.spark.hooks.spark_submit.SparkSubmitHook","filename":"spark_submit.py","lineno":644}
{"timestamp":"2026-01-11T16:43:10.074815Z","level":"info","event":"Loaded olist_order_payments with 103886 records for cleaning.","logger":"airflow.task.hooks.airflow.providers.apache.spark.hooks.spark_submit.SparkSubmitHook","filename":"spark_submit.py","lineno":644}
{"timestamp":"2026-01-11T16:43:10.089304Z","level":"info","event":"root","logger":"airflow.task.hooks.airflow.providers.apache.spark.hooks.spark_submit.SparkSubmitHook","filename":"spark_submit.py","lineno":644}
{"timestamp":"2026-01-11T16:43:10.089474Z","level":"info","event":"|-- order_id: string (nullable = true)","logger":"airflow.task.hooks.airflow.providers.apache.spark.hooks.spark_submit.SparkSubmitHook","filename":"spark_submit.py","lineno":644}
{"timestamp":"2026-01-11T16:43:10.089518Z","level":"info","event":"|-- payment_sequential: string (nullable = true)","logger":"airflow.task.hooks.airflow.providers.apache.spark.hooks.spark_submit.SparkSubmitHook","filename":"spark_submit.py","lineno":644}
{"timestamp":"2026-01-11T16:43:10.089552Z","level":"info","event":"|-- payment_type: string (nullable = true)","logger":"airflow.task.hooks.airflow.providers.apache.spark.hooks.spark_submit.SparkSubmitHook","filename":"spark_submit.py","lineno":644}
{"timestamp":"2026-01-11T16:43:10.089575Z","level":"info","event":"|-- payment_installments: string (nullable = true)","logger":"airflow.task.hooks.airflow.providers.apache.spark.hooks.spark_submit.SparkSubmitHook","filename":"spark_submit.py","lineno":644}
{"timestamp":"2026-01-11T16:43:10.089599Z","level":"info","event":"|-- payment_value: string (nullable = true)","logger":"airflow.task.hooks.airflow.providers.apache.spark.hooks.spark_submit.SparkSubmitHook","filename":"spark_submit.py","lineno":644}
{"timestamp":"2026-01-11T16:43:10.089626Z","level":"info","event":"","logger":"airflow.task.hooks.airflow.providers.apache.spark.hooks.spark_submit.SparkSubmitHook","filename":"spark_submit.py","lineno":644}
{"timestamp":"2026-01-11T16:43:10.190635Z","level":"info","event":"26/01/11 16:43:10 INFO InMemoryFileIndex: It took 19 ms to list leaf files for 1 paths.","logger":"airflow.task.hooks.airflow.providers.apache.spark.hooks.spark_submit.SparkSubmitHook","filename":"spark_submit.py","lineno":644}
{"timestamp":"2026-01-11T16:43:10.217396Z","level":"info","event":"26/01/11 16:43:10 INFO InMemoryFileIndex: It took 5 ms to list leaf files for 4 paths.","logger":"airflow.task.hooks.airflow.providers.apache.spark.hooks.spark_submit.SparkSubmitHook","filename":"spark_submit.py","lineno":644}
{"timestamp":"2026-01-11T16:43:10.527907Z","level":"info","event":"26/01/11 16:43:10 INFO FileSourceStrategy: Pushed Filters:","logger":"airflow.task.hooks.airflow.providers.apache.spark.hooks.spark_submit.SparkSubmitHook","filename":"spark_submit.py","lineno":644}
{"timestamp":"2026-01-11T16:43:10.538902Z","level":"info","event":"26/01/11 16:43:10 INFO FileSourceStrategy: Post-Scan Filters: (length(trim(value#154, None)) > 0)","logger":"airflow.task.hooks.airflow.providers.apache.spark.hooks.spark_submit.SparkSubmitHook","filename":"spark_submit.py","lineno":644}
{"timestamp":"2026-01-11T16:43:10.598937Z","level":"info","event":"26/01/11 16:43:10 INFO MemoryStore: Block broadcast_24 stored as values in memory (estimated size 199.5 KiB, free 1047.9 MiB)","logger":"airflow.task.hooks.airflow.providers.apache.spark.hooks.spark_submit.SparkSubmitHook","filename":"spark_submit.py","lineno":644}
{"timestamp":"2026-01-11T16:43:10.631815Z","level":"info","event":"26/01/11 16:43:10 INFO MemoryStore: Block broadcast_24_piece0 stored as bytes in memory (estimated size 34.2 KiB, free 1047.8 MiB)","logger":"airflow.task.hooks.airflow.providers.apache.spark.hooks.spark_submit.SparkSubmitHook","filename":"spark_submit.py","lineno":644}
{"timestamp":"2026-01-11T16:43:10.636029Z","level":"info","event":"26/01/11 16:43:10 INFO BlockManagerInfo: Added broadcast_24_piece0 in memory on localhost:45901 (size: 34.2 KiB, free: 1048.6 MiB)","logger":"airflow.task.hooks.airflow.providers.apache.spark.hooks.spark_submit.SparkSubmitHook","filename":"spark_submit.py","lineno":644}
{"timestamp":"2026-01-11T16:43:10.640993Z","level":"info","event":"26/01/11 16:43:10 INFO SparkContext: Created broadcast 24 from csv at NativeMethodAccessorImpl.java:0","logger":"airflow.task.hooks.airflow.providers.apache.spark.hooks.spark_submit.SparkSubmitHook","filename":"spark_submit.py","lineno":644}
{"timestamp":"2026-01-11T16:43:10.655245Z","level":"info","event":"26/01/11 16:43:10 INFO FileSourceScanExec: Planning scan with bin packing, max size: 4393510 bytes, open cost is considered as scanning 4194304 bytes.","logger":"airflow.task.hooks.airflow.providers.apache.spark.hooks.spark_submit.SparkSubmitHook","filename":"spark_submit.py","lineno":644}
{"timestamp":"2026-01-11T16:43:10.703572Z","level":"info","event":"26/01/11 16:43:10 INFO SparkContext: Starting job: csv at NativeMethodAccessorImpl.java:0","logger":"airflow.task.hooks.airflow.providers.apache.spark.hooks.spark_submit.SparkSubmitHook","filename":"spark_submit.py","lineno":644}
{"timestamp":"2026-01-11T16:43:10.708492Z","level":"info","event":"26/01/11 16:43:10 INFO DAGScheduler: Got job 12 (csv at NativeMethodAccessorImpl.java:0) with 1 output partitions","logger":"airflow.task.hooks.airflow.providers.apache.spark.hooks.spark_submit.SparkSubmitHook","filename":"spark_submit.py","lineno":644}
{"timestamp":"2026-01-11T16:43:10.709187Z","level":"info","event":"26/01/11 16:43:10 INFO DAGScheduler: Final stage: ResultStage 16 (csv at NativeMethodAccessorImpl.java:0)","logger":"airflow.task.hooks.airflow.providers.apache.spark.hooks.spark_submit.SparkSubmitHook","filename":"spark_submit.py","lineno":644}
{"timestamp":"2026-01-11T16:43:10.709313Z","level":"info","event":"26/01/11 16:43:10 INFO DAGScheduler: Parents of final stage: List()","logger":"airflow.task.hooks.airflow.providers.apache.spark.hooks.spark_submit.SparkSubmitHook","filename":"spark_submit.py","lineno":644}
{"timestamp":"2026-01-11T16:43:10.709467Z","level":"info","event":"26/01/11 16:43:10 INFO DAGScheduler: Missing parents: List()","logger":"airflow.task.hooks.airflow.providers.apache.spark.hooks.spark_submit.SparkSubmitHook","filename":"spark_submit.py","lineno":644}
{"timestamp":"2026-01-11T16:43:10.715017Z","level":"info","event":"26/01/11 16:43:10 INFO DAGScheduler: Submitting ResultStage 16 (MapPartitionsRDD[71] at csv at NativeMethodAccessorImpl.java:0), which has no missing parents","logger":"airflow.task.hooks.airflow.providers.apache.spark.hooks.spark_submit.SparkSubmitHook","filename":"spark_submit.py","lineno":644}
{"timestamp":"2026-01-11T16:43:10.721047Z","level":"info","event":"26/01/11 16:43:10 INFO MemoryStore: Block broadcast_25 stored as values in memory (estimated size 13.5 KiB, free 1047.8 MiB)","logger":"airflow.task.hooks.airflow.providers.apache.spark.hooks.spark_submit.SparkSubmitHook","filename":"spark_submit.py","lineno":644}
{"timestamp":"2026-01-11T16:43:10.731881Z","level":"info","event":"26/01/11 16:43:10 INFO MemoryStore: Block broadcast_25_piece0 stored as bytes in memory (estimated size 6.4 KiB, free 1047.8 MiB)","logger":"airflow.task.hooks.airflow.providers.apache.spark.hooks.spark_submit.SparkSubmitHook","filename":"spark_submit.py","lineno":644}
{"timestamp":"2026-01-11T16:43:10.733478Z","level":"info","event":"26/01/11 16:43:10 INFO BlockManagerInfo: Added broadcast_25_piece0 in memory on localhost:45901 (size: 6.4 KiB, free: 1048.6 MiB)","logger":"airflow.task.hooks.airflow.providers.apache.spark.hooks.spark_submit.SparkSubmitHook","filename":"spark_submit.py","lineno":644}
{"timestamp":"2026-01-11T16:43:10.735151Z","level":"info","event":"26/01/11 16:43:10 INFO SparkContext: Created broadcast 25 from broadcast at DAGScheduler.scala:1580","logger":"airflow.task.hooks.airflow.providers.apache.spark.hooks.spark_submit.SparkSubmitHook","filename":"spark_submit.py","lineno":644}
{"timestamp":"2026-01-11T16:43:10.738543Z","level":"info","event":"26/01/11 16:43:10 INFO DAGScheduler: Submitting 1 missing tasks from ResultStage 16 (MapPartitionsRDD[71] at csv at NativeMethodAccessorImpl.java:0) (first 15 tasks are for partitions Vector(0))","logger":"airflow.task.hooks.airflow.providers.apache.spark.hooks.spark_submit.SparkSubmitHook","filename":"spark_submit.py","lineno":644}
{"timestamp":"2026-01-11T16:43:10.738702Z","level":"info","event":"26/01/11 16:43:10 INFO TaskSchedulerImpl: Adding task set 16.0 with 1 tasks resource profile 0","logger":"airflow.task.hooks.airflow.providers.apache.spark.hooks.spark_submit.SparkSubmitHook","filename":"spark_submit.py","lineno":644}
{"timestamp":"2026-01-11T16:43:10.740872Z","level":"info","event":"26/01/11 16:43:10 INFO TaskSetManager: Starting task 0.0 in stage 16.0 (TID 24) (localhost, executor driver, partition 0, PROCESS_LOCAL, 8283 bytes)","logger":"airflow.task.hooks.airflow.providers.apache.spark.hooks.spark_submit.SparkSubmitHook","filename":"spark_submit.py","lineno":644}
{"timestamp":"2026-01-11T16:43:10.742808Z","level":"info","event":"26/01/11 16:43:10 INFO Executor: Running task 0.0 in stage 16.0 (TID 24)","logger":"airflow.task.hooks.airflow.providers.apache.spark.hooks.spark_submit.SparkSubmitHook","filename":"spark_submit.py","lineno":644}
{"timestamp":"2026-01-11T16:43:10.763244Z","level":"info","event":"26/01/11 16:43:10 INFO FileScanRDD: Reading File path: file:///opt/airflow/data/raw/olist_order_reviews/part-00000-fd67c39f-6b3c-437e-a2c0-3dfac42c7028-c000.csv, range: 0-4057043, partition values: [empty row]","logger":"airflow.task.hooks.airflow.providers.apache.spark.hooks.spark_submit.SparkSubmitHook","filename":"spark_submit.py","lineno":644}
{"timestamp":"2026-01-11T16:43:10.790981Z","level":"info","event":"26/01/11 16:43:10 INFO Executor: Finished task 0.0 in stage 16.0 (TID 24). 1696 bytes result sent to driver","logger":"airflow.task.hooks.airflow.providers.apache.spark.hooks.spark_submit.SparkSubmitHook","filename":"spark_submit.py","lineno":644}
{"timestamp":"2026-01-11T16:43:10.795009Z","level":"info","event":"26/01/11 16:43:10 INFO TaskSetManager: Finished task 0.0 in stage 16.0 (TID 24) in 55 ms on localhost (executor driver) (1/1)","logger":"airflow.task.hooks.airflow.providers.apache.spark.hooks.spark_submit.SparkSubmitHook","filename":"spark_submit.py","lineno":644}
{"timestamp":"2026-01-11T16:43:10.795306Z","level":"info","event":"26/01/11 16:43:10 INFO TaskSchedulerImpl: Removed TaskSet 16.0, whose tasks have all completed, from pool","logger":"airflow.task.hooks.airflow.providers.apache.spark.hooks.spark_submit.SparkSubmitHook","filename":"spark_submit.py","lineno":644}
{"timestamp":"2026-01-11T16:43:10.798792Z","level":"info","event":"26/01/11 16:43:10 INFO DAGScheduler: ResultStage 16 (csv at NativeMethodAccessorImpl.java:0) finished in 0.080 s","logger":"airflow.task.hooks.airflow.providers.apache.spark.hooks.spark_submit.SparkSubmitHook","filename":"spark_submit.py","lineno":644}
{"timestamp":"2026-01-11T16:43:10.799106Z","level":"info","event":"26/01/11 16:43:10 INFO DAGScheduler: Job 12 is finished. Cancelling potential speculative or zombie tasks for this job","logger":"airflow.task.hooks.airflow.providers.apache.spark.hooks.spark_submit.SparkSubmitHook","filename":"spark_submit.py","lineno":644}
{"timestamp":"2026-01-11T16:43:10.799230Z","level":"info","event":"26/01/11 16:43:10 INFO TaskSchedulerImpl: Killing all running tasks in stage 16: Stage finished","logger":"airflow.task.hooks.airflow.providers.apache.spark.hooks.spark_submit.SparkSubmitHook","filename":"spark_submit.py","lineno":644}
{"timestamp":"2026-01-11T16:43:10.799270Z","level":"info","event":"26/01/11 16:43:10 INFO DAGScheduler: Job 12 finished: csv at NativeMethodAccessorImpl.java:0, took 0.094418 s","logger":"airflow.task.hooks.airflow.providers.apache.spark.hooks.spark_submit.SparkSubmitHook","filename":"spark_submit.py","lineno":644}
{"timestamp":"2026-01-11T16:43:10.840560Z","level":"info","event":"26/01/11 16:43:10 INFO FileSourceStrategy: Pushed Filters:","logger":"airflow.task.hooks.airflow.providers.apache.spark.hooks.spark_submit.SparkSubmitHook","filename":"spark_submit.py","lineno":644}
{"timestamp":"2026-01-11T16:43:10.840953Z","level":"info","event":"26/01/11 16:43:10 INFO FileSourceStrategy: Post-Scan Filters:","logger":"airflow.task.hooks.airflow.providers.apache.spark.hooks.spark_submit.SparkSubmitHook","filename":"spark_submit.py","lineno":644}
{"timestamp":"2026-01-11T16:43:10.845081Z","level":"info","event":"26/01/11 16:43:10 INFO MemoryStore: Block broadcast_26 stored as values in memory (estimated size 199.5 KiB, free 1047.6 MiB)","logger":"airflow.task.hooks.airflow.providers.apache.spark.hooks.spark_submit.SparkSubmitHook","filename":"spark_submit.py","lineno":644}
{"timestamp":"2026-01-11T16:43:10.855424Z","level":"info","event":"26/01/11 16:43:10 INFO MemoryStore: Block broadcast_26_piece0 stored as bytes in memory (estimated size 34.2 KiB, free 1047.6 MiB)","logger":"airflow.task.hooks.airflow.providers.apache.spark.hooks.spark_submit.SparkSubmitHook","filename":"spark_submit.py","lineno":644}
{"timestamp":"2026-01-11T16:43:10.856220Z","level":"info","event":"26/01/11 16:43:10 INFO BlockManagerInfo: Added broadcast_26_piece0 in memory on localhost:45901 (size: 34.2 KiB, free: 1048.6 MiB)","logger":"airflow.task.hooks.airflow.providers.apache.spark.hooks.spark_submit.SparkSubmitHook","filename":"spark_submit.py","lineno":644}
{"timestamp":"2026-01-11T16:43:10.856724Z","level":"info","event":"26/01/11 16:43:10 INFO SparkContext: Created broadcast 26 from csv at NativeMethodAccessorImpl.java:0","logger":"airflow.task.hooks.airflow.providers.apache.spark.hooks.spark_submit.SparkSubmitHook","filename":"spark_submit.py","lineno":644}
{"timestamp":"2026-01-11T16:43:10.857986Z","level":"info","event":"26/01/11 16:43:10 INFO FileSourceScanExec: Planning scan with bin packing, max size: 4393510 bytes, open cost is considered as scanning 4194304 bytes.","logger":"airflow.task.hooks.airflow.providers.apache.spark.hooks.spark_submit.SparkSubmitHook","filename":"spark_submit.py","lineno":644}
{"timestamp":"2026-01-11T16:43:10.872410Z","level":"info","event":"____________________________________________________","logger":"airflow.task.hooks.airflow.providers.apache.spark.hooks.spark_submit.SparkSubmitHook","filename":"spark_submit.py","lineno":644}
{"timestamp":"2026-01-11T16:43:10.885781Z","level":"info","event":"26/01/11 16:43:10 INFO FileSourceStrategy: Pushed Filters:","logger":"airflow.task.hooks.airflow.providers.apache.spark.hooks.spark_submit.SparkSubmitHook","filename":"spark_submit.py","lineno":644}
{"timestamp":"2026-01-11T16:43:10.885930Z","level":"info","event":"26/01/11 16:43:10 INFO FileSourceStrategy: Post-Scan Filters:","logger":"airflow.task.hooks.airflow.providers.apache.spark.hooks.spark_submit.SparkSubmitHook","filename":"spark_submit.py","lineno":644}
{"timestamp":"2026-01-11T16:43:10.897566Z","level":"info","event":"26/01/11 16:43:10 INFO MemoryStore: Block broadcast_27 stored as values in memory (estimated size 199.4 KiB, free 1047.4 MiB)","logger":"airflow.task.hooks.airflow.providers.apache.spark.hooks.spark_submit.SparkSubmitHook","filename":"spark_submit.py","lineno":644}
{"timestamp":"2026-01-11T16:43:10.903922Z","level":"info","event":"26/01/11 16:43:10 INFO MemoryStore: Block broadcast_27_piece0 stored as bytes in memory (estimated size 34.2 KiB, free 1047.3 MiB)","logger":"airflow.task.hooks.airflow.providers.apache.spark.hooks.spark_submit.SparkSubmitHook","filename":"spark_submit.py","lineno":644}
{"timestamp":"2026-01-11T16:43:10.904217Z","level":"info","event":"26/01/11 16:43:10 INFO BlockManagerInfo: Added broadcast_27_piece0 in memory on localhost:45901 (size: 34.2 KiB, free: 1048.6 MiB)","logger":"airflow.task.hooks.airflow.providers.apache.spark.hooks.spark_submit.SparkSubmitHook","filename":"spark_submit.py","lineno":644}
{"timestamp":"2026-01-11T16:43:10.904857Z","level":"info","event":"26/01/11 16:43:10 INFO SparkContext: Created broadcast 27 from count at NativeMethodAccessorImpl.java:0","logger":"airflow.task.hooks.airflow.providers.apache.spark.hooks.spark_submit.SparkSubmitHook","filename":"spark_submit.py","lineno":644}
{"timestamp":"2026-01-11T16:43:10.905973Z","level":"info","event":"26/01/11 16:43:10 INFO FileSourceScanExec: Planning scan with bin packing, max size: 4393510 bytes, open cost is considered as scanning 4194304 bytes.","logger":"airflow.task.hooks.airflow.providers.apache.spark.hooks.spark_submit.SparkSubmitHook","filename":"spark_submit.py","lineno":644}
{"timestamp":"2026-01-11T16:43:10.910033Z","level":"info","event":"26/01/11 16:43:10 INFO DAGScheduler: Registering RDD 81 (count at NativeMethodAccessorImpl.java:0) as input to shuffle 4","logger":"airflow.task.hooks.airflow.providers.apache.spark.hooks.spark_submit.SparkSubmitHook","filename":"spark_submit.py","lineno":644}
{"timestamp":"2026-01-11T16:43:10.910258Z","level":"info","event":"26/01/11 16:43:10 INFO DAGScheduler: Got map stage job 13 (count at NativeMethodAccessorImpl.java:0) with 4 output partitions","logger":"airflow.task.hooks.airflow.providers.apache.spark.hooks.spark_submit.SparkSubmitHook","filename":"spark_submit.py","lineno":644}
{"timestamp":"2026-01-11T16:43:10.910298Z","level":"info","event":"26/01/11 16:43:10 INFO DAGScheduler: Final stage: ShuffleMapStage 17 (count at NativeMethodAccessorImpl.java:0)","logger":"airflow.task.hooks.airflow.providers.apache.spark.hooks.spark_submit.SparkSubmitHook","filename":"spark_submit.py","lineno":644}
{"timestamp":"2026-01-11T16:43:10.910330Z","level":"info","event":"26/01/11 16:43:10 INFO DAGScheduler: Parents of final stage: List()","logger":"airflow.task.hooks.airflow.providers.apache.spark.hooks.spark_submit.SparkSubmitHook","filename":"spark_submit.py","lineno":644}
{"timestamp":"2026-01-11T16:43:10.910398Z","level":"info","event":"26/01/11 16:43:10 INFO DAGScheduler: Missing parents: List()","logger":"airflow.task.hooks.airflow.providers.apache.spark.hooks.spark_submit.SparkSubmitHook","filename":"spark_submit.py","lineno":644}
{"timestamp":"2026-01-11T16:43:10.910741Z","level":"info","event":"26/01/11 16:43:10 INFO DAGScheduler: Submitting ShuffleMapStage 17 (MapPartitionsRDD[81] at count at NativeMethodAccessorImpl.java:0), which has no missing parents","logger":"airflow.task.hooks.airflow.providers.apache.spark.hooks.spark_submit.SparkSubmitHook","filename":"spark_submit.py","lineno":644}
{"timestamp":"2026-01-11T16:43:10.912178Z","level":"info","event":"26/01/11 16:43:10 INFO MemoryStore: Block broadcast_28 stored as values in memory (estimated size 17.9 KiB, free 1047.3 MiB)","logger":"airflow.task.hooks.airflow.providers.apache.spark.hooks.spark_submit.SparkSubmitHook","filename":"spark_submit.py","lineno":644}
{"timestamp":"2026-01-11T16:43:10.938227Z","level":"info","event":"26/01/11 16:43:10 INFO BlockManagerInfo: Removed broadcast_18_piece0 on localhost:45901 in memory (size: 34.2 KiB, free: 1048.6 MiB)","logger":"airflow.task.hooks.airflow.providers.apache.spark.hooks.spark_submit.SparkSubmitHook","filename":"spark_submit.py","lineno":644}
{"timestamp":"2026-01-11T16:43:10.940333Z","level":"info","event":"26/01/11 16:43:10 INFO MemoryStore: Block broadcast_28_piece0 stored as bytes in memory (estimated size 8.8 KiB, free 1047.6 MiB)","logger":"airflow.task.hooks.airflow.providers.apache.spark.hooks.spark_submit.SparkSubmitHook","filename":"spark_submit.py","lineno":644}
{"timestamp":"2026-01-11T16:43:10.940804Z","level":"info","event":"26/01/11 16:43:10 INFO BlockManagerInfo: Added broadcast_28_piece0 in memory on localhost:45901 (size: 8.8 KiB, free: 1048.6 MiB)","logger":"airflow.task.hooks.airflow.providers.apache.spark.hooks.spark_submit.SparkSubmitHook","filename":"spark_submit.py","lineno":644}
{"timestamp":"2026-01-11T16:43:10.941136Z","level":"info","event":"26/01/11 16:43:10 INFO SparkContext: Created broadcast 28 from broadcast at DAGScheduler.scala:1580","logger":"airflow.task.hooks.airflow.providers.apache.spark.hooks.spark_submit.SparkSubmitHook","filename":"spark_submit.py","lineno":644}
{"timestamp":"2026-01-11T16:43:10.941776Z","level":"info","event":"26/01/11 16:43:10 INFO DAGScheduler: Submitting 4 missing tasks from ShuffleMapStage 17 (MapPartitionsRDD[81] at count at NativeMethodAccessorImpl.java:0) (first 15 tasks are for partitions Vector(0, 1, 2, 3))","logger":"airflow.task.hooks.airflow.providers.apache.spark.hooks.spark_submit.SparkSubmitHook","filename":"spark_submit.py","lineno":644}
{"timestamp":"2026-01-11T16:43:10.941968Z","level":"info","event":"26/01/11 16:43:10 INFO TaskSchedulerImpl: Adding task set 17.0 with 4 tasks resource profile 0","logger":"airflow.task.hooks.airflow.providers.apache.spark.hooks.spark_submit.SparkSubmitHook","filename":"spark_submit.py","lineno":644}
{"timestamp":"2026-01-11T16:43:10.943198Z","level":"info","event":"26/01/11 16:43:10 INFO TaskSetManager: Starting task 0.0 in stage 17.0 (TID 25) (localhost, executor driver, partition 0, PROCESS_LOCAL, 8272 bytes)","logger":"airflow.task.hooks.airflow.providers.apache.spark.hooks.spark_submit.SparkSubmitHook","filename":"spark_submit.py","lineno":644}
{"timestamp":"2026-01-11T16:43:10.943442Z","level":"info","event":"26/01/11 16:43:10 INFO TaskSetManager: Starting task 1.0 in stage 17.0 (TID 26) (localhost, executor driver, partition 1, PROCESS_LOCAL, 8272 bytes)","logger":"airflow.task.hooks.airflow.providers.apache.spark.hooks.spark_submit.SparkSubmitHook","filename":"spark_submit.py","lineno":644}
{"timestamp":"2026-01-11T16:43:10.943566Z","level":"info","event":"26/01/11 16:43:10 INFO TaskSetManager: Starting task 2.0 in stage 17.0 (TID 27) (localhost, executor driver, partition 2, PROCESS_LOCAL, 8272 bytes)","logger":"airflow.task.hooks.airflow.providers.apache.spark.hooks.spark_submit.SparkSubmitHook","filename":"spark_submit.py","lineno":644}
{"timestamp":"2026-01-11T16:43:10.943672Z","level":"info","event":"26/01/11 16:43:10 INFO TaskSetManager: Starting task 3.0 in stage 17.0 (TID 28) (localhost, executor driver, partition 3, PROCESS_LOCAL, 8272 bytes)","logger":"airflow.task.hooks.airflow.providers.apache.spark.hooks.spark_submit.SparkSubmitHook","filename":"spark_submit.py","lineno":644}
{"timestamp":"2026-01-11T16:43:10.943744Z","level":"info","event":"26/01/11 16:43:10 INFO BlockManagerInfo: Removed broadcast_23_piece0 on localhost:45901 in memory (size: 6.0 KiB, free: 1048.6 MiB)","logger":"airflow.task.hooks.airflow.providers.apache.spark.hooks.spark_submit.SparkSubmitHook","filename":"spark_submit.py","lineno":644}
{"timestamp":"2026-01-11T16:43:10.944533Z","level":"info","event":"26/01/11 16:43:10 INFO Executor: Running task 0.0 in stage 17.0 (TID 25)","logger":"airflow.task.hooks.airflow.providers.apache.spark.hooks.spark_submit.SparkSubmitHook","filename":"spark_submit.py","lineno":644}
{"timestamp":"2026-01-11T16:43:10.944749Z","level":"info","event":"26/01/11 16:43:10 INFO Executor: Running task 3.0 in stage 17.0 (TID 28)","logger":"airflow.task.hooks.airflow.providers.apache.spark.hooks.spark_submit.SparkSubmitHook","filename":"spark_submit.py","lineno":644}
{"timestamp":"2026-01-11T16:43:10.944798Z","level":"info","event":"26/01/11 16:43:10 INFO Executor: Running task 2.0 in stage 17.0 (TID 27)","logger":"airflow.task.hooks.airflow.providers.apache.spark.hooks.spark_submit.SparkSubmitHook","filename":"spark_submit.py","lineno":644}
{"timestamp":"2026-01-11T16:43:10.945542Z","level":"info","event":"26/01/11 16:43:10 INFO Executor: Running task 1.0 in stage 17.0 (TID 26)","logger":"airflow.task.hooks.airflow.providers.apache.spark.hooks.spark_submit.SparkSubmitHook","filename":"spark_submit.py","lineno":644}
{"timestamp":"2026-01-11T16:43:10.947465Z","level":"info","event":"26/01/11 16:43:10 INFO BlockManagerInfo: Removed broadcast_19_piece0 on localhost:45901 in memory (size: 6.4 KiB, free: 1048.6 MiB)","logger":"airflow.task.hooks.airflow.providers.apache.spark.hooks.spark_submit.SparkSubmitHook","filename":"spark_submit.py","lineno":644}
{"timestamp":"2026-01-11T16:43:10.953557Z","level":"info","event":"26/01/11 16:43:10 INFO FileScanRDD: Reading File path: file:///opt/airflow/data/raw/olist_order_reviews/part-00002-fd67c39f-6b3c-437e-a2c0-3dfac42c7028-c000.csv, range: 0-4056208, partition values: [empty row]","logger":"airflow.task.hooks.airflow.providers.apache.spark.hooks.spark_submit.SparkSubmitHook","filename":"spark_submit.py","lineno":644}
{"timestamp":"2026-01-11T16:43:10.956267Z","level":"info","event":"26/01/11 16:43:10 INFO FileScanRDD: Reading File path: file:///opt/airflow/data/raw/olist_order_reviews/part-00003-fd67c39f-6b3c-437e-a2c0-3dfac42c7028-c000.csv, range: 0-1807323, partition values: [empty row]","logger":"airflow.task.hooks.airflow.providers.apache.spark.hooks.spark_submit.SparkSubmitHook","filename":"spark_submit.py","lineno":644}
{"timestamp":"2026-01-11T16:43:10.957147Z","level":"info","event":"26/01/11 16:43:10 INFO FileScanRDD: Reading File path: file:///opt/airflow/data/raw/olist_order_reviews/part-00000-fd67c39f-6b3c-437e-a2c0-3dfac42c7028-c000.csv, range: 0-4057043, partition values: [empty row]","logger":"airflow.task.hooks.airflow.providers.apache.spark.hooks.spark_submit.SparkSubmitHook","filename":"spark_submit.py","lineno":644}
{"timestamp":"2026-01-11T16:43:10.961161Z","level":"info","event":"26/01/11 16:43:10 INFO FileScanRDD: Reading File path: file:///opt/airflow/data/raw/olist_order_reviews/part-00001-fd67c39f-6b3c-437e-a2c0-3dfac42c7028-c000.csv, range: 0-4056785, partition values: [empty row]","logger":"airflow.task.hooks.airflow.providers.apache.spark.hooks.spark_submit.SparkSubmitHook","filename":"spark_submit.py","lineno":644}
{"timestamp":"2026-01-11T16:43:10.961502Z","level":"info","event":"26/01/11 16:43:10 INFO BlockManagerInfo: Removed broadcast_20_piece0 on localhost:45901 in memory (size: 34.2 KiB, free: 1048.6 MiB)","logger":"airflow.task.hooks.airflow.providers.apache.spark.hooks.spark_submit.SparkSubmitHook","filename":"spark_submit.py","lineno":644}
{"timestamp":"2026-01-11T16:43:10.966153Z","level":"info","event":"26/01/11 16:43:10 INFO BlockManagerInfo: Removed broadcast_25_piece0 on localhost:45901 in memory (size: 6.4 KiB, free: 1048.6 MiB)","logger":"airflow.task.hooks.airflow.providers.apache.spark.hooks.spark_submit.SparkSubmitHook","filename":"spark_submit.py","lineno":644}
{"timestamp":"2026-01-11T16:43:10.972991Z","level":"info","event":"26/01/11 16:43:10 INFO BlockManagerInfo: Removed broadcast_22_piece0 on localhost:45901 in memory (size: 8.7 KiB, free: 1048.7 MiB)","logger":"airflow.task.hooks.airflow.providers.apache.spark.hooks.spark_submit.SparkSubmitHook","filename":"spark_submit.py","lineno":644}
{"timestamp":"2026-01-11T16:43:10.979743Z","level":"info","event":"26/01/11 16:43:10 INFO BlockManagerInfo: Removed broadcast_21_piece0 on localhost:45901 in memory (size: 34.2 KiB, free: 1048.7 MiB)","logger":"airflow.task.hooks.airflow.providers.apache.spark.hooks.spark_submit.SparkSubmitHook","filename":"spark_submit.py","lineno":644}
{"timestamp":"2026-01-11T16:43:10.993994Z","level":"info","event":"26/01/11 16:43:10 INFO BlockManagerInfo: Removed broadcast_24_piece0 on localhost:45901 in memory (size: 34.2 KiB, free: 1048.7 MiB)","logger":"airflow.task.hooks.airflow.providers.apache.spark.hooks.spark_submit.SparkSubmitHook","filename":"spark_submit.py","lineno":644}
{"timestamp":"2026-01-11T16:43:10.999030Z","level":"info","event":"26/01/11 16:43:10 INFO BlockManagerInfo: Removed broadcast_26_piece0 on localhost:45901 in memory (size: 34.2 KiB, free: 1048.8 MiB)","logger":"airflow.task.hooks.airflow.providers.apache.spark.hooks.spark_submit.SparkSubmitHook","filename":"spark_submit.py","lineno":644}
{"timestamp":"2026-01-11T16:43:11.036105Z","level":"info","event":"26/01/11 16:43:11 INFO Executor: Finished task 3.0 in stage 17.0 (TID 28). 1968 bytes result sent to driver","logger":"airflow.task.hooks.airflow.providers.apache.spark.hooks.spark_submit.SparkSubmitHook","filename":"spark_submit.py","lineno":644}
{"timestamp":"2026-01-11T16:43:11.039184Z","level":"info","event":"26/01/11 16:43:11 INFO TaskSetManager: Finished task 3.0 in stage 17.0 (TID 28) in 95 ms on localhost (executor driver) (1/4)","logger":"airflow.task.hooks.airflow.providers.apache.spark.hooks.spark_submit.SparkSubmitHook","filename":"spark_submit.py","lineno":644}
{"timestamp":"2026-01-11T16:43:11.048808Z","level":"info","event":"26/01/11 16:43:11 INFO Executor: Finished task 1.0 in stage 17.0 (TID 26). 1968 bytes result sent to driver","logger":"airflow.task.hooks.airflow.providers.apache.spark.hooks.spark_submit.SparkSubmitHook","filename":"spark_submit.py","lineno":644}
{"timestamp":"2026-01-11T16:43:11.050044Z","level":"info","event":"26/01/11 16:43:11 INFO Executor: Finished task 0.0 in stage 17.0 (TID 25). 1968 bytes result sent to driver","logger":"airflow.task.hooks.airflow.providers.apache.spark.hooks.spark_submit.SparkSubmitHook","filename":"spark_submit.py","lineno":644}
{"timestamp":"2026-01-11T16:43:11.050234Z","level":"info","event":"26/01/11 16:43:11 INFO TaskSetManager: Finished task 1.0 in stage 17.0 (TID 26) in 106 ms on localhost (executor driver) (2/4)","logger":"airflow.task.hooks.airflow.providers.apache.spark.hooks.spark_submit.SparkSubmitHook","filename":"spark_submit.py","lineno":644}
{"timestamp":"2026-01-11T16:43:11.052131Z","level":"info","event":"26/01/11 16:43:11 INFO TaskSetManager: Finished task 0.0 in stage 17.0 (TID 25) in 109 ms on localhost (executor driver) (3/4)","logger":"airflow.task.hooks.airflow.providers.apache.spark.hooks.spark_submit.SparkSubmitHook","filename":"spark_submit.py","lineno":644}
{"timestamp":"2026-01-11T16:43:11.057404Z","level":"info","event":"26/01/11 16:43:11 INFO Executor: Finished task 2.0 in stage 17.0 (TID 27). 1925 bytes result sent to driver","logger":"airflow.task.hooks.airflow.providers.apache.spark.hooks.spark_submit.SparkSubmitHook","filename":"spark_submit.py","lineno":644}
{"timestamp":"2026-01-11T16:43:11.058902Z","level":"info","event":"26/01/11 16:43:11 INFO TaskSetManager: Finished task 2.0 in stage 17.0 (TID 27) in 115 ms on localhost (executor driver) (4/4)","logger":"airflow.task.hooks.airflow.providers.apache.spark.hooks.spark_submit.SparkSubmitHook","filename":"spark_submit.py","lineno":644}
{"timestamp":"2026-01-11T16:43:11.059124Z","level":"info","event":"26/01/11 16:43:11 INFO TaskSchedulerImpl: Removed TaskSet 17.0, whose tasks have all completed, from pool","logger":"airflow.task.hooks.airflow.providers.apache.spark.hooks.spark_submit.SparkSubmitHook","filename":"spark_submit.py","lineno":644}
{"timestamp":"2026-01-11T16:43:11.061244Z","level":"info","event":"26/01/11 16:43:11 INFO DAGScheduler: ShuffleMapStage 17 (count at NativeMethodAccessorImpl.java:0) finished in 0.148 s","logger":"airflow.task.hooks.airflow.providers.apache.spark.hooks.spark_submit.SparkSubmitHook","filename":"spark_submit.py","lineno":644}
{"timestamp":"2026-01-11T16:43:11.061365Z","level":"info","event":"26/01/11 16:43:11 INFO DAGScheduler: looking for newly runnable stages","logger":"airflow.task.hooks.airflow.providers.apache.spark.hooks.spark_submit.SparkSubmitHook","filename":"spark_submit.py","lineno":644}
{"timestamp":"2026-01-11T16:43:11.061405Z","level":"info","event":"26/01/11 16:43:11 INFO DAGScheduler: running: Set()","logger":"airflow.task.hooks.airflow.providers.apache.spark.hooks.spark_submit.SparkSubmitHook","filename":"spark_submit.py","lineno":644}
{"timestamp":"2026-01-11T16:43:11.061450Z","level":"info","event":"26/01/11 16:43:11 INFO DAGScheduler: waiting: Set()","logger":"airflow.task.hooks.airflow.providers.apache.spark.hooks.spark_submit.SparkSubmitHook","filename":"spark_submit.py","lineno":644}
{"timestamp":"2026-01-11T16:43:11.061492Z","level":"info","event":"26/01/11 16:43:11 INFO DAGScheduler: failed: Set()","logger":"airflow.task.hooks.airflow.providers.apache.spark.hooks.spark_submit.SparkSubmitHook","filename":"spark_submit.py","lineno":644}
{"timestamp":"2026-01-11T16:43:11.077982Z","level":"info","event":"26/01/11 16:43:11 INFO SparkContext: Starting job: count at NativeMethodAccessorImpl.java:0","logger":"airflow.task.hooks.airflow.providers.apache.spark.hooks.spark_submit.SparkSubmitHook","filename":"spark_submit.py","lineno":644}
{"timestamp":"2026-01-11T16:43:11.079003Z","level":"info","event":"26/01/11 16:43:11 INFO DAGScheduler: Got job 14 (count at NativeMethodAccessorImpl.java:0) with 1 output partitions","logger":"airflow.task.hooks.airflow.providers.apache.spark.hooks.spark_submit.SparkSubmitHook","filename":"spark_submit.py","lineno":644}
{"timestamp":"2026-01-11T16:43:11.079119Z","level":"info","event":"26/01/11 16:43:11 INFO DAGScheduler: Final stage: ResultStage 19 (count at NativeMethodAccessorImpl.java:0)","logger":"airflow.task.hooks.airflow.providers.apache.spark.hooks.spark_submit.SparkSubmitHook","filename":"spark_submit.py","lineno":644}
{"timestamp":"2026-01-11T16:43:11.079204Z","level":"info","event":"26/01/11 16:43:11 INFO DAGScheduler: Parents of final stage: List(ShuffleMapStage 18)","logger":"airflow.task.hooks.airflow.providers.apache.spark.hooks.spark_submit.SparkSubmitHook","filename":"spark_submit.py","lineno":644}
{"timestamp":"2026-01-11T16:43:11.079272Z","level":"info","event":"26/01/11 16:43:11 INFO DAGScheduler: Missing parents: List()","logger":"airflow.task.hooks.airflow.providers.apache.spark.hooks.spark_submit.SparkSubmitHook","filename":"spark_submit.py","lineno":644}
{"timestamp":"2026-01-11T16:43:11.079853Z","level":"info","event":"26/01/11 16:43:11 INFO DAGScheduler: Submitting ResultStage 19 (MapPartitionsRDD[84] at count at NativeMethodAccessorImpl.java:0), which has no missing parents","logger":"airflow.task.hooks.airflow.providers.apache.spark.hooks.spark_submit.SparkSubmitHook","filename":"spark_submit.py","lineno":644}
{"timestamp":"2026-01-11T16:43:11.080910Z","level":"info","event":"26/01/11 16:43:11 INFO MemoryStore: Block broadcast_29 stored as values in memory (estimated size 12.5 KiB, free 1048.5 MiB)","logger":"airflow.task.hooks.airflow.providers.apache.spark.hooks.spark_submit.SparkSubmitHook","filename":"spark_submit.py","lineno":644}
{"timestamp":"2026-01-11T16:43:11.085448Z","level":"info","event":"26/01/11 16:43:11 INFO MemoryStore: Block broadcast_29_piece0 stored as bytes in memory (estimated size 5.9 KiB, free 1048.5 MiB)","logger":"airflow.task.hooks.airflow.providers.apache.spark.hooks.spark_submit.SparkSubmitHook","filename":"spark_submit.py","lineno":644}
{"timestamp":"2026-01-11T16:43:11.085950Z","level":"info","event":"26/01/11 16:43:11 INFO BlockManagerInfo: Added broadcast_29_piece0 in memory on localhost:45901 (size: 5.9 KiB, free: 1048.8 MiB)","logger":"airflow.task.hooks.airflow.providers.apache.spark.hooks.spark_submit.SparkSubmitHook","filename":"spark_submit.py","lineno":644}
{"timestamp":"2026-01-11T16:43:11.086067Z","level":"info","event":"26/01/11 16:43:11 INFO SparkContext: Created broadcast 29 from broadcast at DAGScheduler.scala:1580","logger":"airflow.task.hooks.airflow.providers.apache.spark.hooks.spark_submit.SparkSubmitHook","filename":"spark_submit.py","lineno":644}
{"timestamp":"2026-01-11T16:43:11.086377Z","level":"info","event":"26/01/11 16:43:11 INFO DAGScheduler: Submitting 1 missing tasks from ResultStage 19 (MapPartitionsRDD[84] at count at NativeMethodAccessorImpl.java:0) (first 15 tasks are for partitions Vector(0))","logger":"airflow.task.hooks.airflow.providers.apache.spark.hooks.spark_submit.SparkSubmitHook","filename":"spark_submit.py","lineno":644}
{"timestamp":"2026-01-11T16:43:11.086406Z","level":"info","event":"26/01/11 16:43:11 INFO TaskSchedulerImpl: Adding task set 19.0 with 1 tasks resource profile 0","logger":"airflow.task.hooks.airflow.providers.apache.spark.hooks.spark_submit.SparkSubmitHook","filename":"spark_submit.py","lineno":644}
{"timestamp":"2026-01-11T16:43:11.087428Z","level":"info","event":"26/01/11 16:43:11 INFO TaskSetManager: Starting task 0.0 in stage 19.0 (TID 29) (localhost, executor driver, partition 0, NODE_LOCAL, 7615 bytes)","logger":"airflow.task.hooks.airflow.providers.apache.spark.hooks.spark_submit.SparkSubmitHook","filename":"spark_submit.py","lineno":644}
{"timestamp":"2026-01-11T16:43:11.087842Z","level":"info","event":"26/01/11 16:43:11 INFO Executor: Running task 0.0 in stage 19.0 (TID 29)","logger":"airflow.task.hooks.airflow.providers.apache.spark.hooks.spark_submit.SparkSubmitHook","filename":"spark_submit.py","lineno":644}
{"timestamp":"2026-01-11T16:43:11.090441Z","level":"info","event":"26/01/11 16:43:11 INFO ShuffleBlockFetcherIterator: Getting 4 (240.0 B) non-empty blocks including 4 (240.0 B) local and 0 (0.0 B) host-local and 0 (0.0 B) push-merged-local and 0 (0.0 B) remote blocks","logger":"airflow.task.hooks.airflow.providers.apache.spark.hooks.spark_submit.SparkSubmitHook","filename":"spark_submit.py","lineno":644}
{"timestamp":"2026-01-11T16:43:11.090542Z","level":"info","event":"26/01/11 16:43:11 INFO ShuffleBlockFetcherIterator: Started 0 remote fetches in 0 ms","logger":"airflow.task.hooks.airflow.providers.apache.spark.hooks.spark_submit.SparkSubmitHook","filename":"spark_submit.py","lineno":644}
{"timestamp":"2026-01-11T16:43:11.100966Z","level":"info","event":"26/01/11 16:43:11 INFO Executor: Finished task 0.0 in stage 19.0 (TID 29). 4038 bytes result sent to driver","logger":"airflow.task.hooks.airflow.providers.apache.spark.hooks.spark_submit.SparkSubmitHook","filename":"spark_submit.py","lineno":644}
{"timestamp":"2026-01-11T16:43:11.101583Z","level":"info","event":"26/01/11 16:43:11 INFO TaskSetManager: Finished task 0.0 in stage 19.0 (TID 29) in 14 ms on localhost (executor driver) (1/1)","logger":"airflow.task.hooks.airflow.providers.apache.spark.hooks.spark_submit.SparkSubmitHook","filename":"spark_submit.py","lineno":644}
{"timestamp":"2026-01-11T16:43:11.101649Z","level":"info","event":"26/01/11 16:43:11 INFO TaskSchedulerImpl: Removed TaskSet 19.0, whose tasks have all completed, from pool","logger":"airflow.task.hooks.airflow.providers.apache.spark.hooks.spark_submit.SparkSubmitHook","filename":"spark_submit.py","lineno":644}
{"timestamp":"2026-01-11T16:43:11.102203Z","level":"info","event":"26/01/11 16:43:11 INFO DAGScheduler: ResultStage 19 (count at NativeMethodAccessorImpl.java:0) finished in 0.022 s","logger":"airflow.task.hooks.airflow.providers.apache.spark.hooks.spark_submit.SparkSubmitHook","filename":"spark_submit.py","lineno":644}
{"timestamp":"2026-01-11T16:43:11.102249Z","level":"info","event":"26/01/11 16:43:11 INFO DAGScheduler: Job 14 is finished. Cancelling potential speculative or zombie tasks for this job","logger":"airflow.task.hooks.airflow.providers.apache.spark.hooks.spark_submit.SparkSubmitHook","filename":"spark_submit.py","lineno":644}
{"timestamp":"2026-01-11T16:43:11.102272Z","level":"info","event":"26/01/11 16:43:11 INFO TaskSchedulerImpl: Killing all running tasks in stage 19: Stage finished","logger":"airflow.task.hooks.airflow.providers.apache.spark.hooks.spark_submit.SparkSubmitHook","filename":"spark_submit.py","lineno":644}
{"timestamp":"2026-01-11T16:43:11.102475Z","level":"info","event":"26/01/11 16:43:11 INFO DAGScheduler: Job 14 finished: count at NativeMethodAccessorImpl.java:0, took 0.024425 s","logger":"airflow.task.hooks.airflow.providers.apache.spark.hooks.spark_submit.SparkSubmitHook","filename":"spark_submit.py","lineno":644}
{"timestamp":"2026-01-11T16:43:11.103838Z","level":"info","event":"Loaded olist_order_reviews with 104162 records for cleaning.","logger":"airflow.task.hooks.airflow.providers.apache.spark.hooks.spark_submit.SparkSubmitHook","filename":"spark_submit.py","lineno":644}
{"timestamp":"2026-01-11T16:43:11.105115Z","level":"info","event":"root","logger":"airflow.task.hooks.airflow.providers.apache.spark.hooks.spark_submit.SparkSubmitHook","filename":"spark_submit.py","lineno":644}
{"timestamp":"2026-01-11T16:43:11.105255Z","level":"info","event":"|-- review_id: string (nullable = true)","logger":"airflow.task.hooks.airflow.providers.apache.spark.hooks.spark_submit.SparkSubmitHook","filename":"spark_submit.py","lineno":644}
{"timestamp":"2026-01-11T16:43:11.105321Z","level":"info","event":"|-- order_id: string (nullable = true)","logger":"airflow.task.hooks.airflow.providers.apache.spark.hooks.spark_submit.SparkSubmitHook","filename":"spark_submit.py","lineno":644}
{"timestamp":"2026-01-11T16:43:11.105389Z","level":"info","event":"|-- review_score: string (nullable = true)","logger":"airflow.task.hooks.airflow.providers.apache.spark.hooks.spark_submit.SparkSubmitHook","filename":"spark_submit.py","lineno":644}
{"timestamp":"2026-01-11T16:43:11.105550Z","level":"info","event":"|-- review_comment_title: string (nullable = true)","logger":"airflow.task.hooks.airflow.providers.apache.spark.hooks.spark_submit.SparkSubmitHook","filename":"spark_submit.py","lineno":644}
{"timestamp":"2026-01-11T16:43:11.105606Z","level":"info","event":"|-- review_comment_message: string (nullable = true)","logger":"airflow.task.hooks.airflow.providers.apache.spark.hooks.spark_submit.SparkSubmitHook","filename":"spark_submit.py","lineno":644}
{"timestamp":"2026-01-11T16:43:11.105625Z","level":"info","event":"|-- review_creation_date: string (nullable = true)","logger":"airflow.task.hooks.airflow.providers.apache.spark.hooks.spark_submit.SparkSubmitHook","filename":"spark_submit.py","lineno":644}
{"timestamp":"2026-01-11T16:43:11.105640Z","level":"info","event":"|-- review_answer_timestamp: string (nullable = true)","logger":"airflow.task.hooks.airflow.providers.apache.spark.hooks.spark_submit.SparkSubmitHook","filename":"spark_submit.py","lineno":644}
{"timestamp":"2026-01-11T16:43:11.105655Z","level":"info","event":"","logger":"airflow.task.hooks.airflow.providers.apache.spark.hooks.spark_submit.SparkSubmitHook","filename":"spark_submit.py","lineno":644}
{"timestamp":"2026-01-11T16:43:11.123357Z","level":"info","event":"26/01/11 16:43:11 INFO InMemoryFileIndex: It took 3 ms to list leaf files for 1 paths.","logger":"airflow.task.hooks.airflow.providers.apache.spark.hooks.spark_submit.SparkSubmitHook","filename":"spark_submit.py","lineno":644}
{"timestamp":"2026-01-11T16:43:11.128935Z","level":"info","event":"26/01/11 16:43:11 INFO InMemoryFileIndex: It took 2 ms to list leaf files for 5 paths.","logger":"airflow.task.hooks.airflow.providers.apache.spark.hooks.spark_submit.SparkSubmitHook","filename":"spark_submit.py","lineno":644}
{"timestamp":"2026-01-11T16:43:11.194972Z","level":"info","event":"26/01/11 16:43:11 INFO FileSourceStrategy: Pushed Filters:","logger":"airflow.task.hooks.airflow.providers.apache.spark.hooks.spark_submit.SparkSubmitHook","filename":"spark_submit.py","lineno":644}
{"timestamp":"2026-01-11T16:43:11.195357Z","level":"info","event":"26/01/11 16:43:11 INFO FileSourceStrategy: Post-Scan Filters: (length(trim(value#197, None)) > 0)","logger":"airflow.task.hooks.airflow.providers.apache.spark.hooks.spark_submit.SparkSubmitHook","filename":"spark_submit.py","lineno":644}
{"timestamp":"2026-01-11T16:43:11.201757Z","level":"info","event":"26/01/11 16:43:11 INFO MemoryStore: Block broadcast_30 stored as values in memory (estimated size 199.5 KiB, free 1048.3 MiB)","logger":"airflow.task.hooks.airflow.providers.apache.spark.hooks.spark_submit.SparkSubmitHook","filename":"spark_submit.py","lineno":644}
{"timestamp":"2026-01-11T16:43:11.216827Z","level":"info","event":"26/01/11 16:43:11 INFO MemoryStore: Block broadcast_30_piece0 stored as bytes in memory (estimated size 34.2 KiB, free 1048.3 MiB)","logger":"airflow.task.hooks.airflow.providers.apache.spark.hooks.spark_submit.SparkSubmitHook","filename":"spark_submit.py","lineno":644}
{"timestamp":"2026-01-11T16:43:11.217080Z","level":"info","event":"26/01/11 16:43:11 INFO BlockManagerInfo: Added broadcast_30_piece0 in memory on localhost:45901 (size: 34.2 KiB, free: 1048.7 MiB)","logger":"airflow.task.hooks.airflow.providers.apache.spark.hooks.spark_submit.SparkSubmitHook","filename":"spark_submit.py","lineno":644}
{"timestamp":"2026-01-11T16:43:11.217567Z","level":"info","event":"26/01/11 16:43:11 INFO SparkContext: Created broadcast 30 from csv at NativeMethodAccessorImpl.java:0","logger":"airflow.task.hooks.airflow.providers.apache.spark.hooks.spark_submit.SparkSubmitHook","filename":"spark_submit.py","lineno":644}
{"timestamp":"2026-01-11T16:43:11.218434Z","level":"info","event":"26/01/11 16:43:11 INFO FileSourceScanExec: Planning scan with bin packing, max size: 5482724 bytes, open cost is considered as scanning 4194304 bytes.","logger":"airflow.task.hooks.airflow.providers.apache.spark.hooks.spark_submit.SparkSubmitHook","filename":"spark_submit.py","lineno":644}
{"timestamp":"2026-01-11T16:43:11.222950Z","level":"info","event":"26/01/11 16:43:11 INFO SparkContext: Starting job: csv at NativeMethodAccessorImpl.java:0","logger":"airflow.task.hooks.airflow.providers.apache.spark.hooks.spark_submit.SparkSubmitHook","filename":"spark_submit.py","lineno":644}
{"timestamp":"2026-01-11T16:43:11.223549Z","level":"info","event":"26/01/11 16:43:11 INFO DAGScheduler: Got job 15 (csv at NativeMethodAccessorImpl.java:0) with 1 output partitions","logger":"airflow.task.hooks.airflow.providers.apache.spark.hooks.spark_submit.SparkSubmitHook","filename":"spark_submit.py","lineno":644}
{"timestamp":"2026-01-11T16:43:11.223604Z","level":"info","event":"26/01/11 16:43:11 INFO DAGScheduler: Final stage: ResultStage 20 (csv at NativeMethodAccessorImpl.java:0)","logger":"airflow.task.hooks.airflow.providers.apache.spark.hooks.spark_submit.SparkSubmitHook","filename":"spark_submit.py","lineno":644}
{"timestamp":"2026-01-11T16:43:11.223630Z","level":"info","event":"26/01/11 16:43:11 INFO DAGScheduler: Parents of final stage: List()","logger":"airflow.task.hooks.airflow.providers.apache.spark.hooks.spark_submit.SparkSubmitHook","filename":"spark_submit.py","lineno":644}
{"timestamp":"2026-01-11T16:43:11.223702Z","level":"info","event":"26/01/11 16:43:11 INFO DAGScheduler: Missing parents: List()","logger":"airflow.task.hooks.airflow.providers.apache.spark.hooks.spark_submit.SparkSubmitHook","filename":"spark_submit.py","lineno":644}
{"timestamp":"2026-01-11T16:43:11.224009Z","level":"info","event":"26/01/11 16:43:11 INFO DAGScheduler: Submitting ResultStage 20 (MapPartitionsRDD[88] at csv at NativeMethodAccessorImpl.java:0), which has no missing parents","logger":"airflow.task.hooks.airflow.providers.apache.spark.hooks.spark_submit.SparkSubmitHook","filename":"spark_submit.py","lineno":644}
{"timestamp":"2026-01-11T16:43:11.225322Z","level":"info","event":"26/01/11 16:43:11 INFO MemoryStore: Block broadcast_31 stored as values in memory (estimated size 13.5 KiB, free 1048.3 MiB)","logger":"airflow.task.hooks.airflow.providers.apache.spark.hooks.spark_submit.SparkSubmitHook","filename":"spark_submit.py","lineno":644}
{"timestamp":"2026-01-11T16:43:11.233536Z","level":"info","event":"26/01/11 16:43:11 INFO MemoryStore: Block broadcast_31_piece0 stored as bytes in memory (estimated size 6.4 KiB, free 1048.3 MiB)","logger":"airflow.task.hooks.airflow.providers.apache.spark.hooks.spark_submit.SparkSubmitHook","filename":"spark_submit.py","lineno":644}
{"timestamp":"2026-01-11T16:43:11.234172Z","level":"info","event":"26/01/11 16:43:11 INFO BlockManagerInfo: Added broadcast_31_piece0 in memory on localhost:45901 (size: 6.4 KiB, free: 1048.7 MiB)","logger":"airflow.task.hooks.airflow.providers.apache.spark.hooks.spark_submit.SparkSubmitHook","filename":"spark_submit.py","lineno":644}
{"timestamp":"2026-01-11T16:43:11.234504Z","level":"info","event":"26/01/11 16:43:11 INFO SparkContext: Created broadcast 31 from broadcast at DAGScheduler.scala:1580","logger":"airflow.task.hooks.airflow.providers.apache.spark.hooks.spark_submit.SparkSubmitHook","filename":"spark_submit.py","lineno":644}
{"timestamp":"2026-01-11T16:43:11.235092Z","level":"info","event":"26/01/11 16:43:11 INFO DAGScheduler: Submitting 1 missing tasks from ResultStage 20 (MapPartitionsRDD[88] at csv at NativeMethodAccessorImpl.java:0) (first 15 tasks are for partitions Vector(0))","logger":"airflow.task.hooks.airflow.providers.apache.spark.hooks.spark_submit.SparkSubmitHook","filename":"spark_submit.py","lineno":644}
{"timestamp":"2026-01-11T16:43:11.235132Z","level":"info","event":"26/01/11 16:43:11 INFO TaskSchedulerImpl: Adding task set 20.0 with 1 tasks resource profile 0","logger":"airflow.task.hooks.airflow.providers.apache.spark.hooks.spark_submit.SparkSubmitHook","filename":"spark_submit.py","lineno":644}
{"timestamp":"2026-01-11T16:43:11.236206Z","level":"info","event":"26/01/11 16:43:11 INFO TaskSetManager: Starting task 0.0 in stage 20.0 (TID 30) (localhost, executor driver, partition 0, PROCESS_LOCAL, 8276 bytes)","logger":"airflow.task.hooks.airflow.providers.apache.spark.hooks.spark_submit.SparkSubmitHook","filename":"spark_submit.py","lineno":644}
{"timestamp":"2026-01-11T16:43:11.236833Z","level":"info","event":"26/01/11 16:43:11 INFO Executor: Running task 0.0 in stage 20.0 (TID 30)","logger":"airflow.task.hooks.airflow.providers.apache.spark.hooks.spark_submit.SparkSubmitHook","filename":"spark_submit.py","lineno":644}
{"timestamp":"2026-01-11T16:43:11.241181Z","level":"info","event":"26/01/11 16:43:11 INFO FileScanRDD: Reading File path: file:///opt/airflow/data/raw/olist_orders/part-00002-af5c7e43-497f-4642-b35d-2bceba92a77b-c000.csv, range: 0-4135779, partition values: [empty row]","logger":"airflow.task.hooks.airflow.providers.apache.spark.hooks.spark_submit.SparkSubmitHook","filename":"spark_submit.py","lineno":644}
{"timestamp":"2026-01-11T16:43:11.247918Z","level":"info","event":"26/01/11 16:43:11 INFO Executor: Finished task 0.0 in stage 20.0 (TID 30). 1686 bytes result sent to driver","logger":"airflow.task.hooks.airflow.providers.apache.spark.hooks.spark_submit.SparkSubmitHook","filename":"spark_submit.py","lineno":644}
{"timestamp":"2026-01-11T16:43:11.248556Z","level":"info","event":"26/01/11 16:43:11 INFO TaskSetManager: Finished task 0.0 in stage 20.0 (TID 30) in 13 ms on localhost (executor driver) (1/1)","logger":"airflow.task.hooks.airflow.providers.apache.spark.hooks.spark_submit.SparkSubmitHook","filename":"spark_submit.py","lineno":644}
{"timestamp":"2026-01-11T16:43:11.248765Z","level":"info","event":"26/01/11 16:43:11 INFO TaskSchedulerImpl: Removed TaskSet 20.0, whose tasks have all completed, from pool","logger":"airflow.task.hooks.airflow.providers.apache.spark.hooks.spark_submit.SparkSubmitHook","filename":"spark_submit.py","lineno":644}
{"timestamp":"2026-01-11T16:43:11.249031Z","level":"info","event":"26/01/11 16:43:11 INFO DAGScheduler: ResultStage 20 (csv at NativeMethodAccessorImpl.java:0) finished in 0.024 s","logger":"airflow.task.hooks.airflow.providers.apache.spark.hooks.spark_submit.SparkSubmitHook","filename":"spark_submit.py","lineno":644}
{"timestamp":"2026-01-11T16:43:11.249148Z","level":"info","event":"26/01/11 16:43:11 INFO DAGScheduler: Job 15 is finished. Cancelling potential speculative or zombie tasks for this job","logger":"airflow.task.hooks.airflow.providers.apache.spark.hooks.spark_submit.SparkSubmitHook","filename":"spark_submit.py","lineno":644}
{"timestamp":"2026-01-11T16:43:11.249285Z","level":"info","event":"26/01/11 16:43:11 INFO TaskSchedulerImpl: Killing all running tasks in stage 20: Stage finished","logger":"airflow.task.hooks.airflow.providers.apache.spark.hooks.spark_submit.SparkSubmitHook","filename":"spark_submit.py","lineno":644}
{"timestamp":"2026-01-11T16:43:11.249468Z","level":"info","event":"26/01/11 16:43:11 INFO DAGScheduler: Job 15 finished: csv at NativeMethodAccessorImpl.java:0, took 0.026334 s","logger":"airflow.task.hooks.airflow.providers.apache.spark.hooks.spark_submit.SparkSubmitHook","filename":"spark_submit.py","lineno":644}
{"timestamp":"2026-01-11T16:43:11.264439Z","level":"info","event":"26/01/11 16:43:11 INFO FileSourceStrategy: Pushed Filters:","logger":"airflow.task.hooks.airflow.providers.apache.spark.hooks.spark_submit.SparkSubmitHook","filename":"spark_submit.py","lineno":644}
{"timestamp":"2026-01-11T16:43:11.264559Z","level":"info","event":"26/01/11 16:43:11 INFO FileSourceStrategy: Post-Scan Filters:","logger":"airflow.task.hooks.airflow.providers.apache.spark.hooks.spark_submit.SparkSubmitHook","filename":"spark_submit.py","lineno":644}
{"timestamp":"2026-01-11T16:43:11.267577Z","level":"info","event":"26/01/11 16:43:11 INFO MemoryStore: Block broadcast_32 stored as values in memory (estimated size 199.5 KiB, free 1048.1 MiB)","logger":"airflow.task.hooks.airflow.providers.apache.spark.hooks.spark_submit.SparkSubmitHook","filename":"spark_submit.py","lineno":644}
{"timestamp":"2026-01-11T16:43:11.276017Z","level":"info","event":"26/01/11 16:43:11 INFO MemoryStore: Block broadcast_32_piece0 stored as bytes in memory (estimated size 34.2 KiB, free 1048.1 MiB)","logger":"airflow.task.hooks.airflow.providers.apache.spark.hooks.spark_submit.SparkSubmitHook","filename":"spark_submit.py","lineno":644}
{"timestamp":"2026-01-11T16:43:11.276676Z","level":"info","event":"26/01/11 16:43:11 INFO BlockManagerInfo: Added broadcast_32_piece0 in memory on localhost:45901 (size: 34.2 KiB, free: 1048.7 MiB)","logger":"airflow.task.hooks.airflow.providers.apache.spark.hooks.spark_submit.SparkSubmitHook","filename":"spark_submit.py","lineno":644}
{"timestamp":"2026-01-11T16:43:11.277322Z","level":"info","event":"26/01/11 16:43:11 INFO SparkContext: Created broadcast 32 from csv at NativeMethodAccessorImpl.java:0","logger":"airflow.task.hooks.airflow.providers.apache.spark.hooks.spark_submit.SparkSubmitHook","filename":"spark_submit.py","lineno":644}
{"timestamp":"2026-01-11T16:43:11.278586Z","level":"info","event":"26/01/11 16:43:11 INFO FileSourceScanExec: Planning scan with bin packing, max size: 5482724 bytes, open cost is considered as scanning 4194304 bytes.","logger":"airflow.task.hooks.airflow.providers.apache.spark.hooks.spark_submit.SparkSubmitHook","filename":"spark_submit.py","lineno":644}
{"timestamp":"2026-01-11T16:43:11.286480Z","level":"info","event":"____________________________________________________","logger":"airflow.task.hooks.airflow.providers.apache.spark.hooks.spark_submit.SparkSubmitHook","filename":"spark_submit.py","lineno":644}
{"timestamp":"2026-01-11T16:43:11.295125Z","level":"info","event":"26/01/11 16:43:11 INFO FileSourceStrategy: Pushed Filters:","logger":"airflow.task.hooks.airflow.providers.apache.spark.hooks.spark_submit.SparkSubmitHook","filename":"spark_submit.py","lineno":644}
{"timestamp":"2026-01-11T16:43:11.295345Z","level":"info","event":"26/01/11 16:43:11 INFO FileSourceStrategy: Post-Scan Filters:","logger":"airflow.task.hooks.airflow.providers.apache.spark.hooks.spark_submit.SparkSubmitHook","filename":"spark_submit.py","lineno":644}
{"timestamp":"2026-01-11T16:43:11.302894Z","level":"info","event":"26/01/11 16:43:11 INFO MemoryStore: Block broadcast_33 stored as values in memory (estimated size 199.4 KiB, free 1047.9 MiB)","logger":"airflow.task.hooks.airflow.providers.apache.spark.hooks.spark_submit.SparkSubmitHook","filename":"spark_submit.py","lineno":644}
{"timestamp":"2026-01-11T16:43:11.307777Z","level":"info","event":"26/01/11 16:43:11 INFO MemoryStore: Block broadcast_33_piece0 stored as bytes in memory (estimated size 34.2 KiB, free 1047.8 MiB)","logger":"airflow.task.hooks.airflow.providers.apache.spark.hooks.spark_submit.SparkSubmitHook","filename":"spark_submit.py","lineno":644}
{"timestamp":"2026-01-11T16:43:11.307988Z","level":"info","event":"26/01/11 16:43:11 INFO BlockManagerInfo: Added broadcast_33_piece0 in memory on localhost:45901 (size: 34.2 KiB, free: 1048.6 MiB)","logger":"airflow.task.hooks.airflow.providers.apache.spark.hooks.spark_submit.SparkSubmitHook","filename":"spark_submit.py","lineno":644}
{"timestamp":"2026-01-11T16:43:11.308494Z","level":"info","event":"26/01/11 16:43:11 INFO SparkContext: Created broadcast 33 from count at NativeMethodAccessorImpl.java:0","logger":"airflow.task.hooks.airflow.providers.apache.spark.hooks.spark_submit.SparkSubmitHook","filename":"spark_submit.py","lineno":644}
{"timestamp":"2026-01-11T16:43:11.309444Z","level":"info","event":"26/01/11 16:43:11 INFO FileSourceScanExec: Planning scan with bin packing, max size: 5482724 bytes, open cost is considered as scanning 4194304 bytes.","logger":"airflow.task.hooks.airflow.providers.apache.spark.hooks.spark_submit.SparkSubmitHook","filename":"spark_submit.py","lineno":644}
{"timestamp":"2026-01-11T16:43:11.313016Z","level":"info","event":"26/01/11 16:43:11 INFO DAGScheduler: Registering RDD 98 (count at NativeMethodAccessorImpl.java:0) as input to shuffle 5","logger":"airflow.task.hooks.airflow.providers.apache.spark.hooks.spark_submit.SparkSubmitHook","filename":"spark_submit.py","lineno":644}
{"timestamp":"2026-01-11T16:43:11.313142Z","level":"info","event":"26/01/11 16:43:11 INFO DAGScheduler: Got map stage job 16 (count at NativeMethodAccessorImpl.java:0) with 5 output partitions","logger":"airflow.task.hooks.airflow.providers.apache.spark.hooks.spark_submit.SparkSubmitHook","filename":"spark_submit.py","lineno":644}
{"timestamp":"2026-01-11T16:43:11.313187Z","level":"info","event":"26/01/11 16:43:11 INFO DAGScheduler: Final stage: ShuffleMapStage 21 (count at NativeMethodAccessorImpl.java:0)","logger":"airflow.task.hooks.airflow.providers.apache.spark.hooks.spark_submit.SparkSubmitHook","filename":"spark_submit.py","lineno":644}
{"timestamp":"2026-01-11T16:43:11.313210Z","level":"info","event":"26/01/11 16:43:11 INFO DAGScheduler: Parents of final stage: List()","logger":"airflow.task.hooks.airflow.providers.apache.spark.hooks.spark_submit.SparkSubmitHook","filename":"spark_submit.py","lineno":644}
{"timestamp":"2026-01-11T16:43:11.313227Z","level":"info","event":"26/01/11 16:43:11 INFO DAGScheduler: Missing parents: List()","logger":"airflow.task.hooks.airflow.providers.apache.spark.hooks.spark_submit.SparkSubmitHook","filename":"spark_submit.py","lineno":644}
{"timestamp":"2026-01-11T16:43:11.313652Z","level":"info","event":"26/01/11 16:43:11 INFO DAGScheduler: Submitting ShuffleMapStage 21 (MapPartitionsRDD[98] at count at NativeMethodAccessorImpl.java:0), which has no missing parents","logger":"airflow.task.hooks.airflow.providers.apache.spark.hooks.spark_submit.SparkSubmitHook","filename":"spark_submit.py","lineno":644}
{"timestamp":"2026-01-11T16:43:11.315500Z","level":"info","event":"26/01/11 16:43:11 INFO MemoryStore: Block broadcast_34 stored as values in memory (estimated size 17.9 KiB, free 1047.8 MiB)","logger":"airflow.task.hooks.airflow.providers.apache.spark.hooks.spark_submit.SparkSubmitHook","filename":"spark_submit.py","lineno":644}
{"timestamp":"2026-01-11T16:43:11.323124Z","level":"info","event":"26/01/11 16:43:11 INFO MemoryStore: Block broadcast_34_piece0 stored as bytes in memory (estimated size 8.8 KiB, free 1047.8 MiB)","logger":"airflow.task.hooks.airflow.providers.apache.spark.hooks.spark_submit.SparkSubmitHook","filename":"spark_submit.py","lineno":644}
{"timestamp":"2026-01-11T16:43:11.325432Z","level":"info","event":"26/01/11 16:43:11 INFO BlockManagerInfo: Added broadcast_34_piece0 in memory on localhost:45901 (size: 8.8 KiB, free: 1048.6 MiB)","logger":"airflow.task.hooks.airflow.providers.apache.spark.hooks.spark_submit.SparkSubmitHook","filename":"spark_submit.py","lineno":644}
{"timestamp":"2026-01-11T16:43:11.326145Z","level":"info","event":"26/01/11 16:43:11 INFO SparkContext: Created broadcast 34 from broadcast at DAGScheduler.scala:1580","logger":"airflow.task.hooks.airflow.providers.apache.spark.hooks.spark_submit.SparkSubmitHook","filename":"spark_submit.py","lineno":644}
{"timestamp":"2026-01-11T16:43:11.327250Z","level":"info","event":"26/01/11 16:43:11 INFO DAGScheduler: Submitting 5 missing tasks from ShuffleMapStage 21 (MapPartitionsRDD[98] at count at NativeMethodAccessorImpl.java:0) (first 15 tasks are for partitions Vector(0, 1, 2, 3, 4))","logger":"airflow.task.hooks.airflow.providers.apache.spark.hooks.spark_submit.SparkSubmitHook","filename":"spark_submit.py","lineno":644}
{"timestamp":"2026-01-11T16:43:11.327580Z","level":"info","event":"26/01/11 16:43:11 INFO TaskSchedulerImpl: Adding task set 21.0 with 5 tasks resource profile 0","logger":"airflow.task.hooks.airflow.providers.apache.spark.hooks.spark_submit.SparkSubmitHook","filename":"spark_submit.py","lineno":644}
{"timestamp":"2026-01-11T16:43:11.328965Z","level":"info","event":"26/01/11 16:43:11 INFO TaskSetManager: Starting task 0.0 in stage 21.0 (TID 31) (localhost, executor driver, partition 0, PROCESS_LOCAL, 8265 bytes)","logger":"airflow.task.hooks.airflow.providers.apache.spark.hooks.spark_submit.SparkSubmitHook","filename":"spark_submit.py","lineno":644}
{"timestamp":"2026-01-11T16:43:11.329245Z","level":"info","event":"26/01/11 16:43:11 INFO TaskSetManager: Starting task 1.0 in stage 21.0 (TID 32) (localhost, executor driver, partition 1, PROCESS_LOCAL, 8265 bytes)","logger":"airflow.task.hooks.airflow.providers.apache.spark.hooks.spark_submit.SparkSubmitHook","filename":"spark_submit.py","lineno":644}
{"timestamp":"2026-01-11T16:43:11.329300Z","level":"info","event":"26/01/11 16:43:11 INFO TaskSetManager: Starting task 2.0 in stage 21.0 (TID 33) (localhost, executor driver, partition 2, PROCESS_LOCAL, 8265 bytes)","logger":"airflow.task.hooks.airflow.providers.apache.spark.hooks.spark_submit.SparkSubmitHook","filename":"spark_submit.py","lineno":644}
{"timestamp":"2026-01-11T16:43:11.329388Z","level":"info","event":"26/01/11 16:43:11 INFO TaskSetManager: Starting task 3.0 in stage 21.0 (TID 34) (localhost, executor driver, partition 3, PROCESS_LOCAL, 8265 bytes)","logger":"airflow.task.hooks.airflow.providers.apache.spark.hooks.spark_submit.SparkSubmitHook","filename":"spark_submit.py","lineno":644}
{"timestamp":"2026-01-11T16:43:11.329503Z","level":"info","event":"26/01/11 16:43:11 INFO TaskSetManager: Starting task 4.0 in stage 21.0 (TID 35) (localhost, executor driver, partition 4, PROCESS_LOCAL, 8265 bytes)","logger":"airflow.task.hooks.airflow.providers.apache.spark.hooks.spark_submit.SparkSubmitHook","filename":"spark_submit.py","lineno":644}
{"timestamp":"2026-01-11T16:43:11.331780Z","level":"info","event":"26/01/11 16:43:11 INFO Executor: Running task 0.0 in stage 21.0 (TID 31)","logger":"airflow.task.hooks.airflow.providers.apache.spark.hooks.spark_submit.SparkSubmitHook","filename":"spark_submit.py","lineno":644}
{"timestamp":"2026-01-11T16:43:11.331895Z","level":"info","event":"26/01/11 16:43:11 INFO Executor: Running task 4.0 in stage 21.0 (TID 35)","logger":"airflow.task.hooks.airflow.providers.apache.spark.hooks.spark_submit.SparkSubmitHook","filename":"spark_submit.py","lineno":644}
{"timestamp":"2026-01-11T16:43:11.331928Z","level":"info","event":"26/01/11 16:43:11 INFO Executor: Running task 2.0 in stage 21.0 (TID 33)","logger":"airflow.task.hooks.airflow.providers.apache.spark.hooks.spark_submit.SparkSubmitHook","filename":"spark_submit.py","lineno":644}
{"timestamp":"2026-01-11T16:43:11.331957Z","level":"info","event":"26/01/11 16:43:11 INFO Executor: Running task 1.0 in stage 21.0 (TID 32)","logger":"airflow.task.hooks.airflow.providers.apache.spark.hooks.spark_submit.SparkSubmitHook","filename":"spark_submit.py","lineno":644}
{"timestamp":"2026-01-11T16:43:11.331990Z","level":"info","event":"26/01/11 16:43:11 INFO Executor: Running task 3.0 in stage 21.0 (TID 34)","logger":"airflow.task.hooks.airflow.providers.apache.spark.hooks.spark_submit.SparkSubmitHook","filename":"spark_submit.py","lineno":644}
{"timestamp":"2026-01-11T16:43:11.333726Z","level":"info","event":"26/01/11 16:43:11 INFO FileScanRDD: Reading File path: file:///opt/airflow/data/raw/olist_orders/part-00000-af5c7e43-497f-4642-b35d-2bceba92a77b-c000.csv, range: 0-4135273, partition values: [empty row]","logger":"airflow.task.hooks.airflow.providers.apache.spark.hooks.spark_submit.SparkSubmitHook","filename":"spark_submit.py","lineno":644}
{"timestamp":"2026-01-11T16:43:11.333798Z","level":"info","event":"26/01/11 16:43:11 INFO FileScanRDD: Reading File path: file:///opt/airflow/data/raw/olist_orders/part-00002-af5c7e43-497f-4642-b35d-2bceba92a77b-c000.csv, range: 0-4135779, partition values: [empty row]","logger":"airflow.task.hooks.airflow.providers.apache.spark.hooks.spark_submit.SparkSubmitHook","filename":"spark_submit.py","lineno":644}
{"timestamp":"2026-01-11T16:43:11.335733Z","level":"info","event":"26/01/11 16:43:11 INFO FileScanRDD: Reading File path: file:///opt/airflow/data/raw/olist_orders/part-00004-af5c7e43-497f-4642-b35d-2bceba92a77b-c000.csv, range: 0-865463, partition values: [empty row]","logger":"airflow.task.hooks.airflow.providers.apache.spark.hooks.spark_submit.SparkSubmitHook","filename":"spark_submit.py","lineno":644}
{"timestamp":"2026-01-11T16:43:11.335835Z","level":"info","event":"26/01/11 16:43:11 INFO FileScanRDD: Reading File path: file:///opt/airflow/data/raw/olist_orders/part-00001-af5c7e43-497f-4642-b35d-2bceba92a77b-c000.csv, range: 0-4135308, partition values: [empty row]","logger":"airflow.task.hooks.airflow.providers.apache.spark.hooks.spark_submit.SparkSubmitHook","filename":"spark_submit.py","lineno":644}
{"timestamp":"2026-01-11T16:43:11.339300Z","level":"info","event":"26/01/11 16:43:11 INFO FileScanRDD: Reading File path: file:///opt/airflow/data/raw/olist_orders/part-00003-af5c7e43-497f-4642-b35d-2bceba92a77b-c000.csv, range: 0-4135725, partition values: [empty row]","logger":"airflow.task.hooks.airflow.providers.apache.spark.hooks.spark_submit.SparkSubmitHook","filename":"spark_submit.py","lineno":644}
{"timestamp":"2026-01-11T16:43:11.381553Z","level":"info","event":"26/01/11 16:43:11 INFO BlockManagerInfo: Removed broadcast_32_piece0 on localhost:45901 in memory (size: 34.2 KiB, free: 1048.7 MiB)","logger":"airflow.task.hooks.airflow.providers.apache.spark.hooks.spark_submit.SparkSubmitHook","filename":"spark_submit.py","lineno":644}
{"timestamp":"2026-01-11T16:43:11.392882Z","level":"info","event":"26/01/11 16:43:11 INFO BlockManagerInfo: Removed broadcast_27_piece0 on localhost:45901 in memory (size: 34.2 KiB, free: 1048.7 MiB)","logger":"airflow.task.hooks.airflow.providers.apache.spark.hooks.spark_submit.SparkSubmitHook","filename":"spark_submit.py","lineno":644}
{"timestamp":"2026-01-11T16:43:11.403888Z","level":"info","event":"26/01/11 16:43:11 INFO BlockManagerInfo: Removed broadcast_28_piece0 on localhost:45901 in memory (size: 8.8 KiB, free: 1048.7 MiB)","logger":"airflow.task.hooks.airflow.providers.apache.spark.hooks.spark_submit.SparkSubmitHook","filename":"spark_submit.py","lineno":644}
{"timestamp":"2026-01-11T16:43:11.412364Z","level":"info","event":"26/01/11 16:43:11 INFO Executor: Finished task 4.0 in stage 21.0 (TID 35). 1968 bytes result sent to driver","logger":"airflow.task.hooks.airflow.providers.apache.spark.hooks.spark_submit.SparkSubmitHook","filename":"spark_submit.py","lineno":644}
{"timestamp":"2026-01-11T16:43:11.412792Z","level":"info","event":"26/01/11 16:43:11 INFO BlockManagerInfo: Removed broadcast_29_piece0 on localhost:45901 in memory (size: 5.9 KiB, free: 1048.7 MiB)","logger":"airflow.task.hooks.airflow.providers.apache.spark.hooks.spark_submit.SparkSubmitHook","filename":"spark_submit.py","lineno":644}
{"timestamp":"2026-01-11T16:43:11.415765Z","level":"info","event":"26/01/11 16:43:11 INFO TaskSetManager: Finished task 4.0 in stage 21.0 (TID 35) in 86 ms on localhost (executor driver) (1/5)","logger":"airflow.task.hooks.airflow.providers.apache.spark.hooks.spark_submit.SparkSubmitHook","filename":"spark_submit.py","lineno":644}
{"timestamp":"2026-01-11T16:43:11.419402Z","level":"info","event":"26/01/11 16:43:11 INFO BlockManagerInfo: Removed broadcast_31_piece0 on localhost:45901 in memory (size: 6.4 KiB, free: 1048.7 MiB)","logger":"airflow.task.hooks.airflow.providers.apache.spark.hooks.spark_submit.SparkSubmitHook","filename":"spark_submit.py","lineno":644}
{"timestamp":"2026-01-11T16:43:11.430294Z","level":"info","event":"26/01/11 16:43:11 INFO BlockManagerInfo: Removed broadcast_30_piece0 on localhost:45901 in memory (size: 34.2 KiB, free: 1048.8 MiB)","logger":"airflow.task.hooks.airflow.providers.apache.spark.hooks.spark_submit.SparkSubmitHook","filename":"spark_submit.py","lineno":644}
{"timestamp":"2026-01-11T16:43:11.434248Z","level":"info","event":"26/01/11 16:43:11 INFO Executor: Finished task 1.0 in stage 21.0 (TID 32). 1968 bytes result sent to driver","logger":"airflow.task.hooks.airflow.providers.apache.spark.hooks.spark_submit.SparkSubmitHook","filename":"spark_submit.py","lineno":644}
{"timestamp":"2026-01-11T16:43:11.435643Z","level":"info","event":"26/01/11 16:43:11 INFO TaskSetManager: Finished task 1.0 in stage 21.0 (TID 32) in 107 ms on localhost (executor driver) (2/5)","logger":"airflow.task.hooks.airflow.providers.apache.spark.hooks.spark_submit.SparkSubmitHook","filename":"spark_submit.py","lineno":644}
{"timestamp":"2026-01-11T16:43:11.437818Z","level":"info","event":"26/01/11 16:43:11 INFO Executor: Finished task 2.0 in stage 21.0 (TID 33). 2011 bytes result sent to driver","logger":"airflow.task.hooks.airflow.providers.apache.spark.hooks.spark_submit.SparkSubmitHook","filename":"spark_submit.py","lineno":644}
{"timestamp":"2026-01-11T16:43:11.437911Z","level":"info","event":"26/01/11 16:43:11 INFO Executor: Finished task 3.0 in stage 21.0 (TID 34). 1968 bytes result sent to driver","logger":"airflow.task.hooks.airflow.providers.apache.spark.hooks.spark_submit.SparkSubmitHook","filename":"spark_submit.py","lineno":644}
{"timestamp":"2026-01-11T16:43:11.438838Z","level":"info","event":"26/01/11 16:43:11 INFO TaskSetManager: Finished task 3.0 in stage 21.0 (TID 34) in 109 ms on localhost (executor driver) (3/5)","logger":"airflow.task.hooks.airflow.providers.apache.spark.hooks.spark_submit.SparkSubmitHook","filename":"spark_submit.py","lineno":644}
{"timestamp":"2026-01-11T16:43:11.439960Z","level":"info","event":"26/01/11 16:43:11 INFO Executor: Finished task 0.0 in stage 21.0 (TID 31). 1968 bytes result sent to driver","logger":"airflow.task.hooks.airflow.providers.apache.spark.hooks.spark_submit.SparkSubmitHook","filename":"spark_submit.py","lineno":644}
{"timestamp":"2026-01-11T16:43:11.440029Z","level":"info","event":"26/01/11 16:43:11 INFO TaskSetManager: Finished task 2.0 in stage 21.0 (TID 33) in 110 ms on localhost (executor driver) (4/5)","logger":"airflow.task.hooks.airflow.providers.apache.spark.hooks.spark_submit.SparkSubmitHook","filename":"spark_submit.py","lineno":644}
{"timestamp":"2026-01-11T16:43:11.440594Z","level":"info","event":"26/01/11 16:43:11 INFO TaskSetManager: Finished task 0.0 in stage 21.0 (TID 31) in 111 ms on localhost (executor driver) (5/5)","logger":"airflow.task.hooks.airflow.providers.apache.spark.hooks.spark_submit.SparkSubmitHook","filename":"spark_submit.py","lineno":644}
{"timestamp":"2026-01-11T16:43:11.440641Z","level":"info","event":"26/01/11 16:43:11 INFO TaskSchedulerImpl: Removed TaskSet 21.0, whose tasks have all completed, from pool","logger":"airflow.task.hooks.airflow.providers.apache.spark.hooks.spark_submit.SparkSubmitHook","filename":"spark_submit.py","lineno":644}
{"timestamp":"2026-01-11T16:43:11.440664Z","level":"info","event":"26/01/11 16:43:11 INFO DAGScheduler: ShuffleMapStage 21 (count at NativeMethodAccessorImpl.java:0) finished in 0.127 s","logger":"airflow.task.hooks.airflow.providers.apache.spark.hooks.spark_submit.SparkSubmitHook","filename":"spark_submit.py","lineno":644}
{"timestamp":"2026-01-11T16:43:11.440720Z","level":"info","event":"26/01/11 16:43:11 INFO DAGScheduler: looking for newly runnable stages","logger":"airflow.task.hooks.airflow.providers.apache.spark.hooks.spark_submit.SparkSubmitHook","filename":"spark_submit.py","lineno":644}
{"timestamp":"2026-01-11T16:43:11.440763Z","level":"info","event":"26/01/11 16:43:11 INFO DAGScheduler: running: Set()","logger":"airflow.task.hooks.airflow.providers.apache.spark.hooks.spark_submit.SparkSubmitHook","filename":"spark_submit.py","lineno":644}
{"timestamp":"2026-01-11T16:43:11.440805Z","level":"info","event":"26/01/11 16:43:11 INFO DAGScheduler: waiting: Set()","logger":"airflow.task.hooks.airflow.providers.apache.spark.hooks.spark_submit.SparkSubmitHook","filename":"spark_submit.py","lineno":644}
{"timestamp":"2026-01-11T16:43:11.440823Z","level":"info","event":"26/01/11 16:43:11 INFO DAGScheduler: failed: Set()","logger":"airflow.task.hooks.airflow.providers.apache.spark.hooks.spark_submit.SparkSubmitHook","filename":"spark_submit.py","lineno":644}
{"timestamp":"2026-01-11T16:43:11.452746Z","level":"info","event":"26/01/11 16:43:11 INFO SparkContext: Starting job: count at NativeMethodAccessorImpl.java:0","logger":"airflow.task.hooks.airflow.providers.apache.spark.hooks.spark_submit.SparkSubmitHook","filename":"spark_submit.py","lineno":644}
{"timestamp":"2026-01-11T16:43:11.453753Z","level":"info","event":"26/01/11 16:43:11 INFO DAGScheduler: Got job 17 (count at NativeMethodAccessorImpl.java:0) with 1 output partitions","logger":"airflow.task.hooks.airflow.providers.apache.spark.hooks.spark_submit.SparkSubmitHook","filename":"spark_submit.py","lineno":644}
{"timestamp":"2026-01-11T16:43:11.453804Z","level":"info","event":"26/01/11 16:43:11 INFO DAGScheduler: Final stage: ResultStage 23 (count at NativeMethodAccessorImpl.java:0)","logger":"airflow.task.hooks.airflow.providers.apache.spark.hooks.spark_submit.SparkSubmitHook","filename":"spark_submit.py","lineno":644}
{"timestamp":"2026-01-11T16:43:11.453839Z","level":"info","event":"26/01/11 16:43:11 INFO DAGScheduler: Parents of final stage: List(ShuffleMapStage 22)","logger":"airflow.task.hooks.airflow.providers.apache.spark.hooks.spark_submit.SparkSubmitHook","filename":"spark_submit.py","lineno":644}
{"timestamp":"2026-01-11T16:43:11.453983Z","level":"info","event":"26/01/11 16:43:11 INFO DAGScheduler: Missing parents: List()","logger":"airflow.task.hooks.airflow.providers.apache.spark.hooks.spark_submit.SparkSubmitHook","filename":"spark_submit.py","lineno":644}
{"timestamp":"2026-01-11T16:43:11.454262Z","level":"info","event":"26/01/11 16:43:11 INFO DAGScheduler: Submitting ResultStage 23 (MapPartitionsRDD[101] at count at NativeMethodAccessorImpl.java:0), which has no missing parents","logger":"airflow.task.hooks.airflow.providers.apache.spark.hooks.spark_submit.SparkSubmitHook","filename":"spark_submit.py","lineno":644}
{"timestamp":"2026-01-11T16:43:11.455386Z","level":"info","event":"26/01/11 16:43:11 INFO MemoryStore: Block broadcast_35 stored as values in memory (estimated size 12.5 KiB, free 1048.5 MiB)","logger":"airflow.task.hooks.airflow.providers.apache.spark.hooks.spark_submit.SparkSubmitHook","filename":"spark_submit.py","lineno":644}
{"timestamp":"2026-01-11T16:43:11.458228Z","level":"info","event":"26/01/11 16:43:11 INFO MemoryStore: Block broadcast_35_piece0 stored as bytes in memory (estimated size 5.9 KiB, free 1048.5 MiB)","logger":"airflow.task.hooks.airflow.providers.apache.spark.hooks.spark_submit.SparkSubmitHook","filename":"spark_submit.py","lineno":644}
{"timestamp":"2026-01-11T16:43:11.458459Z","level":"info","event":"26/01/11 16:43:11 INFO BlockManagerInfo: Added broadcast_35_piece0 in memory on localhost:45901 (size: 5.9 KiB, free: 1048.8 MiB)","logger":"airflow.task.hooks.airflow.providers.apache.spark.hooks.spark_submit.SparkSubmitHook","filename":"spark_submit.py","lineno":644}
{"timestamp":"2026-01-11T16:43:11.458854Z","level":"info","event":"26/01/11 16:43:11 INFO SparkContext: Created broadcast 35 from broadcast at DAGScheduler.scala:1580","logger":"airflow.task.hooks.airflow.providers.apache.spark.hooks.spark_submit.SparkSubmitHook","filename":"spark_submit.py","lineno":644}
{"timestamp":"2026-01-11T16:43:11.459139Z","level":"info","event":"26/01/11 16:43:11 INFO DAGScheduler: Submitting 1 missing tasks from ResultStage 23 (MapPartitionsRDD[101] at count at NativeMethodAccessorImpl.java:0) (first 15 tasks are for partitions Vector(0))","logger":"airflow.task.hooks.airflow.providers.apache.spark.hooks.spark_submit.SparkSubmitHook","filename":"spark_submit.py","lineno":644}
{"timestamp":"2026-01-11T16:43:11.459193Z","level":"info","event":"26/01/11 16:43:11 INFO TaskSchedulerImpl: Adding task set 23.0 with 1 tasks resource profile 0","logger":"airflow.task.hooks.airflow.providers.apache.spark.hooks.spark_submit.SparkSubmitHook","filename":"spark_submit.py","lineno":644}
{"timestamp":"2026-01-11T16:43:11.460087Z","level":"info","event":"26/01/11 16:43:11 INFO TaskSetManager: Starting task 0.0 in stage 23.0 (TID 36) (localhost, executor driver, partition 0, NODE_LOCAL, 7615 bytes)","logger":"airflow.task.hooks.airflow.providers.apache.spark.hooks.spark_submit.SparkSubmitHook","filename":"spark_submit.py","lineno":644}
{"timestamp":"2026-01-11T16:43:11.460531Z","level":"info","event":"26/01/11 16:43:11 INFO Executor: Running task 0.0 in stage 23.0 (TID 36)","logger":"airflow.task.hooks.airflow.providers.apache.spark.hooks.spark_submit.SparkSubmitHook","filename":"spark_submit.py","lineno":644}
{"timestamp":"2026-01-11T16:43:11.463406Z","level":"info","event":"26/01/11 16:43:11 INFO ShuffleBlockFetcherIterator: Getting 5 (300.0 B) non-empty blocks including 5 (300.0 B) local and 0 (0.0 B) host-local and 0 (0.0 B) push-merged-local and 0 (0.0 B) remote blocks","logger":"airflow.task.hooks.airflow.providers.apache.spark.hooks.spark_submit.SparkSubmitHook","filename":"spark_submit.py","lineno":644}
{"timestamp":"2026-01-11T16:43:11.463500Z","level":"info","event":"26/01/11 16:43:11 INFO ShuffleBlockFetcherIterator: Started 0 remote fetches in 0 ms","logger":"airflow.task.hooks.airflow.providers.apache.spark.hooks.spark_submit.SparkSubmitHook","filename":"spark_submit.py","lineno":644}
{"timestamp":"2026-01-11T16:43:11.465260Z","level":"info","event":"26/01/11 16:43:11 INFO Executor: Finished task 0.0 in stage 23.0 (TID 36). 3995 bytes result sent to driver","logger":"airflow.task.hooks.airflow.providers.apache.spark.hooks.spark_submit.SparkSubmitHook","filename":"spark_submit.py","lineno":644}
{"timestamp":"2026-01-11T16:43:11.466143Z","level":"info","event":"26/01/11 16:43:11 INFO TaskSetManager: Finished task 0.0 in stage 23.0 (TID 36) in 7 ms on localhost (executor driver) (1/1)","logger":"airflow.task.hooks.airflow.providers.apache.spark.hooks.spark_submit.SparkSubmitHook","filename":"spark_submit.py","lineno":644}
{"timestamp":"2026-01-11T16:43:11.466329Z","level":"info","event":"26/01/11 16:43:11 INFO TaskSchedulerImpl: Removed TaskSet 23.0, whose tasks have all completed, from pool","logger":"airflow.task.hooks.airflow.providers.apache.spark.hooks.spark_submit.SparkSubmitHook","filename":"spark_submit.py","lineno":644}
{"timestamp":"2026-01-11T16:43:11.466762Z","level":"info","event":"26/01/11 16:43:11 INFO DAGScheduler: ResultStage 23 (count at NativeMethodAccessorImpl.java:0) finished in 0.012 s","logger":"airflow.task.hooks.airflow.providers.apache.spark.hooks.spark_submit.SparkSubmitHook","filename":"spark_submit.py","lineno":644}
{"timestamp":"2026-01-11T16:43:11.467038Z","level":"info","event":"26/01/11 16:43:11 INFO DAGScheduler: Job 17 is finished. Cancelling potential speculative or zombie tasks for this job","logger":"airflow.task.hooks.airflow.providers.apache.spark.hooks.spark_submit.SparkSubmitHook","filename":"spark_submit.py","lineno":644}
{"timestamp":"2026-01-11T16:43:11.467085Z","level":"info","event":"26/01/11 16:43:11 INFO TaskSchedulerImpl: Killing all running tasks in stage 23: Stage finished","logger":"airflow.task.hooks.airflow.providers.apache.spark.hooks.spark_submit.SparkSubmitHook","filename":"spark_submit.py","lineno":644}
{"timestamp":"2026-01-11T16:43:11.467431Z","level":"info","event":"26/01/11 16:43:11 INFO DAGScheduler: Job 17 finished: count at NativeMethodAccessorImpl.java:0, took 0.014560 s","logger":"airflow.task.hooks.airflow.providers.apache.spark.hooks.spark_submit.SparkSubmitHook","filename":"spark_submit.py","lineno":644}
{"timestamp":"2026-01-11T16:43:11.468565Z","level":"info","event":"Loaded olist_orders with 99441 records for cleaning.","logger":"airflow.task.hooks.airflow.providers.apache.spark.hooks.spark_submit.SparkSubmitHook","filename":"spark_submit.py","lineno":644}
{"timestamp":"2026-01-11T16:43:11.469170Z","level":"info","event":"root","logger":"airflow.task.hooks.airflow.providers.apache.spark.hooks.spark_submit.SparkSubmitHook","filename":"spark_submit.py","lineno":644}
{"timestamp":"2026-01-11T16:43:11.469333Z","level":"info","event":"|-- order_id: string (nullable = true)","logger":"airflow.task.hooks.airflow.providers.apache.spark.hooks.spark_submit.SparkSubmitHook","filename":"spark_submit.py","lineno":644}
{"timestamp":"2026-01-11T16:43:11.469442Z","level":"info","event":"|-- customer_id: string (nullable = true)","logger":"airflow.task.hooks.airflow.providers.apache.spark.hooks.spark_submit.SparkSubmitHook","filename":"spark_submit.py","lineno":644}
{"timestamp":"2026-01-11T16:43:11.469504Z","level":"info","event":"|-- order_status: string (nullable = true)","logger":"airflow.task.hooks.airflow.providers.apache.spark.hooks.spark_submit.SparkSubmitHook","filename":"spark_submit.py","lineno":644}
{"timestamp":"2026-01-11T16:43:11.469532Z","level":"info","event":"|-- order_purchase_timestamp: string (nullable = true)","logger":"airflow.task.hooks.airflow.providers.apache.spark.hooks.spark_submit.SparkSubmitHook","filename":"spark_submit.py","lineno":644}
{"timestamp":"2026-01-11T16:43:11.469553Z","level":"info","event":"|-- order_approved_at: string (nullable = true)","logger":"airflow.task.hooks.airflow.providers.apache.spark.hooks.spark_submit.SparkSubmitHook","filename":"spark_submit.py","lineno":644}
{"timestamp":"2026-01-11T16:43:11.469568Z","level":"info","event":"|-- order_delivered_carrier_date: string (nullable = true)","logger":"airflow.task.hooks.airflow.providers.apache.spark.hooks.spark_submit.SparkSubmitHook","filename":"spark_submit.py","lineno":644}
{"timestamp":"2026-01-11T16:43:11.469582Z","level":"info","event":"|-- order_delivered_customer_date: string (nullable = true)","logger":"airflow.task.hooks.airflow.providers.apache.spark.hooks.spark_submit.SparkSubmitHook","filename":"spark_submit.py","lineno":644}
{"timestamp":"2026-01-11T16:43:11.469596Z","level":"info","event":"|-- order_estimated_delivery_date: string (nullable = true)","logger":"airflow.task.hooks.airflow.providers.apache.spark.hooks.spark_submit.SparkSubmitHook","filename":"spark_submit.py","lineno":644}
{"timestamp":"2026-01-11T16:43:11.469611Z","level":"info","event":"","logger":"airflow.task.hooks.airflow.providers.apache.spark.hooks.spark_submit.SparkSubmitHook","filename":"spark_submit.py","lineno":644}
{"timestamp":"2026-01-11T16:43:11.476265Z","level":"info","event":"26/01/11 16:43:11 INFO InMemoryFileIndex: It took 1 ms to list leaf files for 1 paths.","logger":"airflow.task.hooks.airflow.providers.apache.spark.hooks.spark_submit.SparkSubmitHook","filename":"spark_submit.py","lineno":644}
{"timestamp":"2026-01-11T16:43:11.478578Z","level":"info","event":"26/01/11 16:43:11 INFO InMemoryFileIndex: It took 0 ms to list leaf files for 1 paths.","logger":"airflow.task.hooks.airflow.providers.apache.spark.hooks.spark_submit.SparkSubmitHook","filename":"spark_submit.py","lineno":644}
{"timestamp":"2026-01-11T16:43:11.505054Z","level":"info","event":"26/01/11 16:43:11 INFO FileSourceStrategy: Pushed Filters:","logger":"airflow.task.hooks.airflow.providers.apache.spark.hooks.spark_submit.SparkSubmitHook","filename":"spark_submit.py","lineno":644}
{"timestamp":"2026-01-11T16:43:11.505164Z","level":"info","event":"26/01/11 16:43:11 INFO FileSourceStrategy: Post-Scan Filters: (length(trim(value#243, None)) > 0)","logger":"airflow.task.hooks.airflow.providers.apache.spark.hooks.spark_submit.SparkSubmitHook","filename":"spark_submit.py","lineno":644}
{"timestamp":"2026-01-11T16:43:11.509803Z","level":"info","event":"26/01/11 16:43:11 INFO MemoryStore: Block broadcast_36 stored as values in memory (estimated size 199.5 KiB, free 1048.3 MiB)","logger":"airflow.task.hooks.airflow.providers.apache.spark.hooks.spark_submit.SparkSubmitHook","filename":"spark_submit.py","lineno":644}
{"timestamp":"2026-01-11T16:43:11.514069Z","level":"info","event":"26/01/11 16:43:11 INFO MemoryStore: Block broadcast_36_piece0 stored as bytes in memory (estimated size 34.2 KiB, free 1048.3 MiB)","logger":"airflow.task.hooks.airflow.providers.apache.spark.hooks.spark_submit.SparkSubmitHook","filename":"spark_submit.py","lineno":644}
{"timestamp":"2026-01-11T16:43:11.514348Z","level":"info","event":"26/01/11 16:43:11 INFO BlockManagerInfo: Added broadcast_36_piece0 in memory on localhost:45901 (size: 34.2 KiB, free: 1048.7 MiB)","logger":"airflow.task.hooks.airflow.providers.apache.spark.hooks.spark_submit.SparkSubmitHook","filename":"spark_submit.py","lineno":644}
{"timestamp":"2026-01-11T16:43:11.514801Z","level":"info","event":"26/01/11 16:43:11 INFO SparkContext: Created broadcast 36 from csv at NativeMethodAccessorImpl.java:0","logger":"airflow.task.hooks.airflow.providers.apache.spark.hooks.spark_submit.SparkSubmitHook","filename":"spark_submit.py","lineno":644}
{"timestamp":"2026-01-11T16:43:11.515443Z","level":"info","event":"26/01/11 16:43:11 INFO FileSourceScanExec: Planning scan with bin packing, max size: 4194304 bytes, open cost is considered as scanning 4194304 bytes.","logger":"airflow.task.hooks.airflow.providers.apache.spark.hooks.spark_submit.SparkSubmitHook","filename":"spark_submit.py","lineno":644}
{"timestamp":"2026-01-11T16:43:11.519502Z","level":"info","event":"26/01/11 16:43:11 INFO SparkContext: Starting job: csv at NativeMethodAccessorImpl.java:0","logger":"airflow.task.hooks.airflow.providers.apache.spark.hooks.spark_submit.SparkSubmitHook","filename":"spark_submit.py","lineno":644}
{"timestamp":"2026-01-11T16:43:11.520180Z","level":"info","event":"26/01/11 16:43:11 INFO DAGScheduler: Got job 18 (csv at NativeMethodAccessorImpl.java:0) with 1 output partitions","logger":"airflow.task.hooks.airflow.providers.apache.spark.hooks.spark_submit.SparkSubmitHook","filename":"spark_submit.py","lineno":644}
{"timestamp":"2026-01-11T16:43:11.520233Z","level":"info","event":"26/01/11 16:43:11 INFO DAGScheduler: Final stage: ResultStage 24 (csv at NativeMethodAccessorImpl.java:0)","logger":"airflow.task.hooks.airflow.providers.apache.spark.hooks.spark_submit.SparkSubmitHook","filename":"spark_submit.py","lineno":644}
{"timestamp":"2026-01-11T16:43:11.520255Z","level":"info","event":"26/01/11 16:43:11 INFO DAGScheduler: Parents of final stage: List()","logger":"airflow.task.hooks.airflow.providers.apache.spark.hooks.spark_submit.SparkSubmitHook","filename":"spark_submit.py","lineno":644}
{"timestamp":"2026-01-11T16:43:11.520271Z","level":"info","event":"26/01/11 16:43:11 INFO DAGScheduler: Missing parents: List()","logger":"airflow.task.hooks.airflow.providers.apache.spark.hooks.spark_submit.SparkSubmitHook","filename":"spark_submit.py","lineno":644}
{"timestamp":"2026-01-11T16:43:11.520531Z","level":"info","event":"26/01/11 16:43:11 INFO DAGScheduler: Submitting ResultStage 24 (MapPartitionsRDD[105] at csv at NativeMethodAccessorImpl.java:0), which has no missing parents","logger":"airflow.task.hooks.airflow.providers.apache.spark.hooks.spark_submit.SparkSubmitHook","filename":"spark_submit.py","lineno":644}
{"timestamp":"2026-01-11T16:43:11.521539Z","level":"info","event":"26/01/11 16:43:11 INFO MemoryStore: Block broadcast_37 stored as values in memory (estimated size 13.5 KiB, free 1048.3 MiB)","logger":"airflow.task.hooks.airflow.providers.apache.spark.hooks.spark_submit.SparkSubmitHook","filename":"spark_submit.py","lineno":644}
{"timestamp":"2026-01-11T16:43:11.523951Z","level":"info","event":"26/01/11 16:43:11 INFO MemoryStore: Block broadcast_37_piece0 stored as bytes in memory (estimated size 6.4 KiB, free 1048.3 MiB)","logger":"airflow.task.hooks.airflow.providers.apache.spark.hooks.spark_submit.SparkSubmitHook","filename":"spark_submit.py","lineno":644}
{"timestamp":"2026-01-11T16:43:11.524230Z","level":"info","event":"26/01/11 16:43:11 INFO BlockManagerInfo: Added broadcast_37_piece0 in memory on localhost:45901 (size: 6.4 KiB, free: 1048.7 MiB)","logger":"airflow.task.hooks.airflow.providers.apache.spark.hooks.spark_submit.SparkSubmitHook","filename":"spark_submit.py","lineno":644}
{"timestamp":"2026-01-11T16:43:11.524543Z","level":"info","event":"26/01/11 16:43:11 INFO SparkContext: Created broadcast 37 from broadcast at DAGScheduler.scala:1580","logger":"airflow.task.hooks.airflow.providers.apache.spark.hooks.spark_submit.SparkSubmitHook","filename":"spark_submit.py","lineno":644}
{"timestamp":"2026-01-11T16:43:11.524819Z","level":"info","event":"26/01/11 16:43:11 INFO DAGScheduler: Submitting 1 missing tasks from ResultStage 24 (MapPartitionsRDD[105] at csv at NativeMethodAccessorImpl.java:0) (first 15 tasks are for partitions Vector(0))","logger":"airflow.task.hooks.airflow.providers.apache.spark.hooks.spark_submit.SparkSubmitHook","filename":"spark_submit.py","lineno":644}
{"timestamp":"2026-01-11T16:43:11.524855Z","level":"info","event":"26/01/11 16:43:11 INFO TaskSchedulerImpl: Adding task set 24.0 with 1 tasks resource profile 0","logger":"airflow.task.hooks.airflow.providers.apache.spark.hooks.spark_submit.SparkSubmitHook","filename":"spark_submit.py","lineno":644}
{"timestamp":"2026-01-11T16:43:11.525544Z","level":"info","event":"26/01/11 16:43:11 INFO TaskSetManager: Starting task 0.0 in stage 24.0 (TID 37) (localhost, executor driver, partition 0, PROCESS_LOCAL, 8278 bytes)","logger":"airflow.task.hooks.airflow.providers.apache.spark.hooks.spark_submit.SparkSubmitHook","filename":"spark_submit.py","lineno":644}
{"timestamp":"2026-01-11T16:43:11.526039Z","level":"info","event":"26/01/11 16:43:11 INFO Executor: Running task 0.0 in stage 24.0 (TID 37)","logger":"airflow.task.hooks.airflow.providers.apache.spark.hooks.spark_submit.SparkSubmitHook","filename":"spark_submit.py","lineno":644}
{"timestamp":"2026-01-11T16:43:11.528327Z","level":"info","event":"26/01/11 16:43:11 INFO FileScanRDD: Reading File path: file:///opt/airflow/data/raw/olist_products/part-00000-3ef4e2fe-86fd-4e58-bb3e-5304e29471de-c000.csv, range: 0-2338292, partition values: [empty row]","logger":"airflow.task.hooks.airflow.providers.apache.spark.hooks.spark_submit.SparkSubmitHook","filename":"spark_submit.py","lineno":644}
{"timestamp":"2026-01-11T16:43:11.532976Z","level":"info","event":"26/01/11 16:43:11 INFO Executor: Finished task 0.0 in stage 24.0 (TID 37). 1676 bytes result sent to driver","logger":"airflow.task.hooks.airflow.providers.apache.spark.hooks.spark_submit.SparkSubmitHook","filename":"spark_submit.py","lineno":644}
{"timestamp":"2026-01-11T16:43:11.533373Z","level":"info","event":"26/01/11 16:43:11 INFO TaskSetManager: Finished task 0.0 in stage 24.0 (TID 37) in 8 ms on localhost (executor driver) (1/1)","logger":"airflow.task.hooks.airflow.providers.apache.spark.hooks.spark_submit.SparkSubmitHook","filename":"spark_submit.py","lineno":644}
{"timestamp":"2026-01-11T16:43:11.533416Z","level":"info","event":"26/01/11 16:43:11 INFO TaskSchedulerImpl: Removed TaskSet 24.0, whose tasks have all completed, from pool","logger":"airflow.task.hooks.airflow.providers.apache.spark.hooks.spark_submit.SparkSubmitHook","filename":"spark_submit.py","lineno":644}
{"timestamp":"2026-01-11T16:43:11.533744Z","level":"info","event":"26/01/11 16:43:11 INFO DAGScheduler: ResultStage 24 (csv at NativeMethodAccessorImpl.java:0) finished in 0.013 s","logger":"airflow.task.hooks.airflow.providers.apache.spark.hooks.spark_submit.SparkSubmitHook","filename":"spark_submit.py","lineno":644}
{"timestamp":"2026-01-11T16:43:11.534035Z","level":"info","event":"26/01/11 16:43:11 INFO DAGScheduler: Job 18 is finished. Cancelling potential speculative or zombie tasks for this job","logger":"airflow.task.hooks.airflow.providers.apache.spark.hooks.spark_submit.SparkSubmitHook","filename":"spark_submit.py","lineno":644}
{"timestamp":"2026-01-11T16:43:11.534093Z","level":"info","event":"26/01/11 16:43:11 INFO TaskSchedulerImpl: Killing all running tasks in stage 24: Stage finished","logger":"airflow.task.hooks.airflow.providers.apache.spark.hooks.spark_submit.SparkSubmitHook","filename":"spark_submit.py","lineno":644}
{"timestamp":"2026-01-11T16:43:11.534352Z","level":"info","event":"26/01/11 16:43:11 INFO DAGScheduler: Job 18 finished: csv at NativeMethodAccessorImpl.java:0, took 0.014749 s","logger":"airflow.task.hooks.airflow.providers.apache.spark.hooks.spark_submit.SparkSubmitHook","filename":"spark_submit.py","lineno":644}
{"timestamp":"2026-01-11T16:43:11.542143Z","level":"info","event":"26/01/11 16:43:11 INFO FileSourceStrategy: Pushed Filters:","logger":"airflow.task.hooks.airflow.providers.apache.spark.hooks.spark_submit.SparkSubmitHook","filename":"spark_submit.py","lineno":644}
{"timestamp":"2026-01-11T16:43:11.542274Z","level":"info","event":"26/01/11 16:43:11 INFO FileSourceStrategy: Post-Scan Filters:","logger":"airflow.task.hooks.airflow.providers.apache.spark.hooks.spark_submit.SparkSubmitHook","filename":"spark_submit.py","lineno":644}
{"timestamp":"2026-01-11T16:43:11.544706Z","level":"info","event":"26/01/11 16:43:11 INFO MemoryStore: Block broadcast_38 stored as values in memory (estimated size 199.5 KiB, free 1048.1 MiB)","logger":"airflow.task.hooks.airflow.providers.apache.spark.hooks.spark_submit.SparkSubmitHook","filename":"spark_submit.py","lineno":644}
{"timestamp":"2026-01-11T16:43:11.550961Z","level":"info","event":"26/01/11 16:43:11 INFO MemoryStore: Block broadcast_38_piece0 stored as bytes in memory (estimated size 34.2 KiB, free 1048.1 MiB)","logger":"airflow.task.hooks.airflow.providers.apache.spark.hooks.spark_submit.SparkSubmitHook","filename":"spark_submit.py","lineno":644}
{"timestamp":"2026-01-11T16:43:11.551241Z","level":"info","event":"26/01/11 16:43:11 INFO BlockManagerInfo: Added broadcast_38_piece0 in memory on localhost:45901 (size: 34.2 KiB, free: 1048.7 MiB)","logger":"airflow.task.hooks.airflow.providers.apache.spark.hooks.spark_submit.SparkSubmitHook","filename":"spark_submit.py","lineno":644}
{"timestamp":"2026-01-11T16:43:11.551764Z","level":"info","event":"26/01/11 16:43:11 INFO SparkContext: Created broadcast 38 from csv at NativeMethodAccessorImpl.java:0","logger":"airflow.task.hooks.airflow.providers.apache.spark.hooks.spark_submit.SparkSubmitHook","filename":"spark_submit.py","lineno":644}
{"timestamp":"2026-01-11T16:43:11.552492Z","level":"info","event":"26/01/11 16:43:11 INFO FileSourceScanExec: Planning scan with bin packing, max size: 4194304 bytes, open cost is considered as scanning 4194304 bytes.","logger":"airflow.task.hooks.airflow.providers.apache.spark.hooks.spark_submit.SparkSubmitHook","filename":"spark_submit.py","lineno":644}
{"timestamp":"2026-01-11T16:43:11.565174Z","level":"info","event":"____________________________________________________","logger":"airflow.task.hooks.airflow.providers.apache.spark.hooks.spark_submit.SparkSubmitHook","filename":"spark_submit.py","lineno":644}
{"timestamp":"2026-01-11T16:43:11.576622Z","level":"info","event":"26/01/11 16:43:11 INFO FileSourceStrategy: Pushed Filters:","logger":"airflow.task.hooks.airflow.providers.apache.spark.hooks.spark_submit.SparkSubmitHook","filename":"spark_submit.py","lineno":644}
{"timestamp":"2026-01-11T16:43:11.576897Z","level":"info","event":"26/01/11 16:43:11 INFO FileSourceStrategy: Post-Scan Filters:","logger":"airflow.task.hooks.airflow.providers.apache.spark.hooks.spark_submit.SparkSubmitHook","filename":"spark_submit.py","lineno":644}
{"timestamp":"2026-01-11T16:43:11.586049Z","level":"info","event":"26/01/11 16:43:11 INFO MemoryStore: Block broadcast_39 stored as values in memory (estimated size 199.4 KiB, free 1047.9 MiB)","logger":"airflow.task.hooks.airflow.providers.apache.spark.hooks.spark_submit.SparkSubmitHook","filename":"spark_submit.py","lineno":644}
{"timestamp":"2026-01-11T16:43:11.590559Z","level":"info","event":"26/01/11 16:43:11 INFO MemoryStore: Block broadcast_39_piece0 stored as bytes in memory (estimated size 34.2 KiB, free 1047.8 MiB)","logger":"airflow.task.hooks.airflow.providers.apache.spark.hooks.spark_submit.SparkSubmitHook","filename":"spark_submit.py","lineno":644}
{"timestamp":"2026-01-11T16:43:11.590841Z","level":"info","event":"26/01/11 16:43:11 INFO BlockManagerInfo: Added broadcast_39_piece0 in memory on localhost:45901 (size: 34.2 KiB, free: 1048.6 MiB)","logger":"airflow.task.hooks.airflow.providers.apache.spark.hooks.spark_submit.SparkSubmitHook","filename":"spark_submit.py","lineno":644}
{"timestamp":"2026-01-11T16:43:11.591243Z","level":"info","event":"26/01/11 16:43:11 INFO SparkContext: Created broadcast 39 from count at NativeMethodAccessorImpl.java:0","logger":"airflow.task.hooks.airflow.providers.apache.spark.hooks.spark_submit.SparkSubmitHook","filename":"spark_submit.py","lineno":644}
{"timestamp":"2026-01-11T16:43:11.592074Z","level":"info","event":"26/01/11 16:43:11 INFO FileSourceScanExec: Planning scan with bin packing, max size: 4194304 bytes, open cost is considered as scanning 4194304 bytes.","logger":"airflow.task.hooks.airflow.providers.apache.spark.hooks.spark_submit.SparkSubmitHook","filename":"spark_submit.py","lineno":644}
{"timestamp":"2026-01-11T16:43:11.597561Z","level":"info","event":"26/01/11 16:43:11 INFO DAGScheduler: Registering RDD 115 (count at NativeMethodAccessorImpl.java:0) as input to shuffle 6","logger":"airflow.task.hooks.airflow.providers.apache.spark.hooks.spark_submit.SparkSubmitHook","filename":"spark_submit.py","lineno":644}
{"timestamp":"2026-01-11T16:43:11.597854Z","level":"info","event":"26/01/11 16:43:11 INFO DAGScheduler: Got map stage job 19 (count at NativeMethodAccessorImpl.java:0) with 1 output partitions","logger":"airflow.task.hooks.airflow.providers.apache.spark.hooks.spark_submit.SparkSubmitHook","filename":"spark_submit.py","lineno":644}
{"timestamp":"2026-01-11T16:43:11.598040Z","level":"info","event":"26/01/11 16:43:11 INFO DAGScheduler: Final stage: ShuffleMapStage 25 (count at NativeMethodAccessorImpl.java:0)","logger":"airflow.task.hooks.airflow.providers.apache.spark.hooks.spark_submit.SparkSubmitHook","filename":"spark_submit.py","lineno":644}
{"timestamp":"2026-01-11T16:43:11.598117Z","level":"info","event":"26/01/11 16:43:11 INFO DAGScheduler: Parents of final stage: List()","logger":"airflow.task.hooks.airflow.providers.apache.spark.hooks.spark_submit.SparkSubmitHook","filename":"spark_submit.py","lineno":644}
{"timestamp":"2026-01-11T16:43:11.598172Z","level":"info","event":"26/01/11 16:43:11 INFO DAGScheduler: Missing parents: List()","logger":"airflow.task.hooks.airflow.providers.apache.spark.hooks.spark_submit.SparkSubmitHook","filename":"spark_submit.py","lineno":644}
{"timestamp":"2026-01-11T16:43:11.598716Z","level":"info","event":"26/01/11 16:43:11 INFO DAGScheduler: Submitting ShuffleMapStage 25 (MapPartitionsRDD[115] at count at NativeMethodAccessorImpl.java:0), which has no missing parents","logger":"airflow.task.hooks.airflow.providers.apache.spark.hooks.spark_submit.SparkSubmitHook","filename":"spark_submit.py","lineno":644}
{"timestamp":"2026-01-11T16:43:11.600066Z","level":"info","event":"26/01/11 16:43:11 INFO MemoryStore: Block broadcast_40 stored as values in memory (estimated size 18.0 KiB, free 1047.8 MiB)","logger":"airflow.task.hooks.airflow.providers.apache.spark.hooks.spark_submit.SparkSubmitHook","filename":"spark_submit.py","lineno":644}
{"timestamp":"2026-01-11T16:43:11.601168Z","level":"info","event":"26/01/11 16:43:11 INFO MemoryStore: Block broadcast_40_piece0 stored as bytes in memory (estimated size 8.8 KiB, free 1047.8 MiB)","logger":"airflow.task.hooks.airflow.providers.apache.spark.hooks.spark_submit.SparkSubmitHook","filename":"spark_submit.py","lineno":644}
{"timestamp":"2026-01-11T16:43:11.601494Z","level":"info","event":"26/01/11 16:43:11 INFO BlockManagerInfo: Added broadcast_40_piece0 in memory on localhost:45901 (size: 8.8 KiB, free: 1048.6 MiB)","logger":"airflow.task.hooks.airflow.providers.apache.spark.hooks.spark_submit.SparkSubmitHook","filename":"spark_submit.py","lineno":644}
{"timestamp":"2026-01-11T16:43:11.601852Z","level":"info","event":"26/01/11 16:43:11 INFO SparkContext: Created broadcast 40 from broadcast at DAGScheduler.scala:1580","logger":"airflow.task.hooks.airflow.providers.apache.spark.hooks.spark_submit.SparkSubmitHook","filename":"spark_submit.py","lineno":644}
{"timestamp":"2026-01-11T16:43:11.602108Z","level":"info","event":"26/01/11 16:43:11 INFO DAGScheduler: Submitting 1 missing tasks from ShuffleMapStage 25 (MapPartitionsRDD[115] at count at NativeMethodAccessorImpl.java:0) (first 15 tasks are for partitions Vector(0))","logger":"airflow.task.hooks.airflow.providers.apache.spark.hooks.spark_submit.SparkSubmitHook","filename":"spark_submit.py","lineno":644}
{"timestamp":"2026-01-11T16:43:11.602145Z","level":"info","event":"26/01/11 16:43:11 INFO TaskSchedulerImpl: Adding task set 25.0 with 1 tasks resource profile 0","logger":"airflow.task.hooks.airflow.providers.apache.spark.hooks.spark_submit.SparkSubmitHook","filename":"spark_submit.py","lineno":644}
{"timestamp":"2026-01-11T16:43:11.602989Z","level":"info","event":"26/01/11 16:43:11 INFO TaskSetManager: Starting task 0.0 in stage 25.0 (TID 38) (localhost, executor driver, partition 0, PROCESS_LOCAL, 8267 bytes)","logger":"airflow.task.hooks.airflow.providers.apache.spark.hooks.spark_submit.SparkSubmitHook","filename":"spark_submit.py","lineno":644}
{"timestamp":"2026-01-11T16:43:11.603300Z","level":"info","event":"26/01/11 16:43:11 INFO Executor: Running task 0.0 in stage 25.0 (TID 38)","logger":"airflow.task.hooks.airflow.providers.apache.spark.hooks.spark_submit.SparkSubmitHook","filename":"spark_submit.py","lineno":644}
{"timestamp":"2026-01-11T16:43:11.605165Z","level":"info","event":"26/01/11 16:43:11 INFO FileScanRDD: Reading File path: file:///opt/airflow/data/raw/olist_products/part-00000-3ef4e2fe-86fd-4e58-bb3e-5304e29471de-c000.csv, range: 0-2338292, partition values: [empty row]","logger":"airflow.task.hooks.airflow.providers.apache.spark.hooks.spark_submit.SparkSubmitHook","filename":"spark_submit.py","lineno":644}
{"timestamp":"2026-01-11T16:43:11.619349Z","level":"info","event":"26/01/11 16:43:11 INFO Executor: Finished task 0.0 in stage 25.0 (TID 38). 1925 bytes result sent to driver","logger":"airflow.task.hooks.airflow.providers.apache.spark.hooks.spark_submit.SparkSubmitHook","filename":"spark_submit.py","lineno":644}
{"timestamp":"2026-01-11T16:43:11.620059Z","level":"info","event":"26/01/11 16:43:11 INFO TaskSetManager: Finished task 0.0 in stage 25.0 (TID 38) in 17 ms on localhost (executor driver) (1/1)","logger":"airflow.task.hooks.airflow.providers.apache.spark.hooks.spark_submit.SparkSubmitHook","filename":"spark_submit.py","lineno":644}
{"timestamp":"2026-01-11T16:43:11.620127Z","level":"info","event":"26/01/11 16:43:11 INFO TaskSchedulerImpl: Removed TaskSet 25.0, whose tasks have all completed, from pool","logger":"airflow.task.hooks.airflow.providers.apache.spark.hooks.spark_submit.SparkSubmitHook","filename":"spark_submit.py","lineno":644}
{"timestamp":"2026-01-11T16:43:11.620570Z","level":"info","event":"26/01/11 16:43:11 INFO DAGScheduler: ShuffleMapStage 25 (count at NativeMethodAccessorImpl.java:0) finished in 0.022 s","logger":"airflow.task.hooks.airflow.providers.apache.spark.hooks.spark_submit.SparkSubmitHook","filename":"spark_submit.py","lineno":644}
{"timestamp":"2026-01-11T16:43:11.620774Z","level":"info","event":"26/01/11 16:43:11 INFO DAGScheduler: looking for newly runnable stages","logger":"airflow.task.hooks.airflow.providers.apache.spark.hooks.spark_submit.SparkSubmitHook","filename":"spark_submit.py","lineno":644}
{"timestamp":"2026-01-11T16:43:11.620856Z","level":"info","event":"26/01/11 16:43:11 INFO DAGScheduler: running: Set()","logger":"airflow.task.hooks.airflow.providers.apache.spark.hooks.spark_submit.SparkSubmitHook","filename":"spark_submit.py","lineno":644}
{"timestamp":"2026-01-11T16:43:11.621212Z","level":"info","event":"26/01/11 16:43:11 INFO DAGScheduler: waiting: Set()","logger":"airflow.task.hooks.airflow.providers.apache.spark.hooks.spark_submit.SparkSubmitHook","filename":"spark_submit.py","lineno":644}
{"timestamp":"2026-01-11T16:43:11.621247Z","level":"info","event":"26/01/11 16:43:11 INFO DAGScheduler: failed: Set()","logger":"airflow.task.hooks.airflow.providers.apache.spark.hooks.spark_submit.SparkSubmitHook","filename":"spark_submit.py","lineno":644}
{"timestamp":"2026-01-11T16:43:11.630090Z","level":"info","event":"26/01/11 16:43:11 INFO SparkContext: Starting job: count at NativeMethodAccessorImpl.java:0","logger":"airflow.task.hooks.airflow.providers.apache.spark.hooks.spark_submit.SparkSubmitHook","filename":"spark_submit.py","lineno":644}
{"timestamp":"2026-01-11T16:43:11.630648Z","level":"info","event":"26/01/11 16:43:11 INFO DAGScheduler: Got job 20 (count at NativeMethodAccessorImpl.java:0) with 1 output partitions","logger":"airflow.task.hooks.airflow.providers.apache.spark.hooks.spark_submit.SparkSubmitHook","filename":"spark_submit.py","lineno":644}
{"timestamp":"2026-01-11T16:43:11.630708Z","level":"info","event":"26/01/11 16:43:11 INFO DAGScheduler: Final stage: ResultStage 27 (count at NativeMethodAccessorImpl.java:0)","logger":"airflow.task.hooks.airflow.providers.apache.spark.hooks.spark_submit.SparkSubmitHook","filename":"spark_submit.py","lineno":644}
{"timestamp":"2026-01-11T16:43:11.630738Z","level":"info","event":"26/01/11 16:43:11 INFO DAGScheduler: Parents of final stage: List(ShuffleMapStage 26)","logger":"airflow.task.hooks.airflow.providers.apache.spark.hooks.spark_submit.SparkSubmitHook","filename":"spark_submit.py","lineno":644}
{"timestamp":"2026-01-11T16:43:11.630850Z","level":"info","event":"26/01/11 16:43:11 INFO DAGScheduler: Missing parents: List()","logger":"airflow.task.hooks.airflow.providers.apache.spark.hooks.spark_submit.SparkSubmitHook","filename":"spark_submit.py","lineno":644}
{"timestamp":"2026-01-11T16:43:11.630991Z","level":"info","event":"26/01/11 16:43:11 INFO DAGScheduler: Submitting ResultStage 27 (MapPartitionsRDD[118] at count at NativeMethodAccessorImpl.java:0), which has no missing parents","logger":"airflow.task.hooks.airflow.providers.apache.spark.hooks.spark_submit.SparkSubmitHook","filename":"spark_submit.py","lineno":644}
{"timestamp":"2026-01-11T16:43:11.631826Z","level":"info","event":"26/01/11 16:43:11 INFO MemoryStore: Block broadcast_41 stored as values in memory (estimated size 12.5 KiB, free 1047.8 MiB)","logger":"airflow.task.hooks.airflow.providers.apache.spark.hooks.spark_submit.SparkSubmitHook","filename":"spark_submit.py","lineno":644}
{"timestamp":"2026-01-11T16:43:11.634343Z","level":"info","event":"26/01/11 16:43:11 INFO MemoryStore: Block broadcast_41_piece0 stored as bytes in memory (estimated size 5.9 KiB, free 1047.8 MiB)","logger":"airflow.task.hooks.airflow.providers.apache.spark.hooks.spark_submit.SparkSubmitHook","filename":"spark_submit.py","lineno":644}
{"timestamp":"2026-01-11T16:43:11.634789Z","level":"info","event":"26/01/11 16:43:11 INFO BlockManagerInfo: Added broadcast_41_piece0 in memory on localhost:45901 (size: 5.9 KiB, free: 1048.6 MiB)","logger":"airflow.task.hooks.airflow.providers.apache.spark.hooks.spark_submit.SparkSubmitHook","filename":"spark_submit.py","lineno":644}
{"timestamp":"2026-01-11T16:43:11.635073Z","level":"info","event":"26/01/11 16:43:11 INFO SparkContext: Created broadcast 41 from broadcast at DAGScheduler.scala:1580","logger":"airflow.task.hooks.airflow.providers.apache.spark.hooks.spark_submit.SparkSubmitHook","filename":"spark_submit.py","lineno":644}
{"timestamp":"2026-01-11T16:43:11.635326Z","level":"info","event":"26/01/11 16:43:11 INFO DAGScheduler: Submitting 1 missing tasks from ResultStage 27 (MapPartitionsRDD[118] at count at NativeMethodAccessorImpl.java:0) (first 15 tasks are for partitions Vector(0))","logger":"airflow.task.hooks.airflow.providers.apache.spark.hooks.spark_submit.SparkSubmitHook","filename":"spark_submit.py","lineno":644}
{"timestamp":"2026-01-11T16:43:11.635359Z","level":"info","event":"26/01/11 16:43:11 INFO TaskSchedulerImpl: Adding task set 27.0 with 1 tasks resource profile 0","logger":"airflow.task.hooks.airflow.providers.apache.spark.hooks.spark_submit.SparkSubmitHook","filename":"spark_submit.py","lineno":644}
{"timestamp":"2026-01-11T16:43:11.636011Z","level":"info","event":"26/01/11 16:43:11 INFO TaskSetManager: Starting task 0.0 in stage 27.0 (TID 39) (localhost, executor driver, partition 0, NODE_LOCAL, 7615 bytes)","logger":"airflow.task.hooks.airflow.providers.apache.spark.hooks.spark_submit.SparkSubmitHook","filename":"spark_submit.py","lineno":644}
{"timestamp":"2026-01-11T16:43:11.636437Z","level":"info","event":"26/01/11 16:43:11 INFO Executor: Running task 0.0 in stage 27.0 (TID 39)","logger":"airflow.task.hooks.airflow.providers.apache.spark.hooks.spark_submit.SparkSubmitHook","filename":"spark_submit.py","lineno":644}
{"timestamp":"2026-01-11T16:43:11.637941Z","level":"info","event":"26/01/11 16:43:11 INFO ShuffleBlockFetcherIterator: Getting 1 (60.0 B) non-empty blocks including 1 (60.0 B) local and 0 (0.0 B) host-local and 0 (0.0 B) push-merged-local and 0 (0.0 B) remote blocks","logger":"airflow.task.hooks.airflow.providers.apache.spark.hooks.spark_submit.SparkSubmitHook","filename":"spark_submit.py","lineno":644}
{"timestamp":"2026-01-11T16:43:11.637996Z","level":"info","event":"26/01/11 16:43:11 INFO ShuffleBlockFetcherIterator: Started 0 remote fetches in 0 ms","logger":"airflow.task.hooks.airflow.providers.apache.spark.hooks.spark_submit.SparkSubmitHook","filename":"spark_submit.py","lineno":644}
{"timestamp":"2026-01-11T16:43:11.642805Z","level":"info","event":"26/01/11 16:43:11 INFO BlockManagerInfo: Removed broadcast_38_piece0 on localhost:45901 in memory (size: 34.2 KiB, free: 1048.7 MiB)","logger":"airflow.task.hooks.airflow.providers.apache.spark.hooks.spark_submit.SparkSubmitHook","filename":"spark_submit.py","lineno":644}
{"timestamp":"2026-01-11T16:43:11.643168Z","level":"info","event":"26/01/11 16:43:11 INFO Executor: Finished task 0.0 in stage 27.0 (TID 39). 3995 bytes result sent to driver","logger":"airflow.task.hooks.airflow.providers.apache.spark.hooks.spark_submit.SparkSubmitHook","filename":"spark_submit.py","lineno":644}
{"timestamp":"2026-01-11T16:43:11.644309Z","level":"info","event":"26/01/11 16:43:11 INFO TaskSetManager: Finished task 0.0 in stage 27.0 (TID 39) in 9 ms on localhost (executor driver) (1/1)","logger":"airflow.task.hooks.airflow.providers.apache.spark.hooks.spark_submit.SparkSubmitHook","filename":"spark_submit.py","lineno":644}
{"timestamp":"2026-01-11T16:43:11.644382Z","level":"info","event":"26/01/11 16:43:11 INFO TaskSchedulerImpl: Removed TaskSet 27.0, whose tasks have all completed, from pool","logger":"airflow.task.hooks.airflow.providers.apache.spark.hooks.spark_submit.SparkSubmitHook","filename":"spark_submit.py","lineno":644}
{"timestamp":"2026-01-11T16:43:11.648997Z","level":"info","event":"26/01/11 16:43:11 INFO DAGScheduler: ResultStage 27 (count at NativeMethodAccessorImpl.java:0) finished in 0.014 s","logger":"airflow.task.hooks.airflow.providers.apache.spark.hooks.spark_submit.SparkSubmitHook","filename":"spark_submit.py","lineno":644}
{"timestamp":"2026-01-11T16:43:11.649178Z","level":"info","event":"26/01/11 16:43:11 INFO DAGScheduler: Job 20 is finished. Cancelling potential speculative or zombie tasks for this job","logger":"airflow.task.hooks.airflow.providers.apache.spark.hooks.spark_submit.SparkSubmitHook","filename":"spark_submit.py","lineno":644}
{"timestamp":"2026-01-11T16:43:11.649733Z","level":"info","event":"26/01/11 16:43:11 INFO TaskSchedulerImpl: Killing all running tasks in stage 27: Stage finished","logger":"airflow.task.hooks.airflow.providers.apache.spark.hooks.spark_submit.SparkSubmitHook","filename":"spark_submit.py","lineno":644}
{"timestamp":"2026-01-11T16:43:11.649808Z","level":"info","event":"26/01/11 16:43:11 INFO DAGScheduler: Job 20 finished: count at NativeMethodAccessorImpl.java:0, took 0.017125 s","logger":"airflow.task.hooks.airflow.providers.apache.spark.hooks.spark_submit.SparkSubmitHook","filename":"spark_submit.py","lineno":644}
{"timestamp":"2026-01-11T16:43:11.649944Z","level":"info","event":"26/01/11 16:43:11 INFO BlockManagerInfo: Removed broadcast_40_piece0 on localhost:45901 in memory (size: 8.8 KiB, free: 1048.7 MiB)","logger":"airflow.task.hooks.airflow.providers.apache.spark.hooks.spark_submit.SparkSubmitHook","filename":"spark_submit.py","lineno":644}
{"timestamp":"2026-01-11T16:43:11.650585Z","level":"info","event":"Loaded olist_products with 32951 records for cleaning.","logger":"airflow.task.hooks.airflow.providers.apache.spark.hooks.spark_submit.SparkSubmitHook","filename":"spark_submit.py","lineno":644}
{"timestamp":"2026-01-11T16:43:11.659529Z","level":"info","event":"26/01/11 16:43:11 INFO BlockManagerInfo: Removed broadcast_37_piece0 on localhost:45901 in memory (size: 6.4 KiB, free: 1048.7 MiB)","logger":"airflow.task.hooks.airflow.providers.apache.spark.hooks.spark_submit.SparkSubmitHook","filename":"spark_submit.py","lineno":644}
{"timestamp":"2026-01-11T16:43:11.660387Z","level":"info","event":"root","logger":"airflow.task.hooks.airflow.providers.apache.spark.hooks.spark_submit.SparkSubmitHook","filename":"spark_submit.py","lineno":644}
{"timestamp":"2026-01-11T16:43:11.660611Z","level":"info","event":"|-- product_id: string (nullable = true)","logger":"airflow.task.hooks.airflow.providers.apache.spark.hooks.spark_submit.SparkSubmitHook","filename":"spark_submit.py","lineno":644}
{"timestamp":"2026-01-11T16:43:11.660647Z","level":"info","event":"|-- product_category_name: string (nullable = true)","logger":"airflow.task.hooks.airflow.providers.apache.spark.hooks.spark_submit.SparkSubmitHook","filename":"spark_submit.py","lineno":644}
{"timestamp":"2026-01-11T16:43:11.660664Z","level":"info","event":"|-- product_name_lenght: string (nullable = true)","logger":"airflow.task.hooks.airflow.providers.apache.spark.hooks.spark_submit.SparkSubmitHook","filename":"spark_submit.py","lineno":644}
{"timestamp":"2026-01-11T16:43:11.660679Z","level":"info","event":"|-- product_description_lenght: string (nullable = true)","logger":"airflow.task.hooks.airflow.providers.apache.spark.hooks.spark_submit.SparkSubmitHook","filename":"spark_submit.py","lineno":644}
{"timestamp":"2026-01-11T16:43:11.660706Z","level":"info","event":"|-- product_photos_qty: string (nullable = true)","logger":"airflow.task.hooks.airflow.providers.apache.spark.hooks.spark_submit.SparkSubmitHook","filename":"spark_submit.py","lineno":644}
{"timestamp":"2026-01-11T16:43:11.660721Z","level":"info","event":"|-- product_weight_g: string (nullable = true)","logger":"airflow.task.hooks.airflow.providers.apache.spark.hooks.spark_submit.SparkSubmitHook","filename":"spark_submit.py","lineno":644}
{"timestamp":"2026-01-11T16:43:11.660735Z","level":"info","event":"|-- product_length_cm: string (nullable = true)","logger":"airflow.task.hooks.airflow.providers.apache.spark.hooks.spark_submit.SparkSubmitHook","filename":"spark_submit.py","lineno":644}
{"timestamp":"2026-01-11T16:43:11.660749Z","level":"info","event":"|-- product_height_cm: string (nullable = true)","logger":"airflow.task.hooks.airflow.providers.apache.spark.hooks.spark_submit.SparkSubmitHook","filename":"spark_submit.py","lineno":644}
{"timestamp":"2026-01-11T16:43:11.660763Z","level":"info","event":"|-- product_width_cm: string (nullable = true)","logger":"airflow.task.hooks.airflow.providers.apache.spark.hooks.spark_submit.SparkSubmitHook","filename":"spark_submit.py","lineno":644}
{"timestamp":"2026-01-11T16:43:11.660815Z","level":"info","event":"","logger":"airflow.task.hooks.airflow.providers.apache.spark.hooks.spark_submit.SparkSubmitHook","filename":"spark_submit.py","lineno":644}
{"timestamp":"2026-01-11T16:43:11.663977Z","level":"info","event":"26/01/11 16:43:11 INFO BlockManagerInfo: Removed broadcast_34_piece0 on localhost:45901 in memory (size: 8.8 KiB, free: 1048.7 MiB)","logger":"airflow.task.hooks.airflow.providers.apache.spark.hooks.spark_submit.SparkSubmitHook","filename":"spark_submit.py","lineno":644}
{"timestamp":"2026-01-11T16:43:11.670905Z","level":"info","event":"26/01/11 16:43:11 INFO BlockManagerInfo: Removed broadcast_35_piece0 on localhost:45901 in memory (size: 5.9 KiB, free: 1048.7 MiB)","logger":"airflow.task.hooks.airflow.providers.apache.spark.hooks.spark_submit.SparkSubmitHook","filename":"spark_submit.py","lineno":644}
{"timestamp":"2026-01-11T16:43:11.673341Z","level":"info","event":"26/01/11 16:43:11 INFO BlockManagerInfo: Removed broadcast_33_piece0 on localhost:45901 in memory (size: 34.2 KiB, free: 1048.7 MiB)","logger":"airflow.task.hooks.airflow.providers.apache.spark.hooks.spark_submit.SparkSubmitHook","filename":"spark_submit.py","lineno":644}
{"timestamp":"2026-01-11T16:43:11.674538Z","level":"info","event":"26/01/11 16:43:11 INFO BlockManagerInfo: Removed broadcast_36_piece0 on localhost:45901 in memory (size: 34.2 KiB, free: 1048.8 MiB)","logger":"airflow.task.hooks.airflow.providers.apache.spark.hooks.spark_submit.SparkSubmitHook","filename":"spark_submit.py","lineno":644}
{"timestamp":"2026-01-11T16:43:11.676061Z","level":"info","event":"26/01/11 16:43:11 INFO InMemoryFileIndex: It took 2 ms to list leaf files for 1 paths.","logger":"airflow.task.hooks.airflow.providers.apache.spark.hooks.spark_submit.SparkSubmitHook","filename":"spark_submit.py","lineno":644}
{"timestamp":"2026-01-11T16:43:11.681555Z","level":"info","event":"26/01/11 16:43:11 INFO InMemoryFileIndex: It took 1 ms to list leaf files for 1 paths.","logger":"airflow.task.hooks.airflow.providers.apache.spark.hooks.spark_submit.SparkSubmitHook","filename":"spark_submit.py","lineno":644}
{"timestamp":"2026-01-11T16:43:11.711958Z","level":"info","event":"26/01/11 16:43:11 INFO FileSourceStrategy: Pushed Filters:","logger":"airflow.task.hooks.airflow.providers.apache.spark.hooks.spark_submit.SparkSubmitHook","filename":"spark_submit.py","lineno":644}
{"timestamp":"2026-01-11T16:43:11.712065Z","level":"info","event":"26/01/11 16:43:11 INFO FileSourceStrategy: Post-Scan Filters: (length(trim(value#292, None)) > 0)","logger":"airflow.task.hooks.airflow.providers.apache.spark.hooks.spark_submit.SparkSubmitHook","filename":"spark_submit.py","lineno":644}
{"timestamp":"2026-01-11T16:43:11.716243Z","level":"info","event":"26/01/11 16:43:11 INFO MemoryStore: Block broadcast_42 stored as values in memory (estimated size 199.5 KiB, free 1048.4 MiB)","logger":"airflow.task.hooks.airflow.providers.apache.spark.hooks.spark_submit.SparkSubmitHook","filename":"spark_submit.py","lineno":644}
{"timestamp":"2026-01-11T16:43:11.720225Z","level":"info","event":"26/01/11 16:43:11 INFO MemoryStore: Block broadcast_42_piece0 stored as bytes in memory (estimated size 34.2 KiB, free 1048.3 MiB)","logger":"airflow.task.hooks.airflow.providers.apache.spark.hooks.spark_submit.SparkSubmitHook","filename":"spark_submit.py","lineno":644}
{"timestamp":"2026-01-11T16:43:11.720587Z","level":"info","event":"26/01/11 16:43:11 INFO BlockManagerInfo: Added broadcast_42_piece0 in memory on localhost:45901 (size: 34.2 KiB, free: 1048.7 MiB)","logger":"airflow.task.hooks.airflow.providers.apache.spark.hooks.spark_submit.SparkSubmitHook","filename":"spark_submit.py","lineno":644}
{"timestamp":"2026-01-11T16:43:11.720991Z","level":"info","event":"26/01/11 16:43:11 INFO SparkContext: Created broadcast 42 from csv at NativeMethodAccessorImpl.java:0","logger":"airflow.task.hooks.airflow.providers.apache.spark.hooks.spark_submit.SparkSubmitHook","filename":"spark_submit.py","lineno":644}
{"timestamp":"2026-01-11T16:43:11.721514Z","level":"info","event":"26/01/11 16:43:11 INFO FileSourceScanExec: Planning scan with bin packing, max size: 4194304 bytes, open cost is considered as scanning 4194304 bytes.","logger":"airflow.task.hooks.airflow.providers.apache.spark.hooks.spark_submit.SparkSubmitHook","filename":"spark_submit.py","lineno":644}
{"timestamp":"2026-01-11T16:43:11.725548Z","level":"info","event":"26/01/11 16:43:11 INFO SparkContext: Starting job: csv at NativeMethodAccessorImpl.java:0","logger":"airflow.task.hooks.airflow.providers.apache.spark.hooks.spark_submit.SparkSubmitHook","filename":"spark_submit.py","lineno":644}
{"timestamp":"2026-01-11T16:43:11.726132Z","level":"info","event":"26/01/11 16:43:11 INFO DAGScheduler: Got job 21 (csv at NativeMethodAccessorImpl.java:0) with 1 output partitions","logger":"airflow.task.hooks.airflow.providers.apache.spark.hooks.spark_submit.SparkSubmitHook","filename":"spark_submit.py","lineno":644}
{"timestamp":"2026-01-11T16:43:11.726203Z","level":"info","event":"26/01/11 16:43:11 INFO DAGScheduler: Final stage: ResultStage 28 (csv at NativeMethodAccessorImpl.java:0)","logger":"airflow.task.hooks.airflow.providers.apache.spark.hooks.spark_submit.SparkSubmitHook","filename":"spark_submit.py","lineno":644}
{"timestamp":"2026-01-11T16:43:11.726231Z","level":"info","event":"26/01/11 16:43:11 INFO DAGScheduler: Parents of final stage: List()","logger":"airflow.task.hooks.airflow.providers.apache.spark.hooks.spark_submit.SparkSubmitHook","filename":"spark_submit.py","lineno":644}
{"timestamp":"2026-01-11T16:43:11.726249Z","level":"info","event":"26/01/11 16:43:11 INFO DAGScheduler: Missing parents: List()","logger":"airflow.task.hooks.airflow.providers.apache.spark.hooks.spark_submit.SparkSubmitHook","filename":"spark_submit.py","lineno":644}
{"timestamp":"2026-01-11T16:43:11.726445Z","level":"info","event":"26/01/11 16:43:11 INFO DAGScheduler: Submitting ResultStage 28 (MapPartitionsRDD[122] at csv at NativeMethodAccessorImpl.java:0), which has no missing parents","logger":"airflow.task.hooks.airflow.providers.apache.spark.hooks.spark_submit.SparkSubmitHook","filename":"spark_submit.py","lineno":644}
{"timestamp":"2026-01-11T16:43:11.727479Z","level":"info","event":"26/01/11 16:43:11 INFO MemoryStore: Block broadcast_43 stored as values in memory (estimated size 13.5 KiB, free 1048.3 MiB)","logger":"airflow.task.hooks.airflow.providers.apache.spark.hooks.spark_submit.SparkSubmitHook","filename":"spark_submit.py","lineno":644}
{"timestamp":"2026-01-11T16:43:11.728671Z","level":"info","event":"26/01/11 16:43:11 INFO MemoryStore: Block broadcast_43_piece0 stored as bytes in memory (estimated size 6.4 KiB, free 1048.3 MiB)","logger":"airflow.task.hooks.airflow.providers.apache.spark.hooks.spark_submit.SparkSubmitHook","filename":"spark_submit.py","lineno":644}
{"timestamp":"2026-01-11T16:43:11.729587Z","level":"info","event":"26/01/11 16:43:11 INFO BlockManagerInfo: Added broadcast_43_piece0 in memory on localhost:45901 (size: 6.4 KiB, free: 1048.7 MiB)","logger":"airflow.task.hooks.airflow.providers.apache.spark.hooks.spark_submit.SparkSubmitHook","filename":"spark_submit.py","lineno":644}
{"timestamp":"2026-01-11T16:43:11.730201Z","level":"info","event":"26/01/11 16:43:11 INFO SparkContext: Created broadcast 43 from broadcast at DAGScheduler.scala:1580","logger":"airflow.task.hooks.airflow.providers.apache.spark.hooks.spark_submit.SparkSubmitHook","filename":"spark_submit.py","lineno":644}
{"timestamp":"2026-01-11T16:43:11.730669Z","level":"info","event":"26/01/11 16:43:11 INFO DAGScheduler: Submitting 1 missing tasks from ResultStage 28 (MapPartitionsRDD[122] at csv at NativeMethodAccessorImpl.java:0) (first 15 tasks are for partitions Vector(0))","logger":"airflow.task.hooks.airflow.providers.apache.spark.hooks.spark_submit.SparkSubmitHook","filename":"spark_submit.py","lineno":644}
{"timestamp":"2026-01-11T16:43:11.731032Z","level":"info","event":"26/01/11 16:43:11 INFO TaskSchedulerImpl: Adding task set 28.0 with 1 tasks resource profile 0","logger":"airflow.task.hooks.airflow.providers.apache.spark.hooks.spark_submit.SparkSubmitHook","filename":"spark_submit.py","lineno":644}
{"timestamp":"2026-01-11T16:43:11.732821Z","level":"info","event":"26/01/11 16:43:11 INFO TaskSetManager: Starting task 0.0 in stage 28.0 (TID 40) (localhost, executor driver, partition 0, PROCESS_LOCAL, 8277 bytes)","logger":"airflow.task.hooks.airflow.providers.apache.spark.hooks.spark_submit.SparkSubmitHook","filename":"spark_submit.py","lineno":644}
{"timestamp":"2026-01-11T16:43:11.735158Z","level":"info","event":"26/01/11 16:43:11 INFO Executor: Running task 0.0 in stage 28.0 (TID 40)","logger":"airflow.task.hooks.airflow.providers.apache.spark.hooks.spark_submit.SparkSubmitHook","filename":"spark_submit.py","lineno":644}
{"timestamp":"2026-01-11T16:43:11.738515Z","level":"info","event":"26/01/11 16:43:11 INFO FileScanRDD: Reading File path: file:///opt/airflow/data/raw/olist_sellers/part-00000-4ba0edea-4f6f-4e26-9369-2bc084106f7c-c000.csv, range: 0-164617, partition values: [empty row]","logger":"airflow.task.hooks.airflow.providers.apache.spark.hooks.spark_submit.SparkSubmitHook","filename":"spark_submit.py","lineno":644}
{"timestamp":"2026-01-11T16:43:11.742435Z","level":"info","event":"26/01/11 16:43:11 INFO Executor: Finished task 0.0 in stage 28.0 (TID 40). 1621 bytes result sent to driver","logger":"airflow.task.hooks.airflow.providers.apache.spark.hooks.spark_submit.SparkSubmitHook","filename":"spark_submit.py","lineno":644}
{"timestamp":"2026-01-11T16:43:11.743073Z","level":"info","event":"26/01/11 16:43:11 INFO TaskSetManager: Finished task 0.0 in stage 28.0 (TID 40) in 10 ms on localhost (executor driver) (1/1)","logger":"airflow.task.hooks.airflow.providers.apache.spark.hooks.spark_submit.SparkSubmitHook","filename":"spark_submit.py","lineno":644}
{"timestamp":"2026-01-11T16:43:11.743130Z","level":"info","event":"26/01/11 16:43:11 INFO TaskSchedulerImpl: Removed TaskSet 28.0, whose tasks have all completed, from pool","logger":"airflow.task.hooks.airflow.providers.apache.spark.hooks.spark_submit.SparkSubmitHook","filename":"spark_submit.py","lineno":644}
{"timestamp":"2026-01-11T16:43:11.743400Z","level":"info","event":"26/01/11 16:43:11 INFO DAGScheduler: ResultStage 28 (csv at NativeMethodAccessorImpl.java:0) finished in 0.017 s","logger":"airflow.task.hooks.airflow.providers.apache.spark.hooks.spark_submit.SparkSubmitHook","filename":"spark_submit.py","lineno":644}
{"timestamp":"2026-01-11T16:43:11.743538Z","level":"info","event":"26/01/11 16:43:11 INFO DAGScheduler: Job 21 is finished. Cancelling potential speculative or zombie tasks for this job","logger":"airflow.task.hooks.airflow.providers.apache.spark.hooks.spark_submit.SparkSubmitHook","filename":"spark_submit.py","lineno":644}
{"timestamp":"2026-01-11T16:43:11.743584Z","level":"info","event":"26/01/11 16:43:11 INFO TaskSchedulerImpl: Killing all running tasks in stage 28: Stage finished","logger":"airflow.task.hooks.airflow.providers.apache.spark.hooks.spark_submit.SparkSubmitHook","filename":"spark_submit.py","lineno":644}
{"timestamp":"2026-01-11T16:43:11.743929Z","level":"info","event":"26/01/11 16:43:11 INFO DAGScheduler: Job 21 finished: csv at NativeMethodAccessorImpl.java:0, took 0.018221 s","logger":"airflow.task.hooks.airflow.providers.apache.spark.hooks.spark_submit.SparkSubmitHook","filename":"spark_submit.py","lineno":644}
{"timestamp":"2026-01-11T16:43:11.750005Z","level":"info","event":"26/01/11 16:43:11 INFO FileSourceStrategy: Pushed Filters:","logger":"airflow.task.hooks.airflow.providers.apache.spark.hooks.spark_submit.SparkSubmitHook","filename":"spark_submit.py","lineno":644}
{"timestamp":"2026-01-11T16:43:11.750108Z","level":"info","event":"26/01/11 16:43:11 INFO FileSourceStrategy: Post-Scan Filters:","logger":"airflow.task.hooks.airflow.providers.apache.spark.hooks.spark_submit.SparkSubmitHook","filename":"spark_submit.py","lineno":644}
{"timestamp":"2026-01-11T16:43:11.751464Z","level":"info","event":"26/01/11 16:43:11 INFO MemoryStore: Block broadcast_44 stored as values in memory (estimated size 199.5 KiB, free 1048.1 MiB)","logger":"airflow.task.hooks.airflow.providers.apache.spark.hooks.spark_submit.SparkSubmitHook","filename":"spark_submit.py","lineno":644}
{"timestamp":"2026-01-11T16:43:11.755796Z","level":"info","event":"26/01/11 16:43:11 INFO MemoryStore: Block broadcast_44_piece0 stored as bytes in memory (estimated size 34.2 KiB, free 1048.1 MiB)","logger":"airflow.task.hooks.airflow.providers.apache.spark.hooks.spark_submit.SparkSubmitHook","filename":"spark_submit.py","lineno":644}
{"timestamp":"2026-01-11T16:43:11.756075Z","level":"info","event":"26/01/11 16:43:11 INFO BlockManagerInfo: Added broadcast_44_piece0 in memory on localhost:45901 (size: 34.2 KiB, free: 1048.7 MiB)","logger":"airflow.task.hooks.airflow.providers.apache.spark.hooks.spark_submit.SparkSubmitHook","filename":"spark_submit.py","lineno":644}
{"timestamp":"2026-01-11T16:43:11.756447Z","level":"info","event":"26/01/11 16:43:11 INFO SparkContext: Created broadcast 44 from csv at NativeMethodAccessorImpl.java:0","logger":"airflow.task.hooks.airflow.providers.apache.spark.hooks.spark_submit.SparkSubmitHook","filename":"spark_submit.py","lineno":644}
{"timestamp":"2026-01-11T16:43:11.756860Z","level":"info","event":"26/01/11 16:43:11 INFO FileSourceScanExec: Planning scan with bin packing, max size: 4194304 bytes, open cost is considered as scanning 4194304 bytes.","logger":"airflow.task.hooks.airflow.providers.apache.spark.hooks.spark_submit.SparkSubmitHook","filename":"spark_submit.py","lineno":644}
{"timestamp":"2026-01-11T16:43:11.762519Z","level":"info","event":"____________________________________________________","logger":"airflow.task.hooks.airflow.providers.apache.spark.hooks.spark_submit.SparkSubmitHook","filename":"spark_submit.py","lineno":644}
{"timestamp":"2026-01-11T16:43:11.767645Z","level":"info","event":"26/01/11 16:43:11 INFO FileSourceStrategy: Pushed Filters:","logger":"airflow.task.hooks.airflow.providers.apache.spark.hooks.spark_submit.SparkSubmitHook","filename":"spark_submit.py","lineno":644}
{"timestamp":"2026-01-11T16:43:11.767764Z","level":"info","event":"26/01/11 16:43:11 INFO FileSourceStrategy: Post-Scan Filters:","logger":"airflow.task.hooks.airflow.providers.apache.spark.hooks.spark_submit.SparkSubmitHook","filename":"spark_submit.py","lineno":644}
{"timestamp":"2026-01-11T16:43:11.780566Z","level":"info","event":"26/01/11 16:43:11 INFO MemoryStore: Block broadcast_45 stored as values in memory (estimated size 199.4 KiB, free 1047.9 MiB)","logger":"airflow.task.hooks.airflow.providers.apache.spark.hooks.spark_submit.SparkSubmitHook","filename":"spark_submit.py","lineno":644}
{"timestamp":"2026-01-11T16:43:11.785899Z","level":"info","event":"26/01/11 16:43:11 INFO MemoryStore: Block broadcast_45_piece0 stored as bytes in memory (estimated size 34.2 KiB, free 1047.9 MiB)","logger":"airflow.task.hooks.airflow.providers.apache.spark.hooks.spark_submit.SparkSubmitHook","filename":"spark_submit.py","lineno":644}
{"timestamp":"2026-01-11T16:43:11.786245Z","level":"info","event":"26/01/11 16:43:11 INFO BlockManagerInfo: Added broadcast_45_piece0 in memory on localhost:45901 (size: 34.2 KiB, free: 1048.7 MiB)","logger":"airflow.task.hooks.airflow.providers.apache.spark.hooks.spark_submit.SparkSubmitHook","filename":"spark_submit.py","lineno":644}
{"timestamp":"2026-01-11T16:43:11.786837Z","level":"info","event":"26/01/11 16:43:11 INFO SparkContext: Created broadcast 45 from count at NativeMethodAccessorImpl.java:0","logger":"airflow.task.hooks.airflow.providers.apache.spark.hooks.spark_submit.SparkSubmitHook","filename":"spark_submit.py","lineno":644}
{"timestamp":"2026-01-11T16:43:11.787866Z","level":"info","event":"26/01/11 16:43:11 INFO FileSourceScanExec: Planning scan with bin packing, max size: 4194304 bytes, open cost is considered as scanning 4194304 bytes.","logger":"airflow.task.hooks.airflow.providers.apache.spark.hooks.spark_submit.SparkSubmitHook","filename":"spark_submit.py","lineno":644}
{"timestamp":"2026-01-11T16:43:11.791092Z","level":"info","event":"26/01/11 16:43:11 INFO DAGScheduler: Registering RDD 132 (count at NativeMethodAccessorImpl.java:0) as input to shuffle 7","logger":"airflow.task.hooks.airflow.providers.apache.spark.hooks.spark_submit.SparkSubmitHook","filename":"spark_submit.py","lineno":644}
{"timestamp":"2026-01-11T16:43:11.791274Z","level":"info","event":"26/01/11 16:43:11 INFO DAGScheduler: Got map stage job 22 (count at NativeMethodAccessorImpl.java:0) with 1 output partitions","logger":"airflow.task.hooks.airflow.providers.apache.spark.hooks.spark_submit.SparkSubmitHook","filename":"spark_submit.py","lineno":644}
{"timestamp":"2026-01-11T16:43:11.791309Z","level":"info","event":"26/01/11 16:43:11 INFO DAGScheduler: Final stage: ShuffleMapStage 29 (count at NativeMethodAccessorImpl.java:0)","logger":"airflow.task.hooks.airflow.providers.apache.spark.hooks.spark_submit.SparkSubmitHook","filename":"spark_submit.py","lineno":644}
{"timestamp":"2026-01-11T16:43:11.791338Z","level":"info","event":"26/01/11 16:43:11 INFO DAGScheduler: Parents of final stage: List()","logger":"airflow.task.hooks.airflow.providers.apache.spark.hooks.spark_submit.SparkSubmitHook","filename":"spark_submit.py","lineno":644}
{"timestamp":"2026-01-11T16:43:11.791384Z","level":"info","event":"26/01/11 16:43:11 INFO DAGScheduler: Missing parents: List()","logger":"airflow.task.hooks.airflow.providers.apache.spark.hooks.spark_submit.SparkSubmitHook","filename":"spark_submit.py","lineno":644}
{"timestamp":"2026-01-11T16:43:11.791663Z","level":"info","event":"26/01/11 16:43:11 INFO DAGScheduler: Submitting ShuffleMapStage 29 (MapPartitionsRDD[132] at count at NativeMethodAccessorImpl.java:0), which has no missing parents","logger":"airflow.task.hooks.airflow.providers.apache.spark.hooks.spark_submit.SparkSubmitHook","filename":"spark_submit.py","lineno":644}
{"timestamp":"2026-01-11T16:43:11.794704Z","level":"info","event":"26/01/11 16:43:11 INFO MemoryStore: Block broadcast_46 stored as values in memory (estimated size 17.8 KiB, free 1047.8 MiB)","logger":"airflow.task.hooks.airflow.providers.apache.spark.hooks.spark_submit.SparkSubmitHook","filename":"spark_submit.py","lineno":644}
{"timestamp":"2026-01-11T16:43:11.795716Z","level":"info","event":"26/01/11 16:43:11 INFO MemoryStore: Block broadcast_46_piece0 stored as bytes in memory (estimated size 8.8 KiB, free 1047.8 MiB)","logger":"airflow.task.hooks.airflow.providers.apache.spark.hooks.spark_submit.SparkSubmitHook","filename":"spark_submit.py","lineno":644}
{"timestamp":"2026-01-11T16:43:11.795981Z","level":"info","event":"26/01/11 16:43:11 INFO BlockManagerInfo: Added broadcast_46_piece0 in memory on localhost:45901 (size: 8.8 KiB, free: 1048.6 MiB)","logger":"airflow.task.hooks.airflow.providers.apache.spark.hooks.spark_submit.SparkSubmitHook","filename":"spark_submit.py","lineno":644}
{"timestamp":"2026-01-11T16:43:11.796312Z","level":"info","event":"26/01/11 16:43:11 INFO SparkContext: Created broadcast 46 from broadcast at DAGScheduler.scala:1580","logger":"airflow.task.hooks.airflow.providers.apache.spark.hooks.spark_submit.SparkSubmitHook","filename":"spark_submit.py","lineno":644}
{"timestamp":"2026-01-11T16:43:11.796550Z","level":"info","event":"26/01/11 16:43:11 INFO DAGScheduler: Submitting 1 missing tasks from ShuffleMapStage 29 (MapPartitionsRDD[132] at count at NativeMethodAccessorImpl.java:0) (first 15 tasks are for partitions Vector(0))","logger":"airflow.task.hooks.airflow.providers.apache.spark.hooks.spark_submit.SparkSubmitHook","filename":"spark_submit.py","lineno":644}
{"timestamp":"2026-01-11T16:43:11.796585Z","level":"info","event":"26/01/11 16:43:11 INFO TaskSchedulerImpl: Adding task set 29.0 with 1 tasks resource profile 0","logger":"airflow.task.hooks.airflow.providers.apache.spark.hooks.spark_submit.SparkSubmitHook","filename":"spark_submit.py","lineno":644}
{"timestamp":"2026-01-11T16:43:11.797397Z","level":"info","event":"26/01/11 16:43:11 INFO TaskSetManager: Starting task 0.0 in stage 29.0 (TID 41) (localhost, executor driver, partition 0, PROCESS_LOCAL, 8266 bytes)","logger":"airflow.task.hooks.airflow.providers.apache.spark.hooks.spark_submit.SparkSubmitHook","filename":"spark_submit.py","lineno":644}
{"timestamp":"2026-01-11T16:43:11.797788Z","level":"info","event":"26/01/11 16:43:11 INFO Executor: Running task 0.0 in stage 29.0 (TID 41)","logger":"airflow.task.hooks.airflow.providers.apache.spark.hooks.spark_submit.SparkSubmitHook","filename":"spark_submit.py","lineno":644}
{"timestamp":"2026-01-11T16:43:11.800543Z","level":"info","event":"26/01/11 16:43:11 INFO FileScanRDD: Reading File path: file:///opt/airflow/data/raw/olist_sellers/part-00000-4ba0edea-4f6f-4e26-9369-2bc084106f7c-c000.csv, range: 0-164617, partition values: [empty row]","logger":"airflow.task.hooks.airflow.providers.apache.spark.hooks.spark_submit.SparkSubmitHook","filename":"spark_submit.py","lineno":644}
{"timestamp":"2026-01-11T16:43:11.807475Z","level":"info","event":"26/01/11 16:43:11 INFO Executor: Finished task 0.0 in stage 29.0 (TID 41). 1925 bytes result sent to driver","logger":"airflow.task.hooks.airflow.providers.apache.spark.hooks.spark_submit.SparkSubmitHook","filename":"spark_submit.py","lineno":644}
{"timestamp":"2026-01-11T16:43:11.808241Z","level":"info","event":"26/01/11 16:43:11 INFO TaskSetManager: Finished task 0.0 in stage 29.0 (TID 41) in 11 ms on localhost (executor driver) (1/1)","logger":"airflow.task.hooks.airflow.providers.apache.spark.hooks.spark_submit.SparkSubmitHook","filename":"spark_submit.py","lineno":644}
{"timestamp":"2026-01-11T16:43:11.808350Z","level":"info","event":"26/01/11 16:43:11 INFO TaskSchedulerImpl: Removed TaskSet 29.0, whose tasks have all completed, from pool","logger":"airflow.task.hooks.airflow.providers.apache.spark.hooks.spark_submit.SparkSubmitHook","filename":"spark_submit.py","lineno":644}
{"timestamp":"2026-01-11T16:43:11.808655Z","level":"info","event":"26/01/11 16:43:11 INFO DAGScheduler: ShuffleMapStage 29 (count at NativeMethodAccessorImpl.java:0) finished in 0.016 s","logger":"airflow.task.hooks.airflow.providers.apache.spark.hooks.spark_submit.SparkSubmitHook","filename":"spark_submit.py","lineno":644}
{"timestamp":"2026-01-11T16:43:11.808815Z","level":"info","event":"26/01/11 16:43:11 INFO DAGScheduler: looking for newly runnable stages","logger":"airflow.task.hooks.airflow.providers.apache.spark.hooks.spark_submit.SparkSubmitHook","filename":"spark_submit.py","lineno":644}
{"timestamp":"2026-01-11T16:43:11.808993Z","level":"info","event":"26/01/11 16:43:11 INFO DAGScheduler: running: Set()","logger":"airflow.task.hooks.airflow.providers.apache.spark.hooks.spark_submit.SparkSubmitHook","filename":"spark_submit.py","lineno":644}
{"timestamp":"2026-01-11T16:43:11.809083Z","level":"info","event":"26/01/11 16:43:11 INFO DAGScheduler: waiting: Set()","logger":"airflow.task.hooks.airflow.providers.apache.spark.hooks.spark_submit.SparkSubmitHook","filename":"spark_submit.py","lineno":644}
{"timestamp":"2026-01-11T16:43:11.809138Z","level":"info","event":"26/01/11 16:43:11 INFO DAGScheduler: failed: Set()","logger":"airflow.task.hooks.airflow.providers.apache.spark.hooks.spark_submit.SparkSubmitHook","filename":"spark_submit.py","lineno":644}
{"timestamp":"2026-01-11T16:43:11.819640Z","level":"info","event":"26/01/11 16:43:11 INFO SparkContext: Starting job: count at NativeMethodAccessorImpl.java:0","logger":"airflow.task.hooks.airflow.providers.apache.spark.hooks.spark_submit.SparkSubmitHook","filename":"spark_submit.py","lineno":644}
{"timestamp":"2026-01-11T16:43:11.820587Z","level":"info","event":"26/01/11 16:43:11 INFO DAGScheduler: Got job 23 (count at NativeMethodAccessorImpl.java:0) with 1 output partitions","logger":"airflow.task.hooks.airflow.providers.apache.spark.hooks.spark_submit.SparkSubmitHook","filename":"spark_submit.py","lineno":644}
{"timestamp":"2026-01-11T16:43:11.820793Z","level":"info","event":"26/01/11 16:43:11 INFO DAGScheduler: Final stage: ResultStage 31 (count at NativeMethodAccessorImpl.java:0)","logger":"airflow.task.hooks.airflow.providers.apache.spark.hooks.spark_submit.SparkSubmitHook","filename":"spark_submit.py","lineno":644}
{"timestamp":"2026-01-11T16:43:11.820901Z","level":"info","event":"26/01/11 16:43:11 INFO DAGScheduler: Parents of final stage: List(ShuffleMapStage 30)","logger":"airflow.task.hooks.airflow.providers.apache.spark.hooks.spark_submit.SparkSubmitHook","filename":"spark_submit.py","lineno":644}
{"timestamp":"2026-01-11T16:43:11.821242Z","level":"info","event":"26/01/11 16:43:11 INFO DAGScheduler: Missing parents: List()","logger":"airflow.task.hooks.airflow.providers.apache.spark.hooks.spark_submit.SparkSubmitHook","filename":"spark_submit.py","lineno":644}
{"timestamp":"2026-01-11T16:43:11.821383Z","level":"info","event":"26/01/11 16:43:11 INFO DAGScheduler: Submitting ResultStage 31 (MapPartitionsRDD[135] at count at NativeMethodAccessorImpl.java:0), which has no missing parents","logger":"airflow.task.hooks.airflow.providers.apache.spark.hooks.spark_submit.SparkSubmitHook","filename":"spark_submit.py","lineno":644}
{"timestamp":"2026-01-11T16:43:11.822831Z","level":"info","event":"26/01/11 16:43:11 INFO MemoryStore: Block broadcast_47 stored as values in memory (estimated size 12.5 KiB, free 1047.8 MiB)","logger":"airflow.task.hooks.airflow.providers.apache.spark.hooks.spark_submit.SparkSubmitHook","filename":"spark_submit.py","lineno":644}
{"timestamp":"2026-01-11T16:43:11.823464Z","level":"info","event":"26/01/11 16:43:11 INFO MemoryStore: Block broadcast_47_piece0 stored as bytes in memory (estimated size 5.9 KiB, free 1047.8 MiB)","logger":"airflow.task.hooks.airflow.providers.apache.spark.hooks.spark_submit.SparkSubmitHook","filename":"spark_submit.py","lineno":644}
{"timestamp":"2026-01-11T16:43:11.823717Z","level":"info","event":"26/01/11 16:43:11 INFO BlockManagerInfo: Added broadcast_47_piece0 in memory on localhost:45901 (size: 5.9 KiB, free: 1048.6 MiB)","logger":"airflow.task.hooks.airflow.providers.apache.spark.hooks.spark_submit.SparkSubmitHook","filename":"spark_submit.py","lineno":644}
{"timestamp":"2026-01-11T16:43:11.824107Z","level":"info","event":"26/01/11 16:43:11 INFO SparkContext: Created broadcast 47 from broadcast at DAGScheduler.scala:1580","logger":"airflow.task.hooks.airflow.providers.apache.spark.hooks.spark_submit.SparkSubmitHook","filename":"spark_submit.py","lineno":644}
{"timestamp":"2026-01-11T16:43:11.824403Z","level":"info","event":"26/01/11 16:43:11 INFO DAGScheduler: Submitting 1 missing tasks from ResultStage 31 (MapPartitionsRDD[135] at count at NativeMethodAccessorImpl.java:0) (first 15 tasks are for partitions Vector(0))","logger":"airflow.task.hooks.airflow.providers.apache.spark.hooks.spark_submit.SparkSubmitHook","filename":"spark_submit.py","lineno":644}
{"timestamp":"2026-01-11T16:43:11.824824Z","level":"info","event":"26/01/11 16:43:11 INFO TaskSchedulerImpl: Adding task set 31.0 with 1 tasks resource profile 0","logger":"airflow.task.hooks.airflow.providers.apache.spark.hooks.spark_submit.SparkSubmitHook","filename":"spark_submit.py","lineno":644}
{"timestamp":"2026-01-11T16:43:11.826736Z","level":"info","event":"26/01/11 16:43:11 INFO TaskSetManager: Starting task 0.0 in stage 31.0 (TID 42) (localhost, executor driver, partition 0, NODE_LOCAL, 7615 bytes)","logger":"airflow.task.hooks.airflow.providers.apache.spark.hooks.spark_submit.SparkSubmitHook","filename":"spark_submit.py","lineno":644}
{"timestamp":"2026-01-11T16:43:11.827634Z","level":"info","event":"26/01/11 16:43:11 INFO Executor: Running task 0.0 in stage 31.0 (TID 42)","logger":"airflow.task.hooks.airflow.providers.apache.spark.hooks.spark_submit.SparkSubmitHook","filename":"spark_submit.py","lineno":644}
{"timestamp":"2026-01-11T16:43:11.832351Z","level":"info","event":"26/01/11 16:43:11 INFO ShuffleBlockFetcherIterator: Getting 1 (60.0 B) non-empty blocks including 1 (60.0 B) local and 0 (0.0 B) host-local and 0 (0.0 B) push-merged-local and 0 (0.0 B) remote blocks","logger":"airflow.task.hooks.airflow.providers.apache.spark.hooks.spark_submit.SparkSubmitHook","filename":"spark_submit.py","lineno":644}
{"timestamp":"2026-01-11T16:43:11.832791Z","level":"info","event":"26/01/11 16:43:11 INFO ShuffleBlockFetcherIterator: Started 0 remote fetches in 0 ms","logger":"airflow.task.hooks.airflow.providers.apache.spark.hooks.spark_submit.SparkSubmitHook","filename":"spark_submit.py","lineno":644}
{"timestamp":"2026-01-11T16:43:11.834759Z","level":"info","event":"26/01/11 16:43:11 INFO Executor: Finished task 0.0 in stage 31.0 (TID 42). 3995 bytes result sent to driver","logger":"airflow.task.hooks.airflow.providers.apache.spark.hooks.spark_submit.SparkSubmitHook","filename":"spark_submit.py","lineno":644}
{"timestamp":"2026-01-11T16:43:11.836028Z","level":"info","event":"26/01/11 16:43:11 INFO TaskSetManager: Finished task 0.0 in stage 31.0 (TID 42) in 9 ms on localhost (executor driver) (1/1)","logger":"airflow.task.hooks.airflow.providers.apache.spark.hooks.spark_submit.SparkSubmitHook","filename":"spark_submit.py","lineno":644}
{"timestamp":"2026-01-11T16:43:11.836433Z","level":"info","event":"26/01/11 16:43:11 INFO TaskSchedulerImpl: Removed TaskSet 31.0, whose tasks have all completed, from pool","logger":"airflow.task.hooks.airflow.providers.apache.spark.hooks.spark_submit.SparkSubmitHook","filename":"spark_submit.py","lineno":644}
{"timestamp":"2026-01-11T16:43:11.836531Z","level":"info","event":"26/01/11 16:43:11 INFO DAGScheduler: ResultStage 31 (count at NativeMethodAccessorImpl.java:0) finished in 0.015 s","logger":"airflow.task.hooks.airflow.providers.apache.spark.hooks.spark_submit.SparkSubmitHook","filename":"spark_submit.py","lineno":644}
{"timestamp":"2026-01-11T16:43:11.836663Z","level":"info","event":"26/01/11 16:43:11 INFO DAGScheduler: Job 23 is finished. Cancelling potential speculative or zombie tasks for this job","logger":"airflow.task.hooks.airflow.providers.apache.spark.hooks.spark_submit.SparkSubmitHook","filename":"spark_submit.py","lineno":644}
{"timestamp":"2026-01-11T16:43:11.836803Z","level":"info","event":"26/01/11 16:43:11 INFO TaskSchedulerImpl: Killing all running tasks in stage 31: Stage finished","logger":"airflow.task.hooks.airflow.providers.apache.spark.hooks.spark_submit.SparkSubmitHook","filename":"spark_submit.py","lineno":644}
{"timestamp":"2026-01-11T16:43:11.837121Z","level":"info","event":"26/01/11 16:43:11 INFO DAGScheduler: Job 23 finished: count at NativeMethodAccessorImpl.java:0, took 0.017386 s","logger":"airflow.task.hooks.airflow.providers.apache.spark.hooks.spark_submit.SparkSubmitHook","filename":"spark_submit.py","lineno":644}
{"timestamp":"2026-01-11T16:43:11.838449Z","level":"info","event":"Loaded olist_sellers with 3095 records for cleaning.","logger":"airflow.task.hooks.airflow.providers.apache.spark.hooks.spark_submit.SparkSubmitHook","filename":"spark_submit.py","lineno":644}
{"timestamp":"2026-01-11T16:43:11.839620Z","level":"info","event":"root","logger":"airflow.task.hooks.airflow.providers.apache.spark.hooks.spark_submit.SparkSubmitHook","filename":"spark_submit.py","lineno":644}
{"timestamp":"2026-01-11T16:43:11.839805Z","level":"info","event":"|-- seller_id: string (nullable = true)","logger":"airflow.task.hooks.airflow.providers.apache.spark.hooks.spark_submit.SparkSubmitHook","filename":"spark_submit.py","lineno":644}
{"timestamp":"2026-01-11T16:43:11.839843Z","level":"info","event":"|-- seller_zip_code_prefix: string (nullable = true)","logger":"airflow.task.hooks.airflow.providers.apache.spark.hooks.spark_submit.SparkSubmitHook","filename":"spark_submit.py","lineno":644}
{"timestamp":"2026-01-11T16:43:11.839871Z","level":"info","event":"|-- seller_city: string (nullable = true)","logger":"airflow.task.hooks.airflow.providers.apache.spark.hooks.spark_submit.SparkSubmitHook","filename":"spark_submit.py","lineno":644}
{"timestamp":"2026-01-11T16:43:11.839891Z","level":"info","event":"|-- seller_state: string (nullable = true)","logger":"airflow.task.hooks.airflow.providers.apache.spark.hooks.spark_submit.SparkSubmitHook","filename":"spark_submit.py","lineno":644}
{"timestamp":"2026-01-11T16:43:11.839908Z","level":"info","event":"","logger":"airflow.task.hooks.airflow.providers.apache.spark.hooks.spark_submit.SparkSubmitHook","filename":"spark_submit.py","lineno":644}
{"timestamp":"2026-01-11T16:43:11.862911Z","level":"info","event":"26/01/11 16:43:11 INFO InMemoryFileIndex: It took 6 ms to list leaf files for 1 paths.","logger":"airflow.task.hooks.airflow.providers.apache.spark.hooks.spark_submit.SparkSubmitHook","filename":"spark_submit.py","lineno":644}
{"timestamp":"2026-01-11T16:43:11.867664Z","level":"info","event":"26/01/11 16:43:11 INFO InMemoryFileIndex: It took 1 ms to list leaf files for 1 paths.","logger":"airflow.task.hooks.airflow.providers.apache.spark.hooks.spark_submit.SparkSubmitHook","filename":"spark_submit.py","lineno":644}
{"timestamp":"2026-01-11T16:43:11.955767Z","level":"info","event":"26/01/11 16:43:11 INFO FileSourceStrategy: Pushed Filters:","logger":"airflow.task.hooks.airflow.providers.apache.spark.hooks.spark_submit.SparkSubmitHook","filename":"spark_submit.py","lineno":644}
{"timestamp":"2026-01-11T16:43:11.956241Z","level":"info","event":"26/01/11 16:43:11 INFO FileSourceStrategy: Post-Scan Filters: (length(trim(value#326, None)) > 0)","logger":"airflow.task.hooks.airflow.providers.apache.spark.hooks.spark_submit.SparkSubmitHook","filename":"spark_submit.py","lineno":644}
{"timestamp":"2026-01-11T16:43:11.965058Z","level":"info","event":"26/01/11 16:43:11 INFO MemoryStore: Block broadcast_48 stored as values in memory (estimated size 199.5 KiB, free 1047.6 MiB)","logger":"airflow.task.hooks.airflow.providers.apache.spark.hooks.spark_submit.SparkSubmitHook","filename":"spark_submit.py","lineno":644}
{"timestamp":"2026-01-11T16:43:11.973724Z","level":"info","event":"26/01/11 16:43:11 INFO MemoryStore: Block broadcast_48_piece0 stored as bytes in memory (estimated size 34.2 KiB, free 1047.6 MiB)","logger":"airflow.task.hooks.airflow.providers.apache.spark.hooks.spark_submit.SparkSubmitHook","filename":"spark_submit.py","lineno":644}
{"timestamp":"2026-01-11T16:43:11.974195Z","level":"info","event":"26/01/11 16:43:11 INFO BlockManagerInfo: Added broadcast_48_piece0 in memory on localhost:45901 (size: 34.2 KiB, free: 1048.6 MiB)","logger":"airflow.task.hooks.airflow.providers.apache.spark.hooks.spark_submit.SparkSubmitHook","filename":"spark_submit.py","lineno":644}
{"timestamp":"2026-01-11T16:43:11.974992Z","level":"info","event":"26/01/11 16:43:11 INFO SparkContext: Created broadcast 48 from csv at NativeMethodAccessorImpl.java:0","logger":"airflow.task.hooks.airflow.providers.apache.spark.hooks.spark_submit.SparkSubmitHook","filename":"spark_submit.py","lineno":644}
{"timestamp":"2026-01-11T16:43:11.976402Z","level":"info","event":"26/01/11 16:43:11 INFO FileSourceScanExec: Planning scan with bin packing, max size: 4194304 bytes, open cost is considered as scanning 4194304 bytes.","logger":"airflow.task.hooks.airflow.providers.apache.spark.hooks.spark_submit.SparkSubmitHook","filename":"spark_submit.py","lineno":644}
{"timestamp":"2026-01-11T16:43:11.982714Z","level":"info","event":"26/01/11 16:43:11 INFO SparkContext: Starting job: csv at NativeMethodAccessorImpl.java:0","logger":"airflow.task.hooks.airflow.providers.apache.spark.hooks.spark_submit.SparkSubmitHook","filename":"spark_submit.py","lineno":644}
{"timestamp":"2026-01-11T16:43:11.983706Z","level":"info","event":"26/01/11 16:43:11 INFO DAGScheduler: Got job 24 (csv at NativeMethodAccessorImpl.java:0) with 1 output partitions","logger":"airflow.task.hooks.airflow.providers.apache.spark.hooks.spark_submit.SparkSubmitHook","filename":"spark_submit.py","lineno":644}
{"timestamp":"2026-01-11T16:43:11.983772Z","level":"info","event":"26/01/11 16:43:11 INFO DAGScheduler: Final stage: ResultStage 32 (csv at NativeMethodAccessorImpl.java:0)","logger":"airflow.task.hooks.airflow.providers.apache.spark.hooks.spark_submit.SparkSubmitHook","filename":"spark_submit.py","lineno":644}
{"timestamp":"2026-01-11T16:43:11.983799Z","level":"info","event":"26/01/11 16:43:11 INFO DAGScheduler: Parents of final stage: List()","logger":"airflow.task.hooks.airflow.providers.apache.spark.hooks.spark_submit.SparkSubmitHook","filename":"spark_submit.py","lineno":644}
{"timestamp":"2026-01-11T16:43:11.983818Z","level":"info","event":"26/01/11 16:43:11 INFO DAGScheduler: Missing parents: List()","logger":"airflow.task.hooks.airflow.providers.apache.spark.hooks.spark_submit.SparkSubmitHook","filename":"spark_submit.py","lineno":644}
{"timestamp":"2026-01-11T16:43:11.984267Z","level":"info","event":"26/01/11 16:43:11 INFO DAGScheduler: Submitting ResultStage 32 (MapPartitionsRDD[139] at csv at NativeMethodAccessorImpl.java:0), which has no missing parents","logger":"airflow.task.hooks.airflow.providers.apache.spark.hooks.spark_submit.SparkSubmitHook","filename":"spark_submit.py","lineno":644}
{"timestamp":"2026-01-11T16:43:11.985566Z","level":"info","event":"26/01/11 16:43:11 INFO MemoryStore: Block broadcast_49 stored as values in memory (estimated size 13.5 KiB, free 1047.6 MiB)","logger":"airflow.task.hooks.airflow.providers.apache.spark.hooks.spark_submit.SparkSubmitHook","filename":"spark_submit.py","lineno":644}
{"timestamp":"2026-01-11T16:43:11.986497Z","level":"info","event":"26/01/11 16:43:11 INFO MemoryStore: Block broadcast_49_piece0 stored as bytes in memory (estimated size 6.4 KiB, free 1047.6 MiB)","logger":"airflow.task.hooks.airflow.providers.apache.spark.hooks.spark_submit.SparkSubmitHook","filename":"spark_submit.py","lineno":644}
{"timestamp":"2026-01-11T16:43:11.986798Z","level":"info","event":"26/01/11 16:43:11 INFO BlockManagerInfo: Added broadcast_49_piece0 in memory on localhost:45901 (size: 6.4 KiB, free: 1048.6 MiB)","logger":"airflow.task.hooks.airflow.providers.apache.spark.hooks.spark_submit.SparkSubmitHook","filename":"spark_submit.py","lineno":644}
{"timestamp":"2026-01-11T16:43:11.987622Z","level":"info","event":"26/01/11 16:43:11 INFO SparkContext: Created broadcast 49 from broadcast at DAGScheduler.scala:1580","logger":"airflow.task.hooks.airflow.providers.apache.spark.hooks.spark_submit.SparkSubmitHook","filename":"spark_submit.py","lineno":644}
{"timestamp":"2026-01-11T16:43:11.988066Z","level":"info","event":"26/01/11 16:43:11 INFO DAGScheduler: Submitting 1 missing tasks from ResultStage 32 (MapPartitionsRDD[139] at csv at NativeMethodAccessorImpl.java:0) (first 15 tasks are for partitions Vector(0))","logger":"airflow.task.hooks.airflow.providers.apache.spark.hooks.spark_submit.SparkSubmitHook","filename":"spark_submit.py","lineno":644}
{"timestamp":"2026-01-11T16:43:11.988143Z","level":"info","event":"26/01/11 16:43:11 INFO TaskSchedulerImpl: Adding task set 32.0 with 1 tasks resource profile 0","logger":"airflow.task.hooks.airflow.providers.apache.spark.hooks.spark_submit.SparkSubmitHook","filename":"spark_submit.py","lineno":644}
{"timestamp":"2026-01-11T16:43:11.989341Z","level":"info","event":"26/01/11 16:43:11 INFO TaskSetManager: Starting task 0.0 in stage 32.0 (TID 43) (localhost, executor driver, partition 0, PROCESS_LOCAL, 8297 bytes)","logger":"airflow.task.hooks.airflow.providers.apache.spark.hooks.spark_submit.SparkSubmitHook","filename":"spark_submit.py","lineno":644}
{"timestamp":"2026-01-11T16:43:11.991160Z","level":"info","event":"26/01/11 16:43:11 INFO Executor: Running task 0.0 in stage 32.0 (TID 43)","logger":"airflow.task.hooks.airflow.providers.apache.spark.hooks.spark_submit.SparkSubmitHook","filename":"spark_submit.py","lineno":644}
{"timestamp":"2026-01-11T16:43:11.994472Z","level":"info","event":"26/01/11 16:43:11 INFO FileScanRDD: Reading File path: file:///opt/airflow/data/raw/product_category_name_translation/part-00000-73c52658-44f4-48a2-ada6-b5744c71eee5-c000.csv, range: 0-2540, partition values: [empty row]","logger":"airflow.task.hooks.airflow.providers.apache.spark.hooks.spark_submit.SparkSubmitHook","filename":"spark_submit.py","lineno":644}
{"timestamp":"2026-01-11T16:43:12.000510Z","level":"info","event":"26/01/11 16:43:12 INFO Executor: Finished task 0.0 in stage 32.0 (TID 43). 1609 bytes result sent to driver","logger":"airflow.task.hooks.airflow.providers.apache.spark.hooks.spark_submit.SparkSubmitHook","filename":"spark_submit.py","lineno":644}
{"timestamp":"2026-01-11T16:43:12.002793Z","level":"info","event":"26/01/11 16:43:12 INFO TaskSetManager: Finished task 0.0 in stage 32.0 (TID 43) in 13 ms on localhost (executor driver) (1/1)","logger":"airflow.task.hooks.airflow.providers.apache.spark.hooks.spark_submit.SparkSubmitHook","filename":"spark_submit.py","lineno":644}
{"timestamp":"2026-01-11T16:43:12.002869Z","level":"info","event":"26/01/11 16:43:12 INFO TaskSchedulerImpl: Removed TaskSet 32.0, whose tasks have all completed, from pool","logger":"airflow.task.hooks.airflow.providers.apache.spark.hooks.spark_submit.SparkSubmitHook","filename":"spark_submit.py","lineno":644}
{"timestamp":"2026-01-11T16:43:12.003343Z","level":"info","event":"26/01/11 16:43:12 INFO DAGScheduler: ResultStage 32 (csv at NativeMethodAccessorImpl.java:0) finished in 0.019 s","logger":"airflow.task.hooks.airflow.providers.apache.spark.hooks.spark_submit.SparkSubmitHook","filename":"spark_submit.py","lineno":644}
{"timestamp":"2026-01-11T16:43:12.003480Z","level":"info","event":"26/01/11 16:43:12 INFO DAGScheduler: Job 24 is finished. Cancelling potential speculative or zombie tasks for this job","logger":"airflow.task.hooks.airflow.providers.apache.spark.hooks.spark_submit.SparkSubmitHook","filename":"spark_submit.py","lineno":644}
{"timestamp":"2026-01-11T16:43:12.003525Z","level":"info","event":"26/01/11 16:43:12 INFO TaskSchedulerImpl: Killing all running tasks in stage 32: Stage finished","logger":"airflow.task.hooks.airflow.providers.apache.spark.hooks.spark_submit.SparkSubmitHook","filename":"spark_submit.py","lineno":644}
{"timestamp":"2026-01-11T16:43:12.004103Z","level":"info","event":"26/01/11 16:43:12 INFO DAGScheduler: Job 24 finished: csv at NativeMethodAccessorImpl.java:0, took 0.021030 s","logger":"airflow.task.hooks.airflow.providers.apache.spark.hooks.spark_submit.SparkSubmitHook","filename":"spark_submit.py","lineno":644}
{"timestamp":"2026-01-11T16:43:12.012414Z","level":"info","event":"26/01/11 16:43:12 INFO FileSourceStrategy: Pushed Filters:","logger":"airflow.task.hooks.airflow.providers.apache.spark.hooks.spark_submit.SparkSubmitHook","filename":"spark_submit.py","lineno":644}
{"timestamp":"2026-01-11T16:43:12.012588Z","level":"info","event":"26/01/11 16:43:12 INFO FileSourceStrategy: Post-Scan Filters:","logger":"airflow.task.hooks.airflow.providers.apache.spark.hooks.spark_submit.SparkSubmitHook","filename":"spark_submit.py","lineno":644}
{"timestamp":"2026-01-11T16:43:12.015066Z","level":"info","event":"26/01/11 16:43:12 INFO MemoryStore: Block broadcast_50 stored as values in memory (estimated size 199.5 KiB, free 1047.4 MiB)","logger":"airflow.task.hooks.airflow.providers.apache.spark.hooks.spark_submit.SparkSubmitHook","filename":"spark_submit.py","lineno":644}
{"timestamp":"2026-01-11T16:43:12.022040Z","level":"info","event":"26/01/11 16:43:12 INFO MemoryStore: Block broadcast_50_piece0 stored as bytes in memory (estimated size 34.2 KiB, free 1047.3 MiB)","logger":"airflow.task.hooks.airflow.providers.apache.spark.hooks.spark_submit.SparkSubmitHook","filename":"spark_submit.py","lineno":644}
{"timestamp":"2026-01-11T16:43:12.022379Z","level":"info","event":"26/01/11 16:43:12 INFO BlockManagerInfo: Added broadcast_50_piece0 in memory on localhost:45901 (size: 34.2 KiB, free: 1048.6 MiB)","logger":"airflow.task.hooks.airflow.providers.apache.spark.hooks.spark_submit.SparkSubmitHook","filename":"spark_submit.py","lineno":644}
{"timestamp":"2026-01-11T16:43:12.023017Z","level":"info","event":"26/01/11 16:43:12 INFO SparkContext: Created broadcast 50 from csv at NativeMethodAccessorImpl.java:0","logger":"airflow.task.hooks.airflow.providers.apache.spark.hooks.spark_submit.SparkSubmitHook","filename":"spark_submit.py","lineno":644}
{"timestamp":"2026-01-11T16:43:12.023485Z","level":"info","event":"26/01/11 16:43:12 INFO FileSourceScanExec: Planning scan with bin packing, max size: 4194304 bytes, open cost is considered as scanning 4194304 bytes.","logger":"airflow.task.hooks.airflow.providers.apache.spark.hooks.spark_submit.SparkSubmitHook","filename":"spark_submit.py","lineno":644}
{"timestamp":"2026-01-11T16:43:12.031854Z","level":"info","event":"____________________________________________________","logger":"airflow.task.hooks.airflow.providers.apache.spark.hooks.spark_submit.SparkSubmitHook","filename":"spark_submit.py","lineno":644}
{"timestamp":"2026-01-11T16:43:12.044277Z","level":"info","event":"26/01/11 16:43:12 INFO FileSourceStrategy: Pushed Filters:","logger":"airflow.task.hooks.airflow.providers.apache.spark.hooks.spark_submit.SparkSubmitHook","filename":"spark_submit.py","lineno":644}
{"timestamp":"2026-01-11T16:43:12.044549Z","level":"info","event":"26/01/11 16:43:12 INFO FileSourceStrategy: Post-Scan Filters:","logger":"airflow.task.hooks.airflow.providers.apache.spark.hooks.spark_submit.SparkSubmitHook","filename":"spark_submit.py","lineno":644}
{"timestamp":"2026-01-11T16:43:12.050892Z","level":"info","event":"26/01/11 16:43:12 INFO MemoryStore: Block broadcast_51 stored as values in memory (estimated size 199.4 KiB, free 1047.1 MiB)","logger":"airflow.task.hooks.airflow.providers.apache.spark.hooks.spark_submit.SparkSubmitHook","filename":"spark_submit.py","lineno":644}
{"timestamp":"2026-01-11T16:43:12.085726Z","level":"info","event":"26/01/11 16:43:12 INFO BlockManagerInfo: Removed broadcast_41_piece0 on localhost:45901 in memory (size: 5.9 KiB, free: 1048.6 MiB)","logger":"airflow.task.hooks.airflow.providers.apache.spark.hooks.spark_submit.SparkSubmitHook","filename":"spark_submit.py","lineno":644}
{"timestamp":"2026-01-11T16:43:12.091677Z","level":"info","event":"26/01/11 16:43:12 INFO BlockManagerInfo: Removed broadcast_43_piece0 on localhost:45901 in memory (size: 6.4 KiB, free: 1048.6 MiB)","logger":"airflow.task.hooks.airflow.providers.apache.spark.hooks.spark_submit.SparkSubmitHook","filename":"spark_submit.py","lineno":644}
{"timestamp":"2026-01-11T16:43:12.092162Z","level":"info","event":"26/01/11 16:43:12 INFO MemoryStore: Block broadcast_51_piece0 stored as bytes in memory (estimated size 34.2 KiB, free 1047.1 MiB)","logger":"airflow.task.hooks.airflow.providers.apache.spark.hooks.spark_submit.SparkSubmitHook","filename":"spark_submit.py","lineno":644}
{"timestamp":"2026-01-11T16:43:12.092223Z","level":"info","event":"26/01/11 16:43:12 INFO BlockManagerInfo: Added broadcast_51_piece0 in memory on localhost:45901 (size: 34.2 KiB, free: 1048.5 MiB)","logger":"airflow.task.hooks.airflow.providers.apache.spark.hooks.spark_submit.SparkSubmitHook","filename":"spark_submit.py","lineno":644}
{"timestamp":"2026-01-11T16:43:12.092538Z","level":"info","event":"26/01/11 16:43:12 INFO SparkContext: Created broadcast 51 from count at NativeMethodAccessorImpl.java:0","logger":"airflow.task.hooks.airflow.providers.apache.spark.hooks.spark_submit.SparkSubmitHook","filename":"spark_submit.py","lineno":644}
{"timestamp":"2026-01-11T16:43:12.093802Z","level":"info","event":"26/01/11 16:43:12 INFO FileSourceScanExec: Planning scan with bin packing, max size: 4194304 bytes, open cost is considered as scanning 4194304 bytes.","logger":"airflow.task.hooks.airflow.providers.apache.spark.hooks.spark_submit.SparkSubmitHook","filename":"spark_submit.py","lineno":644}
{"timestamp":"2026-01-11T16:43:12.095449Z","level":"info","event":"26/01/11 16:43:12 INFO BlockManagerInfo: Removed broadcast_42_piece0 on localhost:45901 in memory (size: 34.2 KiB, free: 1048.6 MiB)","logger":"airflow.task.hooks.airflow.providers.apache.spark.hooks.spark_submit.SparkSubmitHook","filename":"spark_submit.py","lineno":644}
{"timestamp":"2026-01-11T16:43:12.098486Z","level":"info","event":"26/01/11 16:43:12 INFO DAGScheduler: Registering RDD 149 (count at NativeMethodAccessorImpl.java:0) as input to shuffle 8","logger":"airflow.task.hooks.airflow.providers.apache.spark.hooks.spark_submit.SparkSubmitHook","filename":"spark_submit.py","lineno":644}
{"timestamp":"2026-01-11T16:43:12.098606Z","level":"info","event":"26/01/11 16:43:12 INFO DAGScheduler: Got map stage job 25 (count at NativeMethodAccessorImpl.java:0) with 1 output partitions","logger":"airflow.task.hooks.airflow.providers.apache.spark.hooks.spark_submit.SparkSubmitHook","filename":"spark_submit.py","lineno":644}
{"timestamp":"2026-01-11T16:43:12.098635Z","level":"info","event":"26/01/11 16:43:12 INFO DAGScheduler: Final stage: ShuffleMapStage 33 (count at NativeMethodAccessorImpl.java:0)","logger":"airflow.task.hooks.airflow.providers.apache.spark.hooks.spark_submit.SparkSubmitHook","filename":"spark_submit.py","lineno":644}
{"timestamp":"2026-01-11T16:43:12.098663Z","level":"info","event":"26/01/11 16:43:12 INFO DAGScheduler: Parents of final stage: List()","logger":"airflow.task.hooks.airflow.providers.apache.spark.hooks.spark_submit.SparkSubmitHook","filename":"spark_submit.py","lineno":644}
{"timestamp":"2026-01-11T16:43:12.100261Z","level":"info","event":"26/01/11 16:43:12 INFO DAGScheduler: Missing parents: List()","logger":"airflow.task.hooks.airflow.providers.apache.spark.hooks.spark_submit.SparkSubmitHook","filename":"spark_submit.py","lineno":644}
{"timestamp":"2026-01-11T16:43:12.100326Z","level":"info","event":"26/01/11 16:43:12 INFO DAGScheduler: Submitting ShuffleMapStage 33 (MapPartitionsRDD[149] at count at NativeMethodAccessorImpl.java:0), which has no missing parents","logger":"airflow.task.hooks.airflow.providers.apache.spark.hooks.spark_submit.SparkSubmitHook","filename":"spark_submit.py","lineno":644}
{"timestamp":"2026-01-11T16:43:12.100719Z","level":"info","event":"26/01/11 16:43:12 INFO BlockManagerInfo: Removed broadcast_46_piece0 on localhost:45901 in memory (size: 8.8 KiB, free: 1048.6 MiB)","logger":"airflow.task.hooks.airflow.providers.apache.spark.hooks.spark_submit.SparkSubmitHook","filename":"spark_submit.py","lineno":644}
{"timestamp":"2026-01-11T16:43:12.104627Z","level":"info","event":"26/01/11 16:43:12 INFO BlockManagerInfo: Removed broadcast_48_piece0 on localhost:45901 in memory (size: 34.2 KiB, free: 1048.6 MiB)","logger":"airflow.task.hooks.airflow.providers.apache.spark.hooks.spark_submit.SparkSubmitHook","filename":"spark_submit.py","lineno":644}
{"timestamp":"2026-01-11T16:43:12.105427Z","level":"info","event":"26/01/11 16:43:12 INFO MemoryStore: Block broadcast_52 stored as values in memory (estimated size 17.7 KiB, free 1047.4 MiB)","logger":"airflow.task.hooks.airflow.providers.apache.spark.hooks.spark_submit.SparkSubmitHook","filename":"spark_submit.py","lineno":644}
{"timestamp":"2026-01-11T16:43:12.110329Z","level":"info","event":"26/01/11 16:43:12 INFO BlockManagerInfo: Removed broadcast_44_piece0 on localhost:45901 in memory (size: 34.2 KiB, free: 1048.7 MiB)","logger":"airflow.task.hooks.airflow.providers.apache.spark.hooks.spark_submit.SparkSubmitHook","filename":"spark_submit.py","lineno":644}
{"timestamp":"2026-01-11T16:43:12.110456Z","level":"info","event":"26/01/11 16:43:12 INFO MemoryStore: Block broadcast_52_piece0 stored as bytes in memory (estimated size 8.7 KiB, free 1047.6 MiB)","logger":"airflow.task.hooks.airflow.providers.apache.spark.hooks.spark_submit.SparkSubmitHook","filename":"spark_submit.py","lineno":644}
{"timestamp":"2026-01-11T16:43:12.110839Z","level":"info","event":"26/01/11 16:43:12 INFO BlockManagerInfo: Added broadcast_52_piece0 in memory on localhost:45901 (size: 8.7 KiB, free: 1048.6 MiB)","logger":"airflow.task.hooks.airflow.providers.apache.spark.hooks.spark_submit.SparkSubmitHook","filename":"spark_submit.py","lineno":644}
{"timestamp":"2026-01-11T16:43:12.113854Z","level":"info","event":"26/01/11 16:43:12 INFO SparkContext: Created broadcast 52 from broadcast at DAGScheduler.scala:1580","logger":"airflow.task.hooks.airflow.providers.apache.spark.hooks.spark_submit.SparkSubmitHook","filename":"spark_submit.py","lineno":644}
{"timestamp":"2026-01-11T16:43:12.114083Z","level":"info","event":"26/01/11 16:43:12 INFO DAGScheduler: Submitting 1 missing tasks from ShuffleMapStage 33 (MapPartitionsRDD[149] at count at NativeMethodAccessorImpl.java:0) (first 15 tasks are for partitions Vector(0))","logger":"airflow.task.hooks.airflow.providers.apache.spark.hooks.spark_submit.SparkSubmitHook","filename":"spark_submit.py","lineno":644}
{"timestamp":"2026-01-11T16:43:12.114317Z","level":"info","event":"26/01/11 16:43:12 INFO TaskSchedulerImpl: Adding task set 33.0 with 1 tasks resource profile 0","logger":"airflow.task.hooks.airflow.providers.apache.spark.hooks.spark_submit.SparkSubmitHook","filename":"spark_submit.py","lineno":644}
{"timestamp":"2026-01-11T16:43:12.114421Z","level":"info","event":"26/01/11 16:43:12 INFO TaskSetManager: Starting task 0.0 in stage 33.0 (TID 44) (localhost, executor driver, partition 0, PROCESS_LOCAL, 8286 bytes)","logger":"airflow.task.hooks.airflow.providers.apache.spark.hooks.spark_submit.SparkSubmitHook","filename":"spark_submit.py","lineno":644}
{"timestamp":"2026-01-11T16:43:12.115574Z","level":"info","event":"26/01/11 16:43:12 INFO BlockManagerInfo: Removed broadcast_49_piece0 on localhost:45901 in memory (size: 6.4 KiB, free: 1048.7 MiB)","logger":"airflow.task.hooks.airflow.providers.apache.spark.hooks.spark_submit.SparkSubmitHook","filename":"spark_submit.py","lineno":644}
{"timestamp":"2026-01-11T16:43:12.116211Z","level":"info","event":"26/01/11 16:43:12 INFO Executor: Running task 0.0 in stage 33.0 (TID 44)","logger":"airflow.task.hooks.airflow.providers.apache.spark.hooks.spark_submit.SparkSubmitHook","filename":"spark_submit.py","lineno":644}
{"timestamp":"2026-01-11T16:43:12.118853Z","level":"info","event":"26/01/11 16:43:12 INFO BlockManagerInfo: Removed broadcast_39_piece0 on localhost:45901 in memory (size: 34.2 KiB, free: 1048.7 MiB)","logger":"airflow.task.hooks.airflow.providers.apache.spark.hooks.spark_submit.SparkSubmitHook","filename":"spark_submit.py","lineno":644}
{"timestamp":"2026-01-11T16:43:12.119614Z","level":"info","event":"26/01/11 16:43:12 INFO FileScanRDD: Reading File path: file:///opt/airflow/data/raw/product_category_name_translation/part-00000-73c52658-44f4-48a2-ada6-b5744c71eee5-c000.csv, range: 0-2540, partition values: [empty row]","logger":"airflow.task.hooks.airflow.providers.apache.spark.hooks.spark_submit.SparkSubmitHook","filename":"spark_submit.py","lineno":644}
{"timestamp":"2026-01-11T16:43:12.121051Z","level":"info","event":"26/01/11 16:43:12 INFO BlockManagerInfo: Removed broadcast_45_piece0 on localhost:45901 in memory (size: 34.2 KiB, free: 1048.7 MiB)","logger":"airflow.task.hooks.airflow.providers.apache.spark.hooks.spark_submit.SparkSubmitHook","filename":"spark_submit.py","lineno":644}
{"timestamp":"2026-01-11T16:43:12.122795Z","level":"info","event":"26/01/11 16:43:12 INFO BlockManagerInfo: Removed broadcast_50_piece0 on localhost:45901 in memory (size: 34.2 KiB, free: 1048.8 MiB)","logger":"airflow.task.hooks.airflow.providers.apache.spark.hooks.spark_submit.SparkSubmitHook","filename":"spark_submit.py","lineno":644}
{"timestamp":"2026-01-11T16:43:12.126158Z","level":"info","event":"26/01/11 16:43:12 INFO BlockManagerInfo: Removed broadcast_47_piece0 on localhost:45901 in memory (size: 5.9 KiB, free: 1048.8 MiB)","logger":"airflow.task.hooks.airflow.providers.apache.spark.hooks.spark_submit.SparkSubmitHook","filename":"spark_submit.py","lineno":644}
{"timestamp":"2026-01-11T16:43:12.128447Z","level":"info","event":"26/01/11 16:43:12 INFO Executor: Finished task 0.0 in stage 33.0 (TID 44). 1925 bytes result sent to driver","logger":"airflow.task.hooks.airflow.providers.apache.spark.hooks.spark_submit.SparkSubmitHook","filename":"spark_submit.py","lineno":644}
{"timestamp":"2026-01-11T16:43:12.129057Z","level":"info","event":"26/01/11 16:43:12 INFO TaskSetManager: Finished task 0.0 in stage 33.0 (TID 44) in 15 ms on localhost (executor driver) (1/1)","logger":"airflow.task.hooks.airflow.providers.apache.spark.hooks.spark_submit.SparkSubmitHook","filename":"spark_submit.py","lineno":644}
{"timestamp":"2026-01-11T16:43:12.129104Z","level":"info","event":"26/01/11 16:43:12 INFO TaskSchedulerImpl: Removed TaskSet 33.0, whose tasks have all completed, from pool","logger":"airflow.task.hooks.airflow.providers.apache.spark.hooks.spark_submit.SparkSubmitHook","filename":"spark_submit.py","lineno":644}
{"timestamp":"2026-01-11T16:43:12.129415Z","level":"info","event":"26/01/11 16:43:12 INFO DAGScheduler: ShuffleMapStage 33 (count at NativeMethodAccessorImpl.java:0) finished in 0.030 s","logger":"airflow.task.hooks.airflow.providers.apache.spark.hooks.spark_submit.SparkSubmitHook","filename":"spark_submit.py","lineno":644}
{"timestamp":"2026-01-11T16:43:12.129463Z","level":"info","event":"26/01/11 16:43:12 INFO DAGScheduler: looking for newly runnable stages","logger":"airflow.task.hooks.airflow.providers.apache.spark.hooks.spark_submit.SparkSubmitHook","filename":"spark_submit.py","lineno":644}
{"timestamp":"2026-01-11T16:43:12.129488Z","level":"info","event":"26/01/11 16:43:12 INFO DAGScheduler: running: Set()","logger":"airflow.task.hooks.airflow.providers.apache.spark.hooks.spark_submit.SparkSubmitHook","filename":"spark_submit.py","lineno":644}
{"timestamp":"2026-01-11T16:43:12.129514Z","level":"info","event":"26/01/11 16:43:12 INFO DAGScheduler: waiting: Set()","logger":"airflow.task.hooks.airflow.providers.apache.spark.hooks.spark_submit.SparkSubmitHook","filename":"spark_submit.py","lineno":644}
{"timestamp":"2026-01-11T16:43:12.129538Z","level":"info","event":"26/01/11 16:43:12 INFO DAGScheduler: failed: Set()","logger":"airflow.task.hooks.airflow.providers.apache.spark.hooks.spark_submit.SparkSubmitHook","filename":"spark_submit.py","lineno":644}
{"timestamp":"2026-01-11T16:43:12.146919Z","level":"info","event":"26/01/11 16:43:12 INFO SparkContext: Starting job: count at NativeMethodAccessorImpl.java:0","logger":"airflow.task.hooks.airflow.providers.apache.spark.hooks.spark_submit.SparkSubmitHook","filename":"spark_submit.py","lineno":644}
{"timestamp":"2026-01-11T16:43:12.147886Z","level":"info","event":"26/01/11 16:43:12 INFO DAGScheduler: Got job 26 (count at NativeMethodAccessorImpl.java:0) with 1 output partitions","logger":"airflow.task.hooks.airflow.providers.apache.spark.hooks.spark_submit.SparkSubmitHook","filename":"spark_submit.py","lineno":644}
{"timestamp":"2026-01-11T16:43:12.148045Z","level":"info","event":"26/01/11 16:43:12 INFO DAGScheduler: Final stage: ResultStage 35 (count at NativeMethodAccessorImpl.java:0)","logger":"airflow.task.hooks.airflow.providers.apache.spark.hooks.spark_submit.SparkSubmitHook","filename":"spark_submit.py","lineno":644}
{"timestamp":"2026-01-11T16:43:12.148089Z","level":"info","event":"26/01/11 16:43:12 INFO DAGScheduler: Parents of final stage: List(ShuffleMapStage 34)","logger":"airflow.task.hooks.airflow.providers.apache.spark.hooks.spark_submit.SparkSubmitHook","filename":"spark_submit.py","lineno":644}
{"timestamp":"2026-01-11T16:43:12.148122Z","level":"info","event":"26/01/11 16:43:12 INFO DAGScheduler: Missing parents: List()","logger":"airflow.task.hooks.airflow.providers.apache.spark.hooks.spark_submit.SparkSubmitHook","filename":"spark_submit.py","lineno":644}
{"timestamp":"2026-01-11T16:43:12.148279Z","level":"info","event":"26/01/11 16:43:12 INFO DAGScheduler: Submitting ResultStage 35 (MapPartitionsRDD[152] at count at NativeMethodAccessorImpl.java:0), which has no missing parents","logger":"airflow.task.hooks.airflow.providers.apache.spark.hooks.spark_submit.SparkSubmitHook","filename":"spark_submit.py","lineno":644}
{"timestamp":"2026-01-11T16:43:12.150413Z","level":"info","event":"26/01/11 16:43:12 INFO MemoryStore: Block broadcast_53 stored as values in memory (estimated size 12.5 KiB, free 1048.5 MiB)","logger":"airflow.task.hooks.airflow.providers.apache.spark.hooks.spark_submit.SparkSubmitHook","filename":"spark_submit.py","lineno":644}
{"timestamp":"2026-01-11T16:43:12.152500Z","level":"info","event":"26/01/11 16:43:12 INFO MemoryStore: Block broadcast_53_piece0 stored as bytes in memory (estimated size 5.9 KiB, free 1048.5 MiB)","logger":"airflow.task.hooks.airflow.providers.apache.spark.hooks.spark_submit.SparkSubmitHook","filename":"spark_submit.py","lineno":644}
{"timestamp":"2026-01-11T16:43:12.152784Z","level":"info","event":"26/01/11 16:43:12 INFO BlockManagerInfo: Added broadcast_53_piece0 in memory on localhost:45901 (size: 5.9 KiB, free: 1048.8 MiB)","logger":"airflow.task.hooks.airflow.providers.apache.spark.hooks.spark_submit.SparkSubmitHook","filename":"spark_submit.py","lineno":644}
{"timestamp":"2026-01-11T16:43:12.153123Z","level":"info","event":"26/01/11 16:43:12 INFO SparkContext: Created broadcast 53 from broadcast at DAGScheduler.scala:1580","logger":"airflow.task.hooks.airflow.providers.apache.spark.hooks.spark_submit.SparkSubmitHook","filename":"spark_submit.py","lineno":644}
{"timestamp":"2026-01-11T16:43:12.153359Z","level":"info","event":"26/01/11 16:43:12 INFO DAGScheduler: Submitting 1 missing tasks from ResultStage 35 (MapPartitionsRDD[152] at count at NativeMethodAccessorImpl.java:0) (first 15 tasks are for partitions Vector(0))","logger":"airflow.task.hooks.airflow.providers.apache.spark.hooks.spark_submit.SparkSubmitHook","filename":"spark_submit.py","lineno":644}
{"timestamp":"2026-01-11T16:43:12.153391Z","level":"info","event":"26/01/11 16:43:12 INFO TaskSchedulerImpl: Adding task set 35.0 with 1 tasks resource profile 0","logger":"airflow.task.hooks.airflow.providers.apache.spark.hooks.spark_submit.SparkSubmitHook","filename":"spark_submit.py","lineno":644}
{"timestamp":"2026-01-11T16:43:12.154417Z","level":"info","event":"26/01/11 16:43:12 INFO TaskSetManager: Starting task 0.0 in stage 35.0 (TID 45) (localhost, executor driver, partition 0, NODE_LOCAL, 7615 bytes)","logger":"airflow.task.hooks.airflow.providers.apache.spark.hooks.spark_submit.SparkSubmitHook","filename":"spark_submit.py","lineno":644}
{"timestamp":"2026-01-11T16:43:12.155086Z","level":"info","event":"26/01/11 16:43:12 INFO Executor: Running task 0.0 in stage 35.0 (TID 45)","logger":"airflow.task.hooks.airflow.providers.apache.spark.hooks.spark_submit.SparkSubmitHook","filename":"spark_submit.py","lineno":644}
{"timestamp":"2026-01-11T16:43:12.157553Z","level":"info","event":"26/01/11 16:43:12 INFO ShuffleBlockFetcherIterator: Getting 1 (60.0 B) non-empty blocks including 1 (60.0 B) local and 0 (0.0 B) host-local and 0 (0.0 B) push-merged-local and 0 (0.0 B) remote blocks","logger":"airflow.task.hooks.airflow.providers.apache.spark.hooks.spark_submit.SparkSubmitHook","filename":"spark_submit.py","lineno":644}
{"timestamp":"2026-01-11T16:43:12.157651Z","level":"info","event":"26/01/11 16:43:12 INFO ShuffleBlockFetcherIterator: Started 0 remote fetches in 0 ms","logger":"airflow.task.hooks.airflow.providers.apache.spark.hooks.spark_submit.SparkSubmitHook","filename":"spark_submit.py","lineno":644}
{"timestamp":"2026-01-11T16:43:12.161098Z","level":"info","event":"26/01/11 16:43:12 INFO Executor: Finished task 0.0 in stage 35.0 (TID 45). 3995 bytes result sent to driver","logger":"airflow.task.hooks.airflow.providers.apache.spark.hooks.spark_submit.SparkSubmitHook","filename":"spark_submit.py","lineno":644}
{"timestamp":"2026-01-11T16:43:12.161982Z","level":"info","event":"26/01/11 16:43:12 INFO TaskSetManager: Finished task 0.0 in stage 35.0 (TID 45) in 7 ms on localhost (executor driver) (1/1)","logger":"airflow.task.hooks.airflow.providers.apache.spark.hooks.spark_submit.SparkSubmitHook","filename":"spark_submit.py","lineno":644}
{"timestamp":"2026-01-11T16:43:12.162024Z","level":"info","event":"26/01/11 16:43:12 INFO TaskSchedulerImpl: Removed TaskSet 35.0, whose tasks have all completed, from pool","logger":"airflow.task.hooks.airflow.providers.apache.spark.hooks.spark_submit.SparkSubmitHook","filename":"spark_submit.py","lineno":644}
{"timestamp":"2026-01-11T16:43:12.162874Z","level":"info","event":"26/01/11 16:43:12 INFO DAGScheduler: ResultStage 35 (count at NativeMethodAccessorImpl.java:0) finished in 0.014 s","logger":"airflow.task.hooks.airflow.providers.apache.spark.hooks.spark_submit.SparkSubmitHook","filename":"spark_submit.py","lineno":644}
{"timestamp":"2026-01-11T16:43:12.162999Z","level":"info","event":"26/01/11 16:43:12 INFO DAGScheduler: Job 26 is finished. Cancelling potential speculative or zombie tasks for this job","logger":"airflow.task.hooks.airflow.providers.apache.spark.hooks.spark_submit.SparkSubmitHook","filename":"spark_submit.py","lineno":644}
{"timestamp":"2026-01-11T16:43:12.163059Z","level":"info","event":"26/01/11 16:43:12 INFO TaskSchedulerImpl: Killing all running tasks in stage 35: Stage finished","logger":"airflow.task.hooks.airflow.providers.apache.spark.hooks.spark_submit.SparkSubmitHook","filename":"spark_submit.py","lineno":644}
{"timestamp":"2026-01-11T16:43:12.163172Z","level":"info","event":"26/01/11 16:43:12 INFO DAGScheduler: Job 26 finished: count at NativeMethodAccessorImpl.java:0, took 0.016235 s","logger":"airflow.task.hooks.airflow.providers.apache.spark.hooks.spark_submit.SparkSubmitHook","filename":"spark_submit.py","lineno":644}
{"timestamp":"2026-01-11T16:43:12.164161Z","level":"info","event":"Loaded product_category_name_translation with 71 records for cleaning.","logger":"airflow.task.hooks.airflow.providers.apache.spark.hooks.spark_submit.SparkSubmitHook","filename":"spark_submit.py","lineno":644}
{"timestamp":"2026-01-11T16:43:12.164697Z","level":"info","event":"root","logger":"airflow.task.hooks.airflow.providers.apache.spark.hooks.spark_submit.SparkSubmitHook","filename":"spark_submit.py","lineno":644}
{"timestamp":"2026-01-11T16:43:12.164734Z","level":"info","event":"|-- product_category_name: string (nullable = true)","logger":"airflow.task.hooks.airflow.providers.apache.spark.hooks.spark_submit.SparkSubmitHook","filename":"spark_submit.py","lineno":644}
{"timestamp":"2026-01-11T16:43:12.164751Z","level":"info","event":"|-- product_category_name_english: string (nullable = true)","logger":"airflow.task.hooks.airflow.providers.apache.spark.hooks.spark_submit.SparkSubmitHook","filename":"spark_submit.py","lineno":644}
{"timestamp":"2026-01-11T16:43:12.164767Z","level":"info","event":"","logger":"airflow.task.hooks.airflow.providers.apache.spark.hooks.spark_submit.SparkSubmitHook","filename":"spark_submit.py","lineno":644}
{"timestamp":"2026-01-11T16:43:12.164782Z","level":"info","event":"=====================================================","logger":"airflow.task.hooks.airflow.providers.apache.spark.hooks.spark_submit.SparkSubmitHook","filename":"spark_submit.py","lineno":644}
{"timestamp":"2026-01-11T16:43:12.164809Z","level":"info","event":"printing cleaned dataframes now...","logger":"airflow.task.hooks.airflow.providers.apache.spark.hooks.spark_submit.SparkSubmitHook","filename":"spark_submit.py","lineno":644}
{"timestamp":"2026-01-11T16:43:12.164827Z","level":"info","event":"=====================================================","logger":"airflow.task.hooks.airflow.providers.apache.spark.hooks.spark_submit.SparkSubmitHook","filename":"spark_submit.py","lineno":644}
{"timestamp":"2026-01-11T16:43:12.314351Z","level":"info","event":"Traceback (most recent call last):","logger":"airflow.task.hooks.airflow.providers.apache.spark.hooks.spark_submit.SparkSubmitHook","filename":"spark_submit.py","lineno":644}
{"timestamp":"2026-01-11T16:43:12.314975Z","level":"info","event":"File \"/opt/airflow/src/cleaning.py\", line 159, in <module>","logger":"airflow.task.hooks.airflow.providers.apache.spark.hooks.spark_submit.SparkSubmitHook","filename":"spark_submit.py","lineno":644}
{"timestamp":"2026-01-11T16:43:12.318254Z","level":"info","event":"clean_data()","logger":"airflow.task.hooks.airflow.providers.apache.spark.hooks.spark_submit.SparkSubmitHook","filename":"spark_submit.py","lineno":644}
{"timestamp":"2026-01-11T16:43:12.318650Z","level":"info","event":"File \"/opt/airflow/src/cleaning.py\", line 138, in clean_data","logger":"airflow.task.hooks.airflow.providers.apache.spark.hooks.spark_submit.SparkSubmitHook","filename":"spark_submit.py","lineno":644}
{"timestamp":"2026-01-11T16:43:12.319340Z","level":"info","event":"dfs['olist_order_reviews'] = clean_order_reviews()","logger":"airflow.task.hooks.airflow.providers.apache.spark.hooks.spark_submit.SparkSubmitHook","filename":"spark_submit.py","lineno":644}
{"timestamp":"2026-01-11T16:43:12.319480Z","level":"info","event":"^^^^^^^^^^^^^^^^^^^^^","logger":"airflow.task.hooks.airflow.providers.apache.spark.hooks.spark_submit.SparkSubmitHook","filename":"spark_submit.py","lineno":644}
{"timestamp":"2026-01-11T16:43:12.319636Z","level":"info","event":"File \"/opt/airflow/src/cleaning.py\", line 63, in clean_order_reviews","logger":"airflow.task.hooks.airflow.providers.apache.spark.hooks.spark_submit.SparkSubmitHook","filename":"spark_submit.py","lineno":644}
{"timestamp":"2026-01-11T16:43:12.320921Z","level":"info","event":"col(\"review_score\").try_cast(\"int\"),","logger":"airflow.task.hooks.airflow.providers.apache.spark.hooks.spark_submit.SparkSubmitHook","filename":"spark_submit.py","lineno":644}
{"timestamp":"2026-01-11T16:43:12.321029Z","level":"info","event":"^^^^^^^^^^^^^^^^^^^^^^^^^^^^^^^^^^^","logger":"airflow.task.hooks.airflow.providers.apache.spark.hooks.spark_submit.SparkSubmitHook","filename":"spark_submit.py","lineno":644}
{"timestamp":"2026-01-11T16:43:12.321073Z","level":"info","event":"TypeError: 'Column' object is not callable","logger":"airflow.task.hooks.airflow.providers.apache.spark.hooks.spark_submit.SparkSubmitHook","filename":"spark_submit.py","lineno":644}
{"timestamp":"2026-01-11T16:43:12.640763Z","level":"info","event":"26/01/11 16:43:12 INFO SparkContext: Invoking stop() from shutdown hook","logger":"airflow.task.hooks.airflow.providers.apache.spark.hooks.spark_submit.SparkSubmitHook","filename":"spark_submit.py","lineno":644}
{"timestamp":"2026-01-11T16:43:12.642083Z","level":"info","event":"26/01/11 16:43:12 INFO SparkContext: SparkContext is stopping with exitCode 0.","logger":"airflow.task.hooks.airflow.providers.apache.spark.hooks.spark_submit.SparkSubmitHook","filename":"spark_submit.py","lineno":644}
{"timestamp":"2026-01-11T16:43:12.685325Z","level":"info","event":"26/01/11 16:43:12 INFO SparkUI: Stopped Spark web UI at http://localhost:4040","logger":"airflow.task.hooks.airflow.providers.apache.spark.hooks.spark_submit.SparkSubmitHook","filename":"spark_submit.py","lineno":644}
{"timestamp":"2026-01-11T16:43:12.715080Z","level":"info","event":"26/01/11 16:43:12 INFO MapOutputTrackerMasterEndpoint: MapOutputTrackerMasterEndpoint stopped!","logger":"airflow.task.hooks.airflow.providers.apache.spark.hooks.spark_submit.SparkSubmitHook","filename":"spark_submit.py","lineno":644}
{"timestamp":"2026-01-11T16:43:12.780769Z","level":"info","event":"26/01/11 16:43:12 INFO MemoryStore: MemoryStore cleared","logger":"airflow.task.hooks.airflow.providers.apache.spark.hooks.spark_submit.SparkSubmitHook","filename":"spark_submit.py","lineno":644}
{"timestamp":"2026-01-11T16:43:12.782660Z","level":"info","event":"26/01/11 16:43:12 INFO BlockManager: BlockManager stopped","logger":"airflow.task.hooks.airflow.providers.apache.spark.hooks.spark_submit.SparkSubmitHook","filename":"spark_submit.py","lineno":644}
{"timestamp":"2026-01-11T16:43:12.789785Z","level":"info","event":"26/01/11 16:43:12 INFO BlockManagerMaster: BlockManagerMaster stopped","logger":"airflow.task.hooks.airflow.providers.apache.spark.hooks.spark_submit.SparkSubmitHook","filename":"spark_submit.py","lineno":644}
{"timestamp":"2026-01-11T16:43:12.810984Z","level":"info","event":"26/01/11 16:43:12 INFO OutputCommitCoordinator$OutputCommitCoordinatorEndpoint: OutputCommitCoordinator stopped!","logger":"airflow.task.hooks.airflow.providers.apache.spark.hooks.spark_submit.SparkSubmitHook","filename":"spark_submit.py","lineno":644}
{"timestamp":"2026-01-11T16:43:12.837760Z","level":"info","event":"26/01/11 16:43:12 INFO SparkContext: Successfully stopped SparkContext","logger":"airflow.task.hooks.airflow.providers.apache.spark.hooks.spark_submit.SparkSubmitHook","filename":"spark_submit.py","lineno":644}
{"timestamp":"2026-01-11T16:43:12.837868Z","level":"info","event":"26/01/11 16:43:12 INFO ShutdownHookManager: Shutdown hook called","logger":"airflow.task.hooks.airflow.providers.apache.spark.hooks.spark_submit.SparkSubmitHook","filename":"spark_submit.py","lineno":644}
{"timestamp":"2026-01-11T16:43:12.838383Z","level":"info","event":"26/01/11 16:43:12 INFO ShutdownHookManager: Deleting directory /tmp/spark-de19c595-b1cb-409c-942b-fa909cf979a4/pyspark-c202aeb7-81af-4c32-ad5f-2de35e030803","logger":"airflow.task.hooks.airflow.providers.apache.spark.hooks.spark_submit.SparkSubmitHook","filename":"spark_submit.py","lineno":644}
{"timestamp":"2026-01-11T16:43:12.841389Z","level":"info","event":"26/01/11 16:43:12 INFO ShutdownHookManager: Deleting directory /tmp/spark-de19c595-b1cb-409c-942b-fa909cf979a4","logger":"airflow.task.hooks.airflow.providers.apache.spark.hooks.spark_submit.SparkSubmitHook","filename":"spark_submit.py","lineno":644}
{"timestamp":"2026-01-11T16:43:12.843899Z","level":"info","event":"26/01/11 16:43:12 INFO ShutdownHookManager: Deleting directory /tmp/spark-9cf6de4b-4a29-4a37-9fc7-d4b6862d16c4","logger":"airflow.task.hooks.airflow.providers.apache.spark.hooks.spark_submit.SparkSubmitHook","filename":"spark_submit.py","lineno":644}
{"timestamp":"2026-01-11T16:43:12.915286Z","level":"error","event":"Task failed with exception","logger":"task","filename":"task_runner.py","lineno":986,"error_detail":[{"exc_type":"AirflowException","exc_value":"Cannot execute: spark-submit --master local[*] --name arrow-spark --verbose --deploy-mode client /opt/airflow/src/cleaning.py. Error code is: 1.","exc_notes":[],"syntax_error":null,"is_cause":false,"frames":[{"filename":"/home/airflow/.local/lib/python3.12/site-packages/airflow/sdk/execution_time/task_runner.py","lineno":934,"name":"run"},{"filename":"/home/airflow/.local/lib/python3.12/site-packages/airflow/sdk/execution_time/task_runner.py","lineno":1320,"name":"_execute_task"},{"filename":"/home/airflow/.local/lib/python3.12/site-packages/airflow/sdk/bases/operator.py","lineno":417,"name":"wrapper"},{"filename":"/home/airflow/.local/lib/python3.12/site-packages/airflow/providers/apache/spark/operators/spark_submit.py","lineno":197,"name":"execute"},{"filename":"/home/airflow/.local/lib/python3.12/site-packages/airflow/providers/apache/spark/hooks/spark_submit.py","lineno":566,"name":"submit"}],"is_group":false,"exceptions":[]}]}
