{"timestamp":"2026-01-11T16:32:06.003331Z","level":"info","event":"DAG bundles loaded: dags-folder","logger":"airflow.dag_processing.bundles.manager.DagBundlesManager","filename":"manager.py","lineno":179}
{"timestamp":"2026-01-11T16:32:06.029543Z","level":"info","event":"Filling up the DagBag from /opt/airflow/dags/ecom_pipeline.py","logger":"airflow.models.dagbag.DagBag","filename":"dagbag.py","lineno":593}
{"timestamp":"2026-01-11T16:32:06.833186Z","level":"warning","event":"The `airflow.hooks.base.BaseHook` attribute is deprecated. Please use `'airflow.sdk.bases.hook.BaseHook'`.","category":"DeprecatedImportWarning","filename":"/home/airflow/.local/lib/python3.12/site-packages/airflow/providers/apache/spark/hooks/spark_submit.py","lineno":35,"logger":"py.warnings"}
{"timestamp":"2026-01-11T16:32:06.834740Z","level":"warning","event":"The `airflow.operators.bash.BashOperator` attribute is deprecated. Please use `'airflow.providers.standard.operators.bash.BashOperator'`.","category":"DeprecatedImportWarning","filename":"/opt/airflow/dags/ecom_pipeline.py","lineno":6,"logger":"py.warnings"}
{"timestamp":"2026-01-11T16:32:10.972735Z","level":"info","event":"Spark-Submit cmd: spark-submit --master local[*] --name arrow-spark --verbose --deploy-mode client /opt/airflow/src/cleaning.py","logger":"airflow.task.hooks.airflow.providers.apache.spark.hooks.spark_submit.SparkSubmitHook","filename":"spark_submit.py","lineno":474}
{"timestamp":"2026-01-11T16:32:13.316116Z","level":"info","event":"Using properties file: null","logger":"airflow.task.hooks.airflow.providers.apache.spark.hooks.spark_submit.SparkSubmitHook","filename":"spark_submit.py","lineno":644}
{"timestamp":"2026-01-11T16:32:13.440848Z","level":"info","event":"Parsed arguments:","logger":"airflow.task.hooks.airflow.providers.apache.spark.hooks.spark_submit.SparkSubmitHook","filename":"spark_submit.py","lineno":644}
{"timestamp":"2026-01-11T16:32:13.441731Z","level":"info","event":"master                  local[*]","logger":"airflow.task.hooks.airflow.providers.apache.spark.hooks.spark_submit.SparkSubmitHook","filename":"spark_submit.py","lineno":644}
{"timestamp":"2026-01-11T16:32:13.442337Z","level":"info","event":"remote                  null","logger":"airflow.task.hooks.airflow.providers.apache.spark.hooks.spark_submit.SparkSubmitHook","filename":"spark_submit.py","lineno":644}
{"timestamp":"2026-01-11T16:32:13.442771Z","level":"info","event":"deployMode              client","logger":"airflow.task.hooks.airflow.providers.apache.spark.hooks.spark_submit.SparkSubmitHook","filename":"spark_submit.py","lineno":644}
{"timestamp":"2026-01-11T16:32:13.442932Z","level":"info","event":"executorMemory          1g","logger":"airflow.task.hooks.airflow.providers.apache.spark.hooks.spark_submit.SparkSubmitHook","filename":"spark_submit.py","lineno":644}
{"timestamp":"2026-01-11T16:32:13.443047Z","level":"info","event":"executorCores           null","logger":"airflow.task.hooks.airflow.providers.apache.spark.hooks.spark_submit.SparkSubmitHook","filename":"spark_submit.py","lineno":644}
{"timestamp":"2026-01-11T16:32:13.443214Z","level":"info","event":"totalExecutorCores      null","logger":"airflow.task.hooks.airflow.providers.apache.spark.hooks.spark_submit.SparkSubmitHook","filename":"spark_submit.py","lineno":644}
{"timestamp":"2026-01-11T16:32:13.443315Z","level":"info","event":"propertiesFile          null","logger":"airflow.task.hooks.airflow.providers.apache.spark.hooks.spark_submit.SparkSubmitHook","filename":"spark_submit.py","lineno":644}
{"timestamp":"2026-01-11T16:32:13.443408Z","level":"info","event":"driverMemory            2g","logger":"airflow.task.hooks.airflow.providers.apache.spark.hooks.spark_submit.SparkSubmitHook","filename":"spark_submit.py","lineno":644}
{"timestamp":"2026-01-11T16:32:13.443496Z","level":"info","event":"driverCores             null","logger":"airflow.task.hooks.airflow.providers.apache.spark.hooks.spark_submit.SparkSubmitHook","filename":"spark_submit.py","lineno":644}
{"timestamp":"2026-01-11T16:32:13.443581Z","level":"info","event":"driverExtraClassPath    null","logger":"airflow.task.hooks.airflow.providers.apache.spark.hooks.spark_submit.SparkSubmitHook","filename":"spark_submit.py","lineno":644}
{"timestamp":"2026-01-11T16:32:13.443727Z","level":"info","event":"driverExtraLibraryPath  null","logger":"airflow.task.hooks.airflow.providers.apache.spark.hooks.spark_submit.SparkSubmitHook","filename":"spark_submit.py","lineno":644}
{"timestamp":"2026-01-11T16:32:13.443809Z","level":"info","event":"driverExtraJavaOptions  null","logger":"airflow.task.hooks.airflow.providers.apache.spark.hooks.spark_submit.SparkSubmitHook","filename":"spark_submit.py","lineno":644}
{"timestamp":"2026-01-11T16:32:13.443939Z","level":"info","event":"supervise               false","logger":"airflow.task.hooks.airflow.providers.apache.spark.hooks.spark_submit.SparkSubmitHook","filename":"spark_submit.py","lineno":644}
{"timestamp":"2026-01-11T16:32:13.444080Z","level":"info","event":"queue                   null","logger":"airflow.task.hooks.airflow.providers.apache.spark.hooks.spark_submit.SparkSubmitHook","filename":"spark_submit.py","lineno":644}
{"timestamp":"2026-01-11T16:32:13.444291Z","level":"info","event":"numExecutors            null","logger":"airflow.task.hooks.airflow.providers.apache.spark.hooks.spark_submit.SparkSubmitHook","filename":"spark_submit.py","lineno":644}
{"timestamp":"2026-01-11T16:32:13.444391Z","level":"info","event":"files                   null","logger":"airflow.task.hooks.airflow.providers.apache.spark.hooks.spark_submit.SparkSubmitHook","filename":"spark_submit.py","lineno":644}
{"timestamp":"2026-01-11T16:32:13.444497Z","level":"info","event":"pyFiles                 null","logger":"airflow.task.hooks.airflow.providers.apache.spark.hooks.spark_submit.SparkSubmitHook","filename":"spark_submit.py","lineno":644}
{"timestamp":"2026-01-11T16:32:13.444655Z","level":"info","event":"archives                null","logger":"airflow.task.hooks.airflow.providers.apache.spark.hooks.spark_submit.SparkSubmitHook","filename":"spark_submit.py","lineno":644}
{"timestamp":"2026-01-11T16:32:13.444785Z","level":"info","event":"mainClass               null","logger":"airflow.task.hooks.airflow.providers.apache.spark.hooks.spark_submit.SparkSubmitHook","filename":"spark_submit.py","lineno":644}
{"timestamp":"2026-01-11T16:32:13.444830Z","level":"info","event":"primaryResource         file:/opt/airflow/src/cleaning.py","logger":"airflow.task.hooks.airflow.providers.apache.spark.hooks.spark_submit.SparkSubmitHook","filename":"spark_submit.py","lineno":644}
{"timestamp":"2026-01-11T16:32:13.444886Z","level":"info","event":"name                    arrow-spark","logger":"airflow.task.hooks.airflow.providers.apache.spark.hooks.spark_submit.SparkSubmitHook","filename":"spark_submit.py","lineno":644}
{"timestamp":"2026-01-11T16:32:13.444919Z","level":"info","event":"childArgs               []","logger":"airflow.task.hooks.airflow.providers.apache.spark.hooks.spark_submit.SparkSubmitHook","filename":"spark_submit.py","lineno":644}
{"timestamp":"2026-01-11T16:32:13.444947Z","level":"info","event":"jars                    null","logger":"airflow.task.hooks.airflow.providers.apache.spark.hooks.spark_submit.SparkSubmitHook","filename":"spark_submit.py","lineno":644}
{"timestamp":"2026-01-11T16:32:13.444976Z","level":"info","event":"packages                null","logger":"airflow.task.hooks.airflow.providers.apache.spark.hooks.spark_submit.SparkSubmitHook","filename":"spark_submit.py","lineno":644}
{"timestamp":"2026-01-11T16:32:13.445007Z","level":"info","event":"packagesExclusions      null","logger":"airflow.task.hooks.airflow.providers.apache.spark.hooks.spark_submit.SparkSubmitHook","filename":"spark_submit.py","lineno":644}
{"timestamp":"2026-01-11T16:32:13.445036Z","level":"info","event":"repositories            null","logger":"airflow.task.hooks.airflow.providers.apache.spark.hooks.spark_submit.SparkSubmitHook","filename":"spark_submit.py","lineno":644}
{"timestamp":"2026-01-11T16:32:13.445062Z","level":"info","event":"verbose                 true","logger":"airflow.task.hooks.airflow.providers.apache.spark.hooks.spark_submit.SparkSubmitHook","filename":"spark_submit.py","lineno":644}
{"timestamp":"2026-01-11T16:32:13.445077Z","level":"info","event":"","logger":"airflow.task.hooks.airflow.providers.apache.spark.hooks.spark_submit.SparkSubmitHook","filename":"spark_submit.py","lineno":644}
{"timestamp":"2026-01-11T16:32:13.445093Z","level":"info","event":"Spark properties used, including those specified through","logger":"airflow.task.hooks.airflow.providers.apache.spark.hooks.spark_submit.SparkSubmitHook","filename":"spark_submit.py","lineno":644}
{"timestamp":"2026-01-11T16:32:13.445113Z","level":"info","event":"--conf and those from the properties file null:","logger":"airflow.task.hooks.airflow.providers.apache.spark.hooks.spark_submit.SparkSubmitHook","filename":"spark_submit.py","lineno":644}
{"timestamp":"2026-01-11T16:32:13.445163Z","level":"info","event":"","logger":"airflow.task.hooks.airflow.providers.apache.spark.hooks.spark_submit.SparkSubmitHook","filename":"spark_submit.py","lineno":644}
{"timestamp":"2026-01-11T16:32:13.445215Z","level":"info","event":"","logger":"airflow.task.hooks.airflow.providers.apache.spark.hooks.spark_submit.SparkSubmitHook","filename":"spark_submit.py","lineno":644}
{"timestamp":"2026-01-11T16:32:13.445274Z","level":"info","event":"","logger":"airflow.task.hooks.airflow.providers.apache.spark.hooks.spark_submit.SparkSubmitHook","filename":"spark_submit.py","lineno":644}
{"timestamp":"2026-01-11T16:32:13.743554Z","level":"info","event":"Main class:","logger":"airflow.task.hooks.airflow.providers.apache.spark.hooks.spark_submit.SparkSubmitHook","filename":"spark_submit.py","lineno":644}
{"timestamp":"2026-01-11T16:32:13.743845Z","level":"info","event":"org.apache.spark.deploy.PythonRunner","logger":"airflow.task.hooks.airflow.providers.apache.spark.hooks.spark_submit.SparkSubmitHook","filename":"spark_submit.py","lineno":644}
{"timestamp":"2026-01-11T16:32:13.744114Z","level":"info","event":"Arguments:","logger":"airflow.task.hooks.airflow.providers.apache.spark.hooks.spark_submit.SparkSubmitHook","filename":"spark_submit.py","lineno":644}
{"timestamp":"2026-01-11T16:32:13.744167Z","level":"info","event":"file:/opt/airflow/src/cleaning.py","logger":"airflow.task.hooks.airflow.providers.apache.spark.hooks.spark_submit.SparkSubmitHook","filename":"spark_submit.py","lineno":644}
{"timestamp":"2026-01-11T16:32:13.744225Z","level":"info","event":"null","logger":"airflow.task.hooks.airflow.providers.apache.spark.hooks.spark_submit.SparkSubmitHook","filename":"spark_submit.py","lineno":644}
{"timestamp":"2026-01-11T16:32:13.748470Z","level":"info","event":"Spark config:","logger":"airflow.task.hooks.airflow.providers.apache.spark.hooks.spark_submit.SparkSubmitHook","filename":"spark_submit.py","lineno":644}
{"timestamp":"2026-01-11T16:32:13.748743Z","level":"info","event":"(spark.app.name,arrow-spark)","logger":"airflow.task.hooks.airflow.providers.apache.spark.hooks.spark_submit.SparkSubmitHook","filename":"spark_submit.py","lineno":644}
{"timestamp":"2026-01-11T16:32:13.748847Z","level":"info","event":"(spark.app.submitTime,1768149133713)","logger":"airflow.task.hooks.airflow.providers.apache.spark.hooks.spark_submit.SparkSubmitHook","filename":"spark_submit.py","lineno":644}
{"timestamp":"2026-01-11T16:32:13.748909Z","level":"info","event":"(spark.driver.memory,2g)","logger":"airflow.task.hooks.airflow.providers.apache.spark.hooks.spark_submit.SparkSubmitHook","filename":"spark_submit.py","lineno":644}
{"timestamp":"2026-01-11T16:32:13.748993Z","level":"info","event":"(spark.master,local[*])","logger":"airflow.task.hooks.airflow.providers.apache.spark.hooks.spark_submit.SparkSubmitHook","filename":"spark_submit.py","lineno":644}
{"timestamp":"2026-01-11T16:32:13.749084Z","level":"info","event":"(spark.submit.deployMode,client)","logger":"airflow.task.hooks.airflow.providers.apache.spark.hooks.spark_submit.SparkSubmitHook","filename":"spark_submit.py","lineno":644}
{"timestamp":"2026-01-11T16:32:13.749249Z","level":"info","event":"(spark.submit.pyFiles,)","logger":"airflow.task.hooks.airflow.providers.apache.spark.hooks.spark_submit.SparkSubmitHook","filename":"spark_submit.py","lineno":644}
{"timestamp":"2026-01-11T16:32:13.749406Z","level":"info","event":"Classpath elements:","logger":"airflow.task.hooks.airflow.providers.apache.spark.hooks.spark_submit.SparkSubmitHook","filename":"spark_submit.py","lineno":644}
{"timestamp":"2026-01-11T16:32:13.749589Z","level":"info","event":"","logger":"airflow.task.hooks.airflow.providers.apache.spark.hooks.spark_submit.SparkSubmitHook","filename":"spark_submit.py","lineno":644}
{"timestamp":"2026-01-11T16:32:13.749705Z","level":"info","event":"","logger":"airflow.task.hooks.airflow.providers.apache.spark.hooks.spark_submit.SparkSubmitHook","filename":"spark_submit.py","lineno":644}
{"timestamp":"2026-01-11T16:32:13.749788Z","level":"info","event":"","logger":"airflow.task.hooks.airflow.providers.apache.spark.hooks.spark_submit.SparkSubmitHook","filename":"spark_submit.py","lineno":644}
{"timestamp":"2026-01-11T16:32:15.177431Z","level":"info","event":"26/01/11 16:32:15 INFO SparkContext: Running Spark version 3.5.0","logger":"airflow.task.hooks.airflow.providers.apache.spark.hooks.spark_submit.SparkSubmitHook","filename":"spark_submit.py","lineno":644}
{"timestamp":"2026-01-11T16:32:15.179809Z","level":"info","event":"26/01/11 16:32:15 INFO SparkContext: OS info Linux, 6.10.14-linuxkit, aarch64","logger":"airflow.task.hooks.airflow.providers.apache.spark.hooks.spark_submit.SparkSubmitHook","filename":"spark_submit.py","lineno":644}
{"timestamp":"2026-01-11T16:32:15.180597Z","level":"info","event":"26/01/11 16:32:15 INFO SparkContext: Java version 17.0.17","logger":"airflow.task.hooks.airflow.providers.apache.spark.hooks.spark_submit.SparkSubmitHook","filename":"spark_submit.py","lineno":644}
{"timestamp":"2026-01-11T16:32:15.269546Z","level":"info","event":"26/01/11 16:32:15 WARN NativeCodeLoader: Unable to load native-hadoop library for your platform... using builtin-java classes where applicable","logger":"airflow.task.hooks.airflow.providers.apache.spark.hooks.spark_submit.SparkSubmitHook","filename":"spark_submit.py","lineno":644}
{"timestamp":"2026-01-11T16:32:15.404984Z","level":"info","event":"26/01/11 16:32:15 INFO ResourceUtils: ==============================================================","logger":"airflow.task.hooks.airflow.providers.apache.spark.hooks.spark_submit.SparkSubmitHook","filename":"spark_submit.py","lineno":644}
{"timestamp":"2026-01-11T16:32:15.405167Z","level":"info","event":"26/01/11 16:32:15 INFO ResourceUtils: No custom resources configured for spark.driver.","logger":"airflow.task.hooks.airflow.providers.apache.spark.hooks.spark_submit.SparkSubmitHook","filename":"spark_submit.py","lineno":644}
{"timestamp":"2026-01-11T16:32:15.405475Z","level":"info","event":"26/01/11 16:32:15 INFO ResourceUtils: ==============================================================","logger":"airflow.task.hooks.airflow.providers.apache.spark.hooks.spark_submit.SparkSubmitHook","filename":"spark_submit.py","lineno":644}
{"timestamp":"2026-01-11T16:32:15.405886Z","level":"info","event":"26/01/11 16:32:15 INFO SparkContext: Submitted application: Data_Cleaning","logger":"airflow.task.hooks.airflow.providers.apache.spark.hooks.spark_submit.SparkSubmitHook","filename":"spark_submit.py","lineno":644}
{"timestamp":"2026-01-11T16:32:15.435102Z","level":"info","event":"26/01/11 16:32:15 INFO ResourceProfile: Default ResourceProfile created, executor resources: Map(cores -> name: cores, amount: 1, script: , vendor: , memory -> name: memory, amount: 1024, script: , vendor: , offHeap -> name: offHeap, amount: 0, script: , vendor: ), task resources: Map(cpus -> name: cpus, amount: 1.0)","logger":"airflow.task.hooks.airflow.providers.apache.spark.hooks.spark_submit.SparkSubmitHook","filename":"spark_submit.py","lineno":644}
{"timestamp":"2026-01-11T16:32:15.448551Z","level":"info","event":"26/01/11 16:32:15 INFO ResourceProfile: Limiting resource is cpu","logger":"airflow.task.hooks.airflow.providers.apache.spark.hooks.spark_submit.SparkSubmitHook","filename":"spark_submit.py","lineno":644}
{"timestamp":"2026-01-11T16:32:15.450676Z","level":"info","event":"26/01/11 16:32:15 INFO ResourceProfileManager: Added ResourceProfile id: 0","logger":"airflow.task.hooks.airflow.providers.apache.spark.hooks.spark_submit.SparkSubmitHook","filename":"spark_submit.py","lineno":644}
{"timestamp":"2026-01-11T16:32:15.533534Z","level":"info","event":"26/01/11 16:32:15 INFO SecurityManager: Changing view acls to: airflow","logger":"airflow.task.hooks.airflow.providers.apache.spark.hooks.spark_submit.SparkSubmitHook","filename":"spark_submit.py","lineno":644}
{"timestamp":"2026-01-11T16:32:15.534050Z","level":"info","event":"26/01/11 16:32:15 INFO SecurityManager: Changing modify acls to: airflow","logger":"airflow.task.hooks.airflow.providers.apache.spark.hooks.spark_submit.SparkSubmitHook","filename":"spark_submit.py","lineno":644}
{"timestamp":"2026-01-11T16:32:15.534587Z","level":"info","event":"26/01/11 16:32:15 INFO SecurityManager: Changing view acls groups to:","logger":"airflow.task.hooks.airflow.providers.apache.spark.hooks.spark_submit.SparkSubmitHook","filename":"spark_submit.py","lineno":644}
{"timestamp":"2026-01-11T16:32:15.534971Z","level":"info","event":"26/01/11 16:32:15 INFO SecurityManager: Changing modify acls groups to:","logger":"airflow.task.hooks.airflow.providers.apache.spark.hooks.spark_submit.SparkSubmitHook","filename":"spark_submit.py","lineno":644}
{"timestamp":"2026-01-11T16:32:15.535469Z","level":"info","event":"26/01/11 16:32:15 INFO SecurityManager: SecurityManager: authentication disabled; ui acls disabled; users with view permissions: airflow; groups with view permissions: EMPTY; users with modify permissions: airflow; groups with modify permissions: EMPTY","logger":"airflow.task.hooks.airflow.providers.apache.spark.hooks.spark_submit.SparkSubmitHook","filename":"spark_submit.py","lineno":644}
{"timestamp":"2026-01-11T16:32:15.832010Z","level":"info","event":"26/01/11 16:32:15 INFO Utils: Successfully started service 'sparkDriver' on port 35919.","logger":"airflow.task.hooks.airflow.providers.apache.spark.hooks.spark_submit.SparkSubmitHook","filename":"spark_submit.py","lineno":644}
{"timestamp":"2026-01-11T16:32:15.866227Z","level":"info","event":"26/01/11 16:32:15 INFO SparkEnv: Registering MapOutputTracker","logger":"airflow.task.hooks.airflow.providers.apache.spark.hooks.spark_submit.SparkSubmitHook","filename":"spark_submit.py","lineno":644}
{"timestamp":"2026-01-11T16:32:15.901084Z","level":"info","event":"26/01/11 16:32:15 INFO SparkEnv: Registering BlockManagerMaster","logger":"airflow.task.hooks.airflow.providers.apache.spark.hooks.spark_submit.SparkSubmitHook","filename":"spark_submit.py","lineno":644}
{"timestamp":"2026-01-11T16:32:15.916883Z","level":"info","event":"26/01/11 16:32:15 INFO BlockManagerMasterEndpoint: Using org.apache.spark.storage.DefaultTopologyMapper for getting topology information","logger":"airflow.task.hooks.airflow.providers.apache.spark.hooks.spark_submit.SparkSubmitHook","filename":"spark_submit.py","lineno":644}
{"timestamp":"2026-01-11T16:32:15.917258Z","level":"info","event":"26/01/11 16:32:15 INFO BlockManagerMasterEndpoint: BlockManagerMasterEndpoint up","logger":"airflow.task.hooks.airflow.providers.apache.spark.hooks.spark_submit.SparkSubmitHook","filename":"spark_submit.py","lineno":644}
{"timestamp":"2026-01-11T16:32:15.920702Z","level":"info","event":"26/01/11 16:32:15 INFO SparkEnv: Registering BlockManagerMasterHeartbeat","logger":"airflow.task.hooks.airflow.providers.apache.spark.hooks.spark_submit.SparkSubmitHook","filename":"spark_submit.py","lineno":644}
{"timestamp":"2026-01-11T16:32:15.945521Z","level":"info","event":"26/01/11 16:32:15 INFO DiskBlockManager: Created local directory at /tmp/blockmgr-d6eb9f0d-3831-4a88-ab51-5a3fcf23567f","logger":"airflow.task.hooks.airflow.providers.apache.spark.hooks.spark_submit.SparkSubmitHook","filename":"spark_submit.py","lineno":644}
{"timestamp":"2026-01-11T16:32:15.958882Z","level":"info","event":"26/01/11 16:32:15 INFO MemoryStore: MemoryStore started with capacity 1048.8 MiB","logger":"airflow.task.hooks.airflow.providers.apache.spark.hooks.spark_submit.SparkSubmitHook","filename":"spark_submit.py","lineno":644}
{"timestamp":"2026-01-11T16:32:15.971517Z","level":"info","event":"26/01/11 16:32:15 INFO SparkEnv: Registering OutputCommitCoordinator","logger":"airflow.task.hooks.airflow.providers.apache.spark.hooks.spark_submit.SparkSubmitHook","filename":"spark_submit.py","lineno":644}
{"timestamp":"2026-01-11T16:32:16.126900Z","level":"info","event":"26/01/11 16:32:16 INFO JettyUtils: Start Jetty localhost:4040 for SparkUI","logger":"airflow.task.hooks.airflow.providers.apache.spark.hooks.spark_submit.SparkSubmitHook","filename":"spark_submit.py","lineno":644}
{"timestamp":"2026-01-11T16:32:16.212857Z","level":"info","event":"26/01/11 16:32:16 INFO Utils: Successfully started service 'SparkUI' on port 4040.","logger":"airflow.task.hooks.airflow.providers.apache.spark.hooks.spark_submit.SparkSubmitHook","filename":"spark_submit.py","lineno":644}
{"timestamp":"2026-01-11T16:32:16.345990Z","level":"info","event":"26/01/11 16:32:16 INFO Executor: Starting executor ID driver on host localhost","logger":"airflow.task.hooks.airflow.providers.apache.spark.hooks.spark_submit.SparkSubmitHook","filename":"spark_submit.py","lineno":644}
{"timestamp":"2026-01-11T16:32:16.346190Z","level":"info","event":"26/01/11 16:32:16 INFO Executor: OS info Linux, 6.10.14-linuxkit, aarch64","logger":"airflow.task.hooks.airflow.providers.apache.spark.hooks.spark_submit.SparkSubmitHook","filename":"spark_submit.py","lineno":644}
{"timestamp":"2026-01-11T16:32:16.346757Z","level":"info","event":"26/01/11 16:32:16 INFO Executor: Java version 17.0.17","logger":"airflow.task.hooks.airflow.providers.apache.spark.hooks.spark_submit.SparkSubmitHook","filename":"spark_submit.py","lineno":644}
{"timestamp":"2026-01-11T16:32:16.351762Z","level":"info","event":"26/01/11 16:32:16 INFO Executor: Starting executor with user classpath (userClassPathFirst = false): ''","logger":"airflow.task.hooks.airflow.providers.apache.spark.hooks.spark_submit.SparkSubmitHook","filename":"spark_submit.py","lineno":644}
{"timestamp":"2026-01-11T16:32:16.352458Z","level":"info","event":"26/01/11 16:32:16 INFO Executor: Created or updated repl class loader org.apache.spark.util.MutableURLClassLoader@200cd548 for default.","logger":"airflow.task.hooks.airflow.providers.apache.spark.hooks.spark_submit.SparkSubmitHook","filename":"spark_submit.py","lineno":644}
{"timestamp":"2026-01-11T16:32:16.371604Z","level":"info","event":"26/01/11 16:32:16 INFO Utils: Successfully started service 'org.apache.spark.network.netty.NettyBlockTransferService' on port 33275.","logger":"airflow.task.hooks.airflow.providers.apache.spark.hooks.spark_submit.SparkSubmitHook","filename":"spark_submit.py","lineno":644}
{"timestamp":"2026-01-11T16:32:16.371740Z","level":"info","event":"26/01/11 16:32:16 INFO NettyBlockTransferService: Server created on localhost:33275","logger":"airflow.task.hooks.airflow.providers.apache.spark.hooks.spark_submit.SparkSubmitHook","filename":"spark_submit.py","lineno":644}
{"timestamp":"2026-01-11T16:32:16.374030Z","level":"info","event":"26/01/11 16:32:16 INFO BlockManager: Using org.apache.spark.storage.RandomBlockReplicationPolicy for block replication policy","logger":"airflow.task.hooks.airflow.providers.apache.spark.hooks.spark_submit.SparkSubmitHook","filename":"spark_submit.py","lineno":644}
{"timestamp":"2026-01-11T16:32:16.379298Z","level":"info","event":"26/01/11 16:32:16 INFO BlockManagerMaster: Registering BlockManager BlockManagerId(driver, localhost, 33275, None)","logger":"airflow.task.hooks.airflow.providers.apache.spark.hooks.spark_submit.SparkSubmitHook","filename":"spark_submit.py","lineno":644}
{"timestamp":"2026-01-11T16:32:16.382880Z","level":"info","event":"26/01/11 16:32:16 INFO BlockManagerMasterEndpoint: Registering block manager localhost:33275 with 1048.8 MiB RAM, BlockManagerId(driver, localhost, 33275, None)","logger":"airflow.task.hooks.airflow.providers.apache.spark.hooks.spark_submit.SparkSubmitHook","filename":"spark_submit.py","lineno":644}
{"timestamp":"2026-01-11T16:32:16.384405Z","level":"info","event":"26/01/11 16:32:16 INFO BlockManagerMaster: Registered BlockManager BlockManagerId(driver, localhost, 33275, None)","logger":"airflow.task.hooks.airflow.providers.apache.spark.hooks.spark_submit.SparkSubmitHook","filename":"spark_submit.py","lineno":644}
{"timestamp":"2026-01-11T16:32:16.385215Z","level":"info","event":"26/01/11 16:32:16 INFO BlockManager: Initialized BlockManager: BlockManagerId(driver, localhost, 33275, None)","logger":"airflow.task.hooks.airflow.providers.apache.spark.hooks.spark_submit.SparkSubmitHook","filename":"spark_submit.py","lineno":644}
{"timestamp":"2026-01-11T16:32:16.762888Z","level":"info","event":"26/01/11 16:32:16 INFO SharedState: Setting hive.metastore.warehouse.dir ('null') to the value of spark.sql.warehouse.dir.","logger":"airflow.task.hooks.airflow.providers.apache.spark.hooks.spark_submit.SparkSubmitHook","filename":"spark_submit.py","lineno":644}
{"timestamp":"2026-01-11T16:32:16.769481Z","level":"info","event":"26/01/11 16:32:16 INFO SharedState: Warehouse path is 'file:/opt/airflow/spark-warehouse'.","logger":"airflow.task.hooks.airflow.providers.apache.spark.hooks.spark_submit.SparkSubmitHook","filename":"spark_submit.py","lineno":644}
{"timestamp":"2026-01-11T16:32:17.778920Z","level":"info","event":"26/01/11 16:32:17 INFO InMemoryFileIndex: It took 42 ms to list leaf files for 1 paths.","logger":"airflow.task.hooks.airflow.providers.apache.spark.hooks.spark_submit.SparkSubmitHook","filename":"spark_submit.py","lineno":644}
{"timestamp":"2026-01-11T16:32:17.833359Z","level":"info","event":"26/01/11 16:32:17 INFO InMemoryFileIndex: It took 2 ms to list leaf files for 3 paths.","logger":"airflow.task.hooks.airflow.providers.apache.spark.hooks.spark_submit.SparkSubmitHook","filename":"spark_submit.py","lineno":644}
{"timestamp":"2026-01-11T16:32:19.722018Z","level":"info","event":"26/01/11 16:32:19 INFO FileSourceStrategy: Pushed Filters:","logger":"airflow.task.hooks.airflow.providers.apache.spark.hooks.spark_submit.SparkSubmitHook","filename":"spark_submit.py","lineno":644}
{"timestamp":"2026-01-11T16:32:19.728463Z","level":"info","event":"26/01/11 16:32:19 INFO FileSourceStrategy: Post-Scan Filters: (length(trim(value#0, None)) > 0)","logger":"airflow.task.hooks.airflow.providers.apache.spark.hooks.spark_submit.SparkSubmitHook","filename":"spark_submit.py","lineno":644}
{"timestamp":"2026-01-11T16:32:20.400134Z","level":"info","event":"26/01/11 16:32:20 INFO CodeGenerator: Code generated in 240.277375 ms","logger":"airflow.task.hooks.airflow.providers.apache.spark.hooks.spark_submit.SparkSubmitHook","filename":"spark_submit.py","lineno":644}
{"timestamp":"2026-01-11T16:32:20.458145Z","level":"info","event":"26/01/11 16:32:20 INFO MemoryStore: Block broadcast_0 stored as values in memory (estimated size 199.5 KiB, free 1048.6 MiB)","logger":"airflow.task.hooks.airflow.providers.apache.spark.hooks.spark_submit.SparkSubmitHook","filename":"spark_submit.py","lineno":644}
{"timestamp":"2026-01-11T16:32:20.524965Z","level":"info","event":"26/01/11 16:32:20 INFO MemoryStore: Block broadcast_0_piece0 stored as bytes in memory (estimated size 34.2 KiB, free 1048.6 MiB)","logger":"airflow.task.hooks.airflow.providers.apache.spark.hooks.spark_submit.SparkSubmitHook","filename":"spark_submit.py","lineno":644}
{"timestamp":"2026-01-11T16:32:20.528712Z","level":"info","event":"26/01/11 16:32:20 INFO BlockManagerInfo: Added broadcast_0_piece0 in memory on localhost:33275 (size: 34.2 KiB, free: 1048.8 MiB)","logger":"airflow.task.hooks.airflow.providers.apache.spark.hooks.spark_submit.SparkSubmitHook","filename":"spark_submit.py","lineno":644}
{"timestamp":"2026-01-11T16:32:20.536502Z","level":"info","event":"26/01/11 16:32:20 INFO SparkContext: Created broadcast 0 from csv at NativeMethodAccessorImpl.java:0","logger":"airflow.task.hooks.airflow.providers.apache.spark.hooks.spark_submit.SparkSubmitHook","filename":"spark_submit.py","lineno":644}
{"timestamp":"2026-01-11T16:32:20.548255Z","level":"info","event":"26/01/11 16:32:20 INFO FileSourceScanExec: Planning scan with bin packing, max size: 4194304 bytes, open cost is considered as scanning 4194304 bytes.","logger":"airflow.task.hooks.airflow.providers.apache.spark.hooks.spark_submit.SparkSubmitHook","filename":"spark_submit.py","lineno":644}
{"timestamp":"2026-01-11T16:32:20.678645Z","level":"info","event":"26/01/11 16:32:20 INFO SparkContext: Starting job: csv at NativeMethodAccessorImpl.java:0","logger":"airflow.task.hooks.airflow.providers.apache.spark.hooks.spark_submit.SparkSubmitHook","filename":"spark_submit.py","lineno":644}
{"timestamp":"2026-01-11T16:32:20.725276Z","level":"info","event":"26/01/11 16:32:20 INFO DAGScheduler: Got job 0 (csv at NativeMethodAccessorImpl.java:0) with 1 output partitions","logger":"airflow.task.hooks.airflow.providers.apache.spark.hooks.spark_submit.SparkSubmitHook","filename":"spark_submit.py","lineno":644}
{"timestamp":"2026-01-11T16:32:20.725617Z","level":"info","event":"26/01/11 16:32:20 INFO DAGScheduler: Final stage: ResultStage 0 (csv at NativeMethodAccessorImpl.java:0)","logger":"airflow.task.hooks.airflow.providers.apache.spark.hooks.spark_submit.SparkSubmitHook","filename":"spark_submit.py","lineno":644}
{"timestamp":"2026-01-11T16:32:20.725865Z","level":"info","event":"26/01/11 16:32:20 INFO DAGScheduler: Parents of final stage: List()","logger":"airflow.task.hooks.airflow.providers.apache.spark.hooks.spark_submit.SparkSubmitHook","filename":"spark_submit.py","lineno":644}
{"timestamp":"2026-01-11T16:32:20.726961Z","level":"info","event":"26/01/11 16:32:20 INFO DAGScheduler: Missing parents: List()","logger":"airflow.task.hooks.airflow.providers.apache.spark.hooks.spark_submit.SparkSubmitHook","filename":"spark_submit.py","lineno":644}
{"timestamp":"2026-01-11T16:32:20.729659Z","level":"info","event":"26/01/11 16:32:20 INFO DAGScheduler: Submitting ResultStage 0 (MapPartitionsRDD[3] at csv at NativeMethodAccessorImpl.java:0), which has no missing parents","logger":"airflow.task.hooks.airflow.providers.apache.spark.hooks.spark_submit.SparkSubmitHook","filename":"spark_submit.py","lineno":644}
{"timestamp":"2026-01-11T16:32:20.982533Z","level":"info","event":"26/01/11 16:32:20 INFO MemoryStore: Block broadcast_1 stored as values in memory (estimated size 13.5 KiB, free 1048.6 MiB)","logger":"airflow.task.hooks.airflow.providers.apache.spark.hooks.spark_submit.SparkSubmitHook","filename":"spark_submit.py","lineno":644}
{"timestamp":"2026-01-11T16:32:20.995971Z","level":"info","event":"26/01/11 16:32:20 INFO MemoryStore: Block broadcast_1_piece0 stored as bytes in memory (estimated size 6.4 KiB, free 1048.6 MiB)","logger":"airflow.task.hooks.airflow.providers.apache.spark.hooks.spark_submit.SparkSubmitHook","filename":"spark_submit.py","lineno":644}
{"timestamp":"2026-01-11T16:32:21.004110Z","level":"info","event":"26/01/11 16:32:21 INFO BlockManagerInfo: Added broadcast_1_piece0 in memory on localhost:33275 (size: 6.4 KiB, free: 1048.8 MiB)","logger":"airflow.task.hooks.airflow.providers.apache.spark.hooks.spark_submit.SparkSubmitHook","filename":"spark_submit.py","lineno":644}
{"timestamp":"2026-01-11T16:32:21.005955Z","level":"info","event":"26/01/11 16:32:21 INFO SparkContext: Created broadcast 1 from broadcast at DAGScheduler.scala:1580","logger":"airflow.task.hooks.airflow.providers.apache.spark.hooks.spark_submit.SparkSubmitHook","filename":"spark_submit.py","lineno":644}
{"timestamp":"2026-01-11T16:32:21.062241Z","level":"info","event":"26/01/11 16:32:21 INFO DAGScheduler: Submitting 1 missing tasks from ResultStage 0 (MapPartitionsRDD[3] at csv at NativeMethodAccessorImpl.java:0) (first 15 tasks are for partitions Vector(0))","logger":"airflow.task.hooks.airflow.providers.apache.spark.hooks.spark_submit.SparkSubmitHook","filename":"spark_submit.py","lineno":644}
{"timestamp":"2026-01-11T16:32:21.066498Z","level":"info","event":"26/01/11 16:32:21 INFO TaskSchedulerImpl: Adding task set 0.0 with 1 tasks resource profile 0","logger":"airflow.task.hooks.airflow.providers.apache.spark.hooks.spark_submit.SparkSubmitHook","filename":"spark_submit.py","lineno":644}
{"timestamp":"2026-01-11T16:32:21.140373Z","level":"info","event":"26/01/11 16:32:21 INFO TaskSetManager: Starting task 0.0 in stage 0.0 (TID 0) (localhost, executor driver, partition 0, PROCESS_LOCAL, 8279 bytes)","logger":"airflow.task.hooks.airflow.providers.apache.spark.hooks.spark_submit.SparkSubmitHook","filename":"spark_submit.py","lineno":644}
{"timestamp":"2026-01-11T16:32:21.181046Z","level":"info","event":"26/01/11 16:32:21 INFO Executor: Running task 0.0 in stage 0.0 (TID 0)","logger":"airflow.task.hooks.airflow.providers.apache.spark.hooks.spark_submit.SparkSubmitHook","filename":"spark_submit.py","lineno":644}
{"timestamp":"2026-01-11T16:32:21.426642Z","level":"info","event":"26/01/11 16:32:21 INFO CodeGenerator: Code generated in 29.126041 ms","logger":"airflow.task.hooks.airflow.providers.apache.spark.hooks.spark_submit.SparkSubmitHook","filename":"spark_submit.py","lineno":644}
{"timestamp":"2026-01-11T16:32:21.430907Z","level":"info","event":"26/01/11 16:32:21 INFO FileScanRDD: Reading File path: file:///opt/airflow/data/raw/olist_customers/part-00000-10b127ab-18d1-4b66-aa9e-f6251c5881e3-c000.csv, range: 0-3986750, partition values: [empty row]","logger":"airflow.task.hooks.airflow.providers.apache.spark.hooks.spark_submit.SparkSubmitHook","filename":"spark_submit.py","lineno":644}
{"timestamp":"2026-01-11T16:32:21.455457Z","level":"info","event":"26/01/11 16:32:21 INFO CodeGenerator: Code generated in 13.833541 ms","logger":"airflow.task.hooks.airflow.providers.apache.spark.hooks.spark_submit.SparkSubmitHook","filename":"spark_submit.py","lineno":644}
{"timestamp":"2026-01-11T16:32:21.534821Z","level":"info","event":"26/01/11 16:32:21 INFO Executor: Finished task 0.0 in stage 0.0 (TID 0). 1671 bytes result sent to driver","logger":"airflow.task.hooks.airflow.providers.apache.spark.hooks.spark_submit.SparkSubmitHook","filename":"spark_submit.py","lineno":644}
{"timestamp":"2026-01-11T16:32:21.543428Z","level":"info","event":"26/01/11 16:32:21 INFO TaskSetManager: Finished task 0.0 in stage 0.0 (TID 0) in 420 ms on localhost (executor driver) (1/1)","logger":"airflow.task.hooks.airflow.providers.apache.spark.hooks.spark_submit.SparkSubmitHook","filename":"spark_submit.py","lineno":644}
{"timestamp":"2026-01-11T16:32:21.544509Z","level":"info","event":"26/01/11 16:32:21 INFO TaskSchedulerImpl: Removed TaskSet 0.0, whose tasks have all completed, from pool","logger":"airflow.task.hooks.airflow.providers.apache.spark.hooks.spark_submit.SparkSubmitHook","filename":"spark_submit.py","lineno":644}
{"timestamp":"2026-01-11T16:32:21.547880Z","level":"info","event":"26/01/11 16:32:21 INFO DAGScheduler: ResultStage 0 (csv at NativeMethodAccessorImpl.java:0) finished in 0.807 s","logger":"airflow.task.hooks.airflow.providers.apache.spark.hooks.spark_submit.SparkSubmitHook","filename":"spark_submit.py","lineno":644}
{"timestamp":"2026-01-11T16:32:21.554316Z","level":"info","event":"26/01/11 16:32:21 INFO DAGScheduler: Job 0 is finished. Cancelling potential speculative or zombie tasks for this job","logger":"airflow.task.hooks.airflow.providers.apache.spark.hooks.spark_submit.SparkSubmitHook","filename":"spark_submit.py","lineno":644}
{"timestamp":"2026-01-11T16:32:21.555303Z","level":"info","event":"26/01/11 16:32:21 INFO TaskSchedulerImpl: Killing all running tasks in stage 0: Stage finished","logger":"airflow.task.hooks.airflow.providers.apache.spark.hooks.spark_submit.SparkSubmitHook","filename":"spark_submit.py","lineno":644}
{"timestamp":"2026-01-11T16:32:21.558525Z","level":"info","event":"26/01/11 16:32:21 INFO DAGScheduler: Job 0 finished: csv at NativeMethodAccessorImpl.java:0, took 0.878723 s","logger":"airflow.task.hooks.airflow.providers.apache.spark.hooks.spark_submit.SparkSubmitHook","filename":"spark_submit.py","lineno":644}
{"timestamp":"2026-01-11T16:32:21.580773Z","level":"info","event":"26/01/11 16:32:21 INFO CodeGenerator: Code generated in 8.119292 ms","logger":"airflow.task.hooks.airflow.providers.apache.spark.hooks.spark_submit.SparkSubmitHook","filename":"spark_submit.py","lineno":644}
{"timestamp":"2026-01-11T16:32:21.636980Z","level":"info","event":"26/01/11 16:32:21 INFO FileSourceStrategy: Pushed Filters:","logger":"airflow.task.hooks.airflow.providers.apache.spark.hooks.spark_submit.SparkSubmitHook","filename":"spark_submit.py","lineno":644}
{"timestamp":"2026-01-11T16:32:21.637273Z","level":"info","event":"26/01/11 16:32:21 INFO FileSourceStrategy: Post-Scan Filters:","logger":"airflow.task.hooks.airflow.providers.apache.spark.hooks.spark_submit.SparkSubmitHook","filename":"spark_submit.py","lineno":644}
{"timestamp":"2026-01-11T16:32:21.651561Z","level":"info","event":"26/01/11 16:32:21 INFO MemoryStore: Block broadcast_2 stored as values in memory (estimated size 199.5 KiB, free 1048.4 MiB)","logger":"airflow.task.hooks.airflow.providers.apache.spark.hooks.spark_submit.SparkSubmitHook","filename":"spark_submit.py","lineno":644}
{"timestamp":"2026-01-11T16:32:21.728785Z","level":"info","event":"26/01/11 16:32:21 INFO MemoryStore: Block broadcast_2_piece0 stored as bytes in memory (estimated size 34.2 KiB, free 1048.3 MiB)","logger":"airflow.task.hooks.airflow.providers.apache.spark.hooks.spark_submit.SparkSubmitHook","filename":"spark_submit.py","lineno":644}
{"timestamp":"2026-01-11T16:32:21.747391Z","level":"info","event":"26/01/11 16:32:21 INFO BlockManagerInfo: Added broadcast_2_piece0 in memory on localhost:33275 (size: 34.2 KiB, free: 1048.7 MiB)","logger":"airflow.task.hooks.airflow.providers.apache.spark.hooks.spark_submit.SparkSubmitHook","filename":"spark_submit.py","lineno":644}
{"timestamp":"2026-01-11T16:32:21.749886Z","level":"info","event":"26/01/11 16:32:21 INFO SparkContext: Created broadcast 2 from csv at NativeMethodAccessorImpl.java:0","logger":"airflow.task.hooks.airflow.providers.apache.spark.hooks.spark_submit.SparkSubmitHook","filename":"spark_submit.py","lineno":644}
{"timestamp":"2026-01-11T16:32:21.755311Z","level":"info","event":"26/01/11 16:32:21 INFO FileSourceScanExec: Planning scan with bin packing, max size: 4194304 bytes, open cost is considered as scanning 4194304 bytes.","logger":"airflow.task.hooks.airflow.providers.apache.spark.hooks.spark_submit.SparkSubmitHook","filename":"spark_submit.py","lineno":644}
{"timestamp":"2026-01-11T16:32:21.804715Z","level":"info","event":"26/01/11 16:32:21 INFO BlockManagerInfo: Removed broadcast_1_piece0 on localhost:33275 in memory (size: 6.4 KiB, free: 1048.7 MiB)","logger":"airflow.task.hooks.airflow.providers.apache.spark.hooks.spark_submit.SparkSubmitHook","filename":"spark_submit.py","lineno":644}
{"timestamp":"2026-01-11T16:32:21.952375Z","level":"info","event":"____________________________________________________","logger":"airflow.task.hooks.airflow.providers.apache.spark.hooks.spark_submit.SparkSubmitHook","filename":"spark_submit.py","lineno":644}
{"timestamp":"2026-01-11T16:32:22.058936Z","level":"info","event":"26/01/11 16:32:22 INFO FileSourceStrategy: Pushed Filters:","logger":"airflow.task.hooks.airflow.providers.apache.spark.hooks.spark_submit.SparkSubmitHook","filename":"spark_submit.py","lineno":644}
{"timestamp":"2026-01-11T16:32:22.059152Z","level":"info","event":"26/01/11 16:32:22 INFO FileSourceStrategy: Post-Scan Filters:","logger":"airflow.task.hooks.airflow.providers.apache.spark.hooks.spark_submit.SparkSubmitHook","filename":"spark_submit.py","lineno":644}
{"timestamp":"2026-01-11T16:32:22.198000Z","level":"info","event":"26/01/11 16:32:22 INFO CodeGenerator: Code generated in 25.151958 ms","logger":"airflow.task.hooks.airflow.providers.apache.spark.hooks.spark_submit.SparkSubmitHook","filename":"spark_submit.py","lineno":644}
{"timestamp":"2026-01-11T16:32:22.205048Z","level":"info","event":"26/01/11 16:32:22 INFO MemoryStore: Block broadcast_3 stored as values in memory (estimated size 199.4 KiB, free 1048.1 MiB)","logger":"airflow.task.hooks.airflow.providers.apache.spark.hooks.spark_submit.SparkSubmitHook","filename":"spark_submit.py","lineno":644}
{"timestamp":"2026-01-11T16:32:22.223127Z","level":"info","event":"26/01/11 16:32:22 INFO MemoryStore: Block broadcast_3_piece0 stored as bytes in memory (estimated size 34.2 KiB, free 1048.1 MiB)","logger":"airflow.task.hooks.airflow.providers.apache.spark.hooks.spark_submit.SparkSubmitHook","filename":"spark_submit.py","lineno":644}
{"timestamp":"2026-01-11T16:32:22.227159Z","level":"info","event":"26/01/11 16:32:22 INFO BlockManagerInfo: Added broadcast_3_piece0 in memory on localhost:33275 (size: 34.2 KiB, free: 1048.7 MiB)","logger":"airflow.task.hooks.airflow.providers.apache.spark.hooks.spark_submit.SparkSubmitHook","filename":"spark_submit.py","lineno":644}
{"timestamp":"2026-01-11T16:32:22.228454Z","level":"info","event":"26/01/11 16:32:22 INFO SparkContext: Created broadcast 3 from count at NativeMethodAccessorImpl.java:0","logger":"airflow.task.hooks.airflow.providers.apache.spark.hooks.spark_submit.SparkSubmitHook","filename":"spark_submit.py","lineno":644}
{"timestamp":"2026-01-11T16:32:22.234296Z","level":"info","event":"26/01/11 16:32:22 INFO FileSourceScanExec: Planning scan with bin packing, max size: 4194304 bytes, open cost is considered as scanning 4194304 bytes.","logger":"airflow.task.hooks.airflow.providers.apache.spark.hooks.spark_submit.SparkSubmitHook","filename":"spark_submit.py","lineno":644}
{"timestamp":"2026-01-11T16:32:22.273252Z","level":"info","event":"26/01/11 16:32:22 INFO DAGScheduler: Registering RDD 13 (count at NativeMethodAccessorImpl.java:0) as input to shuffle 0","logger":"airflow.task.hooks.airflow.providers.apache.spark.hooks.spark_submit.SparkSubmitHook","filename":"spark_submit.py","lineno":644}
{"timestamp":"2026-01-11T16:32:22.277044Z","level":"info","event":"26/01/11 16:32:22 INFO DAGScheduler: Got map stage job 1 (count at NativeMethodAccessorImpl.java:0) with 3 output partitions","logger":"airflow.task.hooks.airflow.providers.apache.spark.hooks.spark_submit.SparkSubmitHook","filename":"spark_submit.py","lineno":644}
{"timestamp":"2026-01-11T16:32:22.277158Z","level":"info","event":"26/01/11 16:32:22 INFO DAGScheduler: Final stage: ShuffleMapStage 1 (count at NativeMethodAccessorImpl.java:0)","logger":"airflow.task.hooks.airflow.providers.apache.spark.hooks.spark_submit.SparkSubmitHook","filename":"spark_submit.py","lineno":644}
{"timestamp":"2026-01-11T16:32:22.277326Z","level":"info","event":"26/01/11 16:32:22 INFO DAGScheduler: Parents of final stage: List()","logger":"airflow.task.hooks.airflow.providers.apache.spark.hooks.spark_submit.SparkSubmitHook","filename":"spark_submit.py","lineno":644}
{"timestamp":"2026-01-11T16:32:22.277755Z","level":"info","event":"26/01/11 16:32:22 INFO DAGScheduler: Missing parents: List()","logger":"airflow.task.hooks.airflow.providers.apache.spark.hooks.spark_submit.SparkSubmitHook","filename":"spark_submit.py","lineno":644}
{"timestamp":"2026-01-11T16:32:22.278809Z","level":"info","event":"26/01/11 16:32:22 INFO DAGScheduler: Submitting ShuffleMapStage 1 (MapPartitionsRDD[13] at count at NativeMethodAccessorImpl.java:0), which has no missing parents","logger":"airflow.task.hooks.airflow.providers.apache.spark.hooks.spark_submit.SparkSubmitHook","filename":"spark_submit.py","lineno":644}
{"timestamp":"2026-01-11T16:32:22.309087Z","level":"info","event":"26/01/11 16:32:22 INFO MemoryStore: Block broadcast_4 stored as values in memory (estimated size 17.8 KiB, free 1048.1 MiB)","logger":"airflow.task.hooks.airflow.providers.apache.spark.hooks.spark_submit.SparkSubmitHook","filename":"spark_submit.py","lineno":644}
{"timestamp":"2026-01-11T16:32:22.327665Z","level":"info","event":"26/01/11 16:32:22 INFO MemoryStore: Block broadcast_4_piece0 stored as bytes in memory (estimated size 8.7 KiB, free 1048.1 MiB)","logger":"airflow.task.hooks.airflow.providers.apache.spark.hooks.spark_submit.SparkSubmitHook","filename":"spark_submit.py","lineno":644}
{"timestamp":"2026-01-11T16:32:22.331314Z","level":"info","event":"26/01/11 16:32:22 INFO BlockManagerInfo: Added broadcast_4_piece0 in memory on localhost:33275 (size: 8.7 KiB, free: 1048.7 MiB)","logger":"airflow.task.hooks.airflow.providers.apache.spark.hooks.spark_submit.SparkSubmitHook","filename":"spark_submit.py","lineno":644}
{"timestamp":"2026-01-11T16:32:22.331455Z","level":"info","event":"26/01/11 16:32:22 INFO SparkContext: Created broadcast 4 from broadcast at DAGScheduler.scala:1580","logger":"airflow.task.hooks.airflow.providers.apache.spark.hooks.spark_submit.SparkSubmitHook","filename":"spark_submit.py","lineno":644}
{"timestamp":"2026-01-11T16:32:22.333618Z","level":"info","event":"26/01/11 16:32:22 INFO DAGScheduler: Submitting 3 missing tasks from ShuffleMapStage 1 (MapPartitionsRDD[13] at count at NativeMethodAccessorImpl.java:0) (first 15 tasks are for partitions Vector(0, 1, 2))","logger":"airflow.task.hooks.airflow.providers.apache.spark.hooks.spark_submit.SparkSubmitHook","filename":"spark_submit.py","lineno":644}
{"timestamp":"2026-01-11T16:32:22.333746Z","level":"info","event":"26/01/11 16:32:22 INFO TaskSchedulerImpl: Adding task set 1.0 with 3 tasks resource profile 0","logger":"airflow.task.hooks.airflow.providers.apache.spark.hooks.spark_submit.SparkSubmitHook","filename":"spark_submit.py","lineno":644}
{"timestamp":"2026-01-11T16:32:22.338156Z","level":"info","event":"26/01/11 16:32:22 INFO TaskSetManager: Starting task 0.0 in stage 1.0 (TID 1) (localhost, executor driver, partition 0, PROCESS_LOCAL, 8268 bytes)","logger":"airflow.task.hooks.airflow.providers.apache.spark.hooks.spark_submit.SparkSubmitHook","filename":"spark_submit.py","lineno":644}
{"timestamp":"2026-01-11T16:32:22.338906Z","level":"info","event":"26/01/11 16:32:22 INFO TaskSetManager: Starting task 1.0 in stage 1.0 (TID 2) (localhost, executor driver, partition 1, PROCESS_LOCAL, 8268 bytes)","logger":"airflow.task.hooks.airflow.providers.apache.spark.hooks.spark_submit.SparkSubmitHook","filename":"spark_submit.py","lineno":644}
{"timestamp":"2026-01-11T16:32:22.339698Z","level":"info","event":"26/01/11 16:32:22 INFO TaskSetManager: Starting task 2.0 in stage 1.0 (TID 3) (localhost, executor driver, partition 2, PROCESS_LOCAL, 8268 bytes)","logger":"airflow.task.hooks.airflow.providers.apache.spark.hooks.spark_submit.SparkSubmitHook","filename":"spark_submit.py","lineno":644}
{"timestamp":"2026-01-11T16:32:22.341067Z","level":"info","event":"26/01/11 16:32:22 INFO Executor: Running task 0.0 in stage 1.0 (TID 1)","logger":"airflow.task.hooks.airflow.providers.apache.spark.hooks.spark_submit.SparkSubmitHook","filename":"spark_submit.py","lineno":644}
{"timestamp":"2026-01-11T16:32:22.341533Z","level":"info","event":"26/01/11 16:32:22 INFO Executor: Running task 1.0 in stage 1.0 (TID 2)","logger":"airflow.task.hooks.airflow.providers.apache.spark.hooks.spark_submit.SparkSubmitHook","filename":"spark_submit.py","lineno":644}
{"timestamp":"2026-01-11T16:32:22.342527Z","level":"info","event":"26/01/11 16:32:22 INFO Executor: Running task 2.0 in stage 1.0 (TID 3)","logger":"airflow.task.hooks.airflow.providers.apache.spark.hooks.spark_submit.SparkSubmitHook","filename":"spark_submit.py","lineno":644}
{"timestamp":"2026-01-11T16:32:22.383509Z","level":"info","event":"26/01/11 16:32:22 INFO CodeGenerator: Code generated in 10.754541 ms","logger":"airflow.task.hooks.airflow.providers.apache.spark.hooks.spark_submit.SparkSubmitHook","filename":"spark_submit.py","lineno":644}
{"timestamp":"2026-01-11T16:32:22.396043Z","level":"info","event":"26/01/11 16:32:22 INFO FileScanRDD: Reading File path: file:///opt/airflow/data/raw/olist_customers/part-00000-10b127ab-18d1-4b66-aa9e-f6251c5881e3-c000.csv, range: 0-3986750, partition values: [empty row]","logger":"airflow.task.hooks.airflow.providers.apache.spark.hooks.spark_submit.SparkSubmitHook","filename":"spark_submit.py","lineno":644}
{"timestamp":"2026-01-11T16:32:22.396876Z","level":"info","event":"26/01/11 16:32:22 INFO FileScanRDD: Reading File path: file:///opt/airflow/data/raw/olist_customers/part-00001-10b127ab-18d1-4b66-aa9e-f6251c5881e3-c000.csv, range: 0-3986389, partition values: [empty row]","logger":"airflow.task.hooks.airflow.providers.apache.spark.hooks.spark_submit.SparkSubmitHook","filename":"spark_submit.py","lineno":644}
{"timestamp":"2026-01-11T16:32:22.398307Z","level":"info","event":"26/01/11 16:32:22 INFO FileScanRDD: Reading File path: file:///opt/airflow/data/raw/olist_customers/part-00002-10b127ab-18d1-4b66-aa9e-f6251c5881e3-c000.csv, range: 0-613296, partition values: [empty row]","logger":"airflow.task.hooks.airflow.providers.apache.spark.hooks.spark_submit.SparkSubmitHook","filename":"spark_submit.py","lineno":644}
{"timestamp":"2026-01-11T16:32:22.410689Z","level":"info","event":"26/01/11 16:32:22 INFO CodeGenerator: Code generated in 11.932792 ms","logger":"airflow.task.hooks.airflow.providers.apache.spark.hooks.spark_submit.SparkSubmitHook","filename":"spark_submit.py","lineno":644}
{"timestamp":"2026-01-11T16:32:22.927514Z","level":"info","event":"26/01/11 16:32:22 INFO Executor: Finished task 2.0 in stage 1.0 (TID 3). 1968 bytes result sent to driver","logger":"airflow.task.hooks.airflow.providers.apache.spark.hooks.spark_submit.SparkSubmitHook","filename":"spark_submit.py","lineno":644}
{"timestamp":"2026-01-11T16:32:22.932141Z","level":"info","event":"26/01/11 16:32:22 INFO Executor: Finished task 1.0 in stage 1.0 (TID 2). 1968 bytes result sent to driver","logger":"airflow.task.hooks.airflow.providers.apache.spark.hooks.spark_submit.SparkSubmitHook","filename":"spark_submit.py","lineno":644}
{"timestamp":"2026-01-11T16:32:22.932340Z","level":"info","event":"26/01/11 16:32:22 INFO Executor: Finished task 0.0 in stage 1.0 (TID 1). 1968 bytes result sent to driver","logger":"airflow.task.hooks.airflow.providers.apache.spark.hooks.spark_submit.SparkSubmitHook","filename":"spark_submit.py","lineno":644}
{"timestamp":"2026-01-11T16:32:22.947899Z","level":"info","event":"26/01/11 16:32:22 INFO TaskSetManager: Finished task 2.0 in stage 1.0 (TID 3) in 607 ms on localhost (executor driver) (1/3)","logger":"airflow.task.hooks.airflow.providers.apache.spark.hooks.spark_submit.SparkSubmitHook","filename":"spark_submit.py","lineno":644}
{"timestamp":"2026-01-11T16:32:22.951352Z","level":"info","event":"26/01/11 16:32:22 INFO TaskSetManager: Finished task 0.0 in stage 1.0 (TID 1) in 613 ms on localhost (executor driver) (2/3)","logger":"airflow.task.hooks.airflow.providers.apache.spark.hooks.spark_submit.SparkSubmitHook","filename":"spark_submit.py","lineno":644}
{"timestamp":"2026-01-11T16:32:22.956952Z","level":"info","event":"26/01/11 16:32:22 INFO TaskSetManager: Finished task 1.0 in stage 1.0 (TID 2) in 612 ms on localhost (executor driver) (3/3)","logger":"airflow.task.hooks.airflow.providers.apache.spark.hooks.spark_submit.SparkSubmitHook","filename":"spark_submit.py","lineno":644}
{"timestamp":"2026-01-11T16:32:22.958649Z","level":"info","event":"26/01/11 16:32:22 INFO TaskSchedulerImpl: Removed TaskSet 1.0, whose tasks have all completed, from pool","logger":"airflow.task.hooks.airflow.providers.apache.spark.hooks.spark_submit.SparkSubmitHook","filename":"spark_submit.py","lineno":644}
{"timestamp":"2026-01-11T16:32:22.966420Z","level":"info","event":"26/01/11 16:32:22 INFO DAGScheduler: ShuffleMapStage 1 (count at NativeMethodAccessorImpl.java:0) finished in 0.684 s","logger":"airflow.task.hooks.airflow.providers.apache.spark.hooks.spark_submit.SparkSubmitHook","filename":"spark_submit.py","lineno":644}
{"timestamp":"2026-01-11T16:32:22.967786Z","level":"info","event":"26/01/11 16:32:22 INFO DAGScheduler: looking for newly runnable stages","logger":"airflow.task.hooks.airflow.providers.apache.spark.hooks.spark_submit.SparkSubmitHook","filename":"spark_submit.py","lineno":644}
{"timestamp":"2026-01-11T16:32:22.969614Z","level":"info","event":"26/01/11 16:32:22 INFO DAGScheduler: running: Set()","logger":"airflow.task.hooks.airflow.providers.apache.spark.hooks.spark_submit.SparkSubmitHook","filename":"spark_submit.py","lineno":644}
{"timestamp":"2026-01-11T16:32:22.970271Z","level":"info","event":"26/01/11 16:32:22 INFO DAGScheduler: waiting: Set()","logger":"airflow.task.hooks.airflow.providers.apache.spark.hooks.spark_submit.SparkSubmitHook","filename":"spark_submit.py","lineno":644}
{"timestamp":"2026-01-11T16:32:22.971198Z","level":"info","event":"26/01/11 16:32:22 INFO DAGScheduler: failed: Set()","logger":"airflow.task.hooks.airflow.providers.apache.spark.hooks.spark_submit.SparkSubmitHook","filename":"spark_submit.py","lineno":644}
{"timestamp":"2026-01-11T16:32:23.031722Z","level":"info","event":"26/01/11 16:32:23 INFO CodeGenerator: Code generated in 14.607333 ms","logger":"airflow.task.hooks.airflow.providers.apache.spark.hooks.spark_submit.SparkSubmitHook","filename":"spark_submit.py","lineno":644}
{"timestamp":"2026-01-11T16:32:23.062007Z","level":"info","event":"26/01/11 16:32:23 INFO SparkContext: Starting job: count at NativeMethodAccessorImpl.java:0","logger":"airflow.task.hooks.airflow.providers.apache.spark.hooks.spark_submit.SparkSubmitHook","filename":"spark_submit.py","lineno":644}
{"timestamp":"2026-01-11T16:32:23.064884Z","level":"info","event":"26/01/11 16:32:23 INFO DAGScheduler: Got job 2 (count at NativeMethodAccessorImpl.java:0) with 1 output partitions","logger":"airflow.task.hooks.airflow.providers.apache.spark.hooks.spark_submit.SparkSubmitHook","filename":"spark_submit.py","lineno":644}
{"timestamp":"2026-01-11T16:32:23.065100Z","level":"info","event":"26/01/11 16:32:23 INFO DAGScheduler: Final stage: ResultStage 3 (count at NativeMethodAccessorImpl.java:0)","logger":"airflow.task.hooks.airflow.providers.apache.spark.hooks.spark_submit.SparkSubmitHook","filename":"spark_submit.py","lineno":644}
{"timestamp":"2026-01-11T16:32:23.065345Z","level":"info","event":"26/01/11 16:32:23 INFO DAGScheduler: Parents of final stage: List(ShuffleMapStage 2)","logger":"airflow.task.hooks.airflow.providers.apache.spark.hooks.spark_submit.SparkSubmitHook","filename":"spark_submit.py","lineno":644}
{"timestamp":"2026-01-11T16:32:23.065475Z","level":"info","event":"26/01/11 16:32:23 INFO DAGScheduler: Missing parents: List()","logger":"airflow.task.hooks.airflow.providers.apache.spark.hooks.spark_submit.SparkSubmitHook","filename":"spark_submit.py","lineno":644}
{"timestamp":"2026-01-11T16:32:23.065960Z","level":"info","event":"26/01/11 16:32:23 INFO DAGScheduler: Submitting ResultStage 3 (MapPartitionsRDD[16] at count at NativeMethodAccessorImpl.java:0), which has no missing parents","logger":"airflow.task.hooks.airflow.providers.apache.spark.hooks.spark_submit.SparkSubmitHook","filename":"spark_submit.py","lineno":644}
{"timestamp":"2026-01-11T16:32:23.079665Z","level":"info","event":"26/01/11 16:32:23 INFO MemoryStore: Block broadcast_5 stored as values in memory (estimated size 12.5 KiB, free 1048.1 MiB)","logger":"airflow.task.hooks.airflow.providers.apache.spark.hooks.spark_submit.SparkSubmitHook","filename":"spark_submit.py","lineno":644}
{"timestamp":"2026-01-11T16:32:23.100276Z","level":"info","event":"26/01/11 16:32:23 INFO MemoryStore: Block broadcast_5_piece0 stored as bytes in memory (estimated size 5.9 KiB, free 1048.1 MiB)","logger":"airflow.task.hooks.airflow.providers.apache.spark.hooks.spark_submit.SparkSubmitHook","filename":"spark_submit.py","lineno":644}
{"timestamp":"2026-01-11T16:32:23.101266Z","level":"info","event":"26/01/11 16:32:23 INFO BlockManagerInfo: Added broadcast_5_piece0 in memory on localhost:33275 (size: 5.9 KiB, free: 1048.7 MiB)","logger":"airflow.task.hooks.airflow.providers.apache.spark.hooks.spark_submit.SparkSubmitHook","filename":"spark_submit.py","lineno":644}
{"timestamp":"2026-01-11T16:32:23.102292Z","level":"info","event":"26/01/11 16:32:23 INFO SparkContext: Created broadcast 5 from broadcast at DAGScheduler.scala:1580","logger":"airflow.task.hooks.airflow.providers.apache.spark.hooks.spark_submit.SparkSubmitHook","filename":"spark_submit.py","lineno":644}
{"timestamp":"2026-01-11T16:32:23.103264Z","level":"info","event":"26/01/11 16:32:23 INFO DAGScheduler: Submitting 1 missing tasks from ResultStage 3 (MapPartitionsRDD[16] at count at NativeMethodAccessorImpl.java:0) (first 15 tasks are for partitions Vector(0))","logger":"airflow.task.hooks.airflow.providers.apache.spark.hooks.spark_submit.SparkSubmitHook","filename":"spark_submit.py","lineno":644}
{"timestamp":"2026-01-11T16:32:23.103464Z","level":"info","event":"26/01/11 16:32:23 INFO TaskSchedulerImpl: Adding task set 3.0 with 1 tasks resource profile 0","logger":"airflow.task.hooks.airflow.providers.apache.spark.hooks.spark_submit.SparkSubmitHook","filename":"spark_submit.py","lineno":644}
{"timestamp":"2026-01-11T16:32:23.109232Z","level":"info","event":"26/01/11 16:32:23 INFO TaskSetManager: Starting task 0.0 in stage 3.0 (TID 4) (localhost, executor driver, partition 0, NODE_LOCAL, 7615 bytes)","logger":"airflow.task.hooks.airflow.providers.apache.spark.hooks.spark_submit.SparkSubmitHook","filename":"spark_submit.py","lineno":644}
{"timestamp":"2026-01-11T16:32:23.111593Z","level":"info","event":"26/01/11 16:32:23 INFO Executor: Running task 0.0 in stage 3.0 (TID 4)","logger":"airflow.task.hooks.airflow.providers.apache.spark.hooks.spark_submit.SparkSubmitHook","filename":"spark_submit.py","lineno":644}
{"timestamp":"2026-01-11T16:32:23.163226Z","level":"info","event":"26/01/11 16:32:23 INFO ShuffleBlockFetcherIterator: Getting 3 (180.0 B) non-empty blocks including 3 (180.0 B) local and 0 (0.0 B) host-local and 0 (0.0 B) push-merged-local and 0 (0.0 B) remote blocks","logger":"airflow.task.hooks.airflow.providers.apache.spark.hooks.spark_submit.SparkSubmitHook","filename":"spark_submit.py","lineno":644}
{"timestamp":"2026-01-11T16:32:23.168511Z","level":"info","event":"26/01/11 16:32:23 INFO ShuffleBlockFetcherIterator: Started 0 remote fetches in 21 ms","logger":"airflow.task.hooks.airflow.providers.apache.spark.hooks.spark_submit.SparkSubmitHook","filename":"spark_submit.py","lineno":644}
{"timestamp":"2026-01-11T16:32:23.184828Z","level":"info","event":"26/01/11 16:32:23 INFO CodeGenerator: Code generated in 9.310833 ms","logger":"airflow.task.hooks.airflow.providers.apache.spark.hooks.spark_submit.SparkSubmitHook","filename":"spark_submit.py","lineno":644}
{"timestamp":"2026-01-11T16:32:23.214887Z","level":"info","event":"26/01/11 16:32:23 INFO BlockManagerInfo: Removed broadcast_4_piece0 on localhost:33275 in memory (size: 8.7 KiB, free: 1048.7 MiB)","logger":"airflow.task.hooks.airflow.providers.apache.spark.hooks.spark_submit.SparkSubmitHook","filename":"spark_submit.py","lineno":644}
{"timestamp":"2026-01-11T16:32:23.215267Z","level":"info","event":"26/01/11 16:32:23 INFO Executor: Finished task 0.0 in stage 3.0 (TID 4). 4081 bytes result sent to driver","logger":"airflow.task.hooks.airflow.providers.apache.spark.hooks.spark_submit.SparkSubmitHook","filename":"spark_submit.py","lineno":644}
{"timestamp":"2026-01-11T16:32:23.217543Z","level":"info","event":"26/01/11 16:32:23 INFO TaskSetManager: Finished task 0.0 in stage 3.0 (TID 4) in 111 ms on localhost (executor driver) (1/1)","logger":"airflow.task.hooks.airflow.providers.apache.spark.hooks.spark_submit.SparkSubmitHook","filename":"spark_submit.py","lineno":644}
{"timestamp":"2026-01-11T16:32:23.217695Z","level":"info","event":"26/01/11 16:32:23 INFO TaskSchedulerImpl: Removed TaskSet 3.0, whose tasks have all completed, from pool","logger":"airflow.task.hooks.airflow.providers.apache.spark.hooks.spark_submit.SparkSubmitHook","filename":"spark_submit.py","lineno":644}
{"timestamp":"2026-01-11T16:32:23.221151Z","level":"info","event":"26/01/11 16:32:23 INFO DAGScheduler: ResultStage 3 (count at NativeMethodAccessorImpl.java:0) finished in 0.145 s","logger":"airflow.task.hooks.airflow.providers.apache.spark.hooks.spark_submit.SparkSubmitHook","filename":"spark_submit.py","lineno":644}
{"timestamp":"2026-01-11T16:32:23.221747Z","level":"info","event":"26/01/11 16:32:23 INFO DAGScheduler: Job 2 is finished. Cancelling potential speculative or zombie tasks for this job","logger":"airflow.task.hooks.airflow.providers.apache.spark.hooks.spark_submit.SparkSubmitHook","filename":"spark_submit.py","lineno":644}
{"timestamp":"2026-01-11T16:32:23.221881Z","level":"info","event":"26/01/11 16:32:23 INFO TaskSchedulerImpl: Killing all running tasks in stage 3: Stage finished","logger":"airflow.task.hooks.airflow.providers.apache.spark.hooks.spark_submit.SparkSubmitHook","filename":"spark_submit.py","lineno":644}
{"timestamp":"2026-01-11T16:32:23.224635Z","level":"info","event":"26/01/11 16:32:23 INFO DAGScheduler: Job 2 finished: count at NativeMethodAccessorImpl.java:0, took 0.160506 s","logger":"airflow.task.hooks.airflow.providers.apache.spark.hooks.spark_submit.SparkSubmitHook","filename":"spark_submit.py","lineno":644}
{"timestamp":"2026-01-11T16:32:23.231800Z","level":"info","event":"Loaded olist_customers with 99441 records for cleaning.","logger":"airflow.task.hooks.airflow.providers.apache.spark.hooks.spark_submit.SparkSubmitHook","filename":"spark_submit.py","lineno":644}
{"timestamp":"2026-01-11T16:32:23.236114Z","level":"info","event":"root","logger":"airflow.task.hooks.airflow.providers.apache.spark.hooks.spark_submit.SparkSubmitHook","filename":"spark_submit.py","lineno":644}
{"timestamp":"2026-01-11T16:32:23.236259Z","level":"info","event":"|-- customer_id: string (nullable = true)","logger":"airflow.task.hooks.airflow.providers.apache.spark.hooks.spark_submit.SparkSubmitHook","filename":"spark_submit.py","lineno":644}
{"timestamp":"2026-01-11T16:32:23.236287Z","level":"info","event":"|-- customer_unique_id: string (nullable = true)","logger":"airflow.task.hooks.airflow.providers.apache.spark.hooks.spark_submit.SparkSubmitHook","filename":"spark_submit.py","lineno":644}
{"timestamp":"2026-01-11T16:32:23.236313Z","level":"info","event":"|-- customer_zip_code_prefix: string (nullable = true)","logger":"airflow.task.hooks.airflow.providers.apache.spark.hooks.spark_submit.SparkSubmitHook","filename":"spark_submit.py","lineno":644}
{"timestamp":"2026-01-11T16:32:23.236334Z","level":"info","event":"|-- customer_city: string (nullable = true)","logger":"airflow.task.hooks.airflow.providers.apache.spark.hooks.spark_submit.SparkSubmitHook","filename":"spark_submit.py","lineno":644}
{"timestamp":"2026-01-11T16:32:23.236349Z","level":"info","event":"|-- customer_state: string (nullable = true)","logger":"airflow.task.hooks.airflow.providers.apache.spark.hooks.spark_submit.SparkSubmitHook","filename":"spark_submit.py","lineno":644}
{"timestamp":"2026-01-11T16:32:23.236373Z","level":"info","event":"","logger":"airflow.task.hooks.airflow.providers.apache.spark.hooks.spark_submit.SparkSubmitHook","filename":"spark_submit.py","lineno":644}
{"timestamp":"2026-01-11T16:32:23.276292Z","level":"info","event":"26/01/11 16:32:23 INFO InMemoryFileIndex: It took 10 ms to list leaf files for 1 paths.","logger":"airflow.task.hooks.airflow.providers.apache.spark.hooks.spark_submit.SparkSubmitHook","filename":"spark_submit.py","lineno":644}
{"timestamp":"2026-01-11T16:32:23.282482Z","level":"info","event":"26/01/11 16:32:23 INFO InMemoryFileIndex: It took 1 ms to list leaf files for 7 paths.","logger":"airflow.task.hooks.airflow.providers.apache.spark.hooks.spark_submit.SparkSubmitHook","filename":"spark_submit.py","lineno":644}
{"timestamp":"2026-01-11T16:32:23.357609Z","level":"info","event":"26/01/11 16:32:23 INFO FileSourceStrategy: Pushed Filters:","logger":"airflow.task.hooks.airflow.providers.apache.spark.hooks.spark_submit.SparkSubmitHook","filename":"spark_submit.py","lineno":644}
{"timestamp":"2026-01-11T16:32:23.358043Z","level":"info","event":"26/01/11 16:32:23 INFO FileSourceStrategy: Post-Scan Filters: (length(trim(value#37, None)) > 0)","logger":"airflow.task.hooks.airflow.providers.apache.spark.hooks.spark_submit.SparkSubmitHook","filename":"spark_submit.py","lineno":644}
{"timestamp":"2026-01-11T16:32:23.366901Z","level":"info","event":"26/01/11 16:32:23 INFO MemoryStore: Block broadcast_6 stored as values in memory (estimated size 199.5 KiB, free 1047.9 MiB)","logger":"airflow.task.hooks.airflow.providers.apache.spark.hooks.spark_submit.SparkSubmitHook","filename":"spark_submit.py","lineno":644}
{"timestamp":"2026-01-11T16:32:23.382820Z","level":"info","event":"26/01/11 16:32:23 INFO MemoryStore: Block broadcast_6_piece0 stored as bytes in memory (estimated size 34.2 KiB, free 1047.9 MiB)","logger":"airflow.task.hooks.airflow.providers.apache.spark.hooks.spark_submit.SparkSubmitHook","filename":"spark_submit.py","lineno":644}
{"timestamp":"2026-01-11T16:32:23.383455Z","level":"info","event":"26/01/11 16:32:23 INFO BlockManagerInfo: Added broadcast_6_piece0 in memory on localhost:33275 (size: 34.2 KiB, free: 1048.7 MiB)","logger":"airflow.task.hooks.airflow.providers.apache.spark.hooks.spark_submit.SparkSubmitHook","filename":"spark_submit.py","lineno":644}
{"timestamp":"2026-01-11T16:32:23.383958Z","level":"info","event":"26/01/11 16:32:23 INFO SparkContext: Created broadcast 6 from csv at NativeMethodAccessorImpl.java:0","logger":"airflow.task.hooks.airflow.providers.apache.spark.hooks.spark_submit.SparkSubmitHook","filename":"spark_submit.py","lineno":644}
{"timestamp":"2026-01-11T16:32:23.385396Z","level":"info","event":"26/01/11 16:32:23 INFO FileSourceScanExec: Planning scan with bin packing, max size: 12662034 bytes, open cost is considered as scanning 4194304 bytes.","logger":"airflow.task.hooks.airflow.providers.apache.spark.hooks.spark_submit.SparkSubmitHook","filename":"spark_submit.py","lineno":644}
{"timestamp":"2026-01-11T16:32:23.392905Z","level":"info","event":"26/01/11 16:32:23 INFO SparkContext: Starting job: csv at NativeMethodAccessorImpl.java:0","logger":"airflow.task.hooks.airflow.providers.apache.spark.hooks.spark_submit.SparkSubmitHook","filename":"spark_submit.py","lineno":644}
{"timestamp":"2026-01-11T16:32:23.394587Z","level":"info","event":"26/01/11 16:32:23 INFO DAGScheduler: Got job 3 (csv at NativeMethodAccessorImpl.java:0) with 1 output partitions","logger":"airflow.task.hooks.airflow.providers.apache.spark.hooks.spark_submit.SparkSubmitHook","filename":"spark_submit.py","lineno":644}
{"timestamp":"2026-01-11T16:32:23.394753Z","level":"info","event":"26/01/11 16:32:23 INFO DAGScheduler: Final stage: ResultStage 4 (csv at NativeMethodAccessorImpl.java:0)","logger":"airflow.task.hooks.airflow.providers.apache.spark.hooks.spark_submit.SparkSubmitHook","filename":"spark_submit.py","lineno":644}
{"timestamp":"2026-01-11T16:32:23.395258Z","level":"info","event":"26/01/11 16:32:23 INFO DAGScheduler: Parents of final stage: List()","logger":"airflow.task.hooks.airflow.providers.apache.spark.hooks.spark_submit.SparkSubmitHook","filename":"spark_submit.py","lineno":644}
{"timestamp":"2026-01-11T16:32:23.395450Z","level":"info","event":"26/01/11 16:32:23 INFO DAGScheduler: Missing parents: List()","logger":"airflow.task.hooks.airflow.providers.apache.spark.hooks.spark_submit.SparkSubmitHook","filename":"spark_submit.py","lineno":644}
{"timestamp":"2026-01-11T16:32:23.395611Z","level":"info","event":"26/01/11 16:32:23 INFO DAGScheduler: Submitting ResultStage 4 (MapPartitionsRDD[20] at csv at NativeMethodAccessorImpl.java:0), which has no missing parents","logger":"airflow.task.hooks.airflow.providers.apache.spark.hooks.spark_submit.SparkSubmitHook","filename":"spark_submit.py","lineno":644}
{"timestamp":"2026-01-11T16:32:23.397947Z","level":"info","event":"26/01/11 16:32:23 INFO MemoryStore: Block broadcast_7 stored as values in memory (estimated size 13.5 KiB, free 1047.9 MiB)","logger":"airflow.task.hooks.airflow.providers.apache.spark.hooks.spark_submit.SparkSubmitHook","filename":"spark_submit.py","lineno":644}
{"timestamp":"2026-01-11T16:32:23.404551Z","level":"info","event":"26/01/11 16:32:23 INFO MemoryStore: Block broadcast_7_piece0 stored as bytes in memory (estimated size 6.4 KiB, free 1047.9 MiB)","logger":"airflow.task.hooks.airflow.providers.apache.spark.hooks.spark_submit.SparkSubmitHook","filename":"spark_submit.py","lineno":644}
{"timestamp":"2026-01-11T16:32:23.405751Z","level":"info","event":"26/01/11 16:32:23 INFO BlockManagerInfo: Added broadcast_7_piece0 in memory on localhost:33275 (size: 6.4 KiB, free: 1048.7 MiB)","logger":"airflow.task.hooks.airflow.providers.apache.spark.hooks.spark_submit.SparkSubmitHook","filename":"spark_submit.py","lineno":644}
{"timestamp":"2026-01-11T16:32:23.406208Z","level":"info","event":"26/01/11 16:32:23 INFO SparkContext: Created broadcast 7 from broadcast at DAGScheduler.scala:1580","logger":"airflow.task.hooks.airflow.providers.apache.spark.hooks.spark_submit.SparkSubmitHook","filename":"spark_submit.py","lineno":644}
{"timestamp":"2026-01-11T16:32:23.406622Z","level":"info","event":"26/01/11 16:32:23 INFO DAGScheduler: Submitting 1 missing tasks from ResultStage 4 (MapPartitionsRDD[20] at csv at NativeMethodAccessorImpl.java:0) (first 15 tasks are for partitions Vector(0))","logger":"airflow.task.hooks.airflow.providers.apache.spark.hooks.spark_submit.SparkSubmitHook","filename":"spark_submit.py","lineno":644}
{"timestamp":"2026-01-11T16:32:23.406773Z","level":"info","event":"26/01/11 16:32:23 INFO TaskSchedulerImpl: Adding task set 4.0 with 1 tasks resource profile 0","logger":"airflow.task.hooks.airflow.providers.apache.spark.hooks.spark_submit.SparkSubmitHook","filename":"spark_submit.py","lineno":644}
{"timestamp":"2026-01-11T16:32:23.409490Z","level":"info","event":"26/01/11 16:32:23 INFO TaskSetManager: Starting task 0.0 in stage 4.0 (TID 5) (localhost, executor driver, partition 0, PROCESS_LOCAL, 8281 bytes)","logger":"airflow.task.hooks.airflow.providers.apache.spark.hooks.spark_submit.SparkSubmitHook","filename":"spark_submit.py","lineno":644}
{"timestamp":"2026-01-11T16:32:23.410658Z","level":"info","event":"26/01/11 16:32:23 INFO Executor: Running task 0.0 in stage 4.0 (TID 5)","logger":"airflow.task.hooks.airflow.providers.apache.spark.hooks.spark_submit.SparkSubmitHook","filename":"spark_submit.py","lineno":644}
{"timestamp":"2026-01-11T16:32:23.416524Z","level":"info","event":"26/01/11 16:32:23 INFO FileScanRDD: Reading File path: file:///opt/airflow/data/raw/olist_geolocation/part-00002-def59efb-c277-4ea4-8e01-1e3c4d98da69-c000.csv, range: 0-9053172, partition values: [empty row]","logger":"airflow.task.hooks.airflow.providers.apache.spark.hooks.spark_submit.SparkSubmitHook","filename":"spark_submit.py","lineno":644}
{"timestamp":"2026-01-11T16:32:23.431574Z","level":"info","event":"26/01/11 16:32:23 INFO Executor: Finished task 0.0 in stage 4.0 (TID 5). 1668 bytes result sent to driver","logger":"airflow.task.hooks.airflow.providers.apache.spark.hooks.spark_submit.SparkSubmitHook","filename":"spark_submit.py","lineno":644}
{"timestamp":"2026-01-11T16:32:23.432696Z","level":"info","event":"26/01/11 16:32:23 INFO TaskSetManager: Finished task 0.0 in stage 4.0 (TID 5) in 24 ms on localhost (executor driver) (1/1)","logger":"airflow.task.hooks.airflow.providers.apache.spark.hooks.spark_submit.SparkSubmitHook","filename":"spark_submit.py","lineno":644}
{"timestamp":"2026-01-11T16:32:23.432835Z","level":"info","event":"26/01/11 16:32:23 INFO TaskSchedulerImpl: Removed TaskSet 4.0, whose tasks have all completed, from pool","logger":"airflow.task.hooks.airflow.providers.apache.spark.hooks.spark_submit.SparkSubmitHook","filename":"spark_submit.py","lineno":644}
{"timestamp":"2026-01-11T16:32:23.433775Z","level":"info","event":"26/01/11 16:32:23 INFO DAGScheduler: ResultStage 4 (csv at NativeMethodAccessorImpl.java:0) finished in 0.036 s","logger":"airflow.task.hooks.airflow.providers.apache.spark.hooks.spark_submit.SparkSubmitHook","filename":"spark_submit.py","lineno":644}
{"timestamp":"2026-01-11T16:32:23.434335Z","level":"info","event":"26/01/11 16:32:23 INFO DAGScheduler: Job 3 is finished. Cancelling potential speculative or zombie tasks for this job","logger":"airflow.task.hooks.airflow.providers.apache.spark.hooks.spark_submit.SparkSubmitHook","filename":"spark_submit.py","lineno":644}
{"timestamp":"2026-01-11T16:32:23.434649Z","level":"info","event":"26/01/11 16:32:23 INFO TaskSchedulerImpl: Killing all running tasks in stage 4: Stage finished","logger":"airflow.task.hooks.airflow.providers.apache.spark.hooks.spark_submit.SparkSubmitHook","filename":"spark_submit.py","lineno":644}
{"timestamp":"2026-01-11T16:32:23.435336Z","level":"info","event":"26/01/11 16:32:23 INFO DAGScheduler: Job 3 finished: csv at NativeMethodAccessorImpl.java:0, took 0.041597 s","logger":"airflow.task.hooks.airflow.providers.apache.spark.hooks.spark_submit.SparkSubmitHook","filename":"spark_submit.py","lineno":644}
{"timestamp":"2026-01-11T16:32:23.450251Z","level":"info","event":"26/01/11 16:32:23 INFO FileSourceStrategy: Pushed Filters:","logger":"airflow.task.hooks.airflow.providers.apache.spark.hooks.spark_submit.SparkSubmitHook","filename":"spark_submit.py","lineno":644}
{"timestamp":"2026-01-11T16:32:23.450373Z","level":"info","event":"26/01/11 16:32:23 INFO FileSourceStrategy: Post-Scan Filters:","logger":"airflow.task.hooks.airflow.providers.apache.spark.hooks.spark_submit.SparkSubmitHook","filename":"spark_submit.py","lineno":644}
{"timestamp":"2026-01-11T16:32:23.455642Z","level":"info","event":"26/01/11 16:32:23 INFO MemoryStore: Block broadcast_8 stored as values in memory (estimated size 199.5 KiB, free 1047.7 MiB)","logger":"airflow.task.hooks.airflow.providers.apache.spark.hooks.spark_submit.SparkSubmitHook","filename":"spark_submit.py","lineno":644}
{"timestamp":"2026-01-11T16:32:23.465624Z","level":"info","event":"26/01/11 16:32:23 INFO BlockManagerInfo: Removed broadcast_5_piece0 on localhost:33275 in memory (size: 5.9 KiB, free: 1048.7 MiB)","logger":"airflow.task.hooks.airflow.providers.apache.spark.hooks.spark_submit.SparkSubmitHook","filename":"spark_submit.py","lineno":644}
{"timestamp":"2026-01-11T16:32:23.469480Z","level":"info","event":"26/01/11 16:32:23 INFO MemoryStore: Block broadcast_8_piece0 stored as bytes in memory (estimated size 34.2 KiB, free 1047.6 MiB)","logger":"airflow.task.hooks.airflow.providers.apache.spark.hooks.spark_submit.SparkSubmitHook","filename":"spark_submit.py","lineno":644}
{"timestamp":"2026-01-11T16:32:23.470411Z","level":"info","event":"26/01/11 16:32:23 INFO BlockManagerInfo: Added broadcast_8_piece0 in memory on localhost:33275 (size: 34.2 KiB, free: 1048.6 MiB)","logger":"airflow.task.hooks.airflow.providers.apache.spark.hooks.spark_submit.SparkSubmitHook","filename":"spark_submit.py","lineno":644}
{"timestamp":"2026-01-11T16:32:23.470773Z","level":"info","event":"26/01/11 16:32:23 INFO BlockManagerInfo: Removed broadcast_3_piece0 on localhost:33275 in memory (size: 34.2 KiB, free: 1048.7 MiB)","logger":"airflow.task.hooks.airflow.providers.apache.spark.hooks.spark_submit.SparkSubmitHook","filename":"spark_submit.py","lineno":644}
{"timestamp":"2026-01-11T16:32:23.470836Z","level":"info","event":"26/01/11 16:32:23 INFO SparkContext: Created broadcast 8 from csv at NativeMethodAccessorImpl.java:0","logger":"airflow.task.hooks.airflow.providers.apache.spark.hooks.spark_submit.SparkSubmitHook","filename":"spark_submit.py","lineno":644}
{"timestamp":"2026-01-11T16:32:23.471769Z","level":"info","event":"26/01/11 16:32:23 INFO FileSourceScanExec: Planning scan with bin packing, max size: 12662034 bytes, open cost is considered as scanning 4194304 bytes.","logger":"airflow.task.hooks.airflow.providers.apache.spark.hooks.spark_submit.SparkSubmitHook","filename":"spark_submit.py","lineno":644}
{"timestamp":"2026-01-11T16:32:23.493053Z","level":"info","event":"26/01/11 16:32:23 INFO BlockManagerInfo: Removed broadcast_7_piece0 on localhost:33275 in memory (size: 6.4 KiB, free: 1048.7 MiB)","logger":"airflow.task.hooks.airflow.providers.apache.spark.hooks.spark_submit.SparkSubmitHook","filename":"spark_submit.py","lineno":644}
{"timestamp":"2026-01-11T16:32:23.496603Z","level":"info","event":"____________________________________________________","logger":"airflow.task.hooks.airflow.providers.apache.spark.hooks.spark_submit.SparkSubmitHook","filename":"spark_submit.py","lineno":644}
{"timestamp":"2026-01-11T16:32:23.515369Z","level":"info","event":"26/01/11 16:32:23 INFO FileSourceStrategy: Pushed Filters:","logger":"airflow.task.hooks.airflow.providers.apache.spark.hooks.spark_submit.SparkSubmitHook","filename":"spark_submit.py","lineno":644}
{"timestamp":"2026-01-11T16:32:23.515490Z","level":"info","event":"26/01/11 16:32:23 INFO FileSourceStrategy: Post-Scan Filters:","logger":"airflow.task.hooks.airflow.providers.apache.spark.hooks.spark_submit.SparkSubmitHook","filename":"spark_submit.py","lineno":644}
{"timestamp":"2026-01-11T16:32:23.529398Z","level":"info","event":"26/01/11 16:32:23 INFO MemoryStore: Block broadcast_9 stored as values in memory (estimated size 199.4 KiB, free 1047.7 MiB)","logger":"airflow.task.hooks.airflow.providers.apache.spark.hooks.spark_submit.SparkSubmitHook","filename":"spark_submit.py","lineno":644}
{"timestamp":"2026-01-11T16:32:23.538342Z","level":"info","event":"26/01/11 16:32:23 INFO MemoryStore: Block broadcast_9_piece0 stored as bytes in memory (estimated size 34.2 KiB, free 1047.7 MiB)","logger":"airflow.task.hooks.airflow.providers.apache.spark.hooks.spark_submit.SparkSubmitHook","filename":"spark_submit.py","lineno":644}
{"timestamp":"2026-01-11T16:32:23.539286Z","level":"info","event":"26/01/11 16:32:23 INFO BlockManagerInfo: Added broadcast_9_piece0 in memory on localhost:33275 (size: 34.2 KiB, free: 1048.6 MiB)","logger":"airflow.task.hooks.airflow.providers.apache.spark.hooks.spark_submit.SparkSubmitHook","filename":"spark_submit.py","lineno":644}
{"timestamp":"2026-01-11T16:32:23.543138Z","level":"info","event":"26/01/11 16:32:23 INFO SparkContext: Created broadcast 9 from count at NativeMethodAccessorImpl.java:0","logger":"airflow.task.hooks.airflow.providers.apache.spark.hooks.spark_submit.SparkSubmitHook","filename":"spark_submit.py","lineno":644}
{"timestamp":"2026-01-11T16:32:23.545853Z","level":"info","event":"26/01/11 16:32:23 INFO FileSourceScanExec: Planning scan with bin packing, max size: 12662034 bytes, open cost is considered as scanning 4194304 bytes.","logger":"airflow.task.hooks.airflow.providers.apache.spark.hooks.spark_submit.SparkSubmitHook","filename":"spark_submit.py","lineno":644}
{"timestamp":"2026-01-11T16:32:23.561711Z","level":"info","event":"26/01/11 16:32:23 INFO DAGScheduler: Registering RDD 30 (count at NativeMethodAccessorImpl.java:0) as input to shuffle 1","logger":"airflow.task.hooks.airflow.providers.apache.spark.hooks.spark_submit.SparkSubmitHook","filename":"spark_submit.py","lineno":644}
{"timestamp":"2026-01-11T16:32:23.562207Z","level":"info","event":"26/01/11 16:32:23 INFO DAGScheduler: Got map stage job 4 (count at NativeMethodAccessorImpl.java:0) with 7 output partitions","logger":"airflow.task.hooks.airflow.providers.apache.spark.hooks.spark_submit.SparkSubmitHook","filename":"spark_submit.py","lineno":644}
{"timestamp":"2026-01-11T16:32:23.562483Z","level":"info","event":"26/01/11 16:32:23 INFO DAGScheduler: Final stage: ShuffleMapStage 5 (count at NativeMethodAccessorImpl.java:0)","logger":"airflow.task.hooks.airflow.providers.apache.spark.hooks.spark_submit.SparkSubmitHook","filename":"spark_submit.py","lineno":644}
{"timestamp":"2026-01-11T16:32:23.562540Z","level":"info","event":"26/01/11 16:32:23 INFO DAGScheduler: Parents of final stage: List()","logger":"airflow.task.hooks.airflow.providers.apache.spark.hooks.spark_submit.SparkSubmitHook","filename":"spark_submit.py","lineno":644}
{"timestamp":"2026-01-11T16:32:23.562565Z","level":"info","event":"26/01/11 16:32:23 INFO DAGScheduler: Missing parents: List()","logger":"airflow.task.hooks.airflow.providers.apache.spark.hooks.spark_submit.SparkSubmitHook","filename":"spark_submit.py","lineno":644}
{"timestamp":"2026-01-11T16:32:23.563270Z","level":"info","event":"26/01/11 16:32:23 INFO DAGScheduler: Submitting ShuffleMapStage 5 (MapPartitionsRDD[30] at count at NativeMethodAccessorImpl.java:0), which has no missing parents","logger":"airflow.task.hooks.airflow.providers.apache.spark.hooks.spark_submit.SparkSubmitHook","filename":"spark_submit.py","lineno":644}
{"timestamp":"2026-01-11T16:32:23.566710Z","level":"info","event":"26/01/11 16:32:23 INFO MemoryStore: Block broadcast_10 stored as values in memory (estimated size 17.8 KiB, free 1047.6 MiB)","logger":"airflow.task.hooks.airflow.providers.apache.spark.hooks.spark_submit.SparkSubmitHook","filename":"spark_submit.py","lineno":644}
{"timestamp":"2026-01-11T16:32:23.567914Z","level":"info","event":"26/01/11 16:32:23 INFO MemoryStore: Block broadcast_10_piece0 stored as bytes in memory (estimated size 8.7 KiB, free 1047.6 MiB)","logger":"airflow.task.hooks.airflow.providers.apache.spark.hooks.spark_submit.SparkSubmitHook","filename":"spark_submit.py","lineno":644}
{"timestamp":"2026-01-11T16:32:23.569134Z","level":"info","event":"26/01/11 16:32:23 INFO BlockManagerInfo: Added broadcast_10_piece0 in memory on localhost:33275 (size: 8.7 KiB, free: 1048.6 MiB)","logger":"airflow.task.hooks.airflow.providers.apache.spark.hooks.spark_submit.SparkSubmitHook","filename":"spark_submit.py","lineno":644}
{"timestamp":"2026-01-11T16:32:23.569751Z","level":"info","event":"26/01/11 16:32:23 INFO SparkContext: Created broadcast 10 from broadcast at DAGScheduler.scala:1580","logger":"airflow.task.hooks.airflow.providers.apache.spark.hooks.spark_submit.SparkSubmitHook","filename":"spark_submit.py","lineno":644}
{"timestamp":"2026-01-11T16:32:23.570501Z","level":"info","event":"26/01/11 16:32:23 INFO DAGScheduler: Submitting 7 missing tasks from ShuffleMapStage 5 (MapPartitionsRDD[30] at count at NativeMethodAccessorImpl.java:0) (first 15 tasks are for partitions Vector(0, 1, 2, 3, 4, 5, 6))","logger":"airflow.task.hooks.airflow.providers.apache.spark.hooks.spark_submit.SparkSubmitHook","filename":"spark_submit.py","lineno":644}
{"timestamp":"2026-01-11T16:32:23.570795Z","level":"info","event":"26/01/11 16:32:23 INFO TaskSchedulerImpl: Adding task set 5.0 with 7 tasks resource profile 0","logger":"airflow.task.hooks.airflow.providers.apache.spark.hooks.spark_submit.SparkSubmitHook","filename":"spark_submit.py","lineno":644}
{"timestamp":"2026-01-11T16:32:23.572761Z","level":"info","event":"26/01/11 16:32:23 INFO TaskSetManager: Starting task 0.0 in stage 5.0 (TID 6) (localhost, executor driver, partition 0, PROCESS_LOCAL, 8270 bytes)","logger":"airflow.task.hooks.airflow.providers.apache.spark.hooks.spark_submit.SparkSubmitHook","filename":"spark_submit.py","lineno":644}
{"timestamp":"2026-01-11T16:32:23.573640Z","level":"info","event":"26/01/11 16:32:23 INFO TaskSetManager: Starting task 1.0 in stage 5.0 (TID 7) (localhost, executor driver, partition 1, PROCESS_LOCAL, 8270 bytes)","logger":"airflow.task.hooks.airflow.providers.apache.spark.hooks.spark_submit.SparkSubmitHook","filename":"spark_submit.py","lineno":644}
{"timestamp":"2026-01-11T16:32:23.580289Z","level":"info","event":"26/01/11 16:32:23 INFO TaskSetManager: Starting task 2.0 in stage 5.0 (TID 8) (localhost, executor driver, partition 2, PROCESS_LOCAL, 8270 bytes)","logger":"airflow.task.hooks.airflow.providers.apache.spark.hooks.spark_submit.SparkSubmitHook","filename":"spark_submit.py","lineno":644}
{"timestamp":"2026-01-11T16:32:23.581119Z","level":"info","event":"26/01/11 16:32:23 INFO TaskSetManager: Starting task 3.0 in stage 5.0 (TID 9) (localhost, executor driver, partition 3, PROCESS_LOCAL, 8270 bytes)","logger":"airflow.task.hooks.airflow.providers.apache.spark.hooks.spark_submit.SparkSubmitHook","filename":"spark_submit.py","lineno":644}
{"timestamp":"2026-01-11T16:32:23.581456Z","level":"info","event":"26/01/11 16:32:23 INFO TaskSetManager: Starting task 4.0 in stage 5.0 (TID 10) (localhost, executor driver, partition 4, PROCESS_LOCAL, 8270 bytes)","logger":"airflow.task.hooks.airflow.providers.apache.spark.hooks.spark_submit.SparkSubmitHook","filename":"spark_submit.py","lineno":644}
{"timestamp":"2026-01-11T16:32:23.582515Z","level":"info","event":"26/01/11 16:32:23 INFO TaskSetManager: Starting task 5.0 in stage 5.0 (TID 11) (localhost, executor driver, partition 5, PROCESS_LOCAL, 8270 bytes)","logger":"airflow.task.hooks.airflow.providers.apache.spark.hooks.spark_submit.SparkSubmitHook","filename":"spark_submit.py","lineno":644}
{"timestamp":"2026-01-11T16:32:23.583442Z","level":"info","event":"26/01/11 16:32:23 INFO TaskSetManager: Starting task 6.0 in stage 5.0 (TID 12) (localhost, executor driver, partition 6, PROCESS_LOCAL, 8270 bytes)","logger":"airflow.task.hooks.airflow.providers.apache.spark.hooks.spark_submit.SparkSubmitHook","filename":"spark_submit.py","lineno":644}
{"timestamp":"2026-01-11T16:32:23.584739Z","level":"info","event":"26/01/11 16:32:23 INFO Executor: Running task 0.0 in stage 5.0 (TID 6)","logger":"airflow.task.hooks.airflow.providers.apache.spark.hooks.spark_submit.SparkSubmitHook","filename":"spark_submit.py","lineno":644}
{"timestamp":"2026-01-11T16:32:23.584947Z","level":"info","event":"26/01/11 16:32:23 INFO Executor: Running task 1.0 in stage 5.0 (TID 7)","logger":"airflow.task.hooks.airflow.providers.apache.spark.hooks.spark_submit.SparkSubmitHook","filename":"spark_submit.py","lineno":644}
{"timestamp":"2026-01-11T16:32:23.585003Z","level":"info","event":"26/01/11 16:32:23 INFO Executor: Running task 2.0 in stage 5.0 (TID 8)","logger":"airflow.task.hooks.airflow.providers.apache.spark.hooks.spark_submit.SparkSubmitHook","filename":"spark_submit.py","lineno":644}
{"timestamp":"2026-01-11T16:32:23.585581Z","level":"info","event":"26/01/11 16:32:23 INFO Executor: Running task 3.0 in stage 5.0 (TID 9)","logger":"airflow.task.hooks.airflow.providers.apache.spark.hooks.spark_submit.SparkSubmitHook","filename":"spark_submit.py","lineno":644}
{"timestamp":"2026-01-11T16:32:23.588550Z","level":"info","event":"26/01/11 16:32:23 INFO Executor: Running task 4.0 in stage 5.0 (TID 10)","logger":"airflow.task.hooks.airflow.providers.apache.spark.hooks.spark_submit.SparkSubmitHook","filename":"spark_submit.py","lineno":644}
{"timestamp":"2026-01-11T16:32:23.591374Z","level":"info","event":"26/01/11 16:32:23 INFO Executor: Running task 5.0 in stage 5.0 (TID 11)","logger":"airflow.task.hooks.airflow.providers.apache.spark.hooks.spark_submit.SparkSubmitHook","filename":"spark_submit.py","lineno":644}
{"timestamp":"2026-01-11T16:32:23.594237Z","level":"info","event":"26/01/11 16:32:23 INFO FileScanRDD: Reading File path: file:///opt/airflow/data/raw/olist_geolocation/part-00001-def59efb-c277-4ea4-8e01-1e3c4d98da69-c000.csv, range: 0-9049376, partition values: [empty row]","logger":"airflow.task.hooks.airflow.providers.apache.spark.hooks.spark_submit.SparkSubmitHook","filename":"spark_submit.py","lineno":644}
{"timestamp":"2026-01-11T16:32:23.594453Z","level":"info","event":"26/01/11 16:32:23 INFO FileScanRDD: Reading File path: file:///opt/airflow/data/raw/olist_geolocation/part-00002-def59efb-c277-4ea4-8e01-1e3c4d98da69-c000.csv, range: 0-9053172, partition values: [empty row]","logger":"airflow.task.hooks.airflow.providers.apache.spark.hooks.spark_submit.SparkSubmitHook","filename":"spark_submit.py","lineno":644}
{"timestamp":"2026-01-11T16:32:23.594718Z","level":"info","event":"26/01/11 16:32:23 INFO FileScanRDD: Reading File path: file:///opt/airflow/data/raw/olist_geolocation/part-00004-def59efb-c277-4ea4-8e01-1e3c4d98da69-c000.csv, range: 0-9045196, partition values: [empty row]","logger":"airflow.task.hooks.airflow.providers.apache.spark.hooks.spark_submit.SparkSubmitHook","filename":"spark_submit.py","lineno":644}
{"timestamp":"2026-01-11T16:32:23.595916Z","level":"info","event":"26/01/11 16:32:23 INFO Executor: Running task 6.0 in stage 5.0 (TID 12)","logger":"airflow.task.hooks.airflow.providers.apache.spark.hooks.spark_submit.SparkSubmitHook","filename":"spark_submit.py","lineno":644}
{"timestamp":"2026-01-11T16:32:23.600295Z","level":"info","event":"26/01/11 16:32:23 INFO FileScanRDD: Reading File path: file:///opt/airflow/data/raw/olist_geolocation/part-00003-def59efb-c277-4ea4-8e01-1e3c4d98da69-c000.csv, range: 0-9052747, partition values: [empty row]","logger":"airflow.task.hooks.airflow.providers.apache.spark.hooks.spark_submit.SparkSubmitHook","filename":"spark_submit.py","lineno":644}
{"timestamp":"2026-01-11T16:32:23.600634Z","level":"info","event":"26/01/11 16:32:23 INFO FileScanRDD: Reading File path: file:///opt/airflow/data/raw/olist_geolocation/part-00005-def59efb-c277-4ea4-8e01-1e3c4d98da69-c000.csv, range: 0-9043974, partition values: [empty row]","logger":"airflow.task.hooks.airflow.providers.apache.spark.hooks.spark_submit.SparkSubmitHook","filename":"spark_submit.py","lineno":644}
{"timestamp":"2026-01-11T16:32:23.602348Z","level":"info","event":"26/01/11 16:32:23 INFO FileScanRDD: Reading File path: file:///opt/airflow/data/raw/olist_geolocation/part-00006-def59efb-c277-4ea4-8e01-1e3c4d98da69-c000.csv, range: 0-4989944, partition values: [empty row]","logger":"airflow.task.hooks.airflow.providers.apache.spark.hooks.spark_submit.SparkSubmitHook","filename":"spark_submit.py","lineno":644}
{"timestamp":"2026-01-11T16:32:23.603257Z","level":"info","event":"26/01/11 16:32:23 INFO FileScanRDD: Reading File path: file:///opt/airflow/data/raw/olist_geolocation/part-00000-def59efb-c277-4ea4-8e01-1e3c4d98da69-c000.csv, range: 0-9039701, partition values: [empty row]","logger":"airflow.task.hooks.airflow.providers.apache.spark.hooks.spark_submit.SparkSubmitHook","filename":"spark_submit.py","lineno":644}
{"timestamp":"2026-01-11T16:32:23.638280Z","level":"info","event":"26/01/11 16:32:23 INFO BlockManagerInfo: Removed broadcast_6_piece0 on localhost:33275 in memory (size: 34.2 KiB, free: 1048.7 MiB)","logger":"airflow.task.hooks.airflow.providers.apache.spark.hooks.spark_submit.SparkSubmitHook","filename":"spark_submit.py","lineno":644}
{"timestamp":"2026-01-11T16:32:23.804451Z","level":"info","event":"26/01/11 16:32:23 INFO BlockManagerInfo: Removed broadcast_8_piece0 on localhost:33275 in memory (size: 34.2 KiB, free: 1048.7 MiB)","logger":"airflow.task.hooks.airflow.providers.apache.spark.hooks.spark_submit.SparkSubmitHook","filename":"spark_submit.py","lineno":644}
{"timestamp":"2026-01-11T16:32:24.340429Z","level":"info","event":"26/01/11 16:32:24 INFO Executor: Finished task 6.0 in stage 5.0 (TID 12). 2011 bytes result sent to driver","logger":"airflow.task.hooks.airflow.providers.apache.spark.hooks.spark_submit.SparkSubmitHook","filename":"spark_submit.py","lineno":644}
{"timestamp":"2026-01-11T16:32:24.448612Z","level":"info","event":"26/01/11 16:32:24 INFO TaskSetManager: Finished task 6.0 in stage 5.0 (TID 12) in 849 ms on localhost (executor driver) (1/7)","logger":"airflow.task.hooks.airflow.providers.apache.spark.hooks.spark_submit.SparkSubmitHook","filename":"spark_submit.py","lineno":644}
{"timestamp":"2026-01-11T16:32:24.449791Z","level":"info","event":"26/01/11 16:32:24 INFO Executor: Finished task 1.0 in stage 5.0 (TID 7). 2011 bytes result sent to driver","logger":"airflow.task.hooks.airflow.providers.apache.spark.hooks.spark_submit.SparkSubmitHook","filename":"spark_submit.py","lineno":644}
{"timestamp":"2026-01-11T16:32:24.459401Z","level":"info","event":"26/01/11 16:32:24 INFO TaskSetManager: Finished task 1.0 in stage 5.0 (TID 7) in 885 ms on localhost (executor driver) (2/7)","logger":"airflow.task.hooks.airflow.providers.apache.spark.hooks.spark_submit.SparkSubmitHook","filename":"spark_submit.py","lineno":644}
{"timestamp":"2026-01-11T16:32:24.459553Z","level":"info","event":"26/01/11 16:32:24 INFO Executor: Finished task 3.0 in stage 5.0 (TID 9). 1968 bytes result sent to driver","logger":"airflow.task.hooks.airflow.providers.apache.spark.hooks.spark_submit.SparkSubmitHook","filename":"spark_submit.py","lineno":644}
{"timestamp":"2026-01-11T16:32:24.465520Z","level":"info","event":"26/01/11 16:32:24 INFO TaskSetManager: Finished task 3.0 in stage 5.0 (TID 9) in 884 ms on localhost (executor driver) (3/7)","logger":"airflow.task.hooks.airflow.providers.apache.spark.hooks.spark_submit.SparkSubmitHook","filename":"spark_submit.py","lineno":644}
{"timestamp":"2026-01-11T16:32:24.473549Z","level":"info","event":"26/01/11 16:32:24 INFO Executor: Finished task 5.0 in stage 5.0 (TID 11). 2011 bytes result sent to driver","logger":"airflow.task.hooks.airflow.providers.apache.spark.hooks.spark_submit.SparkSubmitHook","filename":"spark_submit.py","lineno":644}
{"timestamp":"2026-01-11T16:32:24.473679Z","level":"info","event":"26/01/11 16:32:24 INFO Executor: Finished task 2.0 in stage 5.0 (TID 8). 1968 bytes result sent to driver","logger":"airflow.task.hooks.airflow.providers.apache.spark.hooks.spark_submit.SparkSubmitHook","filename":"spark_submit.py","lineno":644}
{"timestamp":"2026-01-11T16:32:24.474596Z","level":"info","event":"26/01/11 16:32:24 INFO Executor: Finished task 4.0 in stage 5.0 (TID 10). 2011 bytes result sent to driver","logger":"airflow.task.hooks.airflow.providers.apache.spark.hooks.spark_submit.SparkSubmitHook","filename":"spark_submit.py","lineno":644}
{"timestamp":"2026-01-11T16:32:24.478881Z","level":"info","event":"26/01/11 16:32:24 INFO Executor: Finished task 0.0 in stage 5.0 (TID 6). 1968 bytes result sent to driver","logger":"airflow.task.hooks.airflow.providers.apache.spark.hooks.spark_submit.SparkSubmitHook","filename":"spark_submit.py","lineno":644}
{"timestamp":"2026-01-11T16:32:24.479047Z","level":"info","event":"26/01/11 16:32:24 INFO TaskSetManager: Finished task 5.0 in stage 5.0 (TID 11) in 895 ms on localhost (executor driver) (4/7)","logger":"airflow.task.hooks.airflow.providers.apache.spark.hooks.spark_submit.SparkSubmitHook","filename":"spark_submit.py","lineno":644}
{"timestamp":"2026-01-11T16:32:24.479091Z","level":"info","event":"26/01/11 16:32:24 INFO TaskSetManager: Finished task 2.0 in stage 5.0 (TID 8) in 903 ms on localhost (executor driver) (5/7)","logger":"airflow.task.hooks.airflow.providers.apache.spark.hooks.spark_submit.SparkSubmitHook","filename":"spark_submit.py","lineno":644}
{"timestamp":"2026-01-11T16:32:24.479111Z","level":"info","event":"26/01/11 16:32:24 INFO TaskSetManager: Finished task 4.0 in stage 5.0 (TID 10) in 896 ms on localhost (executor driver) (6/7)","logger":"airflow.task.hooks.airflow.providers.apache.spark.hooks.spark_submit.SparkSubmitHook","filename":"spark_submit.py","lineno":644}
{"timestamp":"2026-01-11T16:32:24.481987Z","level":"info","event":"26/01/11 16:32:24 INFO TaskSetManager: Finished task 0.0 in stage 5.0 (TID 6) in 909 ms on localhost (executor driver) (7/7)","logger":"airflow.task.hooks.airflow.providers.apache.spark.hooks.spark_submit.SparkSubmitHook","filename":"spark_submit.py","lineno":644}
{"timestamp":"2026-01-11T16:32:24.482882Z","level":"info","event":"26/01/11 16:32:24 INFO TaskSchedulerImpl: Removed TaskSet 5.0, whose tasks have all completed, from pool","logger":"airflow.task.hooks.airflow.providers.apache.spark.hooks.spark_submit.SparkSubmitHook","filename":"spark_submit.py","lineno":644}
{"timestamp":"2026-01-11T16:32:24.489303Z","level":"info","event":"26/01/11 16:32:24 INFO DAGScheduler: ShuffleMapStage 5 (count at NativeMethodAccessorImpl.java:0) finished in 0.922 s","logger":"airflow.task.hooks.airflow.providers.apache.spark.hooks.spark_submit.SparkSubmitHook","filename":"spark_submit.py","lineno":644}
{"timestamp":"2026-01-11T16:32:24.489522Z","level":"info","event":"26/01/11 16:32:24 INFO DAGScheduler: looking for newly runnable stages","logger":"airflow.task.hooks.airflow.providers.apache.spark.hooks.spark_submit.SparkSubmitHook","filename":"spark_submit.py","lineno":644}
{"timestamp":"2026-01-11T16:32:24.489577Z","level":"info","event":"26/01/11 16:32:24 INFO DAGScheduler: running: Set()","logger":"airflow.task.hooks.airflow.providers.apache.spark.hooks.spark_submit.SparkSubmitHook","filename":"spark_submit.py","lineno":644}
{"timestamp":"2026-01-11T16:32:24.489603Z","level":"info","event":"26/01/11 16:32:24 INFO DAGScheduler: waiting: Set()","logger":"airflow.task.hooks.airflow.providers.apache.spark.hooks.spark_submit.SparkSubmitHook","filename":"spark_submit.py","lineno":644}
{"timestamp":"2026-01-11T16:32:24.489627Z","level":"info","event":"26/01/11 16:32:24 INFO DAGScheduler: failed: Set()","logger":"airflow.task.hooks.airflow.providers.apache.spark.hooks.spark_submit.SparkSubmitHook","filename":"spark_submit.py","lineno":644}
{"timestamp":"2026-01-11T16:32:24.629420Z","level":"info","event":"26/01/11 16:32:24 INFO SparkContext: Starting job: count at NativeMethodAccessorImpl.java:0","logger":"airflow.task.hooks.airflow.providers.apache.spark.hooks.spark_submit.SparkSubmitHook","filename":"spark_submit.py","lineno":644}
{"timestamp":"2026-01-11T16:32:24.642544Z","level":"info","event":"26/01/11 16:32:24 INFO DAGScheduler: Got job 5 (count at NativeMethodAccessorImpl.java:0) with 1 output partitions","logger":"airflow.task.hooks.airflow.providers.apache.spark.hooks.spark_submit.SparkSubmitHook","filename":"spark_submit.py","lineno":644}
{"timestamp":"2026-01-11T16:32:24.642819Z","level":"info","event":"26/01/11 16:32:24 INFO DAGScheduler: Final stage: ResultStage 7 (count at NativeMethodAccessorImpl.java:0)","logger":"airflow.task.hooks.airflow.providers.apache.spark.hooks.spark_submit.SparkSubmitHook","filename":"spark_submit.py","lineno":644}
{"timestamp":"2026-01-11T16:32:24.642930Z","level":"info","event":"26/01/11 16:32:24 INFO DAGScheduler: Parents of final stage: List(ShuffleMapStage 6)","logger":"airflow.task.hooks.airflow.providers.apache.spark.hooks.spark_submit.SparkSubmitHook","filename":"spark_submit.py","lineno":644}
{"timestamp":"2026-01-11T16:32:24.643579Z","level":"info","event":"26/01/11 16:32:24 INFO DAGScheduler: Missing parents: List()","logger":"airflow.task.hooks.airflow.providers.apache.spark.hooks.spark_submit.SparkSubmitHook","filename":"spark_submit.py","lineno":644}
{"timestamp":"2026-01-11T16:32:24.647502Z","level":"info","event":"26/01/11 16:32:24 INFO DAGScheduler: Submitting ResultStage 7 (MapPartitionsRDD[33] at count at NativeMethodAccessorImpl.java:0), which has no missing parents","logger":"airflow.task.hooks.airflow.providers.apache.spark.hooks.spark_submit.SparkSubmitHook","filename":"spark_submit.py","lineno":644}
{"timestamp":"2026-01-11T16:32:24.666703Z","level":"info","event":"26/01/11 16:32:24 INFO MemoryStore: Block broadcast_11 stored as values in memory (estimated size 12.5 KiB, free 1048.1 MiB)","logger":"airflow.task.hooks.airflow.providers.apache.spark.hooks.spark_submit.SparkSubmitHook","filename":"spark_submit.py","lineno":644}
{"timestamp":"2026-01-11T16:32:24.685447Z","level":"info","event":"26/01/11 16:32:24 INFO MemoryStore: Block broadcast_11_piece0 stored as bytes in memory (estimated size 5.9 KiB, free 1048.1 MiB)","logger":"airflow.task.hooks.airflow.providers.apache.spark.hooks.spark_submit.SparkSubmitHook","filename":"spark_submit.py","lineno":644}
{"timestamp":"2026-01-11T16:32:24.686902Z","level":"info","event":"26/01/11 16:32:24 INFO BlockManagerInfo: Added broadcast_11_piece0 in memory on localhost:33275 (size: 5.9 KiB, free: 1048.7 MiB)","logger":"airflow.task.hooks.airflow.providers.apache.spark.hooks.spark_submit.SparkSubmitHook","filename":"spark_submit.py","lineno":644}
{"timestamp":"2026-01-11T16:32:24.688887Z","level":"info","event":"26/01/11 16:32:24 INFO SparkContext: Created broadcast 11 from broadcast at DAGScheduler.scala:1580","logger":"airflow.task.hooks.airflow.providers.apache.spark.hooks.spark_submit.SparkSubmitHook","filename":"spark_submit.py","lineno":644}
{"timestamp":"2026-01-11T16:32:24.691421Z","level":"info","event":"26/01/11 16:32:24 INFO DAGScheduler: Submitting 1 missing tasks from ResultStage 7 (MapPartitionsRDD[33] at count at NativeMethodAccessorImpl.java:0) (first 15 tasks are for partitions Vector(0))","logger":"airflow.task.hooks.airflow.providers.apache.spark.hooks.spark_submit.SparkSubmitHook","filename":"spark_submit.py","lineno":644}
{"timestamp":"2026-01-11T16:32:24.692273Z","level":"info","event":"26/01/11 16:32:24 INFO TaskSchedulerImpl: Adding task set 7.0 with 1 tasks resource profile 0","logger":"airflow.task.hooks.airflow.providers.apache.spark.hooks.spark_submit.SparkSubmitHook","filename":"spark_submit.py","lineno":644}
{"timestamp":"2026-01-11T16:32:24.709014Z","level":"info","event":"26/01/11 16:32:24 INFO TaskSetManager: Starting task 0.0 in stage 7.0 (TID 13) (localhost, executor driver, partition 0, NODE_LOCAL, 7615 bytes)","logger":"airflow.task.hooks.airflow.providers.apache.spark.hooks.spark_submit.SparkSubmitHook","filename":"spark_submit.py","lineno":644}
{"timestamp":"2026-01-11T16:32:24.715675Z","level":"info","event":"26/01/11 16:32:24 INFO Executor: Running task 0.0 in stage 7.0 (TID 13)","logger":"airflow.task.hooks.airflow.providers.apache.spark.hooks.spark_submit.SparkSubmitHook","filename":"spark_submit.py","lineno":644}
{"timestamp":"2026-01-11T16:32:24.789879Z","level":"info","event":"26/01/11 16:32:24 INFO ShuffleBlockFetcherIterator: Getting 7 (420.0 B) non-empty blocks including 7 (420.0 B) local and 0 (0.0 B) host-local and 0 (0.0 B) push-merged-local and 0 (0.0 B) remote blocks","logger":"airflow.task.hooks.airflow.providers.apache.spark.hooks.spark_submit.SparkSubmitHook","filename":"spark_submit.py","lineno":644}
{"timestamp":"2026-01-11T16:32:24.796437Z","level":"info","event":"26/01/11 16:32:24 INFO ShuffleBlockFetcherIterator: Started 0 remote fetches in 9 ms","logger":"airflow.task.hooks.airflow.providers.apache.spark.hooks.spark_submit.SparkSubmitHook","filename":"spark_submit.py","lineno":644}
{"timestamp":"2026-01-11T16:32:25.090053Z","level":"info","event":"26/01/11 16:32:25 INFO Executor: Finished task 0.0 in stage 7.0 (TID 13). 4081 bytes result sent to driver","logger":"airflow.task.hooks.airflow.providers.apache.spark.hooks.spark_submit.SparkSubmitHook","filename":"spark_submit.py","lineno":644}
{"timestamp":"2026-01-11T16:32:25.114065Z","level":"info","event":"26/01/11 16:32:25 INFO BlockManagerInfo: Removed broadcast_10_piece0 on localhost:33275 in memory (size: 8.7 KiB, free: 1048.7 MiB)","logger":"airflow.task.hooks.airflow.providers.apache.spark.hooks.spark_submit.SparkSubmitHook","filename":"spark_submit.py","lineno":644}
{"timestamp":"2026-01-11T16:32:25.118690Z","level":"info","event":"26/01/11 16:32:25 INFO TaskSetManager: Finished task 0.0 in stage 7.0 (TID 13) in 413 ms on localhost (executor driver) (1/1)","logger":"airflow.task.hooks.airflow.providers.apache.spark.hooks.spark_submit.SparkSubmitHook","filename":"spark_submit.py","lineno":644}
{"timestamp":"2026-01-11T16:32:25.121691Z","level":"info","event":"26/01/11 16:32:25 INFO TaskSchedulerImpl: Removed TaskSet 7.0, whose tasks have all completed, from pool","logger":"airflow.task.hooks.airflow.providers.apache.spark.hooks.spark_submit.SparkSubmitHook","filename":"spark_submit.py","lineno":644}
{"timestamp":"2026-01-11T16:32:25.135239Z","level":"info","event":"26/01/11 16:32:25 INFO DAGScheduler: ResultStage 7 (count at NativeMethodAccessorImpl.java:0) finished in 0.476 s","logger":"airflow.task.hooks.airflow.providers.apache.spark.hooks.spark_submit.SparkSubmitHook","filename":"spark_submit.py","lineno":644}
{"timestamp":"2026-01-11T16:32:25.137809Z","level":"info","event":"26/01/11 16:32:25 INFO DAGScheduler: Job 5 is finished. Cancelling potential speculative or zombie tasks for this job","logger":"airflow.task.hooks.airflow.providers.apache.spark.hooks.spark_submit.SparkSubmitHook","filename":"spark_submit.py","lineno":644}
{"timestamp":"2026-01-11T16:32:25.138090Z","level":"info","event":"26/01/11 16:32:25 INFO TaskSchedulerImpl: Killing all running tasks in stage 7: Stage finished","logger":"airflow.task.hooks.airflow.providers.apache.spark.hooks.spark_submit.SparkSubmitHook","filename":"spark_submit.py","lineno":644}
{"timestamp":"2026-01-11T16:32:25.141316Z","level":"info","event":"26/01/11 16:32:25 INFO DAGScheduler: Job 5 finished: count at NativeMethodAccessorImpl.java:0, took 0.510277 s","logger":"airflow.task.hooks.airflow.providers.apache.spark.hooks.spark_submit.SparkSubmitHook","filename":"spark_submit.py","lineno":644}
{"timestamp":"2026-01-11T16:32:25.169182Z","level":"info","event":"Loaded olist_geolocation with 1000163 records for cleaning.","logger":"airflow.task.hooks.airflow.providers.apache.spark.hooks.spark_submit.SparkSubmitHook","filename":"spark_submit.py","lineno":644}
{"timestamp":"2026-01-11T16:32:25.188954Z","level":"info","event":"root","logger":"airflow.task.hooks.airflow.providers.apache.spark.hooks.spark_submit.SparkSubmitHook","filename":"spark_submit.py","lineno":644}
{"timestamp":"2026-01-11T16:32:25.192441Z","level":"info","event":"|-- geolocation_zip_code_prefix: string (nullable = true)","logger":"airflow.task.hooks.airflow.providers.apache.spark.hooks.spark_submit.SparkSubmitHook","filename":"spark_submit.py","lineno":644}
{"timestamp":"2026-01-11T16:32:25.192529Z","level":"info","event":"|-- geolocation_lat: string (nullable = true)","logger":"airflow.task.hooks.airflow.providers.apache.spark.hooks.spark_submit.SparkSubmitHook","filename":"spark_submit.py","lineno":644}
{"timestamp":"2026-01-11T16:32:25.192562Z","level":"info","event":"|-- geolocation_lng: string (nullable = true)","logger":"airflow.task.hooks.airflow.providers.apache.spark.hooks.spark_submit.SparkSubmitHook","filename":"spark_submit.py","lineno":644}
{"timestamp":"2026-01-11T16:32:25.192610Z","level":"info","event":"|-- geolocation_city: string (nullable = true)","logger":"airflow.task.hooks.airflow.providers.apache.spark.hooks.spark_submit.SparkSubmitHook","filename":"spark_submit.py","lineno":644}
{"timestamp":"2026-01-11T16:32:25.192633Z","level":"info","event":"|-- geolocation_state: string (nullable = true)","logger":"airflow.task.hooks.airflow.providers.apache.spark.hooks.spark_submit.SparkSubmitHook","filename":"spark_submit.py","lineno":644}
{"timestamp":"2026-01-11T16:32:25.192648Z","level":"info","event":"","logger":"airflow.task.hooks.airflow.providers.apache.spark.hooks.spark_submit.SparkSubmitHook","filename":"spark_submit.py","lineno":644}
{"timestamp":"2026-01-11T16:32:25.361620Z","level":"info","event":"26/01/11 16:32:25 INFO InMemoryFileIndex: It took 37 ms to list leaf files for 1 paths.","logger":"airflow.task.hooks.airflow.providers.apache.spark.hooks.spark_submit.SparkSubmitHook","filename":"spark_submit.py","lineno":644}
{"timestamp":"2026-01-11T16:32:25.407451Z","level":"info","event":"26/01/11 16:32:25 INFO InMemoryFileIndex: It took 14 ms to list leaf files for 4 paths.","logger":"airflow.task.hooks.airflow.providers.apache.spark.hooks.spark_submit.SparkSubmitHook","filename":"spark_submit.py","lineno":644}
{"timestamp":"2026-01-11T16:32:25.791222Z","level":"info","event":"26/01/11 16:32:25 INFO FileSourceStrategy: Pushed Filters:","logger":"airflow.task.hooks.airflow.providers.apache.spark.hooks.spark_submit.SparkSubmitHook","filename":"spark_submit.py","lineno":644}
{"timestamp":"2026-01-11T16:32:25.792989Z","level":"info","event":"26/01/11 16:32:25 INFO FileSourceStrategy: Post-Scan Filters: (length(trim(value#74, None)) > 0)","logger":"airflow.task.hooks.airflow.providers.apache.spark.hooks.spark_submit.SparkSubmitHook","filename":"spark_submit.py","lineno":644}
{"timestamp":"2026-01-11T16:32:25.853369Z","level":"info","event":"26/01/11 16:32:25 INFO MemoryStore: Block broadcast_12 stored as values in memory (estimated size 199.5 KiB, free 1047.9 MiB)","logger":"airflow.task.hooks.airflow.providers.apache.spark.hooks.spark_submit.SparkSubmitHook","filename":"spark_submit.py","lineno":644}
{"timestamp":"2026-01-11T16:32:25.885839Z","level":"info","event":"26/01/11 16:32:25 INFO MemoryStore: Block broadcast_12_piece0 stored as bytes in memory (estimated size 34.2 KiB, free 1047.9 MiB)","logger":"airflow.task.hooks.airflow.providers.apache.spark.hooks.spark_submit.SparkSubmitHook","filename":"spark_submit.py","lineno":644}
{"timestamp":"2026-01-11T16:32:25.889165Z","level":"info","event":"26/01/11 16:32:25 INFO BlockManagerInfo: Added broadcast_12_piece0 in memory on localhost:33275 (size: 34.2 KiB, free: 1048.7 MiB)","logger":"airflow.task.hooks.airflow.providers.apache.spark.hooks.spark_submit.SparkSubmitHook","filename":"spark_submit.py","lineno":644}
{"timestamp":"2026-01-11T16:32:25.892908Z","level":"info","event":"26/01/11 16:32:25 INFO SparkContext: Created broadcast 12 from csv at NativeMethodAccessorImpl.java:0","logger":"airflow.task.hooks.airflow.providers.apache.spark.hooks.spark_submit.SparkSubmitHook","filename":"spark_submit.py","lineno":644}
{"timestamp":"2026-01-11T16:32:25.902509Z","level":"info","event":"26/01/11 16:32:25 INFO FileSourceScanExec: Planning scan with bin packing, max size: 4540723 bytes, open cost is considered as scanning 4194304 bytes.","logger":"airflow.task.hooks.airflow.providers.apache.spark.hooks.spark_submit.SparkSubmitHook","filename":"spark_submit.py","lineno":644}
{"timestamp":"2026-01-11T16:32:25.962727Z","level":"info","event":"26/01/11 16:32:25 INFO SparkContext: Starting job: csv at NativeMethodAccessorImpl.java:0","logger":"airflow.task.hooks.airflow.providers.apache.spark.hooks.spark_submit.SparkSubmitHook","filename":"spark_submit.py","lineno":644}
{"timestamp":"2026-01-11T16:32:25.979198Z","level":"info","event":"26/01/11 16:32:25 INFO DAGScheduler: Got job 6 (csv at NativeMethodAccessorImpl.java:0) with 1 output partitions","logger":"airflow.task.hooks.airflow.providers.apache.spark.hooks.spark_submit.SparkSubmitHook","filename":"spark_submit.py","lineno":644}
{"timestamp":"2026-01-11T16:32:25.979671Z","level":"info","event":"26/01/11 16:32:25 INFO DAGScheduler: Final stage: ResultStage 8 (csv at NativeMethodAccessorImpl.java:0)","logger":"airflow.task.hooks.airflow.providers.apache.spark.hooks.spark_submit.SparkSubmitHook","filename":"spark_submit.py","lineno":644}
{"timestamp":"2026-01-11T16:32:25.979876Z","level":"info","event":"26/01/11 16:32:25 INFO DAGScheduler: Parents of final stage: List()","logger":"airflow.task.hooks.airflow.providers.apache.spark.hooks.spark_submit.SparkSubmitHook","filename":"spark_submit.py","lineno":644}
{"timestamp":"2026-01-11T16:32:25.980532Z","level":"info","event":"26/01/11 16:32:25 INFO DAGScheduler: Missing parents: List()","logger":"airflow.task.hooks.airflow.providers.apache.spark.hooks.spark_submit.SparkSubmitHook","filename":"spark_submit.py","lineno":644}
{"timestamp":"2026-01-11T16:32:25.987558Z","level":"info","event":"26/01/11 16:32:25 INFO DAGScheduler: Submitting ResultStage 8 (MapPartitionsRDD[37] at csv at NativeMethodAccessorImpl.java:0), which has no missing parents","logger":"airflow.task.hooks.airflow.providers.apache.spark.hooks.spark_submit.SparkSubmitHook","filename":"spark_submit.py","lineno":644}
{"timestamp":"2026-01-11T16:32:26.011425Z","level":"info","event":"26/01/11 16:32:26 INFO MemoryStore: Block broadcast_13 stored as values in memory (estimated size 13.5 KiB, free 1047.9 MiB)","logger":"airflow.task.hooks.airflow.providers.apache.spark.hooks.spark_submit.SparkSubmitHook","filename":"spark_submit.py","lineno":644}
{"timestamp":"2026-01-11T16:32:26.037000Z","level":"info","event":"26/01/11 16:32:26 INFO MemoryStore: Block broadcast_13_piece0 stored as bytes in memory (estimated size 6.4 KiB, free 1047.9 MiB)","logger":"airflow.task.hooks.airflow.providers.apache.spark.hooks.spark_submit.SparkSubmitHook","filename":"spark_submit.py","lineno":644}
{"timestamp":"2026-01-11T16:32:26.041058Z","level":"info","event":"26/01/11 16:32:26 INFO BlockManagerInfo: Added broadcast_13_piece0 in memory on localhost:33275 (size: 6.4 KiB, free: 1048.7 MiB)","logger":"airflow.task.hooks.airflow.providers.apache.spark.hooks.spark_submit.SparkSubmitHook","filename":"spark_submit.py","lineno":644}
{"timestamp":"2026-01-11T16:32:26.044149Z","level":"info","event":"26/01/11 16:32:26 INFO SparkContext: Created broadcast 13 from broadcast at DAGScheduler.scala:1580","logger":"airflow.task.hooks.airflow.providers.apache.spark.hooks.spark_submit.SparkSubmitHook","filename":"spark_submit.py","lineno":644}
{"timestamp":"2026-01-11T16:32:26.047201Z","level":"info","event":"26/01/11 16:32:26 INFO DAGScheduler: Submitting 1 missing tasks from ResultStage 8 (MapPartitionsRDD[37] at csv at NativeMethodAccessorImpl.java:0) (first 15 tasks are for partitions Vector(0))","logger":"airflow.task.hooks.airflow.providers.apache.spark.hooks.spark_submit.SparkSubmitHook","filename":"spark_submit.py","lineno":644}
{"timestamp":"2026-01-11T16:32:26.047471Z","level":"info","event":"26/01/11 16:32:26 INFO TaskSchedulerImpl: Adding task set 8.0 with 1 tasks resource profile 0","logger":"airflow.task.hooks.airflow.providers.apache.spark.hooks.spark_submit.SparkSubmitHook","filename":"spark_submit.py","lineno":644}
{"timestamp":"2026-01-11T16:32:26.056792Z","level":"info","event":"26/01/11 16:32:26 INFO TaskSetManager: Starting task 0.0 in stage 8.0 (TID 14) (localhost, executor driver, partition 0, PROCESS_LOCAL, 8281 bytes)","logger":"airflow.task.hooks.airflow.providers.apache.spark.hooks.spark_submit.SparkSubmitHook","filename":"spark_submit.py","lineno":644}
{"timestamp":"2026-01-11T16:32:26.062953Z","level":"info","event":"26/01/11 16:32:26 INFO Executor: Running task 0.0 in stage 8.0 (TID 14)","logger":"airflow.task.hooks.airflow.providers.apache.spark.hooks.spark_submit.SparkSubmitHook","filename":"spark_submit.py","lineno":644}
{"timestamp":"2026-01-11T16:32:26.092025Z","level":"info","event":"26/01/11 16:32:26 INFO FileScanRDD: Reading File path: file:///opt/airflow/data/raw/olist_order_items/part-00002-01e9abb0-fd2a-476a-97d3-c22617e12af8-c000.csv, range: 0-4096412, partition values: [empty row]","logger":"airflow.task.hooks.airflow.providers.apache.spark.hooks.spark_submit.SparkSubmitHook","filename":"spark_submit.py","lineno":644}
{"timestamp":"2026-01-11T16:32:26.139239Z","level":"info","event":"26/01/11 16:32:26 INFO Executor: Finished task 0.0 in stage 8.0 (TID 14). 1692 bytes result sent to driver","logger":"airflow.task.hooks.airflow.providers.apache.spark.hooks.spark_submit.SparkSubmitHook","filename":"spark_submit.py","lineno":644}
{"timestamp":"2026-01-11T16:32:26.143339Z","level":"info","event":"26/01/11 16:32:26 INFO TaskSetManager: Finished task 0.0 in stage 8.0 (TID 14) in 86 ms on localhost (executor driver) (1/1)","logger":"airflow.task.hooks.airflow.providers.apache.spark.hooks.spark_submit.SparkSubmitHook","filename":"spark_submit.py","lineno":644}
{"timestamp":"2026-01-11T16:32:26.146858Z","level":"info","event":"26/01/11 16:32:26 INFO TaskSchedulerImpl: Removed TaskSet 8.0, whose tasks have all completed, from pool","logger":"airflow.task.hooks.airflow.providers.apache.spark.hooks.spark_submit.SparkSubmitHook","filename":"spark_submit.py","lineno":644}
{"timestamp":"2026-01-11T16:32:26.147827Z","level":"info","event":"26/01/11 16:32:26 INFO DAGScheduler: ResultStage 8 (csv at NativeMethodAccessorImpl.java:0) finished in 0.149 s","logger":"airflow.task.hooks.airflow.providers.apache.spark.hooks.spark_submit.SparkSubmitHook","filename":"spark_submit.py","lineno":644}
{"timestamp":"2026-01-11T16:32:26.147890Z","level":"info","event":"26/01/11 16:32:26 INFO DAGScheduler: Job 6 is finished. Cancelling potential speculative or zombie tasks for this job","logger":"airflow.task.hooks.airflow.providers.apache.spark.hooks.spark_submit.SparkSubmitHook","filename":"spark_submit.py","lineno":644}
{"timestamp":"2026-01-11T16:32:26.147943Z","level":"info","event":"26/01/11 16:32:26 INFO TaskSchedulerImpl: Killing all running tasks in stage 8: Stage finished","logger":"airflow.task.hooks.airflow.providers.apache.spark.hooks.spark_submit.SparkSubmitHook","filename":"spark_submit.py","lineno":644}
{"timestamp":"2026-01-11T16:32:26.148383Z","level":"info","event":"26/01/11 16:32:26 INFO DAGScheduler: Job 6 finished: csv at NativeMethodAccessorImpl.java:0, took 0.185442 s","logger":"airflow.task.hooks.airflow.providers.apache.spark.hooks.spark_submit.SparkSubmitHook","filename":"spark_submit.py","lineno":644}
{"timestamp":"2026-01-11T16:32:26.186842Z","level":"info","event":"26/01/11 16:32:26 INFO FileSourceStrategy: Pushed Filters:","logger":"airflow.task.hooks.airflow.providers.apache.spark.hooks.spark_submit.SparkSubmitHook","filename":"spark_submit.py","lineno":644}
{"timestamp":"2026-01-11T16:32:26.187111Z","level":"info","event":"26/01/11 16:32:26 INFO FileSourceStrategy: Post-Scan Filters:","logger":"airflow.task.hooks.airflow.providers.apache.spark.hooks.spark_submit.SparkSubmitHook","filename":"spark_submit.py","lineno":644}
{"timestamp":"2026-01-11T16:32:26.199188Z","level":"info","event":"26/01/11 16:32:26 INFO MemoryStore: Block broadcast_14 stored as values in memory (estimated size 199.5 KiB, free 1047.7 MiB)","logger":"airflow.task.hooks.airflow.providers.apache.spark.hooks.spark_submit.SparkSubmitHook","filename":"spark_submit.py","lineno":644}
{"timestamp":"2026-01-11T16:32:26.233640Z","level":"info","event":"26/01/11 16:32:26 INFO MemoryStore: Block broadcast_14_piece0 stored as bytes in memory (estimated size 34.2 KiB, free 1047.6 MiB)","logger":"airflow.task.hooks.airflow.providers.apache.spark.hooks.spark_submit.SparkSubmitHook","filename":"spark_submit.py","lineno":644}
{"timestamp":"2026-01-11T16:32:26.234508Z","level":"info","event":"26/01/11 16:32:26 INFO BlockManagerInfo: Added broadcast_14_piece0 in memory on localhost:33275 (size: 34.2 KiB, free: 1048.6 MiB)","logger":"airflow.task.hooks.airflow.providers.apache.spark.hooks.spark_submit.SparkSubmitHook","filename":"spark_submit.py","lineno":644}
{"timestamp":"2026-01-11T16:32:26.236820Z","level":"info","event":"26/01/11 16:32:26 INFO SparkContext: Created broadcast 14 from csv at NativeMethodAccessorImpl.java:0","logger":"airflow.task.hooks.airflow.providers.apache.spark.hooks.spark_submit.SparkSubmitHook","filename":"spark_submit.py","lineno":644}
{"timestamp":"2026-01-11T16:32:26.238518Z","level":"info","event":"26/01/11 16:32:26 INFO FileSourceScanExec: Planning scan with bin packing, max size: 4540723 bytes, open cost is considered as scanning 4194304 bytes.","logger":"airflow.task.hooks.airflow.providers.apache.spark.hooks.spark_submit.SparkSubmitHook","filename":"spark_submit.py","lineno":644}
{"timestamp":"2026-01-11T16:32:26.270815Z","level":"info","event":"____________________________________________________","logger":"airflow.task.hooks.airflow.providers.apache.spark.hooks.spark_submit.SparkSubmitHook","filename":"spark_submit.py","lineno":644}
{"timestamp":"2026-01-11T16:32:26.295046Z","level":"info","event":"26/01/11 16:32:26 INFO FileSourceStrategy: Pushed Filters:","logger":"airflow.task.hooks.airflow.providers.apache.spark.hooks.spark_submit.SparkSubmitHook","filename":"spark_submit.py","lineno":644}
{"timestamp":"2026-01-11T16:32:26.295198Z","level":"info","event":"26/01/11 16:32:26 INFO FileSourceStrategy: Post-Scan Filters:","logger":"airflow.task.hooks.airflow.providers.apache.spark.hooks.spark_submit.SparkSubmitHook","filename":"spark_submit.py","lineno":644}
{"timestamp":"2026-01-11T16:32:26.321608Z","level":"info","event":"26/01/11 16:32:26 INFO MemoryStore: Block broadcast_15 stored as values in memory (estimated size 199.4 KiB, free 1047.4 MiB)","logger":"airflow.task.hooks.airflow.providers.apache.spark.hooks.spark_submit.SparkSubmitHook","filename":"spark_submit.py","lineno":644}
{"timestamp":"2026-01-11T16:32:26.340904Z","level":"info","event":"26/01/11 16:32:26 INFO MemoryStore: Block broadcast_15_piece0 stored as bytes in memory (estimated size 34.2 KiB, free 1047.4 MiB)","logger":"airflow.task.hooks.airflow.providers.apache.spark.hooks.spark_submit.SparkSubmitHook","filename":"spark_submit.py","lineno":644}
{"timestamp":"2026-01-11T16:32:26.341263Z","level":"info","event":"26/01/11 16:32:26 INFO BlockManagerInfo: Added broadcast_15_piece0 in memory on localhost:33275 (size: 34.2 KiB, free: 1048.6 MiB)","logger":"airflow.task.hooks.airflow.providers.apache.spark.hooks.spark_submit.SparkSubmitHook","filename":"spark_submit.py","lineno":644}
{"timestamp":"2026-01-11T16:32:26.342907Z","level":"info","event":"26/01/11 16:32:26 INFO SparkContext: Created broadcast 15 from count at NativeMethodAccessorImpl.java:0","logger":"airflow.task.hooks.airflow.providers.apache.spark.hooks.spark_submit.SparkSubmitHook","filename":"spark_submit.py","lineno":644}
{"timestamp":"2026-01-11T16:32:26.344954Z","level":"info","event":"26/01/11 16:32:26 INFO FileSourceScanExec: Planning scan with bin packing, max size: 4540723 bytes, open cost is considered as scanning 4194304 bytes.","logger":"airflow.task.hooks.airflow.providers.apache.spark.hooks.spark_submit.SparkSubmitHook","filename":"spark_submit.py","lineno":644}
{"timestamp":"2026-01-11T16:32:26.355162Z","level":"info","event":"26/01/11 16:32:26 INFO DAGScheduler: Registering RDD 47 (count at NativeMethodAccessorImpl.java:0) as input to shuffle 2","logger":"airflow.task.hooks.airflow.providers.apache.spark.hooks.spark_submit.SparkSubmitHook","filename":"spark_submit.py","lineno":644}
{"timestamp":"2026-01-11T16:32:26.356160Z","level":"info","event":"26/01/11 16:32:26 INFO DAGScheduler: Got map stage job 7 (count at NativeMethodAccessorImpl.java:0) with 4 output partitions","logger":"airflow.task.hooks.airflow.providers.apache.spark.hooks.spark_submit.SparkSubmitHook","filename":"spark_submit.py","lineno":644}
{"timestamp":"2026-01-11T16:32:26.356240Z","level":"info","event":"26/01/11 16:32:26 INFO DAGScheduler: Final stage: ShuffleMapStage 9 (count at NativeMethodAccessorImpl.java:0)","logger":"airflow.task.hooks.airflow.providers.apache.spark.hooks.spark_submit.SparkSubmitHook","filename":"spark_submit.py","lineno":644}
{"timestamp":"2026-01-11T16:32:26.356267Z","level":"info","event":"26/01/11 16:32:26 INFO DAGScheduler: Parents of final stage: List()","logger":"airflow.task.hooks.airflow.providers.apache.spark.hooks.spark_submit.SparkSubmitHook","filename":"spark_submit.py","lineno":644}
{"timestamp":"2026-01-11T16:32:26.356493Z","level":"info","event":"26/01/11 16:32:26 INFO DAGScheduler: Missing parents: List()","logger":"airflow.task.hooks.airflow.providers.apache.spark.hooks.spark_submit.SparkSubmitHook","filename":"spark_submit.py","lineno":644}
{"timestamp":"2026-01-11T16:32:26.356999Z","level":"info","event":"26/01/11 16:32:26 INFO DAGScheduler: Submitting ShuffleMapStage 9 (MapPartitionsRDD[47] at count at NativeMethodAccessorImpl.java:0), which has no missing parents","logger":"airflow.task.hooks.airflow.providers.apache.spark.hooks.spark_submit.SparkSubmitHook","filename":"spark_submit.py","lineno":644}
{"timestamp":"2026-01-11T16:32:26.362243Z","level":"info","event":"26/01/11 16:32:26 INFO MemoryStore: Block broadcast_16 stored as values in memory (estimated size 17.8 KiB, free 1047.4 MiB)","logger":"airflow.task.hooks.airflow.providers.apache.spark.hooks.spark_submit.SparkSubmitHook","filename":"spark_submit.py","lineno":644}
{"timestamp":"2026-01-11T16:32:26.374741Z","level":"info","event":"26/01/11 16:32:26 INFO MemoryStore: Block broadcast_16_piece0 stored as bytes in memory (estimated size 8.8 KiB, free 1047.4 MiB)","logger":"airflow.task.hooks.airflow.providers.apache.spark.hooks.spark_submit.SparkSubmitHook","filename":"spark_submit.py","lineno":644}
{"timestamp":"2026-01-11T16:32:26.375352Z","level":"info","event":"26/01/11 16:32:26 INFO BlockManagerInfo: Added broadcast_16_piece0 in memory on localhost:33275 (size: 8.8 KiB, free: 1048.6 MiB)","logger":"airflow.task.hooks.airflow.providers.apache.spark.hooks.spark_submit.SparkSubmitHook","filename":"spark_submit.py","lineno":644}
{"timestamp":"2026-01-11T16:32:26.376114Z","level":"info","event":"26/01/11 16:32:26 INFO SparkContext: Created broadcast 16 from broadcast at DAGScheduler.scala:1580","logger":"airflow.task.hooks.airflow.providers.apache.spark.hooks.spark_submit.SparkSubmitHook","filename":"spark_submit.py","lineno":644}
{"timestamp":"2026-01-11T16:32:26.376675Z","level":"info","event":"26/01/11 16:32:26 INFO DAGScheduler: Submitting 4 missing tasks from ShuffleMapStage 9 (MapPartitionsRDD[47] at count at NativeMethodAccessorImpl.java:0) (first 15 tasks are for partitions Vector(0, 1, 2, 3))","logger":"airflow.task.hooks.airflow.providers.apache.spark.hooks.spark_submit.SparkSubmitHook","filename":"spark_submit.py","lineno":644}
{"timestamp":"2026-01-11T16:32:26.376803Z","level":"info","event":"26/01/11 16:32:26 INFO TaskSchedulerImpl: Adding task set 9.0 with 4 tasks resource profile 0","logger":"airflow.task.hooks.airflow.providers.apache.spark.hooks.spark_submit.SparkSubmitHook","filename":"spark_submit.py","lineno":644}
{"timestamp":"2026-01-11T16:32:26.378501Z","level":"info","event":"26/01/11 16:32:26 INFO TaskSetManager: Starting task 0.0 in stage 9.0 (TID 15) (localhost, executor driver, partition 0, PROCESS_LOCAL, 8270 bytes)","logger":"airflow.task.hooks.airflow.providers.apache.spark.hooks.spark_submit.SparkSubmitHook","filename":"spark_submit.py","lineno":644}
{"timestamp":"2026-01-11T16:32:26.379032Z","level":"info","event":"26/01/11 16:32:26 INFO TaskSetManager: Starting task 1.0 in stage 9.0 (TID 16) (localhost, executor driver, partition 1, PROCESS_LOCAL, 8270 bytes)","logger":"airflow.task.hooks.airflow.providers.apache.spark.hooks.spark_submit.SparkSubmitHook","filename":"spark_submit.py","lineno":644}
{"timestamp":"2026-01-11T16:32:26.379310Z","level":"info","event":"26/01/11 16:32:26 INFO TaskSetManager: Starting task 2.0 in stage 9.0 (TID 17) (localhost, executor driver, partition 2, PROCESS_LOCAL, 8270 bytes)","logger":"airflow.task.hooks.airflow.providers.apache.spark.hooks.spark_submit.SparkSubmitHook","filename":"spark_submit.py","lineno":644}
{"timestamp":"2026-01-11T16:32:26.379576Z","level":"info","event":"26/01/11 16:32:26 INFO TaskSetManager: Starting task 3.0 in stage 9.0 (TID 18) (localhost, executor driver, partition 3, PROCESS_LOCAL, 8270 bytes)","logger":"airflow.task.hooks.airflow.providers.apache.spark.hooks.spark_submit.SparkSubmitHook","filename":"spark_submit.py","lineno":644}
{"timestamp":"2026-01-11T16:32:26.380917Z","level":"info","event":"26/01/11 16:32:26 INFO Executor: Running task 3.0 in stage 9.0 (TID 18)","logger":"airflow.task.hooks.airflow.providers.apache.spark.hooks.spark_submit.SparkSubmitHook","filename":"spark_submit.py","lineno":644}
{"timestamp":"2026-01-11T16:32:26.381032Z","level":"info","event":"26/01/11 16:32:26 INFO Executor: Running task 2.0 in stage 9.0 (TID 17)","logger":"airflow.task.hooks.airflow.providers.apache.spark.hooks.spark_submit.SparkSubmitHook","filename":"spark_submit.py","lineno":644}
{"timestamp":"2026-01-11T16:32:26.381071Z","level":"info","event":"26/01/11 16:32:26 INFO Executor: Running task 1.0 in stage 9.0 (TID 16)","logger":"airflow.task.hooks.airflow.providers.apache.spark.hooks.spark_submit.SparkSubmitHook","filename":"spark_submit.py","lineno":644}
{"timestamp":"2026-01-11T16:32:26.381633Z","level":"info","event":"26/01/11 16:32:26 INFO Executor: Running task 0.0 in stage 9.0 (TID 15)","logger":"airflow.task.hooks.airflow.providers.apache.spark.hooks.spark_submit.SparkSubmitHook","filename":"spark_submit.py","lineno":644}
{"timestamp":"2026-01-11T16:32:26.391950Z","level":"info","event":"26/01/11 16:32:26 INFO FileScanRDD: Reading File path: file:///opt/airflow/data/raw/olist_order_items/part-00000-01e9abb0-fd2a-476a-97d3-c22617e12af8-c000.csv, range: 0-4055057, partition values: [empty row]","logger":"airflow.task.hooks.airflow.providers.apache.spark.hooks.spark_submit.SparkSubmitHook","filename":"spark_submit.py","lineno":644}
{"timestamp":"2026-01-11T16:32:26.394146Z","level":"info","event":"26/01/11 16:32:26 INFO FileScanRDD: Reading File path: file:///opt/airflow/data/raw/olist_order_items/part-00001-01e9abb0-fd2a-476a-97d3-c22617e12af8-c000.csv, range: 0-4055167, partition values: [empty row]","logger":"airflow.task.hooks.airflow.providers.apache.spark.hooks.spark_submit.SparkSubmitHook","filename":"spark_submit.py","lineno":644}
{"timestamp":"2026-01-11T16:32:26.394425Z","level":"info","event":"26/01/11 16:32:26 INFO FileScanRDD: Reading File path: file:///opt/airflow/data/raw/olist_order_items/part-00003-01e9abb0-fd2a-476a-97d3-c22617e12af8-c000.csv, range: 0-2801209, partition values: [empty row]","logger":"airflow.task.hooks.airflow.providers.apache.spark.hooks.spark_submit.SparkSubmitHook","filename":"spark_submit.py","lineno":644}
{"timestamp":"2026-01-11T16:32:26.394560Z","level":"info","event":"26/01/11 16:32:26 INFO FileScanRDD: Reading File path: file:///opt/airflow/data/raw/olist_order_items/part-00002-01e9abb0-fd2a-476a-97d3-c22617e12af8-c000.csv, range: 0-4096412, partition values: [empty row]","logger":"airflow.task.hooks.airflow.providers.apache.spark.hooks.spark_submit.SparkSubmitHook","filename":"spark_submit.py","lineno":644}
{"timestamp":"2026-01-11T16:32:26.441950Z","level":"info","event":"26/01/11 16:32:26 INFO BlockManagerInfo: Removed broadcast_13_piece0 on localhost:33275 in memory (size: 6.4 KiB, free: 1048.6 MiB)","logger":"airflow.task.hooks.airflow.providers.apache.spark.hooks.spark_submit.SparkSubmitHook","filename":"spark_submit.py","lineno":644}
{"timestamp":"2026-01-11T16:32:26.461120Z","level":"info","event":"26/01/11 16:32:26 INFO BlockManagerInfo: Removed broadcast_12_piece0 on localhost:33275 in memory (size: 34.2 KiB, free: 1048.6 MiB)","logger":"airflow.task.hooks.airflow.providers.apache.spark.hooks.spark_submit.SparkSubmitHook","filename":"spark_submit.py","lineno":644}
{"timestamp":"2026-01-11T16:32:26.478174Z","level":"info","event":"26/01/11 16:32:26 INFO BlockManagerInfo: Removed broadcast_11_piece0 on localhost:33275 in memory (size: 5.9 KiB, free: 1048.6 MiB)","logger":"airflow.task.hooks.airflow.providers.apache.spark.hooks.spark_submit.SparkSubmitHook","filename":"spark_submit.py","lineno":644}
{"timestamp":"2026-01-11T16:32:26.489931Z","level":"info","event":"26/01/11 16:32:26 INFO BlockManagerInfo: Removed broadcast_9_piece0 on localhost:33275 in memory (size: 34.2 KiB, free: 1048.7 MiB)","logger":"airflow.task.hooks.airflow.providers.apache.spark.hooks.spark_submit.SparkSubmitHook","filename":"spark_submit.py","lineno":644}
{"timestamp":"2026-01-11T16:32:26.505147Z","level":"info","event":"26/01/11 16:32:26 INFO BlockManagerInfo: Removed broadcast_14_piece0 on localhost:33275 in memory (size: 34.2 KiB, free: 1048.7 MiB)","logger":"airflow.task.hooks.airflow.providers.apache.spark.hooks.spark_submit.SparkSubmitHook","filename":"spark_submit.py","lineno":644}
{"timestamp":"2026-01-11T16:32:26.525647Z","level":"info","event":"26/01/11 16:32:26 INFO Executor: Finished task 2.0 in stage 9.0 (TID 17). 2011 bytes result sent to driver","logger":"airflow.task.hooks.airflow.providers.apache.spark.hooks.spark_submit.SparkSubmitHook","filename":"spark_submit.py","lineno":644}
{"timestamp":"2026-01-11T16:32:26.526275Z","level":"info","event":"26/01/11 16:32:26 INFO Executor: Finished task 1.0 in stage 9.0 (TID 16). 1968 bytes result sent to driver","logger":"airflow.task.hooks.airflow.providers.apache.spark.hooks.spark_submit.SparkSubmitHook","filename":"spark_submit.py","lineno":644}
{"timestamp":"2026-01-11T16:32:26.529164Z","level":"info","event":"26/01/11 16:32:26 INFO TaskSetManager: Finished task 2.0 in stage 9.0 (TID 17) in 149 ms on localhost (executor driver) (1/4)","logger":"airflow.task.hooks.airflow.providers.apache.spark.hooks.spark_submit.SparkSubmitHook","filename":"spark_submit.py","lineno":644}
{"timestamp":"2026-01-11T16:32:26.530768Z","level":"info","event":"26/01/11 16:32:26 INFO TaskSetManager: Finished task 1.0 in stage 9.0 (TID 16) in 152 ms on localhost (executor driver) (2/4)","logger":"airflow.task.hooks.airflow.providers.apache.spark.hooks.spark_submit.SparkSubmitHook","filename":"spark_submit.py","lineno":644}
{"timestamp":"2026-01-11T16:32:26.539923Z","level":"info","event":"26/01/11 16:32:26 INFO Executor: Finished task 0.0 in stage 9.0 (TID 15). 1968 bytes result sent to driver","logger":"airflow.task.hooks.airflow.providers.apache.spark.hooks.spark_submit.SparkSubmitHook","filename":"spark_submit.py","lineno":644}
{"timestamp":"2026-01-11T16:32:26.540522Z","level":"info","event":"26/01/11 16:32:26 INFO TaskSetManager: Finished task 0.0 in stage 9.0 (TID 15) in 163 ms on localhost (executor driver) (3/4)","logger":"airflow.task.hooks.airflow.providers.apache.spark.hooks.spark_submit.SparkSubmitHook","filename":"spark_submit.py","lineno":644}
{"timestamp":"2026-01-11T16:32:26.542162Z","level":"info","event":"26/01/11 16:32:26 INFO Executor: Finished task 3.0 in stage 9.0 (TID 18). 1968 bytes result sent to driver","logger":"airflow.task.hooks.airflow.providers.apache.spark.hooks.spark_submit.SparkSubmitHook","filename":"spark_submit.py","lineno":644}
{"timestamp":"2026-01-11T16:32:26.543235Z","level":"info","event":"26/01/11 16:32:26 INFO TaskSetManager: Finished task 3.0 in stage 9.0 (TID 18) in 163 ms on localhost (executor driver) (4/4)","logger":"airflow.task.hooks.airflow.providers.apache.spark.hooks.spark_submit.SparkSubmitHook","filename":"spark_submit.py","lineno":644}
{"timestamp":"2026-01-11T16:32:26.543449Z","level":"info","event":"26/01/11 16:32:26 INFO TaskSchedulerImpl: Removed TaskSet 9.0, whose tasks have all completed, from pool","logger":"airflow.task.hooks.airflow.providers.apache.spark.hooks.spark_submit.SparkSubmitHook","filename":"spark_submit.py","lineno":644}
{"timestamp":"2026-01-11T16:32:26.545801Z","level":"info","event":"26/01/11 16:32:26 INFO DAGScheduler: ShuffleMapStage 9 (count at NativeMethodAccessorImpl.java:0) finished in 0.184 s","logger":"airflow.task.hooks.airflow.providers.apache.spark.hooks.spark_submit.SparkSubmitHook","filename":"spark_submit.py","lineno":644}
{"timestamp":"2026-01-11T16:32:26.545917Z","level":"info","event":"26/01/11 16:32:26 INFO DAGScheduler: looking for newly runnable stages","logger":"airflow.task.hooks.airflow.providers.apache.spark.hooks.spark_submit.SparkSubmitHook","filename":"spark_submit.py","lineno":644}
{"timestamp":"2026-01-11T16:32:26.545982Z","level":"info","event":"26/01/11 16:32:26 INFO DAGScheduler: running: Set()","logger":"airflow.task.hooks.airflow.providers.apache.spark.hooks.spark_submit.SparkSubmitHook","filename":"spark_submit.py","lineno":644}
{"timestamp":"2026-01-11T16:32:26.546017Z","level":"info","event":"26/01/11 16:32:26 INFO DAGScheduler: waiting: Set()","logger":"airflow.task.hooks.airflow.providers.apache.spark.hooks.spark_submit.SparkSubmitHook","filename":"spark_submit.py","lineno":644}
{"timestamp":"2026-01-11T16:32:26.546040Z","level":"info","event":"26/01/11 16:32:26 INFO DAGScheduler: failed: Set()","logger":"airflow.task.hooks.airflow.providers.apache.spark.hooks.spark_submit.SparkSubmitHook","filename":"spark_submit.py","lineno":644}
{"timestamp":"2026-01-11T16:32:26.578545Z","level":"info","event":"26/01/11 16:32:26 INFO SparkContext: Starting job: count at NativeMethodAccessorImpl.java:0","logger":"airflow.task.hooks.airflow.providers.apache.spark.hooks.spark_submit.SparkSubmitHook","filename":"spark_submit.py","lineno":644}
{"timestamp":"2026-01-11T16:32:26.579918Z","level":"info","event":"26/01/11 16:32:26 INFO DAGScheduler: Got job 8 (count at NativeMethodAccessorImpl.java:0) with 1 output partitions","logger":"airflow.task.hooks.airflow.providers.apache.spark.hooks.spark_submit.SparkSubmitHook","filename":"spark_submit.py","lineno":644}
{"timestamp":"2026-01-11T16:32:26.580047Z","level":"info","event":"26/01/11 16:32:26 INFO DAGScheduler: Final stage: ResultStage 11 (count at NativeMethodAccessorImpl.java:0)","logger":"airflow.task.hooks.airflow.providers.apache.spark.hooks.spark_submit.SparkSubmitHook","filename":"spark_submit.py","lineno":644}
{"timestamp":"2026-01-11T16:32:26.580090Z","level":"info","event":"26/01/11 16:32:26 INFO DAGScheduler: Parents of final stage: List(ShuffleMapStage 10)","logger":"airflow.task.hooks.airflow.providers.apache.spark.hooks.spark_submit.SparkSubmitHook","filename":"spark_submit.py","lineno":644}
{"timestamp":"2026-01-11T16:32:26.580500Z","level":"info","event":"26/01/11 16:32:26 INFO DAGScheduler: Missing parents: List()","logger":"airflow.task.hooks.airflow.providers.apache.spark.hooks.spark_submit.SparkSubmitHook","filename":"spark_submit.py","lineno":644}
{"timestamp":"2026-01-11T16:32:26.581011Z","level":"info","event":"26/01/11 16:32:26 INFO DAGScheduler: Submitting ResultStage 11 (MapPartitionsRDD[50] at count at NativeMethodAccessorImpl.java:0), which has no missing parents","logger":"airflow.task.hooks.airflow.providers.apache.spark.hooks.spark_submit.SparkSubmitHook","filename":"spark_submit.py","lineno":644}
{"timestamp":"2026-01-11T16:32:26.583117Z","level":"info","event":"26/01/11 16:32:26 INFO MemoryStore: Block broadcast_17 stored as values in memory (estimated size 12.5 KiB, free 1048.1 MiB)","logger":"airflow.task.hooks.airflow.providers.apache.spark.hooks.spark_submit.SparkSubmitHook","filename":"spark_submit.py","lineno":644}
{"timestamp":"2026-01-11T16:32:26.589771Z","level":"info","event":"26/01/11 16:32:26 INFO MemoryStore: Block broadcast_17_piece0 stored as bytes in memory (estimated size 5.9 KiB, free 1048.1 MiB)","logger":"airflow.task.hooks.airflow.providers.apache.spark.hooks.spark_submit.SparkSubmitHook","filename":"spark_submit.py","lineno":644}
{"timestamp":"2026-01-11T16:32:26.592282Z","level":"info","event":"26/01/11 16:32:26 INFO BlockManagerInfo: Added broadcast_17_piece0 in memory on localhost:33275 (size: 5.9 KiB, free: 1048.7 MiB)","logger":"airflow.task.hooks.airflow.providers.apache.spark.hooks.spark_submit.SparkSubmitHook","filename":"spark_submit.py","lineno":644}
{"timestamp":"2026-01-11T16:32:26.593445Z","level":"info","event":"26/01/11 16:32:26 INFO SparkContext: Created broadcast 17 from broadcast at DAGScheduler.scala:1580","logger":"airflow.task.hooks.airflow.providers.apache.spark.hooks.spark_submit.SparkSubmitHook","filename":"spark_submit.py","lineno":644}
{"timestamp":"2026-01-11T16:32:26.594079Z","level":"info","event":"26/01/11 16:32:26 INFO DAGScheduler: Submitting 1 missing tasks from ResultStage 11 (MapPartitionsRDD[50] at count at NativeMethodAccessorImpl.java:0) (first 15 tasks are for partitions Vector(0))","logger":"airflow.task.hooks.airflow.providers.apache.spark.hooks.spark_submit.SparkSubmitHook","filename":"spark_submit.py","lineno":644}
{"timestamp":"2026-01-11T16:32:26.594282Z","level":"info","event":"26/01/11 16:32:26 INFO TaskSchedulerImpl: Adding task set 11.0 with 1 tasks resource profile 0","logger":"airflow.task.hooks.airflow.providers.apache.spark.hooks.spark_submit.SparkSubmitHook","filename":"spark_submit.py","lineno":644}
{"timestamp":"2026-01-11T16:32:26.596253Z","level":"info","event":"26/01/11 16:32:26 INFO TaskSetManager: Starting task 0.0 in stage 11.0 (TID 19) (localhost, executor driver, partition 0, NODE_LOCAL, 7615 bytes)","logger":"airflow.task.hooks.airflow.providers.apache.spark.hooks.spark_submit.SparkSubmitHook","filename":"spark_submit.py","lineno":644}
{"timestamp":"2026-01-11T16:32:26.599024Z","level":"info","event":"26/01/11 16:32:26 INFO Executor: Running task 0.0 in stage 11.0 (TID 19)","logger":"airflow.task.hooks.airflow.providers.apache.spark.hooks.spark_submit.SparkSubmitHook","filename":"spark_submit.py","lineno":644}
{"timestamp":"2026-01-11T16:32:26.604694Z","level":"info","event":"26/01/11 16:32:26 INFO ShuffleBlockFetcherIterator: Getting 4 (240.0 B) non-empty blocks including 4 (240.0 B) local and 0 (0.0 B) host-local and 0 (0.0 B) push-merged-local and 0 (0.0 B) remote blocks","logger":"airflow.task.hooks.airflow.providers.apache.spark.hooks.spark_submit.SparkSubmitHook","filename":"spark_submit.py","lineno":644}
{"timestamp":"2026-01-11T16:32:26.605763Z","level":"info","event":"26/01/11 16:32:26 INFO ShuffleBlockFetcherIterator: Started 0 remote fetches in 2 ms","logger":"airflow.task.hooks.airflow.providers.apache.spark.hooks.spark_submit.SparkSubmitHook","filename":"spark_submit.py","lineno":644}
{"timestamp":"2026-01-11T16:32:26.612983Z","level":"info","event":"26/01/11 16:32:26 INFO Executor: Finished task 0.0 in stage 11.0 (TID 19). 3995 bytes result sent to driver","logger":"airflow.task.hooks.airflow.providers.apache.spark.hooks.spark_submit.SparkSubmitHook","filename":"spark_submit.py","lineno":644}
{"timestamp":"2026-01-11T16:32:26.616271Z","level":"info","event":"26/01/11 16:32:26 INFO TaskSetManager: Finished task 0.0 in stage 11.0 (TID 19) in 20 ms on localhost (executor driver) (1/1)","logger":"airflow.task.hooks.airflow.providers.apache.spark.hooks.spark_submit.SparkSubmitHook","filename":"spark_submit.py","lineno":644}
{"timestamp":"2026-01-11T16:32:26.616510Z","level":"info","event":"26/01/11 16:32:26 INFO TaskSchedulerImpl: Removed TaskSet 11.0, whose tasks have all completed, from pool","logger":"airflow.task.hooks.airflow.providers.apache.spark.hooks.spark_submit.SparkSubmitHook","filename":"spark_submit.py","lineno":644}
{"timestamp":"2026-01-11T16:32:26.618193Z","level":"info","event":"26/01/11 16:32:26 INFO DAGScheduler: ResultStage 11 (count at NativeMethodAccessorImpl.java:0) finished in 0.035 s","logger":"airflow.task.hooks.airflow.providers.apache.spark.hooks.spark_submit.SparkSubmitHook","filename":"spark_submit.py","lineno":644}
{"timestamp":"2026-01-11T16:32:26.618737Z","level":"info","event":"26/01/11 16:32:26 INFO DAGScheduler: Job 8 is finished. Cancelling potential speculative or zombie tasks for this job","logger":"airflow.task.hooks.airflow.providers.apache.spark.hooks.spark_submit.SparkSubmitHook","filename":"spark_submit.py","lineno":644}
{"timestamp":"2026-01-11T16:32:26.618827Z","level":"info","event":"26/01/11 16:32:26 INFO TaskSchedulerImpl: Killing all running tasks in stage 11: Stage finished","logger":"airflow.task.hooks.airflow.providers.apache.spark.hooks.spark_submit.SparkSubmitHook","filename":"spark_submit.py","lineno":644}
{"timestamp":"2026-01-11T16:32:26.618872Z","level":"info","event":"26/01/11 16:32:26 INFO DAGScheduler: Job 8 finished: count at NativeMethodAccessorImpl.java:0, took 0.040218 s","logger":"airflow.task.hooks.airflow.providers.apache.spark.hooks.spark_submit.SparkSubmitHook","filename":"spark_submit.py","lineno":644}
{"timestamp":"2026-01-11T16:32:26.628483Z","level":"info","event":"Loaded olist_order_items with 112650 records for cleaning.","logger":"airflow.task.hooks.airflow.providers.apache.spark.hooks.spark_submit.SparkSubmitHook","filename":"spark_submit.py","lineno":644}
{"timestamp":"2026-01-11T16:32:26.628780Z","level":"info","event":"root","logger":"airflow.task.hooks.airflow.providers.apache.spark.hooks.spark_submit.SparkSubmitHook","filename":"spark_submit.py","lineno":644}
{"timestamp":"2026-01-11T16:32:26.628855Z","level":"info","event":"|-- order_id: string (nullable = true)","logger":"airflow.task.hooks.airflow.providers.apache.spark.hooks.spark_submit.SparkSubmitHook","filename":"spark_submit.py","lineno":644}
{"timestamp":"2026-01-11T16:32:26.628877Z","level":"info","event":"|-- order_item_id: string (nullable = true)","logger":"airflow.task.hooks.airflow.providers.apache.spark.hooks.spark_submit.SparkSubmitHook","filename":"spark_submit.py","lineno":644}
{"timestamp":"2026-01-11T16:32:26.628894Z","level":"info","event":"|-- product_id: string (nullable = true)","logger":"airflow.task.hooks.airflow.providers.apache.spark.hooks.spark_submit.SparkSubmitHook","filename":"spark_submit.py","lineno":644}
{"timestamp":"2026-01-11T16:32:26.628910Z","level":"info","event":"|-- seller_id: string (nullable = true)","logger":"airflow.task.hooks.airflow.providers.apache.spark.hooks.spark_submit.SparkSubmitHook","filename":"spark_submit.py","lineno":644}
{"timestamp":"2026-01-11T16:32:26.628935Z","level":"info","event":"|-- shipping_limit_date: string (nullable = true)","logger":"airflow.task.hooks.airflow.providers.apache.spark.hooks.spark_submit.SparkSubmitHook","filename":"spark_submit.py","lineno":644}
{"timestamp":"2026-01-11T16:32:26.628957Z","level":"info","event":"|-- price: string (nullable = true)","logger":"airflow.task.hooks.airflow.providers.apache.spark.hooks.spark_submit.SparkSubmitHook","filename":"spark_submit.py","lineno":644}
{"timestamp":"2026-01-11T16:32:26.628999Z","level":"info","event":"|-- freight_value: string (nullable = true)","logger":"airflow.task.hooks.airflow.providers.apache.spark.hooks.spark_submit.SparkSubmitHook","filename":"spark_submit.py","lineno":644}
{"timestamp":"2026-01-11T16:32:26.629019Z","level":"info","event":"","logger":"airflow.task.hooks.airflow.providers.apache.spark.hooks.spark_submit.SparkSubmitHook","filename":"spark_submit.py","lineno":644}
{"timestamp":"2026-01-11T16:32:26.692210Z","level":"info","event":"26/01/11 16:32:26 INFO InMemoryFileIndex: It took 10 ms to list leaf files for 1 paths.","logger":"airflow.task.hooks.airflow.providers.apache.spark.hooks.spark_submit.SparkSubmitHook","filename":"spark_submit.py","lineno":644}
{"timestamp":"2026-01-11T16:32:26.703422Z","level":"info","event":"26/01/11 16:32:26 INFO InMemoryFileIndex: It took 4 ms to list leaf files for 2 paths.","logger":"airflow.task.hooks.airflow.providers.apache.spark.hooks.spark_submit.SparkSubmitHook","filename":"spark_submit.py","lineno":644}
{"timestamp":"2026-01-11T16:32:26.833675Z","level":"info","event":"26/01/11 16:32:26 INFO FileSourceStrategy: Pushed Filters:","logger":"airflow.task.hooks.airflow.providers.apache.spark.hooks.spark_submit.SparkSubmitHook","filename":"spark_submit.py","lineno":644}
{"timestamp":"2026-01-11T16:32:26.833848Z","level":"info","event":"26/01/11 16:32:26 INFO FileSourceStrategy: Post-Scan Filters: (length(trim(value#117, None)) > 0)","logger":"airflow.task.hooks.airflow.providers.apache.spark.hooks.spark_submit.SparkSubmitHook","filename":"spark_submit.py","lineno":644}
{"timestamp":"2026-01-11T16:32:26.854052Z","level":"info","event":"26/01/11 16:32:26 INFO MemoryStore: Block broadcast_18 stored as values in memory (estimated size 199.5 KiB, free 1047.9 MiB)","logger":"airflow.task.hooks.airflow.providers.apache.spark.hooks.spark_submit.SparkSubmitHook","filename":"spark_submit.py","lineno":644}
{"timestamp":"2026-01-11T16:32:26.865166Z","level":"info","event":"26/01/11 16:32:26 INFO MemoryStore: Block broadcast_18_piece0 stored as bytes in memory (estimated size 34.2 KiB, free 1047.8 MiB)","logger":"airflow.task.hooks.airflow.providers.apache.spark.hooks.spark_submit.SparkSubmitHook","filename":"spark_submit.py","lineno":644}
{"timestamp":"2026-01-11T16:32:26.866923Z","level":"info","event":"26/01/11 16:32:26 INFO BlockManagerInfo: Added broadcast_18_piece0 in memory on localhost:33275 (size: 34.2 KiB, free: 1048.7 MiB)","logger":"airflow.task.hooks.airflow.providers.apache.spark.hooks.spark_submit.SparkSubmitHook","filename":"spark_submit.py","lineno":644}
{"timestamp":"2026-01-11T16:32:26.868806Z","level":"info","event":"26/01/11 16:32:26 INFO SparkContext: Created broadcast 18 from csv at NativeMethodAccessorImpl.java:0","logger":"airflow.task.hooks.airflow.providers.apache.spark.hooks.spark_submit.SparkSubmitHook","filename":"spark_submit.py","lineno":644}
{"timestamp":"2026-01-11T16:32:26.870235Z","level":"info","event":"26/01/11 16:32:26 INFO FileSourceScanExec: Planning scan with bin packing, max size: 4194304 bytes, open cost is considered as scanning 4194304 bytes.","logger":"airflow.task.hooks.airflow.providers.apache.spark.hooks.spark_submit.SparkSubmitHook","filename":"spark_submit.py","lineno":644}
{"timestamp":"2026-01-11T16:32:26.879830Z","level":"info","event":"26/01/11 16:32:26 INFO SparkContext: Starting job: csv at NativeMethodAccessorImpl.java:0","logger":"airflow.task.hooks.airflow.providers.apache.spark.hooks.spark_submit.SparkSubmitHook","filename":"spark_submit.py","lineno":644}
{"timestamp":"2026-01-11T16:32:26.883775Z","level":"info","event":"26/01/11 16:32:26 INFO DAGScheduler: Got job 9 (csv at NativeMethodAccessorImpl.java:0) with 1 output partitions","logger":"airflow.task.hooks.airflow.providers.apache.spark.hooks.spark_submit.SparkSubmitHook","filename":"spark_submit.py","lineno":644}
{"timestamp":"2026-01-11T16:32:26.883900Z","level":"info","event":"26/01/11 16:32:26 INFO DAGScheduler: Final stage: ResultStage 12 (csv at NativeMethodAccessorImpl.java:0)","logger":"airflow.task.hooks.airflow.providers.apache.spark.hooks.spark_submit.SparkSubmitHook","filename":"spark_submit.py","lineno":644}
{"timestamp":"2026-01-11T16:32:26.883926Z","level":"info","event":"26/01/11 16:32:26 INFO DAGScheduler: Parents of final stage: List()","logger":"airflow.task.hooks.airflow.providers.apache.spark.hooks.spark_submit.SparkSubmitHook","filename":"spark_submit.py","lineno":644}
{"timestamp":"2026-01-11T16:32:26.884307Z","level":"info","event":"26/01/11 16:32:26 INFO DAGScheduler: Missing parents: List()","logger":"airflow.task.hooks.airflow.providers.apache.spark.hooks.spark_submit.SparkSubmitHook","filename":"spark_submit.py","lineno":644}
{"timestamp":"2026-01-11T16:32:26.884717Z","level":"info","event":"26/01/11 16:32:26 INFO DAGScheduler: Submitting ResultStage 12 (MapPartitionsRDD[54] at csv at NativeMethodAccessorImpl.java:0), which has no missing parents","logger":"airflow.task.hooks.airflow.providers.apache.spark.hooks.spark_submit.SparkSubmitHook","filename":"spark_submit.py","lineno":644}
{"timestamp":"2026-01-11T16:32:26.887275Z","level":"info","event":"26/01/11 16:32:26 INFO MemoryStore: Block broadcast_19 stored as values in memory (estimated size 13.5 KiB, free 1047.8 MiB)","logger":"airflow.task.hooks.airflow.providers.apache.spark.hooks.spark_submit.SparkSubmitHook","filename":"spark_submit.py","lineno":644}
{"timestamp":"2026-01-11T16:32:26.894999Z","level":"info","event":"26/01/11 16:32:26 INFO BlockManagerInfo: Removed broadcast_17_piece0 on localhost:33275 in memory (size: 5.9 KiB, free: 1048.7 MiB)","logger":"airflow.task.hooks.airflow.providers.apache.spark.hooks.spark_submit.SparkSubmitHook","filename":"spark_submit.py","lineno":644}
{"timestamp":"2026-01-11T16:32:26.895680Z","level":"info","event":"26/01/11 16:32:26 INFO MemoryStore: Block broadcast_19_piece0 stored as bytes in memory (estimated size 6.4 KiB, free 1047.8 MiB)","logger":"airflow.task.hooks.airflow.providers.apache.spark.hooks.spark_submit.SparkSubmitHook","filename":"spark_submit.py","lineno":644}
{"timestamp":"2026-01-11T16:32:26.896306Z","level":"info","event":"26/01/11 16:32:26 INFO BlockManagerInfo: Added broadcast_19_piece0 in memory on localhost:33275 (size: 6.4 KiB, free: 1048.7 MiB)","logger":"airflow.task.hooks.airflow.providers.apache.spark.hooks.spark_submit.SparkSubmitHook","filename":"spark_submit.py","lineno":644}
{"timestamp":"2026-01-11T16:32:26.897004Z","level":"info","event":"26/01/11 16:32:26 INFO SparkContext: Created broadcast 19 from broadcast at DAGScheduler.scala:1580","logger":"airflow.task.hooks.airflow.providers.apache.spark.hooks.spark_submit.SparkSubmitHook","filename":"spark_submit.py","lineno":644}
{"timestamp":"2026-01-11T16:32:26.897528Z","level":"info","event":"26/01/11 16:32:26 INFO DAGScheduler: Submitting 1 missing tasks from ResultStage 12 (MapPartitionsRDD[54] at csv at NativeMethodAccessorImpl.java:0) (first 15 tasks are for partitions Vector(0))","logger":"airflow.task.hooks.airflow.providers.apache.spark.hooks.spark_submit.SparkSubmitHook","filename":"spark_submit.py","lineno":644}
{"timestamp":"2026-01-11T16:32:26.897619Z","level":"info","event":"26/01/11 16:32:26 INFO TaskSchedulerImpl: Adding task set 12.0 with 1 tasks resource profile 0","logger":"airflow.task.hooks.airflow.providers.apache.spark.hooks.spark_submit.SparkSubmitHook","filename":"spark_submit.py","lineno":644}
{"timestamp":"2026-01-11T16:32:26.899719Z","level":"info","event":"26/01/11 16:32:26 INFO TaskSetManager: Starting task 0.0 in stage 12.0 (TID 20) (localhost, executor driver, partition 0, PROCESS_LOCAL, 8284 bytes)","logger":"airflow.task.hooks.airflow.providers.apache.spark.hooks.spark_submit.SparkSubmitHook","filename":"spark_submit.py","lineno":644}
{"timestamp":"2026-01-11T16:32:26.900021Z","level":"info","event":"26/01/11 16:32:26 INFO BlockManagerInfo: Removed broadcast_16_piece0 on localhost:33275 in memory (size: 8.8 KiB, free: 1048.7 MiB)","logger":"airflow.task.hooks.airflow.providers.apache.spark.hooks.spark_submit.SparkSubmitHook","filename":"spark_submit.py","lineno":644}
{"timestamp":"2026-01-11T16:32:26.903813Z","level":"info","event":"26/01/11 16:32:26 INFO Executor: Running task 0.0 in stage 12.0 (TID 20)","logger":"airflow.task.hooks.airflow.providers.apache.spark.hooks.spark_submit.SparkSubmitHook","filename":"spark_submit.py","lineno":644}
{"timestamp":"2026-01-11T16:32:26.907384Z","level":"info","event":"26/01/11 16:32:26 INFO BlockManagerInfo: Removed broadcast_15_piece0 on localhost:33275 in memory (size: 34.2 KiB, free: 1048.7 MiB)","logger":"airflow.task.hooks.airflow.providers.apache.spark.hooks.spark_submit.SparkSubmitHook","filename":"spark_submit.py","lineno":644}
{"timestamp":"2026-01-11T16:32:26.914544Z","level":"info","event":"26/01/11 16:32:26 INFO FileScanRDD: Reading File path: file:///opt/airflow/data/raw/olist_order_payments/part-00000-5c88cae5-fe94-4e3a-b1c8-26dbfff018c2-c000.csv, range: 0-4100366, partition values: [empty row]","logger":"airflow.task.hooks.airflow.providers.apache.spark.hooks.spark_submit.SparkSubmitHook","filename":"spark_submit.py","lineno":644}
{"timestamp":"2026-01-11T16:32:26.923898Z","level":"info","event":"26/01/11 16:32:26 INFO Executor: Finished task 0.0 in stage 12.0 (TID 20). 1630 bytes result sent to driver","logger":"airflow.task.hooks.airflow.providers.apache.spark.hooks.spark_submit.SparkSubmitHook","filename":"spark_submit.py","lineno":644}
{"timestamp":"2026-01-11T16:32:26.924029Z","level":"info","event":"26/01/11 16:32:26 INFO TaskSetManager: Finished task 0.0 in stage 12.0 (TID 20) in 24 ms on localhost (executor driver) (1/1)","logger":"airflow.task.hooks.airflow.providers.apache.spark.hooks.spark_submit.SparkSubmitHook","filename":"spark_submit.py","lineno":644}
{"timestamp":"2026-01-11T16:32:26.924054Z","level":"info","event":"26/01/11 16:32:26 INFO TaskSchedulerImpl: Removed TaskSet 12.0, whose tasks have all completed, from pool","logger":"airflow.task.hooks.airflow.providers.apache.spark.hooks.spark_submit.SparkSubmitHook","filename":"spark_submit.py","lineno":644}
{"timestamp":"2026-01-11T16:32:26.924070Z","level":"info","event":"26/01/11 16:32:26 INFO DAGScheduler: ResultStage 12 (csv at NativeMethodAccessorImpl.java:0) finished in 0.037 s","logger":"airflow.task.hooks.airflow.providers.apache.spark.hooks.spark_submit.SparkSubmitHook","filename":"spark_submit.py","lineno":644}
{"timestamp":"2026-01-11T16:32:26.924086Z","level":"info","event":"26/01/11 16:32:26 INFO DAGScheduler: Job 9 is finished. Cancelling potential speculative or zombie tasks for this job","logger":"airflow.task.hooks.airflow.providers.apache.spark.hooks.spark_submit.SparkSubmitHook","filename":"spark_submit.py","lineno":644}
{"timestamp":"2026-01-11T16:32:26.924109Z","level":"info","event":"26/01/11 16:32:26 INFO TaskSchedulerImpl: Killing all running tasks in stage 12: Stage finished","logger":"airflow.task.hooks.airflow.providers.apache.spark.hooks.spark_submit.SparkSubmitHook","filename":"spark_submit.py","lineno":644}
{"timestamp":"2026-01-11T16:32:26.924134Z","level":"info","event":"26/01/11 16:32:26 INFO DAGScheduler: Job 9 finished: csv at NativeMethodAccessorImpl.java:0, took 0.043414 s","logger":"airflow.task.hooks.airflow.providers.apache.spark.hooks.spark_submit.SparkSubmitHook","filename":"spark_submit.py","lineno":644}
{"timestamp":"2026-01-11T16:32:26.943838Z","level":"info","event":"26/01/11 16:32:26 INFO FileSourceStrategy: Pushed Filters:","logger":"airflow.task.hooks.airflow.providers.apache.spark.hooks.spark_submit.SparkSubmitHook","filename":"spark_submit.py","lineno":644}
{"timestamp":"2026-01-11T16:32:26.944140Z","level":"info","event":"26/01/11 16:32:26 INFO FileSourceStrategy: Post-Scan Filters:","logger":"airflow.task.hooks.airflow.providers.apache.spark.hooks.spark_submit.SparkSubmitHook","filename":"spark_submit.py","lineno":644}
{"timestamp":"2026-01-11T16:32:26.947227Z","level":"info","event":"26/01/11 16:32:26 INFO MemoryStore: Block broadcast_20 stored as values in memory (estimated size 199.5 KiB, free 1047.9 MiB)","logger":"airflow.task.hooks.airflow.providers.apache.spark.hooks.spark_submit.SparkSubmitHook","filename":"spark_submit.py","lineno":644}
{"timestamp":"2026-01-11T16:32:26.953165Z","level":"info","event":"26/01/11 16:32:26 INFO MemoryStore: Block broadcast_20_piece0 stored as bytes in memory (estimated size 34.2 KiB, free 1047.9 MiB)","logger":"airflow.task.hooks.airflow.providers.apache.spark.hooks.spark_submit.SparkSubmitHook","filename":"spark_submit.py","lineno":644}
{"timestamp":"2026-01-11T16:32:26.953680Z","level":"info","event":"26/01/11 16:32:26 INFO BlockManagerInfo: Added broadcast_20_piece0 in memory on localhost:33275 (size: 34.2 KiB, free: 1048.7 MiB)","logger":"airflow.task.hooks.airflow.providers.apache.spark.hooks.spark_submit.SparkSubmitHook","filename":"spark_submit.py","lineno":644}
{"timestamp":"2026-01-11T16:32:26.954346Z","level":"info","event":"26/01/11 16:32:26 INFO SparkContext: Created broadcast 20 from csv at NativeMethodAccessorImpl.java:0","logger":"airflow.task.hooks.airflow.providers.apache.spark.hooks.spark_submit.SparkSubmitHook","filename":"spark_submit.py","lineno":644}
{"timestamp":"2026-01-11T16:32:26.955707Z","level":"info","event":"26/01/11 16:32:26 INFO FileSourceScanExec: Planning scan with bin packing, max size: 4194304 bytes, open cost is considered as scanning 4194304 bytes.","logger":"airflow.task.hooks.airflow.providers.apache.spark.hooks.spark_submit.SparkSubmitHook","filename":"spark_submit.py","lineno":644}
{"timestamp":"2026-01-11T16:32:26.973522Z","level":"info","event":"____________________________________________________","logger":"airflow.task.hooks.airflow.providers.apache.spark.hooks.spark_submit.SparkSubmitHook","filename":"spark_submit.py","lineno":644}
{"timestamp":"2026-01-11T16:32:26.984407Z","level":"info","event":"26/01/11 16:32:26 INFO FileSourceStrategy: Pushed Filters:","logger":"airflow.task.hooks.airflow.providers.apache.spark.hooks.spark_submit.SparkSubmitHook","filename":"spark_submit.py","lineno":644}
{"timestamp":"2026-01-11T16:32:26.984665Z","level":"info","event":"26/01/11 16:32:26 INFO FileSourceStrategy: Post-Scan Filters:","logger":"airflow.task.hooks.airflow.providers.apache.spark.hooks.spark_submit.SparkSubmitHook","filename":"spark_submit.py","lineno":644}
{"timestamp":"2026-01-11T16:32:27.008529Z","level":"info","event":"26/01/11 16:32:27 INFO MemoryStore: Block broadcast_21 stored as values in memory (estimated size 199.4 KiB, free 1047.7 MiB)","logger":"airflow.task.hooks.airflow.providers.apache.spark.hooks.spark_submit.SparkSubmitHook","filename":"spark_submit.py","lineno":644}
{"timestamp":"2026-01-11T16:32:27.024217Z","level":"info","event":"26/01/11 16:32:27 INFO MemoryStore: Block broadcast_21_piece0 stored as bytes in memory (estimated size 34.2 KiB, free 1047.6 MiB)","logger":"airflow.task.hooks.airflow.providers.apache.spark.hooks.spark_submit.SparkSubmitHook","filename":"spark_submit.py","lineno":644}
{"timestamp":"2026-01-11T16:32:27.025421Z","level":"info","event":"26/01/11 16:32:27 INFO BlockManagerInfo: Added broadcast_21_piece0 in memory on localhost:33275 (size: 34.2 KiB, free: 1048.6 MiB)","logger":"airflow.task.hooks.airflow.providers.apache.spark.hooks.spark_submit.SparkSubmitHook","filename":"spark_submit.py","lineno":644}
{"timestamp":"2026-01-11T16:32:27.026805Z","level":"info","event":"26/01/11 16:32:27 INFO SparkContext: Created broadcast 21 from count at NativeMethodAccessorImpl.java:0","logger":"airflow.task.hooks.airflow.providers.apache.spark.hooks.spark_submit.SparkSubmitHook","filename":"spark_submit.py","lineno":644}
{"timestamp":"2026-01-11T16:32:27.028225Z","level":"info","event":"26/01/11 16:32:27 INFO FileSourceScanExec: Planning scan with bin packing, max size: 4194304 bytes, open cost is considered as scanning 4194304 bytes.","logger":"airflow.task.hooks.airflow.providers.apache.spark.hooks.spark_submit.SparkSubmitHook","filename":"spark_submit.py","lineno":644}
{"timestamp":"2026-01-11T16:32:27.037145Z","level":"info","event":"26/01/11 16:32:27 INFO DAGScheduler: Registering RDD 64 (count at NativeMethodAccessorImpl.java:0) as input to shuffle 3","logger":"airflow.task.hooks.airflow.providers.apache.spark.hooks.spark_submit.SparkSubmitHook","filename":"spark_submit.py","lineno":644}
{"timestamp":"2026-01-11T16:32:27.037350Z","level":"info","event":"26/01/11 16:32:27 INFO DAGScheduler: Got map stage job 10 (count at NativeMethodAccessorImpl.java:0) with 2 output partitions","logger":"airflow.task.hooks.airflow.providers.apache.spark.hooks.spark_submit.SparkSubmitHook","filename":"spark_submit.py","lineno":644}
{"timestamp":"2026-01-11T16:32:27.037381Z","level":"info","event":"26/01/11 16:32:27 INFO DAGScheduler: Final stage: ShuffleMapStage 13 (count at NativeMethodAccessorImpl.java:0)","logger":"airflow.task.hooks.airflow.providers.apache.spark.hooks.spark_submit.SparkSubmitHook","filename":"spark_submit.py","lineno":644}
{"timestamp":"2026-01-11T16:32:27.037400Z","level":"info","event":"26/01/11 16:32:27 INFO DAGScheduler: Parents of final stage: List()","logger":"airflow.task.hooks.airflow.providers.apache.spark.hooks.spark_submit.SparkSubmitHook","filename":"spark_submit.py","lineno":644}
{"timestamp":"2026-01-11T16:32:27.037426Z","level":"info","event":"26/01/11 16:32:27 INFO DAGScheduler: Missing parents: List()","logger":"airflow.task.hooks.airflow.providers.apache.spark.hooks.spark_submit.SparkSubmitHook","filename":"spark_submit.py","lineno":644}
{"timestamp":"2026-01-11T16:32:27.037457Z","level":"info","event":"26/01/11 16:32:27 INFO DAGScheduler: Submitting ShuffleMapStage 13 (MapPartitionsRDD[64] at count at NativeMethodAccessorImpl.java:0), which has no missing parents","logger":"airflow.task.hooks.airflow.providers.apache.spark.hooks.spark_submit.SparkSubmitHook","filename":"spark_submit.py","lineno":644}
{"timestamp":"2026-01-11T16:32:27.042260Z","level":"info","event":"26/01/11 16:32:27 INFO MemoryStore: Block broadcast_22 stored as values in memory (estimated size 17.8 KiB, free 1047.6 MiB)","logger":"airflow.task.hooks.airflow.providers.apache.spark.hooks.spark_submit.SparkSubmitHook","filename":"spark_submit.py","lineno":644}
{"timestamp":"2026-01-11T16:32:27.044658Z","level":"info","event":"26/01/11 16:32:27 INFO MemoryStore: Block broadcast_22_piece0 stored as bytes in memory (estimated size 8.7 KiB, free 1047.6 MiB)","logger":"airflow.task.hooks.airflow.providers.apache.spark.hooks.spark_submit.SparkSubmitHook","filename":"spark_submit.py","lineno":644}
{"timestamp":"2026-01-11T16:32:27.045166Z","level":"info","event":"26/01/11 16:32:27 INFO BlockManagerInfo: Added broadcast_22_piece0 in memory on localhost:33275 (size: 8.7 KiB, free: 1048.6 MiB)","logger":"airflow.task.hooks.airflow.providers.apache.spark.hooks.spark_submit.SparkSubmitHook","filename":"spark_submit.py","lineno":644}
{"timestamp":"2026-01-11T16:32:27.046777Z","level":"info","event":"26/01/11 16:32:27 INFO SparkContext: Created broadcast 22 from broadcast at DAGScheduler.scala:1580","logger":"airflow.task.hooks.airflow.providers.apache.spark.hooks.spark_submit.SparkSubmitHook","filename":"spark_submit.py","lineno":644}
{"timestamp":"2026-01-11T16:32:27.047383Z","level":"info","event":"26/01/11 16:32:27 INFO DAGScheduler: Submitting 2 missing tasks from ShuffleMapStage 13 (MapPartitionsRDD[64] at count at NativeMethodAccessorImpl.java:0) (first 15 tasks are for partitions Vector(0, 1))","logger":"airflow.task.hooks.airflow.providers.apache.spark.hooks.spark_submit.SparkSubmitHook","filename":"spark_submit.py","lineno":644}
{"timestamp":"2026-01-11T16:32:27.047613Z","level":"info","event":"26/01/11 16:32:27 INFO TaskSchedulerImpl: Adding task set 13.0 with 2 tasks resource profile 0","logger":"airflow.task.hooks.airflow.providers.apache.spark.hooks.spark_submit.SparkSubmitHook","filename":"spark_submit.py","lineno":644}
{"timestamp":"2026-01-11T16:32:27.052167Z","level":"info","event":"26/01/11 16:32:27 INFO TaskSetManager: Starting task 0.0 in stage 13.0 (TID 21) (localhost, executor driver, partition 0, PROCESS_LOCAL, 8273 bytes)","logger":"airflow.task.hooks.airflow.providers.apache.spark.hooks.spark_submit.SparkSubmitHook","filename":"spark_submit.py","lineno":644}
{"timestamp":"2026-01-11T16:32:27.053330Z","level":"info","event":"26/01/11 16:32:27 INFO TaskSetManager: Starting task 1.0 in stage 13.0 (TID 22) (localhost, executor driver, partition 1, PROCESS_LOCAL, 8273 bytes)","logger":"airflow.task.hooks.airflow.providers.apache.spark.hooks.spark_submit.SparkSubmitHook","filename":"spark_submit.py","lineno":644}
{"timestamp":"2026-01-11T16:32:27.054843Z","level":"info","event":"26/01/11 16:32:27 INFO Executor: Running task 0.0 in stage 13.0 (TID 21)","logger":"airflow.task.hooks.airflow.providers.apache.spark.hooks.spark_submit.SparkSubmitHook","filename":"spark_submit.py","lineno":644}
{"timestamp":"2026-01-11T16:32:27.055403Z","level":"info","event":"26/01/11 16:32:27 INFO Executor: Running task 1.0 in stage 13.0 (TID 22)","logger":"airflow.task.hooks.airflow.providers.apache.spark.hooks.spark_submit.SparkSubmitHook","filename":"spark_submit.py","lineno":644}
{"timestamp":"2026-01-11T16:32:27.063099Z","level":"info","event":"26/01/11 16:32:27 INFO FileScanRDD: Reading File path: file:///opt/airflow/data/raw/olist_order_payments/part-00000-5c88cae5-fe94-4e3a-b1c8-26dbfff018c2-c000.csv, range: 0-4100366, partition values: [empty row]","logger":"airflow.task.hooks.airflow.providers.apache.spark.hooks.spark_submit.SparkSubmitHook","filename":"spark_submit.py","lineno":644}
{"timestamp":"2026-01-11T16:32:27.066857Z","level":"info","event":"26/01/11 16:32:27 INFO FileScanRDD: Reading File path: file:///opt/airflow/data/raw/olist_order_payments/part-00001-5c88cae5-fe94-4e3a-b1c8-26dbfff018c2-c000.csv, range: 0-1547490, partition values: [empty row]","logger":"airflow.task.hooks.airflow.providers.apache.spark.hooks.spark_submit.SparkSubmitHook","filename":"spark_submit.py","lineno":644}
{"timestamp":"2026-01-11T16:32:27.112731Z","level":"info","event":"26/01/11 16:32:27 INFO Executor: Finished task 1.0 in stage 13.0 (TID 22). 1968 bytes result sent to driver","logger":"airflow.task.hooks.airflow.providers.apache.spark.hooks.spark_submit.SparkSubmitHook","filename":"spark_submit.py","lineno":644}
{"timestamp":"2026-01-11T16:32:27.115441Z","level":"info","event":"26/01/11 16:32:27 INFO TaskSetManager: Finished task 1.0 in stage 13.0 (TID 22) in 63 ms on localhost (executor driver) (1/2)","logger":"airflow.task.hooks.airflow.providers.apache.spark.hooks.spark_submit.SparkSubmitHook","filename":"spark_submit.py","lineno":644}
{"timestamp":"2026-01-11T16:32:27.135128Z","level":"info","event":"26/01/11 16:32:27 INFO Executor: Finished task 0.0 in stage 13.0 (TID 21). 1925 bytes result sent to driver","logger":"airflow.task.hooks.airflow.providers.apache.spark.hooks.spark_submit.SparkSubmitHook","filename":"spark_submit.py","lineno":644}
{"timestamp":"2026-01-11T16:32:27.137909Z","level":"info","event":"26/01/11 16:32:27 INFO TaskSetManager: Finished task 0.0 in stage 13.0 (TID 21) in 87 ms on localhost (executor driver) (2/2)","logger":"airflow.task.hooks.airflow.providers.apache.spark.hooks.spark_submit.SparkSubmitHook","filename":"spark_submit.py","lineno":644}
{"timestamp":"2026-01-11T16:32:27.138149Z","level":"info","event":"26/01/11 16:32:27 INFO TaskSchedulerImpl: Removed TaskSet 13.0, whose tasks have all completed, from pool","logger":"airflow.task.hooks.airflow.providers.apache.spark.hooks.spark_submit.SparkSubmitHook","filename":"spark_submit.py","lineno":644}
{"timestamp":"2026-01-11T16:32:27.140373Z","level":"info","event":"26/01/11 16:32:27 INFO DAGScheduler: ShuffleMapStage 13 (count at NativeMethodAccessorImpl.java:0) finished in 0.100 s","logger":"airflow.task.hooks.airflow.providers.apache.spark.hooks.spark_submit.SparkSubmitHook","filename":"spark_submit.py","lineno":644}
{"timestamp":"2026-01-11T16:32:27.140511Z","level":"info","event":"26/01/11 16:32:27 INFO DAGScheduler: looking for newly runnable stages","logger":"airflow.task.hooks.airflow.providers.apache.spark.hooks.spark_submit.SparkSubmitHook","filename":"spark_submit.py","lineno":644}
{"timestamp":"2026-01-11T16:32:27.140556Z","level":"info","event":"26/01/11 16:32:27 INFO DAGScheduler: running: Set()","logger":"airflow.task.hooks.airflow.providers.apache.spark.hooks.spark_submit.SparkSubmitHook","filename":"spark_submit.py","lineno":644}
{"timestamp":"2026-01-11T16:32:27.140578Z","level":"info","event":"26/01/11 16:32:27 INFO DAGScheduler: waiting: Set()","logger":"airflow.task.hooks.airflow.providers.apache.spark.hooks.spark_submit.SparkSubmitHook","filename":"spark_submit.py","lineno":644}
{"timestamp":"2026-01-11T16:32:27.140593Z","level":"info","event":"26/01/11 16:32:27 INFO DAGScheduler: failed: Set()","logger":"airflow.task.hooks.airflow.providers.apache.spark.hooks.spark_submit.SparkSubmitHook","filename":"spark_submit.py","lineno":644}
{"timestamp":"2026-01-11T16:32:27.167724Z","level":"info","event":"26/01/11 16:32:27 INFO SparkContext: Starting job: count at NativeMethodAccessorImpl.java:0","logger":"airflow.task.hooks.airflow.providers.apache.spark.hooks.spark_submit.SparkSubmitHook","filename":"spark_submit.py","lineno":644}
{"timestamp":"2026-01-11T16:32:27.172132Z","level":"info","event":"26/01/11 16:32:27 INFO DAGScheduler: Got job 11 (count at NativeMethodAccessorImpl.java:0) with 1 output partitions","logger":"airflow.task.hooks.airflow.providers.apache.spark.hooks.spark_submit.SparkSubmitHook","filename":"spark_submit.py","lineno":644}
{"timestamp":"2026-01-11T16:32:27.172302Z","level":"info","event":"26/01/11 16:32:27 INFO DAGScheduler: Final stage: ResultStage 15 (count at NativeMethodAccessorImpl.java:0)","logger":"airflow.task.hooks.airflow.providers.apache.spark.hooks.spark_submit.SparkSubmitHook","filename":"spark_submit.py","lineno":644}
{"timestamp":"2026-01-11T16:32:27.172340Z","level":"info","event":"26/01/11 16:32:27 INFO DAGScheduler: Parents of final stage: List(ShuffleMapStage 14)","logger":"airflow.task.hooks.airflow.providers.apache.spark.hooks.spark_submit.SparkSubmitHook","filename":"spark_submit.py","lineno":644}
{"timestamp":"2026-01-11T16:32:27.172395Z","level":"info","event":"26/01/11 16:32:27 INFO DAGScheduler: Missing parents: List()","logger":"airflow.task.hooks.airflow.providers.apache.spark.hooks.spark_submit.SparkSubmitHook","filename":"spark_submit.py","lineno":644}
{"timestamp":"2026-01-11T16:32:27.172447Z","level":"info","event":"26/01/11 16:32:27 INFO DAGScheduler: Submitting ResultStage 15 (MapPartitionsRDD[67] at count at NativeMethodAccessorImpl.java:0), which has no missing parents","logger":"airflow.task.hooks.airflow.providers.apache.spark.hooks.spark_submit.SparkSubmitHook","filename":"spark_submit.py","lineno":644}
{"timestamp":"2026-01-11T16:32:27.177802Z","level":"info","event":"26/01/11 16:32:27 INFO MemoryStore: Block broadcast_23 stored as values in memory (estimated size 12.5 KiB, free 1047.6 MiB)","logger":"airflow.task.hooks.airflow.providers.apache.spark.hooks.spark_submit.SparkSubmitHook","filename":"spark_submit.py","lineno":644}
{"timestamp":"2026-01-11T16:32:27.207410Z","level":"info","event":"26/01/11 16:32:27 INFO MemoryStore: Block broadcast_23_piece0 stored as bytes in memory (estimated size 6.0 KiB, free 1047.6 MiB)","logger":"airflow.task.hooks.airflow.providers.apache.spark.hooks.spark_submit.SparkSubmitHook","filename":"spark_submit.py","lineno":644}
{"timestamp":"2026-01-11T16:32:27.208582Z","level":"info","event":"26/01/11 16:32:27 INFO BlockManagerInfo: Added broadcast_23_piece0 in memory on localhost:33275 (size: 6.0 KiB, free: 1048.6 MiB)","logger":"airflow.task.hooks.airflow.providers.apache.spark.hooks.spark_submit.SparkSubmitHook","filename":"spark_submit.py","lineno":644}
{"timestamp":"2026-01-11T16:32:27.209459Z","level":"info","event":"26/01/11 16:32:27 INFO SparkContext: Created broadcast 23 from broadcast at DAGScheduler.scala:1580","logger":"airflow.task.hooks.airflow.providers.apache.spark.hooks.spark_submit.SparkSubmitHook","filename":"spark_submit.py","lineno":644}
{"timestamp":"2026-01-11T16:32:27.209920Z","level":"info","event":"26/01/11 16:32:27 INFO DAGScheduler: Submitting 1 missing tasks from ResultStage 15 (MapPartitionsRDD[67] at count at NativeMethodAccessorImpl.java:0) (first 15 tasks are for partitions Vector(0))","logger":"airflow.task.hooks.airflow.providers.apache.spark.hooks.spark_submit.SparkSubmitHook","filename":"spark_submit.py","lineno":644}
{"timestamp":"2026-01-11T16:32:27.210055Z","level":"info","event":"26/01/11 16:32:27 INFO TaskSchedulerImpl: Adding task set 15.0 with 1 tasks resource profile 0","logger":"airflow.task.hooks.airflow.providers.apache.spark.hooks.spark_submit.SparkSubmitHook","filename":"spark_submit.py","lineno":644}
{"timestamp":"2026-01-11T16:32:27.214407Z","level":"info","event":"26/01/11 16:32:27 INFO BlockManagerInfo: Removed broadcast_20_piece0 on localhost:33275 in memory (size: 34.2 KiB, free: 1048.6 MiB)","logger":"airflow.task.hooks.airflow.providers.apache.spark.hooks.spark_submit.SparkSubmitHook","filename":"spark_submit.py","lineno":644}
{"timestamp":"2026-01-11T16:32:27.214515Z","level":"info","event":"26/01/11 16:32:27 INFO TaskSetManager: Starting task 0.0 in stage 15.0 (TID 23) (localhost, executor driver, partition 0, NODE_LOCAL, 7615 bytes)","logger":"airflow.task.hooks.airflow.providers.apache.spark.hooks.spark_submit.SparkSubmitHook","filename":"spark_submit.py","lineno":644}
{"timestamp":"2026-01-11T16:32:27.215397Z","level":"info","event":"26/01/11 16:32:27 INFO Executor: Running task 0.0 in stage 15.0 (TID 23)","logger":"airflow.task.hooks.airflow.providers.apache.spark.hooks.spark_submit.SparkSubmitHook","filename":"spark_submit.py","lineno":644}
{"timestamp":"2026-01-11T16:32:27.222093Z","level":"info","event":"26/01/11 16:32:27 INFO BlockManagerInfo: Removed broadcast_22_piece0 on localhost:33275 in memory (size: 8.7 KiB, free: 1048.7 MiB)","logger":"airflow.task.hooks.airflow.providers.apache.spark.hooks.spark_submit.SparkSubmitHook","filename":"spark_submit.py","lineno":644}
{"timestamp":"2026-01-11T16:32:27.226517Z","level":"info","event":"26/01/11 16:32:27 INFO ShuffleBlockFetcherIterator: Getting 2 (120.0 B) non-empty blocks including 2 (120.0 B) local and 0 (0.0 B) host-local and 0 (0.0 B) push-merged-local and 0 (0.0 B) remote blocks","logger":"airflow.task.hooks.airflow.providers.apache.spark.hooks.spark_submit.SparkSubmitHook","filename":"spark_submit.py","lineno":644}
{"timestamp":"2026-01-11T16:32:27.226877Z","level":"info","event":"26/01/11 16:32:27 INFO ShuffleBlockFetcherIterator: Started 0 remote fetches in 0 ms","logger":"airflow.task.hooks.airflow.providers.apache.spark.hooks.spark_submit.SparkSubmitHook","filename":"spark_submit.py","lineno":644}
{"timestamp":"2026-01-11T16:32:27.229341Z","level":"info","event":"26/01/11 16:32:27 INFO Executor: Finished task 0.0 in stage 15.0 (TID 23). 3995 bytes result sent to driver","logger":"airflow.task.hooks.airflow.providers.apache.spark.hooks.spark_submit.SparkSubmitHook","filename":"spark_submit.py","lineno":644}
{"timestamp":"2026-01-11T16:32:27.230940Z","level":"info","event":"26/01/11 16:32:27 INFO TaskSetManager: Finished task 0.0 in stage 15.0 (TID 23) in 18 ms on localhost (executor driver) (1/1)","logger":"airflow.task.hooks.airflow.providers.apache.spark.hooks.spark_submit.SparkSubmitHook","filename":"spark_submit.py","lineno":644}
{"timestamp":"2026-01-11T16:32:27.231195Z","level":"info","event":"26/01/11 16:32:27 INFO TaskSchedulerImpl: Removed TaskSet 15.0, whose tasks have all completed, from pool","logger":"airflow.task.hooks.airflow.providers.apache.spark.hooks.spark_submit.SparkSubmitHook","filename":"spark_submit.py","lineno":644}
{"timestamp":"2026-01-11T16:32:27.233725Z","level":"info","event":"26/01/11 16:32:27 INFO DAGScheduler: ResultStage 15 (count at NativeMethodAccessorImpl.java:0) finished in 0.057 s","logger":"airflow.task.hooks.airflow.providers.apache.spark.hooks.spark_submit.SparkSubmitHook","filename":"spark_submit.py","lineno":644}
{"timestamp":"2026-01-11T16:32:27.233818Z","level":"info","event":"26/01/11 16:32:27 INFO DAGScheduler: Job 11 is finished. Cancelling potential speculative or zombie tasks for this job","logger":"airflow.task.hooks.airflow.providers.apache.spark.hooks.spark_submit.SparkSubmitHook","filename":"spark_submit.py","lineno":644}
{"timestamp":"2026-01-11T16:32:27.233849Z","level":"info","event":"26/01/11 16:32:27 INFO TaskSchedulerImpl: Killing all running tasks in stage 15: Stage finished","logger":"airflow.task.hooks.airflow.providers.apache.spark.hooks.spark_submit.SparkSubmitHook","filename":"spark_submit.py","lineno":644}
{"timestamp":"2026-01-11T16:32:27.235289Z","level":"info","event":"26/01/11 16:32:27 INFO DAGScheduler: Job 11 finished: count at NativeMethodAccessorImpl.java:0, took 0.066506 s","logger":"airflow.task.hooks.airflow.providers.apache.spark.hooks.spark_submit.SparkSubmitHook","filename":"spark_submit.py","lineno":644}
{"timestamp":"2026-01-11T16:32:27.242060Z","level":"info","event":"Loaded olist_order_payments with 103886 records for cleaning.","logger":"airflow.task.hooks.airflow.providers.apache.spark.hooks.spark_submit.SparkSubmitHook","filename":"spark_submit.py","lineno":644}
{"timestamp":"2026-01-11T16:32:27.243702Z","level":"info","event":"root","logger":"airflow.task.hooks.airflow.providers.apache.spark.hooks.spark_submit.SparkSubmitHook","filename":"spark_submit.py","lineno":644}
{"timestamp":"2026-01-11T16:32:27.243885Z","level":"info","event":"|-- order_id: string (nullable = true)","logger":"airflow.task.hooks.airflow.providers.apache.spark.hooks.spark_submit.SparkSubmitHook","filename":"spark_submit.py","lineno":644}
{"timestamp":"2026-01-11T16:32:27.243924Z","level":"info","event":"|-- payment_sequential: string (nullable = true)","logger":"airflow.task.hooks.airflow.providers.apache.spark.hooks.spark_submit.SparkSubmitHook","filename":"spark_submit.py","lineno":644}
{"timestamp":"2026-01-11T16:32:27.243996Z","level":"info","event":"|-- payment_type: string (nullable = true)","logger":"airflow.task.hooks.airflow.providers.apache.spark.hooks.spark_submit.SparkSubmitHook","filename":"spark_submit.py","lineno":644}
{"timestamp":"2026-01-11T16:32:27.244043Z","level":"info","event":"|-- payment_installments: string (nullable = true)","logger":"airflow.task.hooks.airflow.providers.apache.spark.hooks.spark_submit.SparkSubmitHook","filename":"spark_submit.py","lineno":644}
{"timestamp":"2026-01-11T16:32:27.244103Z","level":"info","event":"|-- payment_value: string (nullable = true)","logger":"airflow.task.hooks.airflow.providers.apache.spark.hooks.spark_submit.SparkSubmitHook","filename":"spark_submit.py","lineno":644}
{"timestamp":"2026-01-11T16:32:27.244175Z","level":"info","event":"","logger":"airflow.task.hooks.airflow.providers.apache.spark.hooks.spark_submit.SparkSubmitHook","filename":"spark_submit.py","lineno":644}
{"timestamp":"2026-01-11T16:32:27.249109Z","level":"info","event":"26/01/11 16:32:27 INFO BlockManagerInfo: Removed broadcast_18_piece0 on localhost:33275 in memory (size: 34.2 KiB, free: 1048.7 MiB)","logger":"airflow.task.hooks.airflow.providers.apache.spark.hooks.spark_submit.SparkSubmitHook","filename":"spark_submit.py","lineno":644}
{"timestamp":"2026-01-11T16:32:27.258332Z","level":"info","event":"26/01/11 16:32:27 INFO BlockManagerInfo: Removed broadcast_19_piece0 on localhost:33275 in memory (size: 6.4 KiB, free: 1048.7 MiB)","logger":"airflow.task.hooks.airflow.providers.apache.spark.hooks.spark_submit.SparkSubmitHook","filename":"spark_submit.py","lineno":644}
{"timestamp":"2026-01-11T16:32:27.268185Z","level":"info","event":"26/01/11 16:32:27 INFO InMemoryFileIndex: It took 5 ms to list leaf files for 1 paths.","logger":"airflow.task.hooks.airflow.providers.apache.spark.hooks.spark_submit.SparkSubmitHook","filename":"spark_submit.py","lineno":644}
{"timestamp":"2026-01-11T16:32:27.273950Z","level":"info","event":"26/01/11 16:32:27 INFO InMemoryFileIndex: It took 1 ms to list leaf files for 4 paths.","logger":"airflow.task.hooks.airflow.providers.apache.spark.hooks.spark_submit.SparkSubmitHook","filename":"spark_submit.py","lineno":644}
{"timestamp":"2026-01-11T16:32:27.341235Z","level":"info","event":"26/01/11 16:32:27 INFO FileSourceStrategy: Pushed Filters:","logger":"airflow.task.hooks.airflow.providers.apache.spark.hooks.spark_submit.SparkSubmitHook","filename":"spark_submit.py","lineno":644}
{"timestamp":"2026-01-11T16:32:27.341503Z","level":"info","event":"26/01/11 16:32:27 INFO FileSourceStrategy: Post-Scan Filters: (length(trim(value#154, None)) > 0)","logger":"airflow.task.hooks.airflow.providers.apache.spark.hooks.spark_submit.SparkSubmitHook","filename":"spark_submit.py","lineno":644}
{"timestamp":"2026-01-11T16:32:27.354577Z","level":"info","event":"26/01/11 16:32:27 INFO MemoryStore: Block broadcast_24 stored as values in memory (estimated size 199.5 KiB, free 1047.9 MiB)","logger":"airflow.task.hooks.airflow.providers.apache.spark.hooks.spark_submit.SparkSubmitHook","filename":"spark_submit.py","lineno":644}
{"timestamp":"2026-01-11T16:32:27.360661Z","level":"info","event":"26/01/11 16:32:27 INFO MemoryStore: Block broadcast_24_piece0 stored as bytes in memory (estimated size 34.2 KiB, free 1047.9 MiB)","logger":"airflow.task.hooks.airflow.providers.apache.spark.hooks.spark_submit.SparkSubmitHook","filename":"spark_submit.py","lineno":644}
{"timestamp":"2026-01-11T16:32:27.360902Z","level":"info","event":"26/01/11 16:32:27 INFO BlockManagerInfo: Added broadcast_24_piece0 in memory on localhost:33275 (size: 34.2 KiB, free: 1048.7 MiB)","logger":"airflow.task.hooks.airflow.providers.apache.spark.hooks.spark_submit.SparkSubmitHook","filename":"spark_submit.py","lineno":644}
{"timestamp":"2026-01-11T16:32:27.361490Z","level":"info","event":"26/01/11 16:32:27 INFO SparkContext: Created broadcast 24 from csv at NativeMethodAccessorImpl.java:0","logger":"airflow.task.hooks.airflow.providers.apache.spark.hooks.spark_submit.SparkSubmitHook","filename":"spark_submit.py","lineno":644}
{"timestamp":"2026-01-11T16:32:27.362268Z","level":"info","event":"26/01/11 16:32:27 INFO FileSourceScanExec: Planning scan with bin packing, max size: 4393510 bytes, open cost is considered as scanning 4194304 bytes.","logger":"airflow.task.hooks.airflow.providers.apache.spark.hooks.spark_submit.SparkSubmitHook","filename":"spark_submit.py","lineno":644}
{"timestamp":"2026-01-11T16:32:27.367555Z","level":"info","event":"26/01/11 16:32:27 INFO SparkContext: Starting job: csv at NativeMethodAccessorImpl.java:0","logger":"airflow.task.hooks.airflow.providers.apache.spark.hooks.spark_submit.SparkSubmitHook","filename":"spark_submit.py","lineno":644}
{"timestamp":"2026-01-11T16:32:27.368391Z","level":"info","event":"26/01/11 16:32:27 INFO DAGScheduler: Got job 12 (csv at NativeMethodAccessorImpl.java:0) with 1 output partitions","logger":"airflow.task.hooks.airflow.providers.apache.spark.hooks.spark_submit.SparkSubmitHook","filename":"spark_submit.py","lineno":644}
{"timestamp":"2026-01-11T16:32:27.368444Z","level":"info","event":"26/01/11 16:32:27 INFO DAGScheduler: Final stage: ResultStage 16 (csv at NativeMethodAccessorImpl.java:0)","logger":"airflow.task.hooks.airflow.providers.apache.spark.hooks.spark_submit.SparkSubmitHook","filename":"spark_submit.py","lineno":644}
{"timestamp":"2026-01-11T16:32:27.368520Z","level":"info","event":"26/01/11 16:32:27 INFO DAGScheduler: Parents of final stage: List()","logger":"airflow.task.hooks.airflow.providers.apache.spark.hooks.spark_submit.SparkSubmitHook","filename":"spark_submit.py","lineno":644}
{"timestamp":"2026-01-11T16:32:27.368607Z","level":"info","event":"26/01/11 16:32:27 INFO DAGScheduler: Missing parents: List()","logger":"airflow.task.hooks.airflow.providers.apache.spark.hooks.spark_submit.SparkSubmitHook","filename":"spark_submit.py","lineno":644}
{"timestamp":"2026-01-11T16:32:27.369861Z","level":"info","event":"26/01/11 16:32:27 INFO DAGScheduler: Submitting ResultStage 16 (MapPartitionsRDD[71] at csv at NativeMethodAccessorImpl.java:0), which has no missing parents","logger":"airflow.task.hooks.airflow.providers.apache.spark.hooks.spark_submit.SparkSubmitHook","filename":"spark_submit.py","lineno":644}
{"timestamp":"2026-01-11T16:32:27.377166Z","level":"info","event":"26/01/11 16:32:27 INFO MemoryStore: Block broadcast_25 stored as values in memory (estimated size 13.5 KiB, free 1047.9 MiB)","logger":"airflow.task.hooks.airflow.providers.apache.spark.hooks.spark_submit.SparkSubmitHook","filename":"spark_submit.py","lineno":644}
{"timestamp":"2026-01-11T16:32:27.379683Z","level":"info","event":"26/01/11 16:32:27 INFO MemoryStore: Block broadcast_25_piece0 stored as bytes in memory (estimated size 6.4 KiB, free 1047.9 MiB)","logger":"airflow.task.hooks.airflow.providers.apache.spark.hooks.spark_submit.SparkSubmitHook","filename":"spark_submit.py","lineno":644}
{"timestamp":"2026-01-11T16:32:27.381398Z","level":"info","event":"26/01/11 16:32:27 INFO BlockManagerInfo: Added broadcast_25_piece0 in memory on localhost:33275 (size: 6.4 KiB, free: 1048.7 MiB)","logger":"airflow.task.hooks.airflow.providers.apache.spark.hooks.spark_submit.SparkSubmitHook","filename":"spark_submit.py","lineno":644}
{"timestamp":"2026-01-11T16:32:27.381994Z","level":"info","event":"26/01/11 16:32:27 INFO SparkContext: Created broadcast 25 from broadcast at DAGScheduler.scala:1580","logger":"airflow.task.hooks.airflow.providers.apache.spark.hooks.spark_submit.SparkSubmitHook","filename":"spark_submit.py","lineno":644}
{"timestamp":"2026-01-11T16:32:27.382354Z","level":"info","event":"26/01/11 16:32:27 INFO DAGScheduler: Submitting 1 missing tasks from ResultStage 16 (MapPartitionsRDD[71] at csv at NativeMethodAccessorImpl.java:0) (first 15 tasks are for partitions Vector(0))","logger":"airflow.task.hooks.airflow.providers.apache.spark.hooks.spark_submit.SparkSubmitHook","filename":"spark_submit.py","lineno":644}
{"timestamp":"2026-01-11T16:32:27.382473Z","level":"info","event":"26/01/11 16:32:27 INFO TaskSchedulerImpl: Adding task set 16.0 with 1 tasks resource profile 0","logger":"airflow.task.hooks.airflow.providers.apache.spark.hooks.spark_submit.SparkSubmitHook","filename":"spark_submit.py","lineno":644}
{"timestamp":"2026-01-11T16:32:27.383529Z","level":"info","event":"26/01/11 16:32:27 INFO TaskSetManager: Starting task 0.0 in stage 16.0 (TID 24) (localhost, executor driver, partition 0, PROCESS_LOCAL, 8283 bytes)","logger":"airflow.task.hooks.airflow.providers.apache.spark.hooks.spark_submit.SparkSubmitHook","filename":"spark_submit.py","lineno":644}
{"timestamp":"2026-01-11T16:32:27.384832Z","level":"info","event":"26/01/11 16:32:27 INFO Executor: Running task 0.0 in stage 16.0 (TID 24)","logger":"airflow.task.hooks.airflow.providers.apache.spark.hooks.spark_submit.SparkSubmitHook","filename":"spark_submit.py","lineno":644}
{"timestamp":"2026-01-11T16:32:27.389716Z","level":"info","event":"26/01/11 16:32:27 INFO FileScanRDD: Reading File path: file:///opt/airflow/data/raw/olist_order_reviews/part-00000-97e94c14-8652-4313-b953-4a3b4fa29724-c000.csv, range: 0-4057043, partition values: [empty row]","logger":"airflow.task.hooks.airflow.providers.apache.spark.hooks.spark_submit.SparkSubmitHook","filename":"spark_submit.py","lineno":644}
{"timestamp":"2026-01-11T16:32:27.396020Z","level":"info","event":"26/01/11 16:32:27 INFO Executor: Finished task 0.0 in stage 16.0 (TID 24). 1653 bytes result sent to driver","logger":"airflow.task.hooks.airflow.providers.apache.spark.hooks.spark_submit.SparkSubmitHook","filename":"spark_submit.py","lineno":644}
{"timestamp":"2026-01-11T16:32:27.397193Z","level":"info","event":"26/01/11 16:32:27 INFO TaskSetManager: Finished task 0.0 in stage 16.0 (TID 24) in 13 ms on localhost (executor driver) (1/1)","logger":"airflow.task.hooks.airflow.providers.apache.spark.hooks.spark_submit.SparkSubmitHook","filename":"spark_submit.py","lineno":644}
{"timestamp":"2026-01-11T16:32:27.397355Z","level":"info","event":"26/01/11 16:32:27 INFO TaskSchedulerImpl: Removed TaskSet 16.0, whose tasks have all completed, from pool","logger":"airflow.task.hooks.airflow.providers.apache.spark.hooks.spark_submit.SparkSubmitHook","filename":"spark_submit.py","lineno":644}
{"timestamp":"2026-01-11T16:32:27.398151Z","level":"info","event":"26/01/11 16:32:27 INFO DAGScheduler: ResultStage 16 (csv at NativeMethodAccessorImpl.java:0) finished in 0.025 s","logger":"airflow.task.hooks.airflow.providers.apache.spark.hooks.spark_submit.SparkSubmitHook","filename":"spark_submit.py","lineno":644}
{"timestamp":"2026-01-11T16:32:27.398225Z","level":"info","event":"26/01/11 16:32:27 INFO DAGScheduler: Job 12 is finished. Cancelling potential speculative or zombie tasks for this job","logger":"airflow.task.hooks.airflow.providers.apache.spark.hooks.spark_submit.SparkSubmitHook","filename":"spark_submit.py","lineno":644}
{"timestamp":"2026-01-11T16:32:27.398247Z","level":"info","event":"26/01/11 16:32:27 INFO TaskSchedulerImpl: Killing all running tasks in stage 16: Stage finished","logger":"airflow.task.hooks.airflow.providers.apache.spark.hooks.spark_submit.SparkSubmitHook","filename":"spark_submit.py","lineno":644}
{"timestamp":"2026-01-11T16:32:27.398486Z","level":"info","event":"26/01/11 16:32:27 INFO DAGScheduler: Job 12 finished: csv at NativeMethodAccessorImpl.java:0, took 0.030787 s","logger":"airflow.task.hooks.airflow.providers.apache.spark.hooks.spark_submit.SparkSubmitHook","filename":"spark_submit.py","lineno":644}
{"timestamp":"2026-01-11T16:32:27.406570Z","level":"info","event":"26/01/11 16:32:27 INFO FileSourceStrategy: Pushed Filters:","logger":"airflow.task.hooks.airflow.providers.apache.spark.hooks.spark_submit.SparkSubmitHook","filename":"spark_submit.py","lineno":644}
{"timestamp":"2026-01-11T16:32:27.406676Z","level":"info","event":"26/01/11 16:32:27 INFO FileSourceStrategy: Post-Scan Filters:","logger":"airflow.task.hooks.airflow.providers.apache.spark.hooks.spark_submit.SparkSubmitHook","filename":"spark_submit.py","lineno":644}
{"timestamp":"2026-01-11T16:32:27.409087Z","level":"info","event":"26/01/11 16:32:27 INFO MemoryStore: Block broadcast_26 stored as values in memory (estimated size 199.5 KiB, free 1047.7 MiB)","logger":"airflow.task.hooks.airflow.providers.apache.spark.hooks.spark_submit.SparkSubmitHook","filename":"spark_submit.py","lineno":644}
{"timestamp":"2026-01-11T16:32:27.413102Z","level":"info","event":"26/01/11 16:32:27 INFO MemoryStore: Block broadcast_26_piece0 stored as bytes in memory (estimated size 34.2 KiB, free 1047.6 MiB)","logger":"airflow.task.hooks.airflow.providers.apache.spark.hooks.spark_submit.SparkSubmitHook","filename":"spark_submit.py","lineno":644}
{"timestamp":"2026-01-11T16:32:27.413383Z","level":"info","event":"26/01/11 16:32:27 INFO BlockManagerInfo: Added broadcast_26_piece0 in memory on localhost:33275 (size: 34.2 KiB, free: 1048.6 MiB)","logger":"airflow.task.hooks.airflow.providers.apache.spark.hooks.spark_submit.SparkSubmitHook","filename":"spark_submit.py","lineno":644}
{"timestamp":"2026-01-11T16:32:27.413935Z","level":"info","event":"26/01/11 16:32:27 INFO SparkContext: Created broadcast 26 from csv at NativeMethodAccessorImpl.java:0","logger":"airflow.task.hooks.airflow.providers.apache.spark.hooks.spark_submit.SparkSubmitHook","filename":"spark_submit.py","lineno":644}
{"timestamp":"2026-01-11T16:32:27.414614Z","level":"info","event":"26/01/11 16:32:27 INFO FileSourceScanExec: Planning scan with bin packing, max size: 4393510 bytes, open cost is considered as scanning 4194304 bytes.","logger":"airflow.task.hooks.airflow.providers.apache.spark.hooks.spark_submit.SparkSubmitHook","filename":"spark_submit.py","lineno":644}
{"timestamp":"2026-01-11T16:32:27.422193Z","level":"info","event":"____________________________________________________","logger":"airflow.task.hooks.airflow.providers.apache.spark.hooks.spark_submit.SparkSubmitHook","filename":"spark_submit.py","lineno":644}
{"timestamp":"2026-01-11T16:32:27.454089Z","level":"info","event":"26/01/11 16:32:27 INFO FileSourceStrategy: Pushed Filters:","logger":"airflow.task.hooks.airflow.providers.apache.spark.hooks.spark_submit.SparkSubmitHook","filename":"spark_submit.py","lineno":644}
{"timestamp":"2026-01-11T16:32:27.454266Z","level":"info","event":"26/01/11 16:32:27 INFO FileSourceStrategy: Post-Scan Filters:","logger":"airflow.task.hooks.airflow.providers.apache.spark.hooks.spark_submit.SparkSubmitHook","filename":"spark_submit.py","lineno":644}
{"timestamp":"2026-01-11T16:32:27.468702Z","level":"info","event":"26/01/11 16:32:27 INFO MemoryStore: Block broadcast_27 stored as values in memory (estimated size 199.4 KiB, free 1047.4 MiB)","logger":"airflow.task.hooks.airflow.providers.apache.spark.hooks.spark_submit.SparkSubmitHook","filename":"spark_submit.py","lineno":644}
{"timestamp":"2026-01-11T16:32:27.478683Z","level":"info","event":"26/01/11 16:32:27 INFO MemoryStore: Block broadcast_27_piece0 stored as bytes in memory (estimated size 34.2 KiB, free 1047.4 MiB)","logger":"airflow.task.hooks.airflow.providers.apache.spark.hooks.spark_submit.SparkSubmitHook","filename":"spark_submit.py","lineno":644}
{"timestamp":"2026-01-11T16:32:27.480002Z","level":"info","event":"26/01/11 16:32:27 INFO BlockManagerInfo: Added broadcast_27_piece0 in memory on localhost:33275 (size: 34.2 KiB, free: 1048.6 MiB)","logger":"airflow.task.hooks.airflow.providers.apache.spark.hooks.spark_submit.SparkSubmitHook","filename":"spark_submit.py","lineno":644}
{"timestamp":"2026-01-11T16:32:27.481114Z","level":"info","event":"26/01/11 16:32:27 INFO SparkContext: Created broadcast 27 from count at NativeMethodAccessorImpl.java:0","logger":"airflow.task.hooks.airflow.providers.apache.spark.hooks.spark_submit.SparkSubmitHook","filename":"spark_submit.py","lineno":644}
{"timestamp":"2026-01-11T16:32:27.482394Z","level":"info","event":"26/01/11 16:32:27 INFO FileSourceScanExec: Planning scan with bin packing, max size: 4393510 bytes, open cost is considered as scanning 4194304 bytes.","logger":"airflow.task.hooks.airflow.providers.apache.spark.hooks.spark_submit.SparkSubmitHook","filename":"spark_submit.py","lineno":644}
{"timestamp":"2026-01-11T16:32:27.487078Z","level":"info","event":"26/01/11 16:32:27 INFO DAGScheduler: Registering RDD 81 (count at NativeMethodAccessorImpl.java:0) as input to shuffle 4","logger":"airflow.task.hooks.airflow.providers.apache.spark.hooks.spark_submit.SparkSubmitHook","filename":"spark_submit.py","lineno":644}
{"timestamp":"2026-01-11T16:32:27.487285Z","level":"info","event":"26/01/11 16:32:27 INFO DAGScheduler: Got map stage job 13 (count at NativeMethodAccessorImpl.java:0) with 4 output partitions","logger":"airflow.task.hooks.airflow.providers.apache.spark.hooks.spark_submit.SparkSubmitHook","filename":"spark_submit.py","lineno":644}
{"timestamp":"2026-01-11T16:32:27.487351Z","level":"info","event":"26/01/11 16:32:27 INFO DAGScheduler: Final stage: ShuffleMapStage 17 (count at NativeMethodAccessorImpl.java:0)","logger":"airflow.task.hooks.airflow.providers.apache.spark.hooks.spark_submit.SparkSubmitHook","filename":"spark_submit.py","lineno":644}
{"timestamp":"2026-01-11T16:32:27.487420Z","level":"info","event":"26/01/11 16:32:27 INFO DAGScheduler: Parents of final stage: List()","logger":"airflow.task.hooks.airflow.providers.apache.spark.hooks.spark_submit.SparkSubmitHook","filename":"spark_submit.py","lineno":644}
{"timestamp":"2026-01-11T16:32:27.487483Z","level":"info","event":"26/01/11 16:32:27 INFO DAGScheduler: Missing parents: List()","logger":"airflow.task.hooks.airflow.providers.apache.spark.hooks.spark_submit.SparkSubmitHook","filename":"spark_submit.py","lineno":644}
{"timestamp":"2026-01-11T16:32:27.487555Z","level":"info","event":"26/01/11 16:32:27 INFO DAGScheduler: Submitting ShuffleMapStage 17 (MapPartitionsRDD[81] at count at NativeMethodAccessorImpl.java:0), which has no missing parents","logger":"airflow.task.hooks.airflow.providers.apache.spark.hooks.spark_submit.SparkSubmitHook","filename":"spark_submit.py","lineno":644}
{"timestamp":"2026-01-11T16:32:27.489464Z","level":"info","event":"26/01/11 16:32:27 INFO MemoryStore: Block broadcast_28 stored as values in memory (estimated size 17.9 KiB, free 1047.4 MiB)","logger":"airflow.task.hooks.airflow.providers.apache.spark.hooks.spark_submit.SparkSubmitHook","filename":"spark_submit.py","lineno":644}
{"timestamp":"2026-01-11T16:32:27.499475Z","level":"info","event":"26/01/11 16:32:27 INFO MemoryStore: Block broadcast_28_piece0 stored as bytes in memory (estimated size 8.8 KiB, free 1047.4 MiB)","logger":"airflow.task.hooks.airflow.providers.apache.spark.hooks.spark_submit.SparkSubmitHook","filename":"spark_submit.py","lineno":644}
{"timestamp":"2026-01-11T16:32:27.499922Z","level":"info","event":"26/01/11 16:32:27 INFO BlockManagerInfo: Added broadcast_28_piece0 in memory on localhost:33275 (size: 8.8 KiB, free: 1048.6 MiB)","logger":"airflow.task.hooks.airflow.providers.apache.spark.hooks.spark_submit.SparkSubmitHook","filename":"spark_submit.py","lineno":644}
{"timestamp":"2026-01-11T16:32:27.501060Z","level":"info","event":"26/01/11 16:32:27 INFO SparkContext: Created broadcast 28 from broadcast at DAGScheduler.scala:1580","logger":"airflow.task.hooks.airflow.providers.apache.spark.hooks.spark_submit.SparkSubmitHook","filename":"spark_submit.py","lineno":644}
{"timestamp":"2026-01-11T16:32:27.501162Z","level":"info","event":"26/01/11 16:32:27 INFO BlockManagerInfo: Removed broadcast_23_piece0 on localhost:33275 in memory (size: 6.0 KiB, free: 1048.6 MiB)","logger":"airflow.task.hooks.airflow.providers.apache.spark.hooks.spark_submit.SparkSubmitHook","filename":"spark_submit.py","lineno":644}
{"timestamp":"2026-01-11T16:32:27.501794Z","level":"info","event":"26/01/11 16:32:27 INFO DAGScheduler: Submitting 4 missing tasks from ShuffleMapStage 17 (MapPartitionsRDD[81] at count at NativeMethodAccessorImpl.java:0) (first 15 tasks are for partitions Vector(0, 1, 2, 3))","logger":"airflow.task.hooks.airflow.providers.apache.spark.hooks.spark_submit.SparkSubmitHook","filename":"spark_submit.py","lineno":644}
{"timestamp":"2026-01-11T16:32:27.502017Z","level":"info","event":"26/01/11 16:32:27 INFO TaskSchedulerImpl: Adding task set 17.0 with 4 tasks resource profile 0","logger":"airflow.task.hooks.airflow.providers.apache.spark.hooks.spark_submit.SparkSubmitHook","filename":"spark_submit.py","lineno":644}
{"timestamp":"2026-01-11T16:32:27.503075Z","level":"info","event":"26/01/11 16:32:27 INFO TaskSetManager: Starting task 0.0 in stage 17.0 (TID 25) (localhost, executor driver, partition 0, PROCESS_LOCAL, 8272 bytes)","logger":"airflow.task.hooks.airflow.providers.apache.spark.hooks.spark_submit.SparkSubmitHook","filename":"spark_submit.py","lineno":644}
{"timestamp":"2026-01-11T16:32:27.503372Z","level":"info","event":"26/01/11 16:32:27 INFO TaskSetManager: Starting task 1.0 in stage 17.0 (TID 26) (localhost, executor driver, partition 1, PROCESS_LOCAL, 8272 bytes)","logger":"airflow.task.hooks.airflow.providers.apache.spark.hooks.spark_submit.SparkSubmitHook","filename":"spark_submit.py","lineno":644}
{"timestamp":"2026-01-11T16:32:27.503581Z","level":"info","event":"26/01/11 16:32:27 INFO TaskSetManager: Starting task 2.0 in stage 17.0 (TID 27) (localhost, executor driver, partition 2, PROCESS_LOCAL, 8272 bytes)","logger":"airflow.task.hooks.airflow.providers.apache.spark.hooks.spark_submit.SparkSubmitHook","filename":"spark_submit.py","lineno":644}
{"timestamp":"2026-01-11T16:32:27.503695Z","level":"info","event":"26/01/11 16:32:27 INFO TaskSetManager: Starting task 3.0 in stage 17.0 (TID 28) (localhost, executor driver, partition 3, PROCESS_LOCAL, 8272 bytes)","logger":"airflow.task.hooks.airflow.providers.apache.spark.hooks.spark_submit.SparkSubmitHook","filename":"spark_submit.py","lineno":644}
{"timestamp":"2026-01-11T16:32:27.504209Z","level":"info","event":"26/01/11 16:32:27 INFO Executor: Running task 1.0 in stage 17.0 (TID 26)","logger":"airflow.task.hooks.airflow.providers.apache.spark.hooks.spark_submit.SparkSubmitHook","filename":"spark_submit.py","lineno":644}
{"timestamp":"2026-01-11T16:32:27.504255Z","level":"info","event":"26/01/11 16:32:27 INFO Executor: Running task 0.0 in stage 17.0 (TID 25)","logger":"airflow.task.hooks.airflow.providers.apache.spark.hooks.spark_submit.SparkSubmitHook","filename":"spark_submit.py","lineno":644}
{"timestamp":"2026-01-11T16:32:27.505058Z","level":"info","event":"26/01/11 16:32:27 INFO Executor: Running task 3.0 in stage 17.0 (TID 28)","logger":"airflow.task.hooks.airflow.providers.apache.spark.hooks.spark_submit.SparkSubmitHook","filename":"spark_submit.py","lineno":644}
{"timestamp":"2026-01-11T16:32:27.505102Z","level":"info","event":"26/01/11 16:32:27 INFO Executor: Running task 2.0 in stage 17.0 (TID 27)","logger":"airflow.task.hooks.airflow.providers.apache.spark.hooks.spark_submit.SparkSubmitHook","filename":"spark_submit.py","lineno":644}
{"timestamp":"2026-01-11T16:32:27.506744Z","level":"info","event":"26/01/11 16:32:27 INFO BlockManagerInfo: Removed broadcast_21_piece0 on localhost:33275 in memory (size: 34.2 KiB, free: 1048.6 MiB)","logger":"airflow.task.hooks.airflow.providers.apache.spark.hooks.spark_submit.SparkSubmitHook","filename":"spark_submit.py","lineno":644}
{"timestamp":"2026-01-11T16:32:27.515149Z","level":"info","event":"26/01/11 16:32:27 INFO FileScanRDD: Reading File path: file:///opt/airflow/data/raw/olist_order_reviews/part-00002-97e94c14-8652-4313-b953-4a3b4fa29724-c000.csv, range: 0-4056208, partition values: [empty row]","logger":"airflow.task.hooks.airflow.providers.apache.spark.hooks.spark_submit.SparkSubmitHook","filename":"spark_submit.py","lineno":644}
{"timestamp":"2026-01-11T16:32:27.515445Z","level":"info","event":"26/01/11 16:32:27 INFO FileScanRDD: Reading File path: file:///opt/airflow/data/raw/olist_order_reviews/part-00001-97e94c14-8652-4313-b953-4a3b4fa29724-c000.csv, range: 0-4056785, partition values: [empty row]","logger":"airflow.task.hooks.airflow.providers.apache.spark.hooks.spark_submit.SparkSubmitHook","filename":"spark_submit.py","lineno":644}
{"timestamp":"2026-01-11T16:32:27.519079Z","level":"info","event":"26/01/11 16:32:27 INFO FileScanRDD: Reading File path: file:///opt/airflow/data/raw/olist_order_reviews/part-00003-97e94c14-8652-4313-b953-4a3b4fa29724-c000.csv, range: 0-1807323, partition values: [empty row]","logger":"airflow.task.hooks.airflow.providers.apache.spark.hooks.spark_submit.SparkSubmitHook","filename":"spark_submit.py","lineno":644}
{"timestamp":"2026-01-11T16:32:27.519349Z","level":"info","event":"26/01/11 16:32:27 INFO BlockManagerInfo: Removed broadcast_25_piece0 on localhost:33275 in memory (size: 6.4 KiB, free: 1048.6 MiB)","logger":"airflow.task.hooks.airflow.providers.apache.spark.hooks.spark_submit.SparkSubmitHook","filename":"spark_submit.py","lineno":644}
{"timestamp":"2026-01-11T16:32:27.527901Z","level":"info","event":"26/01/11 16:32:27 INFO FileScanRDD: Reading File path: file:///opt/airflow/data/raw/olist_order_reviews/part-00000-97e94c14-8652-4313-b953-4a3b4fa29724-c000.csv, range: 0-4057043, partition values: [empty row]","logger":"airflow.task.hooks.airflow.providers.apache.spark.hooks.spark_submit.SparkSubmitHook","filename":"spark_submit.py","lineno":644}
{"timestamp":"2026-01-11T16:32:27.533613Z","level":"info","event":"26/01/11 16:32:27 INFO BlockManagerInfo: Removed broadcast_24_piece0 on localhost:33275 in memory (size: 34.2 KiB, free: 1048.7 MiB)","logger":"airflow.task.hooks.airflow.providers.apache.spark.hooks.spark_submit.SparkSubmitHook","filename":"spark_submit.py","lineno":644}
{"timestamp":"2026-01-11T16:32:27.558813Z","level":"info","event":"26/01/11 16:32:27 INFO BlockManagerInfo: Removed broadcast_26_piece0 on localhost:33275 in memory (size: 34.2 KiB, free: 1048.7 MiB)","logger":"airflow.task.hooks.airflow.providers.apache.spark.hooks.spark_submit.SparkSubmitHook","filename":"spark_submit.py","lineno":644}
{"timestamp":"2026-01-11T16:32:27.621780Z","level":"info","event":"26/01/11 16:32:27 INFO Executor: Finished task 3.0 in stage 17.0 (TID 28). 1925 bytes result sent to driver","logger":"airflow.task.hooks.airflow.providers.apache.spark.hooks.spark_submit.SparkSubmitHook","filename":"spark_submit.py","lineno":644}
{"timestamp":"2026-01-11T16:32:27.624855Z","level":"info","event":"26/01/11 16:32:27 INFO TaskSetManager: Finished task 3.0 in stage 17.0 (TID 28) in 121 ms on localhost (executor driver) (1/4)","logger":"airflow.task.hooks.airflow.providers.apache.spark.hooks.spark_submit.SparkSubmitHook","filename":"spark_submit.py","lineno":644}
{"timestamp":"2026-01-11T16:32:27.644681Z","level":"info","event":"26/01/11 16:32:27 INFO Executor: Finished task 2.0 in stage 17.0 (TID 27). 1925 bytes result sent to driver","logger":"airflow.task.hooks.airflow.providers.apache.spark.hooks.spark_submit.SparkSubmitHook","filename":"spark_submit.py","lineno":644}
{"timestamp":"2026-01-11T16:32:27.645505Z","level":"info","event":"26/01/11 16:32:27 INFO TaskSetManager: Finished task 2.0 in stage 17.0 (TID 27) in 142 ms on localhost (executor driver) (2/4)","logger":"airflow.task.hooks.airflow.providers.apache.spark.hooks.spark_submit.SparkSubmitHook","filename":"spark_submit.py","lineno":644}
{"timestamp":"2026-01-11T16:32:27.647663Z","level":"info","event":"26/01/11 16:32:27 INFO Executor: Finished task 1.0 in stage 17.0 (TID 26). 1925 bytes result sent to driver","logger":"airflow.task.hooks.airflow.providers.apache.spark.hooks.spark_submit.SparkSubmitHook","filename":"spark_submit.py","lineno":644}
{"timestamp":"2026-01-11T16:32:27.648222Z","level":"info","event":"26/01/11 16:32:27 INFO TaskSetManager: Finished task 1.0 in stage 17.0 (TID 26) in 145 ms on localhost (executor driver) (3/4)","logger":"airflow.task.hooks.airflow.providers.apache.spark.hooks.spark_submit.SparkSubmitHook","filename":"spark_submit.py","lineno":644}
{"timestamp":"2026-01-11T16:32:27.650513Z","level":"info","event":"26/01/11 16:32:27 INFO Executor: Finished task 0.0 in stage 17.0 (TID 25). 1925 bytes result sent to driver","logger":"airflow.task.hooks.airflow.providers.apache.spark.hooks.spark_submit.SparkSubmitHook","filename":"spark_submit.py","lineno":644}
{"timestamp":"2026-01-11T16:32:27.651005Z","level":"info","event":"26/01/11 16:32:27 INFO TaskSetManager: Finished task 0.0 in stage 17.0 (TID 25) in 148 ms on localhost (executor driver) (4/4)","logger":"airflow.task.hooks.airflow.providers.apache.spark.hooks.spark_submit.SparkSubmitHook","filename":"spark_submit.py","lineno":644}
{"timestamp":"2026-01-11T16:32:27.651052Z","level":"info","event":"26/01/11 16:32:27 INFO TaskSchedulerImpl: Removed TaskSet 17.0, whose tasks have all completed, from pool","logger":"airflow.task.hooks.airflow.providers.apache.spark.hooks.spark_submit.SparkSubmitHook","filename":"spark_submit.py","lineno":644}
{"timestamp":"2026-01-11T16:32:27.651378Z","level":"info","event":"26/01/11 16:32:27 INFO DAGScheduler: ShuffleMapStage 17 (count at NativeMethodAccessorImpl.java:0) finished in 0.164 s","logger":"airflow.task.hooks.airflow.providers.apache.spark.hooks.spark_submit.SparkSubmitHook","filename":"spark_submit.py","lineno":644}
{"timestamp":"2026-01-11T16:32:27.651430Z","level":"info","event":"26/01/11 16:32:27 INFO DAGScheduler: looking for newly runnable stages","logger":"airflow.task.hooks.airflow.providers.apache.spark.hooks.spark_submit.SparkSubmitHook","filename":"spark_submit.py","lineno":644}
{"timestamp":"2026-01-11T16:32:27.651465Z","level":"info","event":"26/01/11 16:32:27 INFO DAGScheduler: running: Set()","logger":"airflow.task.hooks.airflow.providers.apache.spark.hooks.spark_submit.SparkSubmitHook","filename":"spark_submit.py","lineno":644}
{"timestamp":"2026-01-11T16:32:27.651528Z","level":"info","event":"26/01/11 16:32:27 INFO DAGScheduler: waiting: Set()","logger":"airflow.task.hooks.airflow.providers.apache.spark.hooks.spark_submit.SparkSubmitHook","filename":"spark_submit.py","lineno":644}
{"timestamp":"2026-01-11T16:32:27.651562Z","level":"info","event":"26/01/11 16:32:27 INFO DAGScheduler: failed: Set()","logger":"airflow.task.hooks.airflow.providers.apache.spark.hooks.spark_submit.SparkSubmitHook","filename":"spark_submit.py","lineno":644}
{"timestamp":"2026-01-11T16:32:27.687639Z","level":"info","event":"26/01/11 16:32:27 INFO SparkContext: Starting job: count at NativeMethodAccessorImpl.java:0","logger":"airflow.task.hooks.airflow.providers.apache.spark.hooks.spark_submit.SparkSubmitHook","filename":"spark_submit.py","lineno":644}
{"timestamp":"2026-01-11T16:32:27.689707Z","level":"info","event":"26/01/11 16:32:27 INFO DAGScheduler: Got job 14 (count at NativeMethodAccessorImpl.java:0) with 1 output partitions","logger":"airflow.task.hooks.airflow.providers.apache.spark.hooks.spark_submit.SparkSubmitHook","filename":"spark_submit.py","lineno":644}
{"timestamp":"2026-01-11T16:32:27.689924Z","level":"info","event":"26/01/11 16:32:27 INFO DAGScheduler: Final stage: ResultStage 19 (count at NativeMethodAccessorImpl.java:0)","logger":"airflow.task.hooks.airflow.providers.apache.spark.hooks.spark_submit.SparkSubmitHook","filename":"spark_submit.py","lineno":644}
{"timestamp":"2026-01-11T16:32:27.690069Z","level":"info","event":"26/01/11 16:32:27 INFO DAGScheduler: Parents of final stage: List(ShuffleMapStage 18)","logger":"airflow.task.hooks.airflow.providers.apache.spark.hooks.spark_submit.SparkSubmitHook","filename":"spark_submit.py","lineno":644}
{"timestamp":"2026-01-11T16:32:27.690172Z","level":"info","event":"26/01/11 16:32:27 INFO DAGScheduler: Missing parents: List()","logger":"airflow.task.hooks.airflow.providers.apache.spark.hooks.spark_submit.SparkSubmitHook","filename":"spark_submit.py","lineno":644}
{"timestamp":"2026-01-11T16:32:27.690364Z","level":"info","event":"26/01/11 16:32:27 INFO DAGScheduler: Submitting ResultStage 19 (MapPartitionsRDD[84] at count at NativeMethodAccessorImpl.java:0), which has no missing parents","logger":"airflow.task.hooks.airflow.providers.apache.spark.hooks.spark_submit.SparkSubmitHook","filename":"spark_submit.py","lineno":644}
{"timestamp":"2026-01-11T16:32:27.694849Z","level":"info","event":"26/01/11 16:32:27 INFO MemoryStore: Block broadcast_29 stored as values in memory (estimated size 12.5 KiB, free 1048.1 MiB)","logger":"airflow.task.hooks.airflow.providers.apache.spark.hooks.spark_submit.SparkSubmitHook","filename":"spark_submit.py","lineno":644}
{"timestamp":"2026-01-11T16:32:27.701417Z","level":"info","event":"26/01/11 16:32:27 INFO MemoryStore: Block broadcast_29_piece0 stored as bytes in memory (estimated size 5.9 KiB, free 1048.1 MiB)","logger":"airflow.task.hooks.airflow.providers.apache.spark.hooks.spark_submit.SparkSubmitHook","filename":"spark_submit.py","lineno":644}
{"timestamp":"2026-01-11T16:32:27.703078Z","level":"info","event":"26/01/11 16:32:27 INFO BlockManagerInfo: Added broadcast_29_piece0 in memory on localhost:33275 (size: 5.9 KiB, free: 1048.7 MiB)","logger":"airflow.task.hooks.airflow.providers.apache.spark.hooks.spark_submit.SparkSubmitHook","filename":"spark_submit.py","lineno":644}
{"timestamp":"2026-01-11T16:32:27.703812Z","level":"info","event":"26/01/11 16:32:27 INFO SparkContext: Created broadcast 29 from broadcast at DAGScheduler.scala:1580","logger":"airflow.task.hooks.airflow.providers.apache.spark.hooks.spark_submit.SparkSubmitHook","filename":"spark_submit.py","lineno":644}
{"timestamp":"2026-01-11T16:32:27.712461Z","level":"info","event":"26/01/11 16:32:27 INFO DAGScheduler: Submitting 1 missing tasks from ResultStage 19 (MapPartitionsRDD[84] at count at NativeMethodAccessorImpl.java:0) (first 15 tasks are for partitions Vector(0))","logger":"airflow.task.hooks.airflow.providers.apache.spark.hooks.spark_submit.SparkSubmitHook","filename":"spark_submit.py","lineno":644}
{"timestamp":"2026-01-11T16:32:27.712568Z","level":"info","event":"26/01/11 16:32:27 INFO TaskSchedulerImpl: Adding task set 19.0 with 1 tasks resource profile 0","logger":"airflow.task.hooks.airflow.providers.apache.spark.hooks.spark_submit.SparkSubmitHook","filename":"spark_submit.py","lineno":644}
{"timestamp":"2026-01-11T16:32:27.713842Z","level":"info","event":"26/01/11 16:32:27 INFO TaskSetManager: Starting task 0.0 in stage 19.0 (TID 29) (localhost, executor driver, partition 0, NODE_LOCAL, 7615 bytes)","logger":"airflow.task.hooks.airflow.providers.apache.spark.hooks.spark_submit.SparkSubmitHook","filename":"spark_submit.py","lineno":644}
{"timestamp":"2026-01-11T16:32:27.715268Z","level":"info","event":"26/01/11 16:32:27 INFO Executor: Running task 0.0 in stage 19.0 (TID 29)","logger":"airflow.task.hooks.airflow.providers.apache.spark.hooks.spark_submit.SparkSubmitHook","filename":"spark_submit.py","lineno":644}
{"timestamp":"2026-01-11T16:32:27.729585Z","level":"info","event":"26/01/11 16:32:27 INFO ShuffleBlockFetcherIterator: Getting 4 (240.0 B) non-empty blocks including 4 (240.0 B) local and 0 (0.0 B) host-local and 0 (0.0 B) push-merged-local and 0 (0.0 B) remote blocks","logger":"airflow.task.hooks.airflow.providers.apache.spark.hooks.spark_submit.SparkSubmitHook","filename":"spark_submit.py","lineno":644}
{"timestamp":"2026-01-11T16:32:27.729896Z","level":"info","event":"26/01/11 16:32:27 INFO ShuffleBlockFetcherIterator: Started 0 remote fetches in 0 ms","logger":"airflow.task.hooks.airflow.providers.apache.spark.hooks.spark_submit.SparkSubmitHook","filename":"spark_submit.py","lineno":644}
{"timestamp":"2026-01-11T16:32:27.733707Z","level":"info","event":"26/01/11 16:32:27 INFO Executor: Finished task 0.0 in stage 19.0 (TID 29). 3995 bytes result sent to driver","logger":"airflow.task.hooks.airflow.providers.apache.spark.hooks.spark_submit.SparkSubmitHook","filename":"spark_submit.py","lineno":644}
{"timestamp":"2026-01-11T16:32:27.740870Z","level":"info","event":"26/01/11 16:32:27 INFO TaskSetManager: Finished task 0.0 in stage 19.0 (TID 29) in 29 ms on localhost (executor driver) (1/1)","logger":"airflow.task.hooks.airflow.providers.apache.spark.hooks.spark_submit.SparkSubmitHook","filename":"spark_submit.py","lineno":644}
{"timestamp":"2026-01-11T16:32:27.741169Z","level":"info","event":"26/01/11 16:32:27 INFO TaskSchedulerImpl: Removed TaskSet 19.0, whose tasks have all completed, from pool","logger":"airflow.task.hooks.airflow.providers.apache.spark.hooks.spark_submit.SparkSubmitHook","filename":"spark_submit.py","lineno":644}
{"timestamp":"2026-01-11T16:32:27.741837Z","level":"info","event":"26/01/11 16:32:27 INFO DAGScheduler: ResultStage 19 (count at NativeMethodAccessorImpl.java:0) finished in 0.049 s","logger":"airflow.task.hooks.airflow.providers.apache.spark.hooks.spark_submit.SparkSubmitHook","filename":"spark_submit.py","lineno":644}
{"timestamp":"2026-01-11T16:32:27.742474Z","level":"info","event":"26/01/11 16:32:27 INFO DAGScheduler: Job 14 is finished. Cancelling potential speculative or zombie tasks for this job","logger":"airflow.task.hooks.airflow.providers.apache.spark.hooks.spark_submit.SparkSubmitHook","filename":"spark_submit.py","lineno":644}
{"timestamp":"2026-01-11T16:32:27.742563Z","level":"info","event":"26/01/11 16:32:27 INFO TaskSchedulerImpl: Killing all running tasks in stage 19: Stage finished","logger":"airflow.task.hooks.airflow.providers.apache.spark.hooks.spark_submit.SparkSubmitHook","filename":"spark_submit.py","lineno":644}
{"timestamp":"2026-01-11T16:32:27.742739Z","level":"info","event":"26/01/11 16:32:27 INFO DAGScheduler: Job 14 finished: count at NativeMethodAccessorImpl.java:0, took 0.054873 s","logger":"airflow.task.hooks.airflow.providers.apache.spark.hooks.spark_submit.SparkSubmitHook","filename":"spark_submit.py","lineno":644}
{"timestamp":"2026-01-11T16:32:27.745138Z","level":"info","event":"Loaded olist_order_reviews with 104162 records for cleaning.","logger":"airflow.task.hooks.airflow.providers.apache.spark.hooks.spark_submit.SparkSubmitHook","filename":"spark_submit.py","lineno":644}
{"timestamp":"2026-01-11T16:32:27.747247Z","level":"info","event":"root","logger":"airflow.task.hooks.airflow.providers.apache.spark.hooks.spark_submit.SparkSubmitHook","filename":"spark_submit.py","lineno":644}
{"timestamp":"2026-01-11T16:32:27.747337Z","level":"info","event":"|-- review_id: string (nullable = true)","logger":"airflow.task.hooks.airflow.providers.apache.spark.hooks.spark_submit.SparkSubmitHook","filename":"spark_submit.py","lineno":644}
{"timestamp":"2026-01-11T16:32:27.747363Z","level":"info","event":"|-- order_id: string (nullable = true)","logger":"airflow.task.hooks.airflow.providers.apache.spark.hooks.spark_submit.SparkSubmitHook","filename":"spark_submit.py","lineno":644}
{"timestamp":"2026-01-11T16:32:27.747380Z","level":"info","event":"|-- review_score: string (nullable = true)","logger":"airflow.task.hooks.airflow.providers.apache.spark.hooks.spark_submit.SparkSubmitHook","filename":"spark_submit.py","lineno":644}
{"timestamp":"2026-01-11T16:32:27.747419Z","level":"info","event":"|-- review_comment_title: string (nullable = true)","logger":"airflow.task.hooks.airflow.providers.apache.spark.hooks.spark_submit.SparkSubmitHook","filename":"spark_submit.py","lineno":644}
{"timestamp":"2026-01-11T16:32:27.747443Z","level":"info","event":"|-- review_comment_message: string (nullable = true)","logger":"airflow.task.hooks.airflow.providers.apache.spark.hooks.spark_submit.SparkSubmitHook","filename":"spark_submit.py","lineno":644}
{"timestamp":"2026-01-11T16:32:27.747458Z","level":"info","event":"|-- review_creation_date: string (nullable = true)","logger":"airflow.task.hooks.airflow.providers.apache.spark.hooks.spark_submit.SparkSubmitHook","filename":"spark_submit.py","lineno":644}
{"timestamp":"2026-01-11T16:32:27.747472Z","level":"info","event":"|-- review_answer_timestamp: string (nullable = true)","logger":"airflow.task.hooks.airflow.providers.apache.spark.hooks.spark_submit.SparkSubmitHook","filename":"spark_submit.py","lineno":644}
{"timestamp":"2026-01-11T16:32:27.747487Z","level":"info","event":"","logger":"airflow.task.hooks.airflow.providers.apache.spark.hooks.spark_submit.SparkSubmitHook","filename":"spark_submit.py","lineno":644}
{"timestamp":"2026-01-11T16:32:27.794081Z","level":"info","event":"26/01/11 16:32:27 INFO InMemoryFileIndex: It took 8 ms to list leaf files for 1 paths.","logger":"airflow.task.hooks.airflow.providers.apache.spark.hooks.spark_submit.SparkSubmitHook","filename":"spark_submit.py","lineno":644}
{"timestamp":"2026-01-11T16:32:27.801837Z","level":"info","event":"26/01/11 16:32:27 INFO InMemoryFileIndex: It took 1 ms to list leaf files for 5 paths.","logger":"airflow.task.hooks.airflow.providers.apache.spark.hooks.spark_submit.SparkSubmitHook","filename":"spark_submit.py","lineno":644}
{"timestamp":"2026-01-11T16:32:27.880642Z","level":"info","event":"26/01/11 16:32:27 INFO FileSourceStrategy: Pushed Filters:","logger":"airflow.task.hooks.airflow.providers.apache.spark.hooks.spark_submit.SparkSubmitHook","filename":"spark_submit.py","lineno":644}
{"timestamp":"2026-01-11T16:32:27.880920Z","level":"info","event":"26/01/11 16:32:27 INFO FileSourceStrategy: Post-Scan Filters: (length(trim(value#197, None)) > 0)","logger":"airflow.task.hooks.airflow.providers.apache.spark.hooks.spark_submit.SparkSubmitHook","filename":"spark_submit.py","lineno":644}
{"timestamp":"2026-01-11T16:32:27.896766Z","level":"info","event":"26/01/11 16:32:27 INFO MemoryStore: Block broadcast_30 stored as values in memory (estimated size 199.5 KiB, free 1047.9 MiB)","logger":"airflow.task.hooks.airflow.providers.apache.spark.hooks.spark_submit.SparkSubmitHook","filename":"spark_submit.py","lineno":644}
{"timestamp":"2026-01-11T16:32:27.914360Z","level":"info","event":"26/01/11 16:32:27 INFO MemoryStore: Block broadcast_30_piece0 stored as bytes in memory (estimated size 34.2 KiB, free 1047.8 MiB)","logger":"airflow.task.hooks.airflow.providers.apache.spark.hooks.spark_submit.SparkSubmitHook","filename":"spark_submit.py","lineno":644}
{"timestamp":"2026-01-11T16:32:27.915063Z","level":"info","event":"26/01/11 16:32:27 INFO BlockManagerInfo: Added broadcast_30_piece0 in memory on localhost:33275 (size: 34.2 KiB, free: 1048.7 MiB)","logger":"airflow.task.hooks.airflow.providers.apache.spark.hooks.spark_submit.SparkSubmitHook","filename":"spark_submit.py","lineno":644}
{"timestamp":"2026-01-11T16:32:27.915794Z","level":"info","event":"26/01/11 16:32:27 INFO SparkContext: Created broadcast 30 from csv at NativeMethodAccessorImpl.java:0","logger":"airflow.task.hooks.airflow.providers.apache.spark.hooks.spark_submit.SparkSubmitHook","filename":"spark_submit.py","lineno":644}
{"timestamp":"2026-01-11T16:32:27.916949Z","level":"info","event":"26/01/11 16:32:27 INFO FileSourceScanExec: Planning scan with bin packing, max size: 5482724 bytes, open cost is considered as scanning 4194304 bytes.","logger":"airflow.task.hooks.airflow.providers.apache.spark.hooks.spark_submit.SparkSubmitHook","filename":"spark_submit.py","lineno":644}
{"timestamp":"2026-01-11T16:32:27.935283Z","level":"info","event":"26/01/11 16:32:27 INFO SparkContext: Starting job: csv at NativeMethodAccessorImpl.java:0","logger":"airflow.task.hooks.airflow.providers.apache.spark.hooks.spark_submit.SparkSubmitHook","filename":"spark_submit.py","lineno":644}
{"timestamp":"2026-01-11T16:32:27.936985Z","level":"info","event":"26/01/11 16:32:27 INFO DAGScheduler: Got job 15 (csv at NativeMethodAccessorImpl.java:0) with 1 output partitions","logger":"airflow.task.hooks.airflow.providers.apache.spark.hooks.spark_submit.SparkSubmitHook","filename":"spark_submit.py","lineno":644}
{"timestamp":"2026-01-11T16:32:27.937080Z","level":"info","event":"26/01/11 16:32:27 INFO DAGScheduler: Final stage: ResultStage 20 (csv at NativeMethodAccessorImpl.java:0)","logger":"airflow.task.hooks.airflow.providers.apache.spark.hooks.spark_submit.SparkSubmitHook","filename":"spark_submit.py","lineno":644}
{"timestamp":"2026-01-11T16:32:27.937111Z","level":"info","event":"26/01/11 16:32:27 INFO DAGScheduler: Parents of final stage: List()","logger":"airflow.task.hooks.airflow.providers.apache.spark.hooks.spark_submit.SparkSubmitHook","filename":"spark_submit.py","lineno":644}
{"timestamp":"2026-01-11T16:32:27.937315Z","level":"info","event":"26/01/11 16:32:27 INFO DAGScheduler: Missing parents: List()","logger":"airflow.task.hooks.airflow.providers.apache.spark.hooks.spark_submit.SparkSubmitHook","filename":"spark_submit.py","lineno":644}
{"timestamp":"2026-01-11T16:32:27.937878Z","level":"info","event":"26/01/11 16:32:27 INFO DAGScheduler: Submitting ResultStage 20 (MapPartitionsRDD[88] at csv at NativeMethodAccessorImpl.java:0), which has no missing parents","logger":"airflow.task.hooks.airflow.providers.apache.spark.hooks.spark_submit.SparkSubmitHook","filename":"spark_submit.py","lineno":644}
{"timestamp":"2026-01-11T16:32:27.939847Z","level":"info","event":"26/01/11 16:32:27 INFO MemoryStore: Block broadcast_31 stored as values in memory (estimated size 13.5 KiB, free 1047.8 MiB)","logger":"airflow.task.hooks.airflow.providers.apache.spark.hooks.spark_submit.SparkSubmitHook","filename":"spark_submit.py","lineno":644}
{"timestamp":"2026-01-11T16:32:27.966326Z","level":"info","event":"26/01/11 16:32:27 INFO MemoryStore: Block broadcast_31_piece0 stored as bytes in memory (estimated size 6.4 KiB, free 1047.8 MiB)","logger":"airflow.task.hooks.airflow.providers.apache.spark.hooks.spark_submit.SparkSubmitHook","filename":"spark_submit.py","lineno":644}
{"timestamp":"2026-01-11T16:32:27.967449Z","level":"info","event":"26/01/11 16:32:27 INFO BlockManagerInfo: Added broadcast_31_piece0 in memory on localhost:33275 (size: 6.4 KiB, free: 1048.6 MiB)","logger":"airflow.task.hooks.airflow.providers.apache.spark.hooks.spark_submit.SparkSubmitHook","filename":"spark_submit.py","lineno":644}
{"timestamp":"2026-01-11T16:32:27.970217Z","level":"info","event":"26/01/11 16:32:27 INFO SparkContext: Created broadcast 31 from broadcast at DAGScheduler.scala:1580","logger":"airflow.task.hooks.airflow.providers.apache.spark.hooks.spark_submit.SparkSubmitHook","filename":"spark_submit.py","lineno":644}
{"timestamp":"2026-01-11T16:32:27.971201Z","level":"info","event":"26/01/11 16:32:27 INFO DAGScheduler: Submitting 1 missing tasks from ResultStage 20 (MapPartitionsRDD[88] at csv at NativeMethodAccessorImpl.java:0) (first 15 tasks are for partitions Vector(0))","logger":"airflow.task.hooks.airflow.providers.apache.spark.hooks.spark_submit.SparkSubmitHook","filename":"spark_submit.py","lineno":644}
{"timestamp":"2026-01-11T16:32:27.971279Z","level":"info","event":"26/01/11 16:32:27 INFO TaskSchedulerImpl: Adding task set 20.0 with 1 tasks resource profile 0","logger":"airflow.task.hooks.airflow.providers.apache.spark.hooks.spark_submit.SparkSubmitHook","filename":"spark_submit.py","lineno":644}
{"timestamp":"2026-01-11T16:32:27.972850Z","level":"info","event":"26/01/11 16:32:27 INFO TaskSetManager: Starting task 0.0 in stage 20.0 (TID 30) (localhost, executor driver, partition 0, PROCESS_LOCAL, 8276 bytes)","logger":"airflow.task.hooks.airflow.providers.apache.spark.hooks.spark_submit.SparkSubmitHook","filename":"spark_submit.py","lineno":644}
{"timestamp":"2026-01-11T16:32:27.973766Z","level":"info","event":"26/01/11 16:32:27 INFO Executor: Running task 0.0 in stage 20.0 (TID 30)","logger":"airflow.task.hooks.airflow.providers.apache.spark.hooks.spark_submit.SparkSubmitHook","filename":"spark_submit.py","lineno":644}
{"timestamp":"2026-01-11T16:32:27.983868Z","level":"info","event":"26/01/11 16:32:27 INFO FileScanRDD: Reading File path: file:///opt/airflow/data/raw/olist_orders/part-00002-3e6b0aad-bf53-4011-8aee-ecdac0a9b084-c000.csv, range: 0-4135779, partition values: [empty row]","logger":"airflow.task.hooks.airflow.providers.apache.spark.hooks.spark_submit.SparkSubmitHook","filename":"spark_submit.py","lineno":644}
{"timestamp":"2026-01-11T16:32:28.027414Z","level":"info","event":"26/01/11 16:32:28 INFO Executor: Finished task 0.0 in stage 20.0 (TID 30). 1729 bytes result sent to driver","logger":"airflow.task.hooks.airflow.providers.apache.spark.hooks.spark_submit.SparkSubmitHook","filename":"spark_submit.py","lineno":644}
{"timestamp":"2026-01-11T16:32:28.030347Z","level":"info","event":"26/01/11 16:32:28 INFO TaskSetManager: Finished task 0.0 in stage 20.0 (TID 30) in 57 ms on localhost (executor driver) (1/1)","logger":"airflow.task.hooks.airflow.providers.apache.spark.hooks.spark_submit.SparkSubmitHook","filename":"spark_submit.py","lineno":644}
{"timestamp":"2026-01-11T16:32:28.030462Z","level":"info","event":"26/01/11 16:32:28 INFO TaskSchedulerImpl: Removed TaskSet 20.0, whose tasks have all completed, from pool","logger":"airflow.task.hooks.airflow.providers.apache.spark.hooks.spark_submit.SparkSubmitHook","filename":"spark_submit.py","lineno":644}
{"timestamp":"2026-01-11T16:32:28.035266Z","level":"info","event":"26/01/11 16:32:28 INFO DAGScheduler: ResultStage 20 (csv at NativeMethodAccessorImpl.java:0) finished in 0.092 s","logger":"airflow.task.hooks.airflow.providers.apache.spark.hooks.spark_submit.SparkSubmitHook","filename":"spark_submit.py","lineno":644}
{"timestamp":"2026-01-11T16:32:28.035707Z","level":"info","event":"26/01/11 16:32:28 INFO DAGScheduler: Job 15 is finished. Cancelling potential speculative or zombie tasks for this job","logger":"airflow.task.hooks.airflow.providers.apache.spark.hooks.spark_submit.SparkSubmitHook","filename":"spark_submit.py","lineno":644}
{"timestamp":"2026-01-11T16:32:28.036002Z","level":"info","event":"26/01/11 16:32:28 INFO TaskSchedulerImpl: Killing all running tasks in stage 20: Stage finished","logger":"airflow.task.hooks.airflow.providers.apache.spark.hooks.spark_submit.SparkSubmitHook","filename":"spark_submit.py","lineno":644}
{"timestamp":"2026-01-11T16:32:28.039138Z","level":"info","event":"26/01/11 16:32:28 INFO DAGScheduler: Job 15 finished: csv at NativeMethodAccessorImpl.java:0, took 0.101090 s","logger":"airflow.task.hooks.airflow.providers.apache.spark.hooks.spark_submit.SparkSubmitHook","filename":"spark_submit.py","lineno":644}
{"timestamp":"2026-01-11T16:32:28.091363Z","level":"info","event":"26/01/11 16:32:28 INFO FileSourceStrategy: Pushed Filters:","logger":"airflow.task.hooks.airflow.providers.apache.spark.hooks.spark_submit.SparkSubmitHook","filename":"spark_submit.py","lineno":644}
{"timestamp":"2026-01-11T16:32:28.091715Z","level":"info","event":"26/01/11 16:32:28 INFO FileSourceStrategy: Post-Scan Filters:","logger":"airflow.task.hooks.airflow.providers.apache.spark.hooks.spark_submit.SparkSubmitHook","filename":"spark_submit.py","lineno":644}
{"timestamp":"2026-01-11T16:32:28.104080Z","level":"info","event":"26/01/11 16:32:28 INFO MemoryStore: Block broadcast_32 stored as values in memory (estimated size 199.5 KiB, free 1047.6 MiB)","logger":"airflow.task.hooks.airflow.providers.apache.spark.hooks.spark_submit.SparkSubmitHook","filename":"spark_submit.py","lineno":644}
{"timestamp":"2026-01-11T16:32:28.123610Z","level":"info","event":"26/01/11 16:32:28 INFO MemoryStore: Block broadcast_32_piece0 stored as bytes in memory (estimated size 34.2 KiB, free 1047.6 MiB)","logger":"airflow.task.hooks.airflow.providers.apache.spark.hooks.spark_submit.SparkSubmitHook","filename":"spark_submit.py","lineno":644}
{"timestamp":"2026-01-11T16:32:28.124258Z","level":"info","event":"26/01/11 16:32:28 INFO BlockManagerInfo: Added broadcast_32_piece0 in memory on localhost:33275 (size: 34.2 KiB, free: 1048.6 MiB)","logger":"airflow.task.hooks.airflow.providers.apache.spark.hooks.spark_submit.SparkSubmitHook","filename":"spark_submit.py","lineno":644}
{"timestamp":"2026-01-11T16:32:28.125337Z","level":"info","event":"26/01/11 16:32:28 INFO SparkContext: Created broadcast 32 from csv at NativeMethodAccessorImpl.java:0","logger":"airflow.task.hooks.airflow.providers.apache.spark.hooks.spark_submit.SparkSubmitHook","filename":"spark_submit.py","lineno":644}
{"timestamp":"2026-01-11T16:32:28.128200Z","level":"info","event":"26/01/11 16:32:28 INFO FileSourceScanExec: Planning scan with bin packing, max size: 5482724 bytes, open cost is considered as scanning 4194304 bytes.","logger":"airflow.task.hooks.airflow.providers.apache.spark.hooks.spark_submit.SparkSubmitHook","filename":"spark_submit.py","lineno":644}
{"timestamp":"2026-01-11T16:32:28.155319Z","level":"info","event":"____________________________________________________","logger":"airflow.task.hooks.airflow.providers.apache.spark.hooks.spark_submit.SparkSubmitHook","filename":"spark_submit.py","lineno":644}
{"timestamp":"2026-01-11T16:32:28.206399Z","level":"info","event":"26/01/11 16:32:28 INFO FileSourceStrategy: Pushed Filters:","logger":"airflow.task.hooks.airflow.providers.apache.spark.hooks.spark_submit.SparkSubmitHook","filename":"spark_submit.py","lineno":644}
{"timestamp":"2026-01-11T16:32:28.206558Z","level":"info","event":"26/01/11 16:32:28 INFO FileSourceStrategy: Post-Scan Filters:","logger":"airflow.task.hooks.airflow.providers.apache.spark.hooks.spark_submit.SparkSubmitHook","filename":"spark_submit.py","lineno":644}
{"timestamp":"2026-01-11T16:32:28.228826Z","level":"info","event":"26/01/11 16:32:28 INFO MemoryStore: Block broadcast_33 stored as values in memory (estimated size 199.4 KiB, free 1047.4 MiB)","logger":"airflow.task.hooks.airflow.providers.apache.spark.hooks.spark_submit.SparkSubmitHook","filename":"spark_submit.py","lineno":644}
{"timestamp":"2026-01-11T16:32:28.242351Z","level":"info","event":"26/01/11 16:32:28 INFO MemoryStore: Block broadcast_33_piece0 stored as bytes in memory (estimated size 34.2 KiB, free 1047.4 MiB)","logger":"airflow.task.hooks.airflow.providers.apache.spark.hooks.spark_submit.SparkSubmitHook","filename":"spark_submit.py","lineno":644}
{"timestamp":"2026-01-11T16:32:28.243704Z","level":"info","event":"26/01/11 16:32:28 INFO BlockManagerInfo: Added broadcast_33_piece0 in memory on localhost:33275 (size: 34.2 KiB, free: 1048.6 MiB)","logger":"airflow.task.hooks.airflow.providers.apache.spark.hooks.spark_submit.SparkSubmitHook","filename":"spark_submit.py","lineno":644}
{"timestamp":"2026-01-11T16:32:28.245604Z","level":"info","event":"26/01/11 16:32:28 INFO SparkContext: Created broadcast 33 from count at NativeMethodAccessorImpl.java:0","logger":"airflow.task.hooks.airflow.providers.apache.spark.hooks.spark_submit.SparkSubmitHook","filename":"spark_submit.py","lineno":644}
{"timestamp":"2026-01-11T16:32:28.247689Z","level":"info","event":"26/01/11 16:32:28 INFO FileSourceScanExec: Planning scan with bin packing, max size: 5482724 bytes, open cost is considered as scanning 4194304 bytes.","logger":"airflow.task.hooks.airflow.providers.apache.spark.hooks.spark_submit.SparkSubmitHook","filename":"spark_submit.py","lineno":644}
{"timestamp":"2026-01-11T16:32:28.265446Z","level":"info","event":"26/01/11 16:32:28 INFO DAGScheduler: Registering RDD 98 (count at NativeMethodAccessorImpl.java:0) as input to shuffle 5","logger":"airflow.task.hooks.airflow.providers.apache.spark.hooks.spark_submit.SparkSubmitHook","filename":"spark_submit.py","lineno":644}
{"timestamp":"2026-01-11T16:32:28.265902Z","level":"info","event":"26/01/11 16:32:28 INFO DAGScheduler: Got map stage job 16 (count at NativeMethodAccessorImpl.java:0) with 5 output partitions","logger":"airflow.task.hooks.airflow.providers.apache.spark.hooks.spark_submit.SparkSubmitHook","filename":"spark_submit.py","lineno":644}
{"timestamp":"2026-01-11T16:32:28.265983Z","level":"info","event":"26/01/11 16:32:28 INFO DAGScheduler: Final stage: ShuffleMapStage 21 (count at NativeMethodAccessorImpl.java:0)","logger":"airflow.task.hooks.airflow.providers.apache.spark.hooks.spark_submit.SparkSubmitHook","filename":"spark_submit.py","lineno":644}
{"timestamp":"2026-01-11T16:32:28.266400Z","level":"info","event":"26/01/11 16:32:28 INFO DAGScheduler: Parents of final stage: List()","logger":"airflow.task.hooks.airflow.providers.apache.spark.hooks.spark_submit.SparkSubmitHook","filename":"spark_submit.py","lineno":644}
{"timestamp":"2026-01-11T16:32:28.266541Z","level":"info","event":"26/01/11 16:32:28 INFO DAGScheduler: Missing parents: List()","logger":"airflow.task.hooks.airflow.providers.apache.spark.hooks.spark_submit.SparkSubmitHook","filename":"spark_submit.py","lineno":644}
{"timestamp":"2026-01-11T16:32:28.266895Z","level":"info","event":"26/01/11 16:32:28 INFO DAGScheduler: Submitting ShuffleMapStage 21 (MapPartitionsRDD[98] at count at NativeMethodAccessorImpl.java:0), which has no missing parents","logger":"airflow.task.hooks.airflow.providers.apache.spark.hooks.spark_submit.SparkSubmitHook","filename":"spark_submit.py","lineno":644}
{"timestamp":"2026-01-11T16:32:28.278529Z","level":"info","event":"26/01/11 16:32:28 INFO MemoryStore: Block broadcast_34 stored as values in memory (estimated size 17.9 KiB, free 1047.4 MiB)","logger":"airflow.task.hooks.airflow.providers.apache.spark.hooks.spark_submit.SparkSubmitHook","filename":"spark_submit.py","lineno":644}
{"timestamp":"2026-01-11T16:32:28.288881Z","level":"info","event":"26/01/11 16:32:28 INFO MemoryStore: Block broadcast_34_piece0 stored as bytes in memory (estimated size 8.8 KiB, free 1047.3 MiB)","logger":"airflow.task.hooks.airflow.providers.apache.spark.hooks.spark_submit.SparkSubmitHook","filename":"spark_submit.py","lineno":644}
{"timestamp":"2026-01-11T16:32:28.290286Z","level":"info","event":"26/01/11 16:32:28 INFO BlockManagerInfo: Added broadcast_34_piece0 in memory on localhost:33275 (size: 8.8 KiB, free: 1048.6 MiB)","logger":"airflow.task.hooks.airflow.providers.apache.spark.hooks.spark_submit.SparkSubmitHook","filename":"spark_submit.py","lineno":644}
{"timestamp":"2026-01-11T16:32:28.292682Z","level":"info","event":"26/01/11 16:32:28 INFO SparkContext: Created broadcast 34 from broadcast at DAGScheduler.scala:1580","logger":"airflow.task.hooks.airflow.providers.apache.spark.hooks.spark_submit.SparkSubmitHook","filename":"spark_submit.py","lineno":644}
{"timestamp":"2026-01-11T16:32:28.293280Z","level":"info","event":"26/01/11 16:32:28 INFO DAGScheduler: Submitting 5 missing tasks from ShuffleMapStage 21 (MapPartitionsRDD[98] at count at NativeMethodAccessorImpl.java:0) (first 15 tasks are for partitions Vector(0, 1, 2, 3, 4))","logger":"airflow.task.hooks.airflow.providers.apache.spark.hooks.spark_submit.SparkSubmitHook","filename":"spark_submit.py","lineno":644}
{"timestamp":"2026-01-11T16:32:28.293441Z","level":"info","event":"26/01/11 16:32:28 INFO TaskSchedulerImpl: Adding task set 21.0 with 5 tasks resource profile 0","logger":"airflow.task.hooks.airflow.providers.apache.spark.hooks.spark_submit.SparkSubmitHook","filename":"spark_submit.py","lineno":644}
{"timestamp":"2026-01-11T16:32:28.294899Z","level":"info","event":"26/01/11 16:32:28 INFO TaskSetManager: Starting task 0.0 in stage 21.0 (TID 31) (localhost, executor driver, partition 0, PROCESS_LOCAL, 8265 bytes)","logger":"airflow.task.hooks.airflow.providers.apache.spark.hooks.spark_submit.SparkSubmitHook","filename":"spark_submit.py","lineno":644}
{"timestamp":"2026-01-11T16:32:28.295218Z","level":"info","event":"26/01/11 16:32:28 INFO TaskSetManager: Starting task 1.0 in stage 21.0 (TID 32) (localhost, executor driver, partition 1, PROCESS_LOCAL, 8265 bytes)","logger":"airflow.task.hooks.airflow.providers.apache.spark.hooks.spark_submit.SparkSubmitHook","filename":"spark_submit.py","lineno":644}
{"timestamp":"2026-01-11T16:32:28.295321Z","level":"info","event":"26/01/11 16:32:28 INFO TaskSetManager: Starting task 2.0 in stage 21.0 (TID 33) (localhost, executor driver, partition 2, PROCESS_LOCAL, 8265 bytes)","logger":"airflow.task.hooks.airflow.providers.apache.spark.hooks.spark_submit.SparkSubmitHook","filename":"spark_submit.py","lineno":644}
{"timestamp":"2026-01-11T16:32:28.295395Z","level":"info","event":"26/01/11 16:32:28 INFO TaskSetManager: Starting task 3.0 in stage 21.0 (TID 34) (localhost, executor driver, partition 3, PROCESS_LOCAL, 8265 bytes)","logger":"airflow.task.hooks.airflow.providers.apache.spark.hooks.spark_submit.SparkSubmitHook","filename":"spark_submit.py","lineno":644}
{"timestamp":"2026-01-11T16:32:28.295481Z","level":"info","event":"26/01/11 16:32:28 INFO TaskSetManager: Starting task 4.0 in stage 21.0 (TID 35) (localhost, executor driver, partition 4, PROCESS_LOCAL, 8265 bytes)","logger":"airflow.task.hooks.airflow.providers.apache.spark.hooks.spark_submit.SparkSubmitHook","filename":"spark_submit.py","lineno":644}
{"timestamp":"2026-01-11T16:32:28.298166Z","level":"info","event":"26/01/11 16:32:28 INFO Executor: Running task 3.0 in stage 21.0 (TID 34)","logger":"airflow.task.hooks.airflow.providers.apache.spark.hooks.spark_submit.SparkSubmitHook","filename":"spark_submit.py","lineno":644}
{"timestamp":"2026-01-11T16:32:28.298276Z","level":"info","event":"26/01/11 16:32:28 INFO Executor: Running task 4.0 in stage 21.0 (TID 35)","logger":"airflow.task.hooks.airflow.providers.apache.spark.hooks.spark_submit.SparkSubmitHook","filename":"spark_submit.py","lineno":644}
{"timestamp":"2026-01-11T16:32:28.298301Z","level":"info","event":"26/01/11 16:32:28 INFO Executor: Running task 1.0 in stage 21.0 (TID 32)","logger":"airflow.task.hooks.airflow.providers.apache.spark.hooks.spark_submit.SparkSubmitHook","filename":"spark_submit.py","lineno":644}
{"timestamp":"2026-01-11T16:32:28.298317Z","level":"info","event":"26/01/11 16:32:28 INFO Executor: Running task 2.0 in stage 21.0 (TID 33)","logger":"airflow.task.hooks.airflow.providers.apache.spark.hooks.spark_submit.SparkSubmitHook","filename":"spark_submit.py","lineno":644}
{"timestamp":"2026-01-11T16:32:28.301543Z","level":"info","event":"26/01/11 16:32:28 INFO Executor: Running task 0.0 in stage 21.0 (TID 31)","logger":"airflow.task.hooks.airflow.providers.apache.spark.hooks.spark_submit.SparkSubmitHook","filename":"spark_submit.py","lineno":644}
{"timestamp":"2026-01-11T16:32:28.307057Z","level":"info","event":"26/01/11 16:32:28 INFO FileScanRDD: Reading File path: file:///opt/airflow/data/raw/olist_orders/part-00001-3e6b0aad-bf53-4011-8aee-ecdac0a9b084-c000.csv, range: 0-4135308, partition values: [empty row]","logger":"airflow.task.hooks.airflow.providers.apache.spark.hooks.spark_submit.SparkSubmitHook","filename":"spark_submit.py","lineno":644}
{"timestamp":"2026-01-11T16:32:28.310226Z","level":"info","event":"26/01/11 16:32:28 INFO FileScanRDD: Reading File path: file:///opt/airflow/data/raw/olist_orders/part-00004-3e6b0aad-bf53-4011-8aee-ecdac0a9b084-c000.csv, range: 0-865463, partition values: [empty row]","logger":"airflow.task.hooks.airflow.providers.apache.spark.hooks.spark_submit.SparkSubmitHook","filename":"spark_submit.py","lineno":644}
{"timestamp":"2026-01-11T16:32:28.312604Z","level":"info","event":"26/01/11 16:32:28 INFO FileScanRDD: Reading File path: file:///opt/airflow/data/raw/olist_orders/part-00000-3e6b0aad-bf53-4011-8aee-ecdac0a9b084-c000.csv, range: 0-4135273, partition values: [empty row]","logger":"airflow.task.hooks.airflow.providers.apache.spark.hooks.spark_submit.SparkSubmitHook","filename":"spark_submit.py","lineno":644}
{"timestamp":"2026-01-11T16:32:28.320003Z","level":"info","event":"26/01/11 16:32:28 INFO FileScanRDD: Reading File path: file:///opt/airflow/data/raw/olist_orders/part-00003-3e6b0aad-bf53-4011-8aee-ecdac0a9b084-c000.csv, range: 0-4135725, partition values: [empty row]","logger":"airflow.task.hooks.airflow.providers.apache.spark.hooks.spark_submit.SparkSubmitHook","filename":"spark_submit.py","lineno":644}
{"timestamp":"2026-01-11T16:32:28.330485Z","level":"info","event":"26/01/11 16:32:28 INFO FileScanRDD: Reading File path: file:///opt/airflow/data/raw/olist_orders/part-00002-3e6b0aad-bf53-4011-8aee-ecdac0a9b084-c000.csv, range: 0-4135779, partition values: [empty row]","logger":"airflow.task.hooks.airflow.providers.apache.spark.hooks.spark_submit.SparkSubmitHook","filename":"spark_submit.py","lineno":644}
{"timestamp":"2026-01-11T16:32:28.447603Z","level":"info","event":"26/01/11 16:32:28 INFO Executor: Finished task 4.0 in stage 21.0 (TID 35). 1968 bytes result sent to driver","logger":"airflow.task.hooks.airflow.providers.apache.spark.hooks.spark_submit.SparkSubmitHook","filename":"spark_submit.py","lineno":644}
{"timestamp":"2026-01-11T16:32:28.453091Z","level":"info","event":"26/01/11 16:32:28 INFO TaskSetManager: Finished task 4.0 in stage 21.0 (TID 35) in 157 ms on localhost (executor driver) (1/5)","logger":"airflow.task.hooks.airflow.providers.apache.spark.hooks.spark_submit.SparkSubmitHook","filename":"spark_submit.py","lineno":644}
{"timestamp":"2026-01-11T16:32:28.544470Z","level":"info","event":"26/01/11 16:32:28 INFO Executor: Finished task 2.0 in stage 21.0 (TID 33). 1968 bytes result sent to driver","logger":"airflow.task.hooks.airflow.providers.apache.spark.hooks.spark_submit.SparkSubmitHook","filename":"spark_submit.py","lineno":644}
{"timestamp":"2026-01-11T16:32:28.544908Z","level":"info","event":"26/01/11 16:32:28 INFO Executor: Finished task 3.0 in stage 21.0 (TID 34). 1968 bytes result sent to driver","logger":"airflow.task.hooks.airflow.providers.apache.spark.hooks.spark_submit.SparkSubmitHook","filename":"spark_submit.py","lineno":644}
{"timestamp":"2026-01-11T16:32:28.547218Z","level":"info","event":"26/01/11 16:32:28 INFO TaskSetManager: Finished task 2.0 in stage 21.0 (TID 33) in 251 ms on localhost (executor driver) (2/5)","logger":"airflow.task.hooks.airflow.providers.apache.spark.hooks.spark_submit.SparkSubmitHook","filename":"spark_submit.py","lineno":644}
{"timestamp":"2026-01-11T16:32:28.548885Z","level":"info","event":"26/01/11 16:32:28 INFO TaskSetManager: Finished task 3.0 in stage 21.0 (TID 34) in 253 ms on localhost (executor driver) (3/5)","logger":"airflow.task.hooks.airflow.providers.apache.spark.hooks.spark_submit.SparkSubmitHook","filename":"spark_submit.py","lineno":644}
{"timestamp":"2026-01-11T16:32:28.549208Z","level":"info","event":"26/01/11 16:32:28 INFO Executor: Finished task 1.0 in stage 21.0 (TID 32). 1968 bytes result sent to driver","logger":"airflow.task.hooks.airflow.providers.apache.spark.hooks.spark_submit.SparkSubmitHook","filename":"spark_submit.py","lineno":644}
{"timestamp":"2026-01-11T16:32:28.552016Z","level":"info","event":"26/01/11 16:32:28 INFO TaskSetManager: Finished task 1.0 in stage 21.0 (TID 32) in 257 ms on localhost (executor driver) (4/5)","logger":"airflow.task.hooks.airflow.providers.apache.spark.hooks.spark_submit.SparkSubmitHook","filename":"spark_submit.py","lineno":644}
{"timestamp":"2026-01-11T16:32:28.558539Z","level":"info","event":"26/01/11 16:32:28 INFO Executor: Finished task 0.0 in stage 21.0 (TID 31). 1968 bytes result sent to driver","logger":"airflow.task.hooks.airflow.providers.apache.spark.hooks.spark_submit.SparkSubmitHook","filename":"spark_submit.py","lineno":644}
{"timestamp":"2026-01-11T16:32:28.560876Z","level":"info","event":"26/01/11 16:32:28 INFO TaskSetManager: Finished task 0.0 in stage 21.0 (TID 31) in 266 ms on localhost (executor driver) (5/5)","logger":"airflow.task.hooks.airflow.providers.apache.spark.hooks.spark_submit.SparkSubmitHook","filename":"spark_submit.py","lineno":644}
{"timestamp":"2026-01-11T16:32:28.561171Z","level":"info","event":"26/01/11 16:32:28 INFO TaskSchedulerImpl: Removed TaskSet 21.0, whose tasks have all completed, from pool","logger":"airflow.task.hooks.airflow.providers.apache.spark.hooks.spark_submit.SparkSubmitHook","filename":"spark_submit.py","lineno":644}
{"timestamp":"2026-01-11T16:32:28.561770Z","level":"info","event":"26/01/11 16:32:28 INFO DAGScheduler: ShuffleMapStage 21 (count at NativeMethodAccessorImpl.java:0) finished in 0.290 s","logger":"airflow.task.hooks.airflow.providers.apache.spark.hooks.spark_submit.SparkSubmitHook","filename":"spark_submit.py","lineno":644}
{"timestamp":"2026-01-11T16:32:28.561948Z","level":"info","event":"26/01/11 16:32:28 INFO DAGScheduler: looking for newly runnable stages","logger":"airflow.task.hooks.airflow.providers.apache.spark.hooks.spark_submit.SparkSubmitHook","filename":"spark_submit.py","lineno":644}
{"timestamp":"2026-01-11T16:32:28.562069Z","level":"info","event":"26/01/11 16:32:28 INFO DAGScheduler: running: Set()","logger":"airflow.task.hooks.airflow.providers.apache.spark.hooks.spark_submit.SparkSubmitHook","filename":"spark_submit.py","lineno":644}
{"timestamp":"2026-01-11T16:32:28.562163Z","level":"info","event":"26/01/11 16:32:28 INFO DAGScheduler: waiting: Set()","logger":"airflow.task.hooks.airflow.providers.apache.spark.hooks.spark_submit.SparkSubmitHook","filename":"spark_submit.py","lineno":644}
{"timestamp":"2026-01-11T16:32:28.562257Z","level":"info","event":"26/01/11 16:32:28 INFO DAGScheduler: failed: Set()","logger":"airflow.task.hooks.airflow.providers.apache.spark.hooks.spark_submit.SparkSubmitHook","filename":"spark_submit.py","lineno":644}
{"timestamp":"2026-01-11T16:32:28.642561Z","level":"info","event":"26/01/11 16:32:28 INFO SparkContext: Starting job: count at NativeMethodAccessorImpl.java:0","logger":"airflow.task.hooks.airflow.providers.apache.spark.hooks.spark_submit.SparkSubmitHook","filename":"spark_submit.py","lineno":644}
{"timestamp":"2026-01-11T16:32:28.651453Z","level":"info","event":"26/01/11 16:32:28 INFO DAGScheduler: Got job 17 (count at NativeMethodAccessorImpl.java:0) with 1 output partitions","logger":"airflow.task.hooks.airflow.providers.apache.spark.hooks.spark_submit.SparkSubmitHook","filename":"spark_submit.py","lineno":644}
{"timestamp":"2026-01-11T16:32:28.651601Z","level":"info","event":"26/01/11 16:32:28 INFO DAGScheduler: Final stage: ResultStage 23 (count at NativeMethodAccessorImpl.java:0)","logger":"airflow.task.hooks.airflow.providers.apache.spark.hooks.spark_submit.SparkSubmitHook","filename":"spark_submit.py","lineno":644}
{"timestamp":"2026-01-11T16:32:28.651629Z","level":"info","event":"26/01/11 16:32:28 INFO DAGScheduler: Parents of final stage: List(ShuffleMapStage 22)","logger":"airflow.task.hooks.airflow.providers.apache.spark.hooks.spark_submit.SparkSubmitHook","filename":"spark_submit.py","lineno":644}
{"timestamp":"2026-01-11T16:32:28.652778Z","level":"info","event":"26/01/11 16:32:28 INFO DAGScheduler: Missing parents: List()","logger":"airflow.task.hooks.airflow.providers.apache.spark.hooks.spark_submit.SparkSubmitHook","filename":"spark_submit.py","lineno":644}
{"timestamp":"2026-01-11T16:32:28.653366Z","level":"info","event":"26/01/11 16:32:28 INFO DAGScheduler: Submitting ResultStage 23 (MapPartitionsRDD[101] at count at NativeMethodAccessorImpl.java:0), which has no missing parents","logger":"airflow.task.hooks.airflow.providers.apache.spark.hooks.spark_submit.SparkSubmitHook","filename":"spark_submit.py","lineno":644}
{"timestamp":"2026-01-11T16:32:28.662234Z","level":"info","event":"26/01/11 16:32:28 INFO MemoryStore: Block broadcast_35 stored as values in memory (estimated size 12.5 KiB, free 1047.3 MiB)","logger":"airflow.task.hooks.airflow.providers.apache.spark.hooks.spark_submit.SparkSubmitHook","filename":"spark_submit.py","lineno":644}
{"timestamp":"2026-01-11T16:32:28.668521Z","level":"info","event":"26/01/11 16:32:28 INFO MemoryStore: Block broadcast_35_piece0 stored as bytes in memory (estimated size 5.9 KiB, free 1047.3 MiB)","logger":"airflow.task.hooks.airflow.providers.apache.spark.hooks.spark_submit.SparkSubmitHook","filename":"spark_submit.py","lineno":644}
{"timestamp":"2026-01-11T16:32:28.670601Z","level":"info","event":"26/01/11 16:32:28 INFO BlockManagerInfo: Added broadcast_35_piece0 in memory on localhost:33275 (size: 5.9 KiB, free: 1048.6 MiB)","logger":"airflow.task.hooks.airflow.providers.apache.spark.hooks.spark_submit.SparkSubmitHook","filename":"spark_submit.py","lineno":644}
{"timestamp":"2026-01-11T16:32:28.673733Z","level":"info","event":"26/01/11 16:32:28 INFO SparkContext: Created broadcast 35 from broadcast at DAGScheduler.scala:1580","logger":"airflow.task.hooks.airflow.providers.apache.spark.hooks.spark_submit.SparkSubmitHook","filename":"spark_submit.py","lineno":644}
{"timestamp":"2026-01-11T16:32:28.676234Z","level":"info","event":"26/01/11 16:32:28 INFO DAGScheduler: Submitting 1 missing tasks from ResultStage 23 (MapPartitionsRDD[101] at count at NativeMethodAccessorImpl.java:0) (first 15 tasks are for partitions Vector(0))","logger":"airflow.task.hooks.airflow.providers.apache.spark.hooks.spark_submit.SparkSubmitHook","filename":"spark_submit.py","lineno":644}
{"timestamp":"2026-01-11T16:32:28.676350Z","level":"info","event":"26/01/11 16:32:28 INFO TaskSchedulerImpl: Adding task set 23.0 with 1 tasks resource profile 0","logger":"airflow.task.hooks.airflow.providers.apache.spark.hooks.spark_submit.SparkSubmitHook","filename":"spark_submit.py","lineno":644}
{"timestamp":"2026-01-11T16:32:28.683154Z","level":"info","event":"26/01/11 16:32:28 INFO TaskSetManager: Starting task 0.0 in stage 23.0 (TID 36) (localhost, executor driver, partition 0, NODE_LOCAL, 7615 bytes)","logger":"airflow.task.hooks.airflow.providers.apache.spark.hooks.spark_submit.SparkSubmitHook","filename":"spark_submit.py","lineno":644}
{"timestamp":"2026-01-11T16:32:28.686943Z","level":"info","event":"26/01/11 16:32:28 INFO Executor: Running task 0.0 in stage 23.0 (TID 36)","logger":"airflow.task.hooks.airflow.providers.apache.spark.hooks.spark_submit.SparkSubmitHook","filename":"spark_submit.py","lineno":644}
{"timestamp":"2026-01-11T16:32:28.707321Z","level":"info","event":"26/01/11 16:32:28 INFO ShuffleBlockFetcherIterator: Getting 5 (300.0 B) non-empty blocks including 5 (300.0 B) local and 0 (0.0 B) host-local and 0 (0.0 B) push-merged-local and 0 (0.0 B) remote blocks","logger":"airflow.task.hooks.airflow.providers.apache.spark.hooks.spark_submit.SparkSubmitHook","filename":"spark_submit.py","lineno":644}
{"timestamp":"2026-01-11T16:32:28.711783Z","level":"info","event":"26/01/11 16:32:28 INFO ShuffleBlockFetcherIterator: Started 0 remote fetches in 6 ms","logger":"airflow.task.hooks.airflow.providers.apache.spark.hooks.spark_submit.SparkSubmitHook","filename":"spark_submit.py","lineno":644}
{"timestamp":"2026-01-11T16:32:28.727752Z","level":"info","event":"26/01/11 16:32:28 INFO Executor: Finished task 0.0 in stage 23.0 (TID 36). 3995 bytes result sent to driver","logger":"airflow.task.hooks.airflow.providers.apache.spark.hooks.spark_submit.SparkSubmitHook","filename":"spark_submit.py","lineno":644}
{"timestamp":"2026-01-11T16:32:28.731103Z","level":"info","event":"26/01/11 16:32:28 INFO TaskSetManager: Finished task 0.0 in stage 23.0 (TID 36) in 53 ms on localhost (executor driver) (1/1)","logger":"airflow.task.hooks.airflow.providers.apache.spark.hooks.spark_submit.SparkSubmitHook","filename":"spark_submit.py","lineno":644}
{"timestamp":"2026-01-11T16:32:28.733406Z","level":"info","event":"26/01/11 16:32:28 INFO TaskSchedulerImpl: Removed TaskSet 23.0, whose tasks have all completed, from pool","logger":"airflow.task.hooks.airflow.providers.apache.spark.hooks.spark_submit.SparkSubmitHook","filename":"spark_submit.py","lineno":644}
{"timestamp":"2026-01-11T16:32:28.737034Z","level":"info","event":"26/01/11 16:32:28 INFO DAGScheduler: ResultStage 23 (count at NativeMethodAccessorImpl.java:0) finished in 0.082 s","logger":"airflow.task.hooks.airflow.providers.apache.spark.hooks.spark_submit.SparkSubmitHook","filename":"spark_submit.py","lineno":644}
{"timestamp":"2026-01-11T16:32:28.737562Z","level":"info","event":"26/01/11 16:32:28 INFO DAGScheduler: Job 17 is finished. Cancelling potential speculative or zombie tasks for this job","logger":"airflow.task.hooks.airflow.providers.apache.spark.hooks.spark_submit.SparkSubmitHook","filename":"spark_submit.py","lineno":644}
{"timestamp":"2026-01-11T16:32:28.737699Z","level":"info","event":"26/01/11 16:32:28 INFO TaskSchedulerImpl: Killing all running tasks in stage 23: Stage finished","logger":"airflow.task.hooks.airflow.providers.apache.spark.hooks.spark_submit.SparkSubmitHook","filename":"spark_submit.py","lineno":644}
{"timestamp":"2026-01-11T16:32:28.738092Z","level":"info","event":"26/01/11 16:32:28 INFO DAGScheduler: Job 17 finished: count at NativeMethodAccessorImpl.java:0, took 0.094642 s","logger":"airflow.task.hooks.airflow.providers.apache.spark.hooks.spark_submit.SparkSubmitHook","filename":"spark_submit.py","lineno":644}
{"timestamp":"2026-01-11T16:32:28.742586Z","level":"info","event":"Loaded olist_orders with 99441 records for cleaning.","logger":"airflow.task.hooks.airflow.providers.apache.spark.hooks.spark_submit.SparkSubmitHook","filename":"spark_submit.py","lineno":644}
{"timestamp":"2026-01-11T16:32:28.744903Z","level":"info","event":"root","logger":"airflow.task.hooks.airflow.providers.apache.spark.hooks.spark_submit.SparkSubmitHook","filename":"spark_submit.py","lineno":644}
{"timestamp":"2026-01-11T16:32:28.745214Z","level":"info","event":"|-- order_id: string (nullable = true)","logger":"airflow.task.hooks.airflow.providers.apache.spark.hooks.spark_submit.SparkSubmitHook","filename":"spark_submit.py","lineno":644}
{"timestamp":"2026-01-11T16:32:28.745489Z","level":"info","event":"|-- customer_id: string (nullable = true)","logger":"airflow.task.hooks.airflow.providers.apache.spark.hooks.spark_submit.SparkSubmitHook","filename":"spark_submit.py","lineno":644}
{"timestamp":"2026-01-11T16:32:28.745539Z","level":"info","event":"|-- order_status: string (nullable = true)","logger":"airflow.task.hooks.airflow.providers.apache.spark.hooks.spark_submit.SparkSubmitHook","filename":"spark_submit.py","lineno":644}
{"timestamp":"2026-01-11T16:32:28.745568Z","level":"info","event":"|-- order_purchase_timestamp: string (nullable = true)","logger":"airflow.task.hooks.airflow.providers.apache.spark.hooks.spark_submit.SparkSubmitHook","filename":"spark_submit.py","lineno":644}
{"timestamp":"2026-01-11T16:32:28.745594Z","level":"info","event":"|-- order_approved_at: string (nullable = true)","logger":"airflow.task.hooks.airflow.providers.apache.spark.hooks.spark_submit.SparkSubmitHook","filename":"spark_submit.py","lineno":644}
{"timestamp":"2026-01-11T16:32:28.745609Z","level":"info","event":"|-- order_delivered_carrier_date: string (nullable = true)","logger":"airflow.task.hooks.airflow.providers.apache.spark.hooks.spark_submit.SparkSubmitHook","filename":"spark_submit.py","lineno":644}
{"timestamp":"2026-01-11T16:32:28.745628Z","level":"info","event":"|-- order_delivered_customer_date: string (nullable = true)","logger":"airflow.task.hooks.airflow.providers.apache.spark.hooks.spark_submit.SparkSubmitHook","filename":"spark_submit.py","lineno":644}
{"timestamp":"2026-01-11T16:32:28.745643Z","level":"info","event":"|-- order_estimated_delivery_date: string (nullable = true)","logger":"airflow.task.hooks.airflow.providers.apache.spark.hooks.spark_submit.SparkSubmitHook","filename":"spark_submit.py","lineno":644}
{"timestamp":"2026-01-11T16:32:28.745826Z","level":"info","event":"","logger":"airflow.task.hooks.airflow.providers.apache.spark.hooks.spark_submit.SparkSubmitHook","filename":"spark_submit.py","lineno":644}
{"timestamp":"2026-01-11T16:32:28.812429Z","level":"info","event":"26/01/11 16:32:28 INFO InMemoryFileIndex: It took 7 ms to list leaf files for 1 paths.","logger":"airflow.task.hooks.airflow.providers.apache.spark.hooks.spark_submit.SparkSubmitHook","filename":"spark_submit.py","lineno":644}
{"timestamp":"2026-01-11T16:32:28.853593Z","level":"info","event":"26/01/11 16:32:28 INFO InMemoryFileIndex: It took 9 ms to list leaf files for 1 paths.","logger":"airflow.task.hooks.airflow.providers.apache.spark.hooks.spark_submit.SparkSubmitHook","filename":"spark_submit.py","lineno":644}
{"timestamp":"2026-01-11T16:32:28.935652Z","level":"info","event":"26/01/11 16:32:28 INFO FileSourceStrategy: Pushed Filters:","logger":"airflow.task.hooks.airflow.providers.apache.spark.hooks.spark_submit.SparkSubmitHook","filename":"spark_submit.py","lineno":644}
{"timestamp":"2026-01-11T16:32:28.936759Z","level":"info","event":"26/01/11 16:32:28 INFO FileSourceStrategy: Post-Scan Filters: (length(trim(value#243, None)) > 0)","logger":"airflow.task.hooks.airflow.providers.apache.spark.hooks.spark_submit.SparkSubmitHook","filename":"spark_submit.py","lineno":644}
{"timestamp":"2026-01-11T16:32:28.948938Z","level":"info","event":"26/01/11 16:32:28 INFO MemoryStore: Block broadcast_36 stored as values in memory (estimated size 199.5 KiB, free 1047.1 MiB)","logger":"airflow.task.hooks.airflow.providers.apache.spark.hooks.spark_submit.SparkSubmitHook","filename":"spark_submit.py","lineno":644}
{"timestamp":"2026-01-11T16:32:28.966791Z","level":"info","event":"26/01/11 16:32:28 INFO MemoryStore: Block broadcast_36_piece0 stored as bytes in memory (estimated size 34.2 KiB, free 1047.1 MiB)","logger":"airflow.task.hooks.airflow.providers.apache.spark.hooks.spark_submit.SparkSubmitHook","filename":"spark_submit.py","lineno":644}
{"timestamp":"2026-01-11T16:32:28.967501Z","level":"info","event":"26/01/11 16:32:28 INFO BlockManagerInfo: Added broadcast_36_piece0 in memory on localhost:33275 (size: 34.2 KiB, free: 1048.5 MiB)","logger":"airflow.task.hooks.airflow.providers.apache.spark.hooks.spark_submit.SparkSubmitHook","filename":"spark_submit.py","lineno":644}
{"timestamp":"2026-01-11T16:32:28.968601Z","level":"info","event":"26/01/11 16:32:28 INFO SparkContext: Created broadcast 36 from csv at NativeMethodAccessorImpl.java:0","logger":"airflow.task.hooks.airflow.providers.apache.spark.hooks.spark_submit.SparkSubmitHook","filename":"spark_submit.py","lineno":644}
{"timestamp":"2026-01-11T16:32:28.969827Z","level":"info","event":"26/01/11 16:32:28 INFO FileSourceScanExec: Planning scan with bin packing, max size: 4194304 bytes, open cost is considered as scanning 4194304 bytes.","logger":"airflow.task.hooks.airflow.providers.apache.spark.hooks.spark_submit.SparkSubmitHook","filename":"spark_submit.py","lineno":644}
{"timestamp":"2026-01-11T16:32:28.983541Z","level":"info","event":"26/01/11 16:32:28 INFO SparkContext: Starting job: csv at NativeMethodAccessorImpl.java:0","logger":"airflow.task.hooks.airflow.providers.apache.spark.hooks.spark_submit.SparkSubmitHook","filename":"spark_submit.py","lineno":644}
{"timestamp":"2026-01-11T16:32:28.984530Z","level":"info","event":"26/01/11 16:32:28 INFO DAGScheduler: Got job 18 (csv at NativeMethodAccessorImpl.java:0) with 1 output partitions","logger":"airflow.task.hooks.airflow.providers.apache.spark.hooks.spark_submit.SparkSubmitHook","filename":"spark_submit.py","lineno":644}
{"timestamp":"2026-01-11T16:32:28.984591Z","level":"info","event":"26/01/11 16:32:28 INFO DAGScheduler: Final stage: ResultStage 24 (csv at NativeMethodAccessorImpl.java:0)","logger":"airflow.task.hooks.airflow.providers.apache.spark.hooks.spark_submit.SparkSubmitHook","filename":"spark_submit.py","lineno":644}
{"timestamp":"2026-01-11T16:32:28.984616Z","level":"info","event":"26/01/11 16:32:28 INFO DAGScheduler: Parents of final stage: List()","logger":"airflow.task.hooks.airflow.providers.apache.spark.hooks.spark_submit.SparkSubmitHook","filename":"spark_submit.py","lineno":644}
{"timestamp":"2026-01-11T16:32:28.984788Z","level":"info","event":"26/01/11 16:32:28 INFO DAGScheduler: Missing parents: List()","logger":"airflow.task.hooks.airflow.providers.apache.spark.hooks.spark_submit.SparkSubmitHook","filename":"spark_submit.py","lineno":644}
{"timestamp":"2026-01-11T16:32:28.985033Z","level":"info","event":"26/01/11 16:32:28 INFO DAGScheduler: Submitting ResultStage 24 (MapPartitionsRDD[105] at csv at NativeMethodAccessorImpl.java:0), which has no missing parents","logger":"airflow.task.hooks.airflow.providers.apache.spark.hooks.spark_submit.SparkSubmitHook","filename":"spark_submit.py","lineno":644}
{"timestamp":"2026-01-11T16:32:28.988255Z","level":"info","event":"26/01/11 16:32:28 INFO MemoryStore: Block broadcast_37 stored as values in memory (estimated size 13.5 KiB, free 1047.1 MiB)","logger":"airflow.task.hooks.airflow.providers.apache.spark.hooks.spark_submit.SparkSubmitHook","filename":"spark_submit.py","lineno":644}
{"timestamp":"2026-01-11T16:32:28.992897Z","level":"info","event":"26/01/11 16:32:28 INFO MemoryStore: Block broadcast_37_piece0 stored as bytes in memory (estimated size 6.4 KiB, free 1047.1 MiB)","logger":"airflow.task.hooks.airflow.providers.apache.spark.hooks.spark_submit.SparkSubmitHook","filename":"spark_submit.py","lineno":644}
{"timestamp":"2026-01-11T16:32:28.993430Z","level":"info","event":"26/01/11 16:32:28 INFO BlockManagerInfo: Added broadcast_37_piece0 in memory on localhost:33275 (size: 6.4 KiB, free: 1048.5 MiB)","logger":"airflow.task.hooks.airflow.providers.apache.spark.hooks.spark_submit.SparkSubmitHook","filename":"spark_submit.py","lineno":644}
{"timestamp":"2026-01-11T16:32:28.994734Z","level":"info","event":"26/01/11 16:32:28 INFO SparkContext: Created broadcast 37 from broadcast at DAGScheduler.scala:1580","logger":"airflow.task.hooks.airflow.providers.apache.spark.hooks.spark_submit.SparkSubmitHook","filename":"spark_submit.py","lineno":644}
{"timestamp":"2026-01-11T16:32:28.996352Z","level":"info","event":"26/01/11 16:32:28 INFO DAGScheduler: Submitting 1 missing tasks from ResultStage 24 (MapPartitionsRDD[105] at csv at NativeMethodAccessorImpl.java:0) (first 15 tasks are for partitions Vector(0))","logger":"airflow.task.hooks.airflow.providers.apache.spark.hooks.spark_submit.SparkSubmitHook","filename":"spark_submit.py","lineno":644}
{"timestamp":"2026-01-11T16:32:28.996419Z","level":"info","event":"26/01/11 16:32:28 INFO TaskSchedulerImpl: Adding task set 24.0 with 1 tasks resource profile 0","logger":"airflow.task.hooks.airflow.providers.apache.spark.hooks.spark_submit.SparkSubmitHook","filename":"spark_submit.py","lineno":644}
{"timestamp":"2026-01-11T16:32:28.998276Z","level":"info","event":"26/01/11 16:32:28 INFO TaskSetManager: Starting task 0.0 in stage 24.0 (TID 37) (localhost, executor driver, partition 0, PROCESS_LOCAL, 8278 bytes)","logger":"airflow.task.hooks.airflow.providers.apache.spark.hooks.spark_submit.SparkSubmitHook","filename":"spark_submit.py","lineno":644}
{"timestamp":"2026-01-11T16:32:28.999388Z","level":"info","event":"26/01/11 16:32:28 INFO Executor: Running task 0.0 in stage 24.0 (TID 37)","logger":"airflow.task.hooks.airflow.providers.apache.spark.hooks.spark_submit.SparkSubmitHook","filename":"spark_submit.py","lineno":644}
{"timestamp":"2026-01-11T16:32:29.006845Z","level":"info","event":"26/01/11 16:32:29 INFO FileScanRDD: Reading File path: file:///opt/airflow/data/raw/olist_products/part-00000-6e76bd0b-e32f-463a-ad2e-c9c7aa84a3c3-c000.csv, range: 0-2338292, partition values: [empty row]","logger":"airflow.task.hooks.airflow.providers.apache.spark.hooks.spark_submit.SparkSubmitHook","filename":"spark_submit.py","lineno":644}
{"timestamp":"2026-01-11T16:32:29.033014Z","level":"info","event":"26/01/11 16:32:29 INFO Executor: Finished task 0.0 in stage 24.0 (TID 37). 1719 bytes result sent to driver","logger":"airflow.task.hooks.airflow.providers.apache.spark.hooks.spark_submit.SparkSubmitHook","filename":"spark_submit.py","lineno":644}
{"timestamp":"2026-01-11T16:32:29.035126Z","level":"info","event":"26/01/11 16:32:29 INFO TaskSetManager: Finished task 0.0 in stage 24.0 (TID 37) in 37 ms on localhost (executor driver) (1/1)","logger":"airflow.task.hooks.airflow.providers.apache.spark.hooks.spark_submit.SparkSubmitHook","filename":"spark_submit.py","lineno":644}
{"timestamp":"2026-01-11T16:32:29.035306Z","level":"info","event":"26/01/11 16:32:29 INFO TaskSchedulerImpl: Removed TaskSet 24.0, whose tasks have all completed, from pool","logger":"airflow.task.hooks.airflow.providers.apache.spark.hooks.spark_submit.SparkSubmitHook","filename":"spark_submit.py","lineno":644}
{"timestamp":"2026-01-11T16:32:29.035957Z","level":"info","event":"26/01/11 16:32:29 INFO DAGScheduler: ResultStage 24 (csv at NativeMethodAccessorImpl.java:0) finished in 0.050 s","logger":"airflow.task.hooks.airflow.providers.apache.spark.hooks.spark_submit.SparkSubmitHook","filename":"spark_submit.py","lineno":644}
{"timestamp":"2026-01-11T16:32:29.036143Z","level":"info","event":"26/01/11 16:32:29 INFO DAGScheduler: Job 18 is finished. Cancelling potential speculative or zombie tasks for this job","logger":"airflow.task.hooks.airflow.providers.apache.spark.hooks.spark_submit.SparkSubmitHook","filename":"spark_submit.py","lineno":644}
{"timestamp":"2026-01-11T16:32:29.036437Z","level":"info","event":"26/01/11 16:32:29 INFO TaskSchedulerImpl: Killing all running tasks in stage 24: Stage finished","logger":"airflow.task.hooks.airflow.providers.apache.spark.hooks.spark_submit.SparkSubmitHook","filename":"spark_submit.py","lineno":644}
{"timestamp":"2026-01-11T16:32:29.036595Z","level":"info","event":"26/01/11 16:32:29 INFO DAGScheduler: Job 18 finished: csv at NativeMethodAccessorImpl.java:0, took 0.052770 s","logger":"airflow.task.hooks.airflow.providers.apache.spark.hooks.spark_submit.SparkSubmitHook","filename":"spark_submit.py","lineno":644}
{"timestamp":"2026-01-11T16:32:29.061246Z","level":"info","event":"26/01/11 16:32:29 INFO FileSourceStrategy: Pushed Filters:","logger":"airflow.task.hooks.airflow.providers.apache.spark.hooks.spark_submit.SparkSubmitHook","filename":"spark_submit.py","lineno":644}
{"timestamp":"2026-01-11T16:32:29.061533Z","level":"info","event":"26/01/11 16:32:29 INFO FileSourceStrategy: Post-Scan Filters:","logger":"airflow.task.hooks.airflow.providers.apache.spark.hooks.spark_submit.SparkSubmitHook","filename":"spark_submit.py","lineno":644}
{"timestamp":"2026-01-11T16:32:29.066663Z","level":"info","event":"26/01/11 16:32:29 INFO MemoryStore: Block broadcast_38 stored as values in memory (estimated size 199.5 KiB, free 1046.9 MiB)","logger":"airflow.task.hooks.airflow.providers.apache.spark.hooks.spark_submit.SparkSubmitHook","filename":"spark_submit.py","lineno":644}
{"timestamp":"2026-01-11T16:32:29.084569Z","level":"info","event":"26/01/11 16:32:29 INFO MemoryStore: Block broadcast_38_piece0 stored as bytes in memory (estimated size 34.2 KiB, free 1046.8 MiB)","logger":"airflow.task.hooks.airflow.providers.apache.spark.hooks.spark_submit.SparkSubmitHook","filename":"spark_submit.py","lineno":644}
{"timestamp":"2026-01-11T16:32:29.085465Z","level":"info","event":"26/01/11 16:32:29 INFO BlockManagerInfo: Added broadcast_38_piece0 in memory on localhost:33275 (size: 34.2 KiB, free: 1048.5 MiB)","logger":"airflow.task.hooks.airflow.providers.apache.spark.hooks.spark_submit.SparkSubmitHook","filename":"spark_submit.py","lineno":644}
{"timestamp":"2026-01-11T16:32:29.086312Z","level":"info","event":"26/01/11 16:32:29 INFO SparkContext: Created broadcast 38 from csv at NativeMethodAccessorImpl.java:0","logger":"airflow.task.hooks.airflow.providers.apache.spark.hooks.spark_submit.SparkSubmitHook","filename":"spark_submit.py","lineno":644}
{"timestamp":"2026-01-11T16:32:29.087408Z","level":"info","event":"26/01/11 16:32:29 INFO FileSourceScanExec: Planning scan with bin packing, max size: 4194304 bytes, open cost is considered as scanning 4194304 bytes.","logger":"airflow.task.hooks.airflow.providers.apache.spark.hooks.spark_submit.SparkSubmitHook","filename":"spark_submit.py","lineno":644}
{"timestamp":"2026-01-11T16:32:29.133933Z","level":"info","event":"____________________________________________________","logger":"airflow.task.hooks.airflow.providers.apache.spark.hooks.spark_submit.SparkSubmitHook","filename":"spark_submit.py","lineno":644}
{"timestamp":"2026-01-11T16:32:29.174103Z","level":"info","event":"26/01/11 16:32:29 INFO FileSourceStrategy: Pushed Filters:","logger":"airflow.task.hooks.airflow.providers.apache.spark.hooks.spark_submit.SparkSubmitHook","filename":"spark_submit.py","lineno":644}
{"timestamp":"2026-01-11T16:32:29.174410Z","level":"info","event":"26/01/11 16:32:29 INFO FileSourceStrategy: Post-Scan Filters:","logger":"airflow.task.hooks.airflow.providers.apache.spark.hooks.spark_submit.SparkSubmitHook","filename":"spark_submit.py","lineno":644}
{"timestamp":"2026-01-11T16:32:29.223568Z","level":"info","event":"26/01/11 16:32:29 INFO MemoryStore: Block broadcast_39 stored as values in memory (estimated size 199.4 KiB, free 1046.7 MiB)","logger":"airflow.task.hooks.airflow.providers.apache.spark.hooks.spark_submit.SparkSubmitHook","filename":"spark_submit.py","lineno":644}
{"timestamp":"2026-01-11T16:32:29.242197Z","level":"info","event":"26/01/11 16:32:29 INFO MemoryStore: Block broadcast_39_piece0 stored as bytes in memory (estimated size 34.2 KiB, free 1046.6 MiB)","logger":"airflow.task.hooks.airflow.providers.apache.spark.hooks.spark_submit.SparkSubmitHook","filename":"spark_submit.py","lineno":644}
{"timestamp":"2026-01-11T16:32:29.243052Z","level":"info","event":"26/01/11 16:32:29 INFO BlockManagerInfo: Added broadcast_39_piece0 in memory on localhost:33275 (size: 34.2 KiB, free: 1048.5 MiB)","logger":"airflow.task.hooks.airflow.providers.apache.spark.hooks.spark_submit.SparkSubmitHook","filename":"spark_submit.py","lineno":644}
{"timestamp":"2026-01-11T16:32:29.244274Z","level":"info","event":"26/01/11 16:32:29 INFO SparkContext: Created broadcast 39 from count at NativeMethodAccessorImpl.java:0","logger":"airflow.task.hooks.airflow.providers.apache.spark.hooks.spark_submit.SparkSubmitHook","filename":"spark_submit.py","lineno":644}
{"timestamp":"2026-01-11T16:32:29.246512Z","level":"info","event":"26/01/11 16:32:29 INFO FileSourceScanExec: Planning scan with bin packing, max size: 4194304 bytes, open cost is considered as scanning 4194304 bytes.","logger":"airflow.task.hooks.airflow.providers.apache.spark.hooks.spark_submit.SparkSubmitHook","filename":"spark_submit.py","lineno":644}
{"timestamp":"2026-01-11T16:32:29.265307Z","level":"info","event":"26/01/11 16:32:29 INFO DAGScheduler: Registering RDD 115 (count at NativeMethodAccessorImpl.java:0) as input to shuffle 6","logger":"airflow.task.hooks.airflow.providers.apache.spark.hooks.spark_submit.SparkSubmitHook","filename":"spark_submit.py","lineno":644}
{"timestamp":"2026-01-11T16:32:29.266726Z","level":"info","event":"26/01/11 16:32:29 INFO DAGScheduler: Got map stage job 19 (count at NativeMethodAccessorImpl.java:0) with 1 output partitions","logger":"airflow.task.hooks.airflow.providers.apache.spark.hooks.spark_submit.SparkSubmitHook","filename":"spark_submit.py","lineno":644}
{"timestamp":"2026-01-11T16:32:29.267052Z","level":"info","event":"26/01/11 16:32:29 INFO DAGScheduler: Final stage: ShuffleMapStage 25 (count at NativeMethodAccessorImpl.java:0)","logger":"airflow.task.hooks.airflow.providers.apache.spark.hooks.spark_submit.SparkSubmitHook","filename":"spark_submit.py","lineno":644}
{"timestamp":"2026-01-11T16:32:29.267234Z","level":"info","event":"26/01/11 16:32:29 INFO DAGScheduler: Parents of final stage: List()","logger":"airflow.task.hooks.airflow.providers.apache.spark.hooks.spark_submit.SparkSubmitHook","filename":"spark_submit.py","lineno":644}
{"timestamp":"2026-01-11T16:32:29.267532Z","level":"info","event":"26/01/11 16:32:29 INFO DAGScheduler: Missing parents: List()","logger":"airflow.task.hooks.airflow.providers.apache.spark.hooks.spark_submit.SparkSubmitHook","filename":"spark_submit.py","lineno":644}
{"timestamp":"2026-01-11T16:32:29.269075Z","level":"info","event":"26/01/11 16:32:29 INFO DAGScheduler: Submitting ShuffleMapStage 25 (MapPartitionsRDD[115] at count at NativeMethodAccessorImpl.java:0), which has no missing parents","logger":"airflow.task.hooks.airflow.providers.apache.spark.hooks.spark_submit.SparkSubmitHook","filename":"spark_submit.py","lineno":644}
{"timestamp":"2026-01-11T16:32:29.274692Z","level":"info","event":"26/01/11 16:32:29 INFO MemoryStore: Block broadcast_40 stored as values in memory (estimated size 18.0 KiB, free 1046.6 MiB)","logger":"airflow.task.hooks.airflow.providers.apache.spark.hooks.spark_submit.SparkSubmitHook","filename":"spark_submit.py","lineno":644}
{"timestamp":"2026-01-11T16:32:29.327919Z","level":"info","event":"26/01/11 16:32:29 INFO MemoryStore: Block broadcast_40_piece0 stored as bytes in memory (estimated size 8.8 KiB, free 1046.6 MiB)","logger":"airflow.task.hooks.airflow.providers.apache.spark.hooks.spark_submit.SparkSubmitHook","filename":"spark_submit.py","lineno":644}
{"timestamp":"2026-01-11T16:32:29.328834Z","level":"info","event":"26/01/11 16:32:29 INFO BlockManagerInfo: Removed broadcast_33_piece0 on localhost:33275 in memory (size: 34.2 KiB, free: 1048.5 MiB)","logger":"airflow.task.hooks.airflow.providers.apache.spark.hooks.spark_submit.SparkSubmitHook","filename":"spark_submit.py","lineno":644}
{"timestamp":"2026-01-11T16:32:29.331547Z","level":"info","event":"26/01/11 16:32:29 INFO BlockManagerInfo: Added broadcast_40_piece0 in memory on localhost:33275 (size: 8.8 KiB, free: 1048.5 MiB)","logger":"airflow.task.hooks.airflow.providers.apache.spark.hooks.spark_submit.SparkSubmitHook","filename":"spark_submit.py","lineno":644}
{"timestamp":"2026-01-11T16:32:29.332528Z","level":"info","event":"26/01/11 16:32:29 INFO SparkContext: Created broadcast 40 from broadcast at DAGScheduler.scala:1580","logger":"airflow.task.hooks.airflow.providers.apache.spark.hooks.spark_submit.SparkSubmitHook","filename":"spark_submit.py","lineno":644}
{"timestamp":"2026-01-11T16:32:29.333484Z","level":"info","event":"26/01/11 16:32:29 INFO DAGScheduler: Submitting 1 missing tasks from ShuffleMapStage 25 (MapPartitionsRDD[115] at count at NativeMethodAccessorImpl.java:0) (first 15 tasks are for partitions Vector(0))","logger":"airflow.task.hooks.airflow.providers.apache.spark.hooks.spark_submit.SparkSubmitHook","filename":"spark_submit.py","lineno":644}
{"timestamp":"2026-01-11T16:32:29.333693Z","level":"info","event":"26/01/11 16:32:29 INFO TaskSchedulerImpl: Adding task set 25.0 with 1 tasks resource profile 0","logger":"airflow.task.hooks.airflow.providers.apache.spark.hooks.spark_submit.SparkSubmitHook","filename":"spark_submit.py","lineno":644}
{"timestamp":"2026-01-11T16:32:29.336682Z","level":"info","event":"26/01/11 16:32:29 INFO BlockManagerInfo: Removed broadcast_31_piece0 on localhost:33275 in memory (size: 6.4 KiB, free: 1048.5 MiB)","logger":"airflow.task.hooks.airflow.providers.apache.spark.hooks.spark_submit.SparkSubmitHook","filename":"spark_submit.py","lineno":644}
{"timestamp":"2026-01-11T16:32:29.337616Z","level":"info","event":"26/01/11 16:32:29 INFO TaskSetManager: Starting task 0.0 in stage 25.0 (TID 38) (localhost, executor driver, partition 0, PROCESS_LOCAL, 8267 bytes)","logger":"airflow.task.hooks.airflow.providers.apache.spark.hooks.spark_submit.SparkSubmitHook","filename":"spark_submit.py","lineno":644}
{"timestamp":"2026-01-11T16:32:29.341000Z","level":"info","event":"26/01/11 16:32:29 INFO Executor: Running task 0.0 in stage 25.0 (TID 38)","logger":"airflow.task.hooks.airflow.providers.apache.spark.hooks.spark_submit.SparkSubmitHook","filename":"spark_submit.py","lineno":644}
{"timestamp":"2026-01-11T16:32:29.350415Z","level":"info","event":"26/01/11 16:32:29 INFO BlockManagerInfo: Removed broadcast_36_piece0 on localhost:33275 in memory (size: 34.2 KiB, free: 1048.5 MiB)","logger":"airflow.task.hooks.airflow.providers.apache.spark.hooks.spark_submit.SparkSubmitHook","filename":"spark_submit.py","lineno":644}
{"timestamp":"2026-01-11T16:32:29.360666Z","level":"info","event":"26/01/11 16:32:29 INFO FileScanRDD: Reading File path: file:///opt/airflow/data/raw/olist_products/part-00000-6e76bd0b-e32f-463a-ad2e-c9c7aa84a3c3-c000.csv, range: 0-2338292, partition values: [empty row]","logger":"airflow.task.hooks.airflow.providers.apache.spark.hooks.spark_submit.SparkSubmitHook","filename":"spark_submit.py","lineno":644}
{"timestamp":"2026-01-11T16:32:29.361082Z","level":"info","event":"26/01/11 16:32:29 INFO BlockManagerInfo: Removed broadcast_38_piece0 on localhost:33275 in memory (size: 34.2 KiB, free: 1048.6 MiB)","logger":"airflow.task.hooks.airflow.providers.apache.spark.hooks.spark_submit.SparkSubmitHook","filename":"spark_submit.py","lineno":644}
{"timestamp":"2026-01-11T16:32:29.365725Z","level":"info","event":"26/01/11 16:32:29 INFO BlockManagerInfo: Removed broadcast_34_piece0 on localhost:33275 in memory (size: 8.8 KiB, free: 1048.6 MiB)","logger":"airflow.task.hooks.airflow.providers.apache.spark.hooks.spark_submit.SparkSubmitHook","filename":"spark_submit.py","lineno":644}
{"timestamp":"2026-01-11T16:32:29.369978Z","level":"info","event":"26/01/11 16:32:29 INFO BlockManagerInfo: Removed broadcast_32_piece0 on localhost:33275 in memory (size: 34.2 KiB, free: 1048.6 MiB)","logger":"airflow.task.hooks.airflow.providers.apache.spark.hooks.spark_submit.SparkSubmitHook","filename":"spark_submit.py","lineno":644}
{"timestamp":"2026-01-11T16:32:29.379416Z","level":"info","event":"26/01/11 16:32:29 INFO BlockManagerInfo: Removed broadcast_27_piece0 on localhost:33275 in memory (size: 34.2 KiB, free: 1048.6 MiB)","logger":"airflow.task.hooks.airflow.providers.apache.spark.hooks.spark_submit.SparkSubmitHook","filename":"spark_submit.py","lineno":644}
{"timestamp":"2026-01-11T16:32:29.391690Z","level":"info","event":"26/01/11 16:32:29 INFO BlockManagerInfo: Removed broadcast_35_piece0 on localhost:33275 in memory (size: 5.9 KiB, free: 1048.6 MiB)","logger":"airflow.task.hooks.airflow.providers.apache.spark.hooks.spark_submit.SparkSubmitHook","filename":"spark_submit.py","lineno":644}
{"timestamp":"2026-01-11T16:32:29.395294Z","level":"info","event":"26/01/11 16:32:29 INFO BlockManagerInfo: Removed broadcast_37_piece0 on localhost:33275 in memory (size: 6.4 KiB, free: 1048.6 MiB)","logger":"airflow.task.hooks.airflow.providers.apache.spark.hooks.spark_submit.SparkSubmitHook","filename":"spark_submit.py","lineno":644}
{"timestamp":"2026-01-11T16:32:29.403855Z","level":"info","event":"26/01/11 16:32:29 INFO BlockManagerInfo: Removed broadcast_29_piece0 on localhost:33275 in memory (size: 5.9 KiB, free: 1048.6 MiB)","logger":"airflow.task.hooks.airflow.providers.apache.spark.hooks.spark_submit.SparkSubmitHook","filename":"spark_submit.py","lineno":644}
{"timestamp":"2026-01-11T16:32:29.409108Z","level":"info","event":"26/01/11 16:32:29 INFO BlockManagerInfo: Removed broadcast_30_piece0 on localhost:33275 in memory (size: 34.2 KiB, free: 1048.7 MiB)","logger":"airflow.task.hooks.airflow.providers.apache.spark.hooks.spark_submit.SparkSubmitHook","filename":"spark_submit.py","lineno":644}
{"timestamp":"2026-01-11T16:32:29.413872Z","level":"info","event":"26/01/11 16:32:29 INFO BlockManagerInfo: Removed broadcast_28_piece0 on localhost:33275 in memory (size: 8.8 KiB, free: 1048.7 MiB)","logger":"airflow.task.hooks.airflow.providers.apache.spark.hooks.spark_submit.SparkSubmitHook","filename":"spark_submit.py","lineno":644}
{"timestamp":"2026-01-11T16:32:29.425026Z","level":"info","event":"26/01/11 16:32:29 INFO Executor: Finished task 0.0 in stage 25.0 (TID 38). 1925 bytes result sent to driver","logger":"airflow.task.hooks.airflow.providers.apache.spark.hooks.spark_submit.SparkSubmitHook","filename":"spark_submit.py","lineno":644}
{"timestamp":"2026-01-11T16:32:29.426229Z","level":"info","event":"26/01/11 16:32:29 INFO TaskSetManager: Finished task 0.0 in stage 25.0 (TID 38) in 90 ms on localhost (executor driver) (1/1)","logger":"airflow.task.hooks.airflow.providers.apache.spark.hooks.spark_submit.SparkSubmitHook","filename":"spark_submit.py","lineno":644}
{"timestamp":"2026-01-11T16:32:29.426322Z","level":"info","event":"26/01/11 16:32:29 INFO TaskSchedulerImpl: Removed TaskSet 25.0, whose tasks have all completed, from pool","logger":"airflow.task.hooks.airflow.providers.apache.spark.hooks.spark_submit.SparkSubmitHook","filename":"spark_submit.py","lineno":644}
{"timestamp":"2026-01-11T16:32:29.426755Z","level":"info","event":"26/01/11 16:32:29 INFO DAGScheduler: ShuffleMapStage 25 (count at NativeMethodAccessorImpl.java:0) finished in 0.156 s","logger":"airflow.task.hooks.airflow.providers.apache.spark.hooks.spark_submit.SparkSubmitHook","filename":"spark_submit.py","lineno":644}
{"timestamp":"2026-01-11T16:32:29.426808Z","level":"info","event":"26/01/11 16:32:29 INFO DAGScheduler: looking for newly runnable stages","logger":"airflow.task.hooks.airflow.providers.apache.spark.hooks.spark_submit.SparkSubmitHook","filename":"spark_submit.py","lineno":644}
{"timestamp":"2026-01-11T16:32:29.426835Z","level":"info","event":"26/01/11 16:32:29 INFO DAGScheduler: running: Set()","logger":"airflow.task.hooks.airflow.providers.apache.spark.hooks.spark_submit.SparkSubmitHook","filename":"spark_submit.py","lineno":644}
{"timestamp":"2026-01-11T16:32:29.426869Z","level":"info","event":"26/01/11 16:32:29 INFO DAGScheduler: waiting: Set()","logger":"airflow.task.hooks.airflow.providers.apache.spark.hooks.spark_submit.SparkSubmitHook","filename":"spark_submit.py","lineno":644}
{"timestamp":"2026-01-11T16:32:29.426893Z","level":"info","event":"26/01/11 16:32:29 INFO DAGScheduler: failed: Set()","logger":"airflow.task.hooks.airflow.providers.apache.spark.hooks.spark_submit.SparkSubmitHook","filename":"spark_submit.py","lineno":644}
{"timestamp":"2026-01-11T16:32:29.447063Z","level":"info","event":"26/01/11 16:32:29 INFO SparkContext: Starting job: count at NativeMethodAccessorImpl.java:0","logger":"airflow.task.hooks.airflow.providers.apache.spark.hooks.spark_submit.SparkSubmitHook","filename":"spark_submit.py","lineno":644}
{"timestamp":"2026-01-11T16:32:29.448481Z","level":"info","event":"26/01/11 16:32:29 INFO DAGScheduler: Got job 20 (count at NativeMethodAccessorImpl.java:0) with 1 output partitions","logger":"airflow.task.hooks.airflow.providers.apache.spark.hooks.spark_submit.SparkSubmitHook","filename":"spark_submit.py","lineno":644}
{"timestamp":"2026-01-11T16:32:29.448555Z","level":"info","event":"26/01/11 16:32:29 INFO DAGScheduler: Final stage: ResultStage 27 (count at NativeMethodAccessorImpl.java:0)","logger":"airflow.task.hooks.airflow.providers.apache.spark.hooks.spark_submit.SparkSubmitHook","filename":"spark_submit.py","lineno":644}
{"timestamp":"2026-01-11T16:32:29.448591Z","level":"info","event":"26/01/11 16:32:29 INFO DAGScheduler: Parents of final stage: List(ShuffleMapStage 26)","logger":"airflow.task.hooks.airflow.providers.apache.spark.hooks.spark_submit.SparkSubmitHook","filename":"spark_submit.py","lineno":644}
{"timestamp":"2026-01-11T16:32:29.448636Z","level":"info","event":"26/01/11 16:32:29 INFO DAGScheduler: Missing parents: List()","logger":"airflow.task.hooks.airflow.providers.apache.spark.hooks.spark_submit.SparkSubmitHook","filename":"spark_submit.py","lineno":644}
{"timestamp":"2026-01-11T16:32:29.449016Z","level":"info","event":"26/01/11 16:32:29 INFO DAGScheduler: Submitting ResultStage 27 (MapPartitionsRDD[118] at count at NativeMethodAccessorImpl.java:0), which has no missing parents","logger":"airflow.task.hooks.airflow.providers.apache.spark.hooks.spark_submit.SparkSubmitHook","filename":"spark_submit.py","lineno":644}
{"timestamp":"2026-01-11T16:32:29.450394Z","level":"info","event":"26/01/11 16:32:29 INFO MemoryStore: Block broadcast_41 stored as values in memory (estimated size 12.5 KiB, free 1048.1 MiB)","logger":"airflow.task.hooks.airflow.providers.apache.spark.hooks.spark_submit.SparkSubmitHook","filename":"spark_submit.py","lineno":644}
{"timestamp":"2026-01-11T16:32:29.453915Z","level":"info","event":"26/01/11 16:32:29 INFO MemoryStore: Block broadcast_41_piece0 stored as bytes in memory (estimated size 5.9 KiB, free 1048.1 MiB)","logger":"airflow.task.hooks.airflow.providers.apache.spark.hooks.spark_submit.SparkSubmitHook","filename":"spark_submit.py","lineno":644}
{"timestamp":"2026-01-11T16:32:29.454234Z","level":"info","event":"26/01/11 16:32:29 INFO BlockManagerInfo: Added broadcast_41_piece0 in memory on localhost:33275 (size: 5.9 KiB, free: 1048.7 MiB)","logger":"airflow.task.hooks.airflow.providers.apache.spark.hooks.spark_submit.SparkSubmitHook","filename":"spark_submit.py","lineno":644}
{"timestamp":"2026-01-11T16:32:29.454602Z","level":"info","event":"26/01/11 16:32:29 INFO SparkContext: Created broadcast 41 from broadcast at DAGScheduler.scala:1580","logger":"airflow.task.hooks.airflow.providers.apache.spark.hooks.spark_submit.SparkSubmitHook","filename":"spark_submit.py","lineno":644}
{"timestamp":"2026-01-11T16:32:29.454895Z","level":"info","event":"26/01/11 16:32:29 INFO DAGScheduler: Submitting 1 missing tasks from ResultStage 27 (MapPartitionsRDD[118] at count at NativeMethodAccessorImpl.java:0) (first 15 tasks are for partitions Vector(0))","logger":"airflow.task.hooks.airflow.providers.apache.spark.hooks.spark_submit.SparkSubmitHook","filename":"spark_submit.py","lineno":644}
{"timestamp":"2026-01-11T16:32:29.454946Z","level":"info","event":"26/01/11 16:32:29 INFO TaskSchedulerImpl: Adding task set 27.0 with 1 tasks resource profile 0","logger":"airflow.task.hooks.airflow.providers.apache.spark.hooks.spark_submit.SparkSubmitHook","filename":"spark_submit.py","lineno":644}
{"timestamp":"2026-01-11T16:32:29.455952Z","level":"info","event":"26/01/11 16:32:29 INFO TaskSetManager: Starting task 0.0 in stage 27.0 (TID 39) (localhost, executor driver, partition 0, NODE_LOCAL, 7615 bytes)","logger":"airflow.task.hooks.airflow.providers.apache.spark.hooks.spark_submit.SparkSubmitHook","filename":"spark_submit.py","lineno":644}
{"timestamp":"2026-01-11T16:32:29.456446Z","level":"info","event":"26/01/11 16:32:29 INFO Executor: Running task 0.0 in stage 27.0 (TID 39)","logger":"airflow.task.hooks.airflow.providers.apache.spark.hooks.spark_submit.SparkSubmitHook","filename":"spark_submit.py","lineno":644}
{"timestamp":"2026-01-11T16:32:29.459404Z","level":"info","event":"26/01/11 16:32:29 INFO ShuffleBlockFetcherIterator: Getting 1 (60.0 B) non-empty blocks including 1 (60.0 B) local and 0 (0.0 B) host-local and 0 (0.0 B) push-merged-local and 0 (0.0 B) remote blocks","logger":"airflow.task.hooks.airflow.providers.apache.spark.hooks.spark_submit.SparkSubmitHook","filename":"spark_submit.py","lineno":644}
{"timestamp":"2026-01-11T16:32:29.459524Z","level":"info","event":"26/01/11 16:32:29 INFO ShuffleBlockFetcherIterator: Started 0 remote fetches in 0 ms","logger":"airflow.task.hooks.airflow.providers.apache.spark.hooks.spark_submit.SparkSubmitHook","filename":"spark_submit.py","lineno":644}
{"timestamp":"2026-01-11T16:32:29.467072Z","level":"info","event":"26/01/11 16:32:29 INFO Executor: Finished task 0.0 in stage 27.0 (TID 39). 4038 bytes result sent to driver","logger":"airflow.task.hooks.airflow.providers.apache.spark.hooks.spark_submit.SparkSubmitHook","filename":"spark_submit.py","lineno":644}
{"timestamp":"2026-01-11T16:32:29.468334Z","level":"info","event":"26/01/11 16:32:29 INFO TaskSetManager: Finished task 0.0 in stage 27.0 (TID 39) in 13 ms on localhost (executor driver) (1/1)","logger":"airflow.task.hooks.airflow.providers.apache.spark.hooks.spark_submit.SparkSubmitHook","filename":"spark_submit.py","lineno":644}
{"timestamp":"2026-01-11T16:32:29.468428Z","level":"info","event":"26/01/11 16:32:29 INFO TaskSchedulerImpl: Removed TaskSet 27.0, whose tasks have all completed, from pool","logger":"airflow.task.hooks.airflow.providers.apache.spark.hooks.spark_submit.SparkSubmitHook","filename":"spark_submit.py","lineno":644}
{"timestamp":"2026-01-11T16:32:29.469615Z","level":"info","event":"26/01/11 16:32:29 INFO DAGScheduler: ResultStage 27 (count at NativeMethodAccessorImpl.java:0) finished in 0.019 s","logger":"airflow.task.hooks.airflow.providers.apache.spark.hooks.spark_submit.SparkSubmitHook","filename":"spark_submit.py","lineno":644}
{"timestamp":"2026-01-11T16:32:29.470083Z","level":"info","event":"26/01/11 16:32:29 INFO DAGScheduler: Job 20 is finished. Cancelling potential speculative or zombie tasks for this job","logger":"airflow.task.hooks.airflow.providers.apache.spark.hooks.spark_submit.SparkSubmitHook","filename":"spark_submit.py","lineno":644}
{"timestamp":"2026-01-11T16:32:29.470152Z","level":"info","event":"26/01/11 16:32:29 INFO TaskSchedulerImpl: Killing all running tasks in stage 27: Stage finished","logger":"airflow.task.hooks.airflow.providers.apache.spark.hooks.spark_submit.SparkSubmitHook","filename":"spark_submit.py","lineno":644}
{"timestamp":"2026-01-11T16:32:29.470398Z","level":"info","event":"26/01/11 16:32:29 INFO DAGScheduler: Job 20 finished: count at NativeMethodAccessorImpl.java:0, took 0.023230 s","logger":"airflow.task.hooks.airflow.providers.apache.spark.hooks.spark_submit.SparkSubmitHook","filename":"spark_submit.py","lineno":644}
{"timestamp":"2026-01-11T16:32:29.472485Z","level":"info","event":"Loaded olist_products with 32951 records for cleaning.","logger":"airflow.task.hooks.airflow.providers.apache.spark.hooks.spark_submit.SparkSubmitHook","filename":"spark_submit.py","lineno":644}
{"timestamp":"2026-01-11T16:32:29.475413Z","level":"info","event":"root","logger":"airflow.task.hooks.airflow.providers.apache.spark.hooks.spark_submit.SparkSubmitHook","filename":"spark_submit.py","lineno":644}
{"timestamp":"2026-01-11T16:32:29.475510Z","level":"info","event":"|-- product_id: string (nullable = true)","logger":"airflow.task.hooks.airflow.providers.apache.spark.hooks.spark_submit.SparkSubmitHook","filename":"spark_submit.py","lineno":644}
{"timestamp":"2026-01-11T16:32:29.475696Z","level":"info","event":"|-- product_category_name: string (nullable = true)","logger":"airflow.task.hooks.airflow.providers.apache.spark.hooks.spark_submit.SparkSubmitHook","filename":"spark_submit.py","lineno":644}
{"timestamp":"2026-01-11T16:32:29.475732Z","level":"info","event":"|-- product_name_lenght: string (nullable = true)","logger":"airflow.task.hooks.airflow.providers.apache.spark.hooks.spark_submit.SparkSubmitHook","filename":"spark_submit.py","lineno":644}
{"timestamp":"2026-01-11T16:32:29.475749Z","level":"info","event":"|-- product_description_lenght: string (nullable = true)","logger":"airflow.task.hooks.airflow.providers.apache.spark.hooks.spark_submit.SparkSubmitHook","filename":"spark_submit.py","lineno":644}
{"timestamp":"2026-01-11T16:32:29.475778Z","level":"info","event":"|-- product_photos_qty: string (nullable = true)","logger":"airflow.task.hooks.airflow.providers.apache.spark.hooks.spark_submit.SparkSubmitHook","filename":"spark_submit.py","lineno":644}
{"timestamp":"2026-01-11T16:32:29.475800Z","level":"info","event":"|-- product_weight_g: string (nullable = true)","logger":"airflow.task.hooks.airflow.providers.apache.spark.hooks.spark_submit.SparkSubmitHook","filename":"spark_submit.py","lineno":644}
{"timestamp":"2026-01-11T16:32:29.475825Z","level":"info","event":"|-- product_length_cm: string (nullable = true)","logger":"airflow.task.hooks.airflow.providers.apache.spark.hooks.spark_submit.SparkSubmitHook","filename":"spark_submit.py","lineno":644}
{"timestamp":"2026-01-11T16:32:29.475874Z","level":"info","event":"|-- product_height_cm: string (nullable = true)","logger":"airflow.task.hooks.airflow.providers.apache.spark.hooks.spark_submit.SparkSubmitHook","filename":"spark_submit.py","lineno":644}
{"timestamp":"2026-01-11T16:32:29.475896Z","level":"info","event":"|-- product_width_cm: string (nullable = true)","logger":"airflow.task.hooks.airflow.providers.apache.spark.hooks.spark_submit.SparkSubmitHook","filename":"spark_submit.py","lineno":644}
{"timestamp":"2026-01-11T16:32:29.475920Z","level":"info","event":"","logger":"airflow.task.hooks.airflow.providers.apache.spark.hooks.spark_submit.SparkSubmitHook","filename":"spark_submit.py","lineno":644}
{"timestamp":"2026-01-11T16:32:29.488882Z","level":"info","event":"26/01/11 16:32:29 INFO InMemoryFileIndex: It took 2 ms to list leaf files for 1 paths.","logger":"airflow.task.hooks.airflow.providers.apache.spark.hooks.spark_submit.SparkSubmitHook","filename":"spark_submit.py","lineno":644}
{"timestamp":"2026-01-11T16:32:29.492852Z","level":"info","event":"26/01/11 16:32:29 INFO InMemoryFileIndex: It took 0 ms to list leaf files for 1 paths.","logger":"airflow.task.hooks.airflow.providers.apache.spark.hooks.spark_submit.SparkSubmitHook","filename":"spark_submit.py","lineno":644}
{"timestamp":"2026-01-11T16:32:29.545767Z","level":"info","event":"26/01/11 16:32:29 INFO FileSourceStrategy: Pushed Filters:","logger":"airflow.task.hooks.airflow.providers.apache.spark.hooks.spark_submit.SparkSubmitHook","filename":"spark_submit.py","lineno":644}
{"timestamp":"2026-01-11T16:32:29.545897Z","level":"info","event":"26/01/11 16:32:29 INFO FileSourceStrategy: Post-Scan Filters: (length(trim(value#292, None)) > 0)","logger":"airflow.task.hooks.airflow.providers.apache.spark.hooks.spark_submit.SparkSubmitHook","filename":"spark_submit.py","lineno":644}
{"timestamp":"2026-01-11T16:32:29.566945Z","level":"info","event":"26/01/11 16:32:29 INFO MemoryStore: Block broadcast_42 stored as values in memory (estimated size 199.5 KiB, free 1047.9 MiB)","logger":"airflow.task.hooks.airflow.providers.apache.spark.hooks.spark_submit.SparkSubmitHook","filename":"spark_submit.py","lineno":644}
{"timestamp":"2026-01-11T16:32:29.582507Z","level":"info","event":"26/01/11 16:32:29 INFO MemoryStore: Block broadcast_42_piece0 stored as bytes in memory (estimated size 34.2 KiB, free 1047.8 MiB)","logger":"airflow.task.hooks.airflow.providers.apache.spark.hooks.spark_submit.SparkSubmitHook","filename":"spark_submit.py","lineno":644}
{"timestamp":"2026-01-11T16:32:29.583072Z","level":"info","event":"26/01/11 16:32:29 INFO BlockManagerInfo: Added broadcast_42_piece0 in memory on localhost:33275 (size: 34.2 KiB, free: 1048.7 MiB)","logger":"airflow.task.hooks.airflow.providers.apache.spark.hooks.spark_submit.SparkSubmitHook","filename":"spark_submit.py","lineno":644}
{"timestamp":"2026-01-11T16:32:29.583996Z","level":"info","event":"26/01/11 16:32:29 INFO SparkContext: Created broadcast 42 from csv at NativeMethodAccessorImpl.java:0","logger":"airflow.task.hooks.airflow.providers.apache.spark.hooks.spark_submit.SparkSubmitHook","filename":"spark_submit.py","lineno":644}
{"timestamp":"2026-01-11T16:32:29.585816Z","level":"info","event":"26/01/11 16:32:29 INFO FileSourceScanExec: Planning scan with bin packing, max size: 4194304 bytes, open cost is considered as scanning 4194304 bytes.","logger":"airflow.task.hooks.airflow.providers.apache.spark.hooks.spark_submit.SparkSubmitHook","filename":"spark_submit.py","lineno":644}
{"timestamp":"2026-01-11T16:32:29.595365Z","level":"info","event":"26/01/11 16:32:29 INFO SparkContext: Starting job: csv at NativeMethodAccessorImpl.java:0","logger":"airflow.task.hooks.airflow.providers.apache.spark.hooks.spark_submit.SparkSubmitHook","filename":"spark_submit.py","lineno":644}
{"timestamp":"2026-01-11T16:32:29.596294Z","level":"info","event":"26/01/11 16:32:29 INFO DAGScheduler: Got job 21 (csv at NativeMethodAccessorImpl.java:0) with 1 output partitions","logger":"airflow.task.hooks.airflow.providers.apache.spark.hooks.spark_submit.SparkSubmitHook","filename":"spark_submit.py","lineno":644}
{"timestamp":"2026-01-11T16:32:29.596356Z","level":"info","event":"26/01/11 16:32:29 INFO DAGScheduler: Final stage: ResultStage 28 (csv at NativeMethodAccessorImpl.java:0)","logger":"airflow.task.hooks.airflow.providers.apache.spark.hooks.spark_submit.SparkSubmitHook","filename":"spark_submit.py","lineno":644}
{"timestamp":"2026-01-11T16:32:29.596392Z","level":"info","event":"26/01/11 16:32:29 INFO DAGScheduler: Parents of final stage: List()","logger":"airflow.task.hooks.airflow.providers.apache.spark.hooks.spark_submit.SparkSubmitHook","filename":"spark_submit.py","lineno":644}
{"timestamp":"2026-01-11T16:32:29.596432Z","level":"info","event":"26/01/11 16:32:29 INFO DAGScheduler: Missing parents: List()","logger":"airflow.task.hooks.airflow.providers.apache.spark.hooks.spark_submit.SparkSubmitHook","filename":"spark_submit.py","lineno":644}
{"timestamp":"2026-01-11T16:32:29.597425Z","level":"info","event":"26/01/11 16:32:29 INFO DAGScheduler: Submitting ResultStage 28 (MapPartitionsRDD[122] at csv at NativeMethodAccessorImpl.java:0), which has no missing parents","logger":"airflow.task.hooks.airflow.providers.apache.spark.hooks.spark_submit.SparkSubmitHook","filename":"spark_submit.py","lineno":644}
{"timestamp":"2026-01-11T16:32:29.599186Z","level":"info","event":"26/01/11 16:32:29 INFO MemoryStore: Block broadcast_43 stored as values in memory (estimated size 13.5 KiB, free 1047.8 MiB)","logger":"airflow.task.hooks.airflow.providers.apache.spark.hooks.spark_submit.SparkSubmitHook","filename":"spark_submit.py","lineno":644}
{"timestamp":"2026-01-11T16:32:29.601835Z","level":"info","event":"26/01/11 16:32:29 INFO MemoryStore: Block broadcast_43_piece0 stored as bytes in memory (estimated size 6.4 KiB, free 1047.8 MiB)","logger":"airflow.task.hooks.airflow.providers.apache.spark.hooks.spark_submit.SparkSubmitHook","filename":"spark_submit.py","lineno":644}
{"timestamp":"2026-01-11T16:32:29.602531Z","level":"info","event":"26/01/11 16:32:29 INFO BlockManagerInfo: Added broadcast_43_piece0 in memory on localhost:33275 (size: 6.4 KiB, free: 1048.6 MiB)","logger":"airflow.task.hooks.airflow.providers.apache.spark.hooks.spark_submit.SparkSubmitHook","filename":"spark_submit.py","lineno":644}
{"timestamp":"2026-01-11T16:32:29.603079Z","level":"info","event":"26/01/11 16:32:29 INFO SparkContext: Created broadcast 43 from broadcast at DAGScheduler.scala:1580","logger":"airflow.task.hooks.airflow.providers.apache.spark.hooks.spark_submit.SparkSubmitHook","filename":"spark_submit.py","lineno":644}
{"timestamp":"2026-01-11T16:32:29.603645Z","level":"info","event":"26/01/11 16:32:29 INFO DAGScheduler: Submitting 1 missing tasks from ResultStage 28 (MapPartitionsRDD[122] at csv at NativeMethodAccessorImpl.java:0) (first 15 tasks are for partitions Vector(0))","logger":"airflow.task.hooks.airflow.providers.apache.spark.hooks.spark_submit.SparkSubmitHook","filename":"spark_submit.py","lineno":644}
{"timestamp":"2026-01-11T16:32:29.603701Z","level":"info","event":"26/01/11 16:32:29 INFO TaskSchedulerImpl: Adding task set 28.0 with 1 tasks resource profile 0","logger":"airflow.task.hooks.airflow.providers.apache.spark.hooks.spark_submit.SparkSubmitHook","filename":"spark_submit.py","lineno":644}
{"timestamp":"2026-01-11T16:32:29.605224Z","level":"info","event":"26/01/11 16:32:29 INFO TaskSetManager: Starting task 0.0 in stage 28.0 (TID 40) (localhost, executor driver, partition 0, PROCESS_LOCAL, 8277 bytes)","logger":"airflow.task.hooks.airflow.providers.apache.spark.hooks.spark_submit.SparkSubmitHook","filename":"spark_submit.py","lineno":644}
{"timestamp":"2026-01-11T16:32:29.607090Z","level":"info","event":"26/01/11 16:32:29 INFO Executor: Running task 0.0 in stage 28.0 (TID 40)","logger":"airflow.task.hooks.airflow.providers.apache.spark.hooks.spark_submit.SparkSubmitHook","filename":"spark_submit.py","lineno":644}
{"timestamp":"2026-01-11T16:32:29.613924Z","level":"info","event":"26/01/11 16:32:29 INFO FileScanRDD: Reading File path: file:///opt/airflow/data/raw/olist_sellers/part-00000-7a4fbb7a-24f7-4cbb-8f39-183665f7786e-c000.csv, range: 0-164617, partition values: [empty row]","logger":"airflow.task.hooks.airflow.providers.apache.spark.hooks.spark_submit.SparkSubmitHook","filename":"spark_submit.py","lineno":644}
{"timestamp":"2026-01-11T16:32:29.622330Z","level":"info","event":"26/01/11 16:32:29 INFO Executor: Finished task 0.0 in stage 28.0 (TID 40). 1621 bytes result sent to driver","logger":"airflow.task.hooks.airflow.providers.apache.spark.hooks.spark_submit.SparkSubmitHook","filename":"spark_submit.py","lineno":644}
{"timestamp":"2026-01-11T16:32:29.623110Z","level":"info","event":"26/01/11 16:32:29 INFO TaskSetManager: Finished task 0.0 in stage 28.0 (TID 40) in 19 ms on localhost (executor driver) (1/1)","logger":"airflow.task.hooks.airflow.providers.apache.spark.hooks.spark_submit.SparkSubmitHook","filename":"spark_submit.py","lineno":644}
{"timestamp":"2026-01-11T16:32:29.623170Z","level":"info","event":"26/01/11 16:32:29 INFO TaskSchedulerImpl: Removed TaskSet 28.0, whose tasks have all completed, from pool","logger":"airflow.task.hooks.airflow.providers.apache.spark.hooks.spark_submit.SparkSubmitHook","filename":"spark_submit.py","lineno":644}
{"timestamp":"2026-01-11T16:32:29.623495Z","level":"info","event":"26/01/11 16:32:29 INFO DAGScheduler: ResultStage 28 (csv at NativeMethodAccessorImpl.java:0) finished in 0.025 s","logger":"airflow.task.hooks.airflow.providers.apache.spark.hooks.spark_submit.SparkSubmitHook","filename":"spark_submit.py","lineno":644}
{"timestamp":"2026-01-11T16:32:29.623684Z","level":"info","event":"26/01/11 16:32:29 INFO DAGScheduler: Job 21 is finished. Cancelling potential speculative or zombie tasks for this job","logger":"airflow.task.hooks.airflow.providers.apache.spark.hooks.spark_submit.SparkSubmitHook","filename":"spark_submit.py","lineno":644}
{"timestamp":"2026-01-11T16:32:29.623721Z","level":"info","event":"26/01/11 16:32:29 INFO TaskSchedulerImpl: Killing all running tasks in stage 28: Stage finished","logger":"airflow.task.hooks.airflow.providers.apache.spark.hooks.spark_submit.SparkSubmitHook","filename":"spark_submit.py","lineno":644}
{"timestamp":"2026-01-11T16:32:29.623750Z","level":"info","event":"26/01/11 16:32:29 INFO DAGScheduler: Job 21 finished: csv at NativeMethodAccessorImpl.java:0, took 0.028351 s","logger":"airflow.task.hooks.airflow.providers.apache.spark.hooks.spark_submit.SparkSubmitHook","filename":"spark_submit.py","lineno":644}
{"timestamp":"2026-01-11T16:32:29.634732Z","level":"info","event":"26/01/11 16:32:29 INFO FileSourceStrategy: Pushed Filters:","logger":"airflow.task.hooks.airflow.providers.apache.spark.hooks.spark_submit.SparkSubmitHook","filename":"spark_submit.py","lineno":644}
{"timestamp":"2026-01-11T16:32:29.634933Z","level":"info","event":"26/01/11 16:32:29 INFO FileSourceStrategy: Post-Scan Filters:","logger":"airflow.task.hooks.airflow.providers.apache.spark.hooks.spark_submit.SparkSubmitHook","filename":"spark_submit.py","lineno":644}
{"timestamp":"2026-01-11T16:32:29.638721Z","level":"info","event":"26/01/11 16:32:29 INFO MemoryStore: Block broadcast_44 stored as values in memory (estimated size 199.5 KiB, free 1047.6 MiB)","logger":"airflow.task.hooks.airflow.providers.apache.spark.hooks.spark_submit.SparkSubmitHook","filename":"spark_submit.py","lineno":644}
{"timestamp":"2026-01-11T16:32:29.650040Z","level":"info","event":"26/01/11 16:32:29 INFO MemoryStore: Block broadcast_44_piece0 stored as bytes in memory (estimated size 34.2 KiB, free 1047.6 MiB)","logger":"airflow.task.hooks.airflow.providers.apache.spark.hooks.spark_submit.SparkSubmitHook","filename":"spark_submit.py","lineno":644}
{"timestamp":"2026-01-11T16:32:29.650474Z","level":"info","event":"26/01/11 16:32:29 INFO BlockManagerInfo: Added broadcast_44_piece0 in memory on localhost:33275 (size: 34.2 KiB, free: 1048.6 MiB)","logger":"airflow.task.hooks.airflow.providers.apache.spark.hooks.spark_submit.SparkSubmitHook","filename":"spark_submit.py","lineno":644}
{"timestamp":"2026-01-11T16:32:29.651088Z","level":"info","event":"26/01/11 16:32:29 INFO SparkContext: Created broadcast 44 from csv at NativeMethodAccessorImpl.java:0","logger":"airflow.task.hooks.airflow.providers.apache.spark.hooks.spark_submit.SparkSubmitHook","filename":"spark_submit.py","lineno":644}
{"timestamp":"2026-01-11T16:32:29.651784Z","level":"info","event":"26/01/11 16:32:29 INFO FileSourceScanExec: Planning scan with bin packing, max size: 4194304 bytes, open cost is considered as scanning 4194304 bytes.","logger":"airflow.task.hooks.airflow.providers.apache.spark.hooks.spark_submit.SparkSubmitHook","filename":"spark_submit.py","lineno":644}
{"timestamp":"2026-01-11T16:32:29.660922Z","level":"info","event":"____________________________________________________","logger":"airflow.task.hooks.airflow.providers.apache.spark.hooks.spark_submit.SparkSubmitHook","filename":"spark_submit.py","lineno":644}
{"timestamp":"2026-01-11T16:32:29.668753Z","level":"info","event":"26/01/11 16:32:29 INFO FileSourceStrategy: Pushed Filters:","logger":"airflow.task.hooks.airflow.providers.apache.spark.hooks.spark_submit.SparkSubmitHook","filename":"spark_submit.py","lineno":644}
{"timestamp":"2026-01-11T16:32:29.668910Z","level":"info","event":"26/01/11 16:32:29 INFO FileSourceStrategy: Post-Scan Filters:","logger":"airflow.task.hooks.airflow.providers.apache.spark.hooks.spark_submit.SparkSubmitHook","filename":"spark_submit.py","lineno":644}
{"timestamp":"2026-01-11T16:32:29.679807Z","level":"info","event":"26/01/11 16:32:29 INFO MemoryStore: Block broadcast_45 stored as values in memory (estimated size 199.4 KiB, free 1047.4 MiB)","logger":"airflow.task.hooks.airflow.providers.apache.spark.hooks.spark_submit.SparkSubmitHook","filename":"spark_submit.py","lineno":644}
{"timestamp":"2026-01-11T16:32:29.692229Z","level":"info","event":"26/01/11 16:32:29 INFO MemoryStore: Block broadcast_45_piece0 stored as bytes in memory (estimated size 34.2 KiB, free 1047.4 MiB)","logger":"airflow.task.hooks.airflow.providers.apache.spark.hooks.spark_submit.SparkSubmitHook","filename":"spark_submit.py","lineno":644}
{"timestamp":"2026-01-11T16:32:29.692521Z","level":"info","event":"26/01/11 16:32:29 INFO BlockManagerInfo: Added broadcast_45_piece0 in memory on localhost:33275 (size: 34.2 KiB, free: 1048.6 MiB)","logger":"airflow.task.hooks.airflow.providers.apache.spark.hooks.spark_submit.SparkSubmitHook","filename":"spark_submit.py","lineno":644}
{"timestamp":"2026-01-11T16:32:29.693606Z","level":"info","event":"26/01/11 16:32:29 INFO SparkContext: Created broadcast 45 from count at NativeMethodAccessorImpl.java:0","logger":"airflow.task.hooks.airflow.providers.apache.spark.hooks.spark_submit.SparkSubmitHook","filename":"spark_submit.py","lineno":644}
{"timestamp":"2026-01-11T16:32:29.694566Z","level":"info","event":"26/01/11 16:32:29 INFO FileSourceScanExec: Planning scan with bin packing, max size: 4194304 bytes, open cost is considered as scanning 4194304 bytes.","logger":"airflow.task.hooks.airflow.providers.apache.spark.hooks.spark_submit.SparkSubmitHook","filename":"spark_submit.py","lineno":644}
{"timestamp":"2026-01-11T16:32:29.698633Z","level":"info","event":"26/01/11 16:32:29 INFO DAGScheduler: Registering RDD 132 (count at NativeMethodAccessorImpl.java:0) as input to shuffle 7","logger":"airflow.task.hooks.airflow.providers.apache.spark.hooks.spark_submit.SparkSubmitHook","filename":"spark_submit.py","lineno":644}
{"timestamp":"2026-01-11T16:32:29.698772Z","level":"info","event":"26/01/11 16:32:29 INFO DAGScheduler: Got map stage job 22 (count at NativeMethodAccessorImpl.java:0) with 1 output partitions","logger":"airflow.task.hooks.airflow.providers.apache.spark.hooks.spark_submit.SparkSubmitHook","filename":"spark_submit.py","lineno":644}
{"timestamp":"2026-01-11T16:32:29.698813Z","level":"info","event":"26/01/11 16:32:29 INFO DAGScheduler: Final stage: ShuffleMapStage 29 (count at NativeMethodAccessorImpl.java:0)","logger":"airflow.task.hooks.airflow.providers.apache.spark.hooks.spark_submit.SparkSubmitHook","filename":"spark_submit.py","lineno":644}
{"timestamp":"2026-01-11T16:32:29.698842Z","level":"info","event":"26/01/11 16:32:29 INFO DAGScheduler: Parents of final stage: List()","logger":"airflow.task.hooks.airflow.providers.apache.spark.hooks.spark_submit.SparkSubmitHook","filename":"spark_submit.py","lineno":644}
{"timestamp":"2026-01-11T16:32:29.698873Z","level":"info","event":"26/01/11 16:32:29 INFO DAGScheduler: Missing parents: List()","logger":"airflow.task.hooks.airflow.providers.apache.spark.hooks.spark_submit.SparkSubmitHook","filename":"spark_submit.py","lineno":644}
{"timestamp":"2026-01-11T16:32:29.699080Z","level":"info","event":"26/01/11 16:32:29 INFO DAGScheduler: Submitting ShuffleMapStage 29 (MapPartitionsRDD[132] at count at NativeMethodAccessorImpl.java:0), which has no missing parents","logger":"airflow.task.hooks.airflow.providers.apache.spark.hooks.spark_submit.SparkSubmitHook","filename":"spark_submit.py","lineno":644}
{"timestamp":"2026-01-11T16:32:29.702260Z","level":"info","event":"26/01/11 16:32:29 INFO MemoryStore: Block broadcast_46 stored as values in memory (estimated size 17.8 KiB, free 1047.4 MiB)","logger":"airflow.task.hooks.airflow.providers.apache.spark.hooks.spark_submit.SparkSubmitHook","filename":"spark_submit.py","lineno":644}
{"timestamp":"2026-01-11T16:32:29.709812Z","level":"info","event":"26/01/11 16:32:29 INFO MemoryStore: Block broadcast_46_piece0 stored as bytes in memory (estimated size 8.8 KiB, free 1047.3 MiB)","logger":"airflow.task.hooks.airflow.providers.apache.spark.hooks.spark_submit.SparkSubmitHook","filename":"spark_submit.py","lineno":644}
{"timestamp":"2026-01-11T16:32:29.710161Z","level":"info","event":"26/01/11 16:32:29 INFO BlockManagerInfo: Added broadcast_46_piece0 in memory on localhost:33275 (size: 8.8 KiB, free: 1048.6 MiB)","logger":"airflow.task.hooks.airflow.providers.apache.spark.hooks.spark_submit.SparkSubmitHook","filename":"spark_submit.py","lineno":644}
{"timestamp":"2026-01-11T16:32:29.710645Z","level":"info","event":"26/01/11 16:32:29 INFO SparkContext: Created broadcast 46 from broadcast at DAGScheduler.scala:1580","logger":"airflow.task.hooks.airflow.providers.apache.spark.hooks.spark_submit.SparkSubmitHook","filename":"spark_submit.py","lineno":644}
{"timestamp":"2026-01-11T16:32:29.710983Z","level":"info","event":"26/01/11 16:32:29 INFO DAGScheduler: Submitting 1 missing tasks from ShuffleMapStage 29 (MapPartitionsRDD[132] at count at NativeMethodAccessorImpl.java:0) (first 15 tasks are for partitions Vector(0))","logger":"airflow.task.hooks.airflow.providers.apache.spark.hooks.spark_submit.SparkSubmitHook","filename":"spark_submit.py","lineno":644}
{"timestamp":"2026-01-11T16:32:29.711026Z","level":"info","event":"26/01/11 16:32:29 INFO TaskSchedulerImpl: Adding task set 29.0 with 1 tasks resource profile 0","logger":"airflow.task.hooks.airflow.providers.apache.spark.hooks.spark_submit.SparkSubmitHook","filename":"spark_submit.py","lineno":644}
{"timestamp":"2026-01-11T16:32:29.711975Z","level":"info","event":"26/01/11 16:32:29 INFO TaskSetManager: Starting task 0.0 in stage 29.0 (TID 41) (localhost, executor driver, partition 0, PROCESS_LOCAL, 8266 bytes)","logger":"airflow.task.hooks.airflow.providers.apache.spark.hooks.spark_submit.SparkSubmitHook","filename":"spark_submit.py","lineno":644}
{"timestamp":"2026-01-11T16:32:29.712416Z","level":"info","event":"26/01/11 16:32:29 INFO Executor: Running task 0.0 in stage 29.0 (TID 41)","logger":"airflow.task.hooks.airflow.providers.apache.spark.hooks.spark_submit.SparkSubmitHook","filename":"spark_submit.py","lineno":644}
{"timestamp":"2026-01-11T16:32:29.715590Z","level":"info","event":"26/01/11 16:32:29 INFO FileScanRDD: Reading File path: file:///opt/airflow/data/raw/olist_sellers/part-00000-7a4fbb7a-24f7-4cbb-8f39-183665f7786e-c000.csv, range: 0-164617, partition values: [empty row]","logger":"airflow.task.hooks.airflow.providers.apache.spark.hooks.spark_submit.SparkSubmitHook","filename":"spark_submit.py","lineno":644}
{"timestamp":"2026-01-11T16:32:29.727610Z","level":"info","event":"26/01/11 16:32:29 INFO Executor: Finished task 0.0 in stage 29.0 (TID 41). 1925 bytes result sent to driver","logger":"airflow.task.hooks.airflow.providers.apache.spark.hooks.spark_submit.SparkSubmitHook","filename":"spark_submit.py","lineno":644}
{"timestamp":"2026-01-11T16:32:29.728345Z","level":"info","event":"26/01/11 16:32:29 INFO TaskSetManager: Finished task 0.0 in stage 29.0 (TID 41) in 17 ms on localhost (executor driver) (1/1)","logger":"airflow.task.hooks.airflow.providers.apache.spark.hooks.spark_submit.SparkSubmitHook","filename":"spark_submit.py","lineno":644}
{"timestamp":"2026-01-11T16:32:29.728411Z","level":"info","event":"26/01/11 16:32:29 INFO TaskSchedulerImpl: Removed TaskSet 29.0, whose tasks have all completed, from pool","logger":"airflow.task.hooks.airflow.providers.apache.spark.hooks.spark_submit.SparkSubmitHook","filename":"spark_submit.py","lineno":644}
{"timestamp":"2026-01-11T16:32:29.729033Z","level":"info","event":"26/01/11 16:32:29 INFO DAGScheduler: ShuffleMapStage 29 (count at NativeMethodAccessorImpl.java:0) finished in 0.029 s","logger":"airflow.task.hooks.airflow.providers.apache.spark.hooks.spark_submit.SparkSubmitHook","filename":"spark_submit.py","lineno":644}
{"timestamp":"2026-01-11T16:32:29.729215Z","level":"info","event":"26/01/11 16:32:29 INFO DAGScheduler: looking for newly runnable stages","logger":"airflow.task.hooks.airflow.providers.apache.spark.hooks.spark_submit.SparkSubmitHook","filename":"spark_submit.py","lineno":644}
{"timestamp":"2026-01-11T16:32:29.729282Z","level":"info","event":"26/01/11 16:32:29 INFO DAGScheduler: running: Set()","logger":"airflow.task.hooks.airflow.providers.apache.spark.hooks.spark_submit.SparkSubmitHook","filename":"spark_submit.py","lineno":644}
{"timestamp":"2026-01-11T16:32:29.729321Z","level":"info","event":"26/01/11 16:32:29 INFO DAGScheduler: waiting: Set()","logger":"airflow.task.hooks.airflow.providers.apache.spark.hooks.spark_submit.SparkSubmitHook","filename":"spark_submit.py","lineno":644}
{"timestamp":"2026-01-11T16:32:29.729364Z","level":"info","event":"26/01/11 16:32:29 INFO DAGScheduler: failed: Set()","logger":"airflow.task.hooks.airflow.providers.apache.spark.hooks.spark_submit.SparkSubmitHook","filename":"spark_submit.py","lineno":644}
{"timestamp":"2026-01-11T16:32:29.745087Z","level":"info","event":"26/01/11 16:32:29 INFO SparkContext: Starting job: count at NativeMethodAccessorImpl.java:0","logger":"airflow.task.hooks.airflow.providers.apache.spark.hooks.spark_submit.SparkSubmitHook","filename":"spark_submit.py","lineno":644}
{"timestamp":"2026-01-11T16:32:29.745856Z","level":"info","event":"26/01/11 16:32:29 INFO DAGScheduler: Got job 23 (count at NativeMethodAccessorImpl.java:0) with 1 output partitions","logger":"airflow.task.hooks.airflow.providers.apache.spark.hooks.spark_submit.SparkSubmitHook","filename":"spark_submit.py","lineno":644}
{"timestamp":"2026-01-11T16:32:29.745921Z","level":"info","event":"26/01/11 16:32:29 INFO DAGScheduler: Final stage: ResultStage 31 (count at NativeMethodAccessorImpl.java:0)","logger":"airflow.task.hooks.airflow.providers.apache.spark.hooks.spark_submit.SparkSubmitHook","filename":"spark_submit.py","lineno":644}
{"timestamp":"2026-01-11T16:32:29.745983Z","level":"info","event":"26/01/11 16:32:29 INFO DAGScheduler: Parents of final stage: List(ShuffleMapStage 30)","logger":"airflow.task.hooks.airflow.providers.apache.spark.hooks.spark_submit.SparkSubmitHook","filename":"spark_submit.py","lineno":644}
{"timestamp":"2026-01-11T16:32:29.746012Z","level":"info","event":"26/01/11 16:32:29 INFO DAGScheduler: Missing parents: List()","logger":"airflow.task.hooks.airflow.providers.apache.spark.hooks.spark_submit.SparkSubmitHook","filename":"spark_submit.py","lineno":644}
{"timestamp":"2026-01-11T16:32:29.746285Z","level":"info","event":"26/01/11 16:32:29 INFO DAGScheduler: Submitting ResultStage 31 (MapPartitionsRDD[135] at count at NativeMethodAccessorImpl.java:0), which has no missing parents","logger":"airflow.task.hooks.airflow.providers.apache.spark.hooks.spark_submit.SparkSubmitHook","filename":"spark_submit.py","lineno":644}
{"timestamp":"2026-01-11T16:32:29.747393Z","level":"info","event":"26/01/11 16:32:29 INFO MemoryStore: Block broadcast_47 stored as values in memory (estimated size 12.5 KiB, free 1047.3 MiB)","logger":"airflow.task.hooks.airflow.providers.apache.spark.hooks.spark_submit.SparkSubmitHook","filename":"spark_submit.py","lineno":644}
{"timestamp":"2026-01-11T16:32:29.751340Z","level":"info","event":"26/01/11 16:32:29 INFO MemoryStore: Block broadcast_47_piece0 stored as bytes in memory (estimated size 5.9 KiB, free 1047.3 MiB)","logger":"airflow.task.hooks.airflow.providers.apache.spark.hooks.spark_submit.SparkSubmitHook","filename":"spark_submit.py","lineno":644}
{"timestamp":"2026-01-11T16:32:29.752222Z","level":"info","event":"26/01/11 16:32:29 INFO BlockManagerInfo: Added broadcast_47_piece0 in memory on localhost:33275 (size: 5.9 KiB, free: 1048.6 MiB)","logger":"airflow.task.hooks.airflow.providers.apache.spark.hooks.spark_submit.SparkSubmitHook","filename":"spark_submit.py","lineno":644}
{"timestamp":"2026-01-11T16:32:29.753566Z","level":"info","event":"26/01/11 16:32:29 INFO SparkContext: Created broadcast 47 from broadcast at DAGScheduler.scala:1580","logger":"airflow.task.hooks.airflow.providers.apache.spark.hooks.spark_submit.SparkSubmitHook","filename":"spark_submit.py","lineno":644}
{"timestamp":"2026-01-11T16:32:29.754167Z","level":"info","event":"26/01/11 16:32:29 INFO DAGScheduler: Submitting 1 missing tasks from ResultStage 31 (MapPartitionsRDD[135] at count at NativeMethodAccessorImpl.java:0) (first 15 tasks are for partitions Vector(0))","logger":"airflow.task.hooks.airflow.providers.apache.spark.hooks.spark_submit.SparkSubmitHook","filename":"spark_submit.py","lineno":644}
{"timestamp":"2026-01-11T16:32:29.754351Z","level":"info","event":"26/01/11 16:32:29 INFO TaskSchedulerImpl: Adding task set 31.0 with 1 tasks resource profile 0","logger":"airflow.task.hooks.airflow.providers.apache.spark.hooks.spark_submit.SparkSubmitHook","filename":"spark_submit.py","lineno":644}
{"timestamp":"2026-01-11T16:32:29.756015Z","level":"info","event":"26/01/11 16:32:29 INFO TaskSetManager: Starting task 0.0 in stage 31.0 (TID 42) (localhost, executor driver, partition 0, NODE_LOCAL, 7615 bytes)","logger":"airflow.task.hooks.airflow.providers.apache.spark.hooks.spark_submit.SparkSubmitHook","filename":"spark_submit.py","lineno":644}
{"timestamp":"2026-01-11T16:32:29.756737Z","level":"info","event":"26/01/11 16:32:29 INFO Executor: Running task 0.0 in stage 31.0 (TID 42)","logger":"airflow.task.hooks.airflow.providers.apache.spark.hooks.spark_submit.SparkSubmitHook","filename":"spark_submit.py","lineno":644}
{"timestamp":"2026-01-11T16:32:29.760367Z","level":"info","event":"26/01/11 16:32:29 INFO ShuffleBlockFetcherIterator: Getting 1 (60.0 B) non-empty blocks including 1 (60.0 B) local and 0 (0.0 B) host-local and 0 (0.0 B) push-merged-local and 0 (0.0 B) remote blocks","logger":"airflow.task.hooks.airflow.providers.apache.spark.hooks.spark_submit.SparkSubmitHook","filename":"spark_submit.py","lineno":644}
{"timestamp":"2026-01-11T16:32:29.760463Z","level":"info","event":"26/01/11 16:32:29 INFO ShuffleBlockFetcherIterator: Started 0 remote fetches in 0 ms","logger":"airflow.task.hooks.airflow.providers.apache.spark.hooks.spark_submit.SparkSubmitHook","filename":"spark_submit.py","lineno":644}
{"timestamp":"2026-01-11T16:32:29.762802Z","level":"info","event":"26/01/11 16:32:29 INFO Executor: Finished task 0.0 in stage 31.0 (TID 42). 3995 bytes result sent to driver","logger":"airflow.task.hooks.airflow.providers.apache.spark.hooks.spark_submit.SparkSubmitHook","filename":"spark_submit.py","lineno":644}
{"timestamp":"2026-01-11T16:32:29.764112Z","level":"info","event":"26/01/11 16:32:29 INFO TaskSetManager: Finished task 0.0 in stage 31.0 (TID 42) in 8 ms on localhost (executor driver) (1/1)","logger":"airflow.task.hooks.airflow.providers.apache.spark.hooks.spark_submit.SparkSubmitHook","filename":"spark_submit.py","lineno":644}
{"timestamp":"2026-01-11T16:32:29.764212Z","level":"info","event":"26/01/11 16:32:29 INFO TaskSchedulerImpl: Removed TaskSet 31.0, whose tasks have all completed, from pool","logger":"airflow.task.hooks.airflow.providers.apache.spark.hooks.spark_submit.SparkSubmitHook","filename":"spark_submit.py","lineno":644}
{"timestamp":"2026-01-11T16:32:29.764604Z","level":"info","event":"26/01/11 16:32:29 INFO DAGScheduler: ResultStage 31 (count at NativeMethodAccessorImpl.java:0) finished in 0.018 s","logger":"airflow.task.hooks.airflow.providers.apache.spark.hooks.spark_submit.SparkSubmitHook","filename":"spark_submit.py","lineno":644}
{"timestamp":"2026-01-11T16:32:29.764779Z","level":"info","event":"26/01/11 16:32:29 INFO DAGScheduler: Job 23 is finished. Cancelling potential speculative or zombie tasks for this job","logger":"airflow.task.hooks.airflow.providers.apache.spark.hooks.spark_submit.SparkSubmitHook","filename":"spark_submit.py","lineno":644}
{"timestamp":"2026-01-11T16:32:29.764983Z","level":"info","event":"26/01/11 16:32:29 INFO TaskSchedulerImpl: Killing all running tasks in stage 31: Stage finished","logger":"airflow.task.hooks.airflow.providers.apache.spark.hooks.spark_submit.SparkSubmitHook","filename":"spark_submit.py","lineno":644}
{"timestamp":"2026-01-11T16:32:29.765257Z","level":"info","event":"26/01/11 16:32:29 INFO DAGScheduler: Job 23 finished: count at NativeMethodAccessorImpl.java:0, took 0.020071 s","logger":"airflow.task.hooks.airflow.providers.apache.spark.hooks.spark_submit.SparkSubmitHook","filename":"spark_submit.py","lineno":644}
{"timestamp":"2026-01-11T16:32:29.766712Z","level":"info","event":"Loaded olist_sellers with 3095 records for cleaning.","logger":"airflow.task.hooks.airflow.providers.apache.spark.hooks.spark_submit.SparkSubmitHook","filename":"spark_submit.py","lineno":644}
{"timestamp":"2026-01-11T16:32:29.769076Z","level":"info","event":"root","logger":"airflow.task.hooks.airflow.providers.apache.spark.hooks.spark_submit.SparkSubmitHook","filename":"spark_submit.py","lineno":644}
{"timestamp":"2026-01-11T16:32:29.769565Z","level":"info","event":"|-- seller_id: string (nullable = true)","logger":"airflow.task.hooks.airflow.providers.apache.spark.hooks.spark_submit.SparkSubmitHook","filename":"spark_submit.py","lineno":644}
{"timestamp":"2026-01-11T16:32:29.769991Z","level":"info","event":"|-- seller_zip_code_prefix: string (nullable = true)","logger":"airflow.task.hooks.airflow.providers.apache.spark.hooks.spark_submit.SparkSubmitHook","filename":"spark_submit.py","lineno":644}
{"timestamp":"2026-01-11T16:32:29.770036Z","level":"info","event":"|-- seller_city: string (nullable = true)","logger":"airflow.task.hooks.airflow.providers.apache.spark.hooks.spark_submit.SparkSubmitHook","filename":"spark_submit.py","lineno":644}
{"timestamp":"2026-01-11T16:32:29.770081Z","level":"info","event":"|-- seller_state: string (nullable = true)","logger":"airflow.task.hooks.airflow.providers.apache.spark.hooks.spark_submit.SparkSubmitHook","filename":"spark_submit.py","lineno":644}
{"timestamp":"2026-01-11T16:32:29.770142Z","level":"info","event":"","logger":"airflow.task.hooks.airflow.providers.apache.spark.hooks.spark_submit.SparkSubmitHook","filename":"spark_submit.py","lineno":644}
{"timestamp":"2026-01-11T16:32:29.784409Z","level":"info","event":"26/01/11 16:32:29 INFO InMemoryFileIndex: It took 3 ms to list leaf files for 1 paths.","logger":"airflow.task.hooks.airflow.providers.apache.spark.hooks.spark_submit.SparkSubmitHook","filename":"spark_submit.py","lineno":644}
{"timestamp":"2026-01-11T16:32:29.788523Z","level":"info","event":"26/01/11 16:32:29 INFO InMemoryFileIndex: It took 0 ms to list leaf files for 1 paths.","logger":"airflow.task.hooks.airflow.providers.apache.spark.hooks.spark_submit.SparkSubmitHook","filename":"spark_submit.py","lineno":644}
{"timestamp":"2026-01-11T16:32:29.811838Z","level":"info","event":"26/01/11 16:32:29 INFO FileSourceStrategy: Pushed Filters:","logger":"airflow.task.hooks.airflow.providers.apache.spark.hooks.spark_submit.SparkSubmitHook","filename":"spark_submit.py","lineno":644}
{"timestamp":"2026-01-11T16:32:29.812100Z","level":"info","event":"26/01/11 16:32:29 INFO FileSourceStrategy: Post-Scan Filters: (length(trim(value#326, None)) > 0)","logger":"airflow.task.hooks.airflow.providers.apache.spark.hooks.spark_submit.SparkSubmitHook","filename":"spark_submit.py","lineno":644}
{"timestamp":"2026-01-11T16:32:29.816800Z","level":"info","event":"26/01/11 16:32:29 INFO MemoryStore: Block broadcast_48 stored as values in memory (estimated size 199.5 KiB, free 1047.1 MiB)","logger":"airflow.task.hooks.airflow.providers.apache.spark.hooks.spark_submit.SparkSubmitHook","filename":"spark_submit.py","lineno":644}
{"timestamp":"2026-01-11T16:32:29.827157Z","level":"info","event":"26/01/11 16:32:29 INFO MemoryStore: Block broadcast_48_piece0 stored as bytes in memory (estimated size 34.2 KiB, free 1047.1 MiB)","logger":"airflow.task.hooks.airflow.providers.apache.spark.hooks.spark_submit.SparkSubmitHook","filename":"spark_submit.py","lineno":644}
{"timestamp":"2026-01-11T16:32:29.827848Z","level":"info","event":"26/01/11 16:32:29 INFO BlockManagerInfo: Added broadcast_48_piece0 in memory on localhost:33275 (size: 34.2 KiB, free: 1048.5 MiB)","logger":"airflow.task.hooks.airflow.providers.apache.spark.hooks.spark_submit.SparkSubmitHook","filename":"spark_submit.py","lineno":644}
{"timestamp":"2026-01-11T16:32:29.828567Z","level":"info","event":"26/01/11 16:32:29 INFO SparkContext: Created broadcast 48 from csv at NativeMethodAccessorImpl.java:0","logger":"airflow.task.hooks.airflow.providers.apache.spark.hooks.spark_submit.SparkSubmitHook","filename":"spark_submit.py","lineno":644}
{"timestamp":"2026-01-11T16:32:29.829335Z","level":"info","event":"26/01/11 16:32:29 INFO FileSourceScanExec: Planning scan with bin packing, max size: 4194304 bytes, open cost is considered as scanning 4194304 bytes.","logger":"airflow.task.hooks.airflow.providers.apache.spark.hooks.spark_submit.SparkSubmitHook","filename":"spark_submit.py","lineno":644}
{"timestamp":"2026-01-11T16:32:29.834976Z","level":"info","event":"26/01/11 16:32:29 INFO SparkContext: Starting job: csv at NativeMethodAccessorImpl.java:0","logger":"airflow.task.hooks.airflow.providers.apache.spark.hooks.spark_submit.SparkSubmitHook","filename":"spark_submit.py","lineno":644}
{"timestamp":"2026-01-11T16:32:29.835647Z","level":"info","event":"26/01/11 16:32:29 INFO DAGScheduler: Got job 24 (csv at NativeMethodAccessorImpl.java:0) with 1 output partitions","logger":"airflow.task.hooks.airflow.providers.apache.spark.hooks.spark_submit.SparkSubmitHook","filename":"spark_submit.py","lineno":644}
{"timestamp":"2026-01-11T16:32:29.835851Z","level":"info","event":"26/01/11 16:32:29 INFO DAGScheduler: Final stage: ResultStage 32 (csv at NativeMethodAccessorImpl.java:0)","logger":"airflow.task.hooks.airflow.providers.apache.spark.hooks.spark_submit.SparkSubmitHook","filename":"spark_submit.py","lineno":644}
{"timestamp":"2026-01-11T16:32:29.835893Z","level":"info","event":"26/01/11 16:32:29 INFO DAGScheduler: Parents of final stage: List()","logger":"airflow.task.hooks.airflow.providers.apache.spark.hooks.spark_submit.SparkSubmitHook","filename":"spark_submit.py","lineno":644}
{"timestamp":"2026-01-11T16:32:29.836052Z","level":"info","event":"26/01/11 16:32:29 INFO DAGScheduler: Missing parents: List()","logger":"airflow.task.hooks.airflow.providers.apache.spark.hooks.spark_submit.SparkSubmitHook","filename":"spark_submit.py","lineno":644}
{"timestamp":"2026-01-11T16:32:29.836084Z","level":"info","event":"26/01/11 16:32:29 INFO DAGScheduler: Submitting ResultStage 32 (MapPartitionsRDD[139] at csv at NativeMethodAccessorImpl.java:0), which has no missing parents","logger":"airflow.task.hooks.airflow.providers.apache.spark.hooks.spark_submit.SparkSubmitHook","filename":"spark_submit.py","lineno":644}
{"timestamp":"2026-01-11T16:32:29.838248Z","level":"info","event":"26/01/11 16:32:29 INFO MemoryStore: Block broadcast_49 stored as values in memory (estimated size 13.5 KiB, free 1047.1 MiB)","logger":"airflow.task.hooks.airflow.providers.apache.spark.hooks.spark_submit.SparkSubmitHook","filename":"spark_submit.py","lineno":644}
{"timestamp":"2026-01-11T16:32:29.839876Z","level":"info","event":"26/01/11 16:32:29 INFO MemoryStore: Block broadcast_49_piece0 stored as bytes in memory (estimated size 6.4 KiB, free 1047.1 MiB)","logger":"airflow.task.hooks.airflow.providers.apache.spark.hooks.spark_submit.SparkSubmitHook","filename":"spark_submit.py","lineno":644}
{"timestamp":"2026-01-11T16:32:29.840173Z","level":"info","event":"26/01/11 16:32:29 INFO BlockManagerInfo: Added broadcast_49_piece0 in memory on localhost:33275 (size: 6.4 KiB, free: 1048.5 MiB)","logger":"airflow.task.hooks.airflow.providers.apache.spark.hooks.spark_submit.SparkSubmitHook","filename":"spark_submit.py","lineno":644}
{"timestamp":"2026-01-11T16:32:29.840571Z","level":"info","event":"26/01/11 16:32:29 INFO SparkContext: Created broadcast 49 from broadcast at DAGScheduler.scala:1580","logger":"airflow.task.hooks.airflow.providers.apache.spark.hooks.spark_submit.SparkSubmitHook","filename":"spark_submit.py","lineno":644}
{"timestamp":"2026-01-11T16:32:29.840828Z","level":"info","event":"26/01/11 16:32:29 INFO DAGScheduler: Submitting 1 missing tasks from ResultStage 32 (MapPartitionsRDD[139] at csv at NativeMethodAccessorImpl.java:0) (first 15 tasks are for partitions Vector(0))","logger":"airflow.task.hooks.airflow.providers.apache.spark.hooks.spark_submit.SparkSubmitHook","filename":"spark_submit.py","lineno":644}
{"timestamp":"2026-01-11T16:32:29.840867Z","level":"info","event":"26/01/11 16:32:29 INFO TaskSchedulerImpl: Adding task set 32.0 with 1 tasks resource profile 0","logger":"airflow.task.hooks.airflow.providers.apache.spark.hooks.spark_submit.SparkSubmitHook","filename":"spark_submit.py","lineno":644}
{"timestamp":"2026-01-11T16:32:29.841549Z","level":"info","event":"26/01/11 16:32:29 INFO TaskSetManager: Starting task 0.0 in stage 32.0 (TID 43) (localhost, executor driver, partition 0, PROCESS_LOCAL, 8297 bytes)","logger":"airflow.task.hooks.airflow.providers.apache.spark.hooks.spark_submit.SparkSubmitHook","filename":"spark_submit.py","lineno":644}
{"timestamp":"2026-01-11T16:32:29.842235Z","level":"info","event":"26/01/11 16:32:29 INFO Executor: Running task 0.0 in stage 32.0 (TID 43)","logger":"airflow.task.hooks.airflow.providers.apache.spark.hooks.spark_submit.SparkSubmitHook","filename":"spark_submit.py","lineno":644}
{"timestamp":"2026-01-11T16:32:29.849932Z","level":"info","event":"26/01/11 16:32:29 INFO FileScanRDD: Reading File path: file:///opt/airflow/data/raw/product_category_name_translation/part-00000-e44bfcf1-b5cc-4aad-aa5d-19c5678d8b11-c000.csv, range: 0-2540, partition values: [empty row]","logger":"airflow.task.hooks.airflow.providers.apache.spark.hooks.spark_submit.SparkSubmitHook","filename":"spark_submit.py","lineno":644}
{"timestamp":"2026-01-11T16:32:29.857422Z","level":"info","event":"26/01/11 16:32:29 INFO Executor: Finished task 0.0 in stage 32.0 (TID 43). 1609 bytes result sent to driver","logger":"airflow.task.hooks.airflow.providers.apache.spark.hooks.spark_submit.SparkSubmitHook","filename":"spark_submit.py","lineno":644}
{"timestamp":"2026-01-11T16:32:29.858330Z","level":"info","event":"26/01/11 16:32:29 INFO TaskSetManager: Finished task 0.0 in stage 32.0 (TID 43) in 17 ms on localhost (executor driver) (1/1)","logger":"airflow.task.hooks.airflow.providers.apache.spark.hooks.spark_submit.SparkSubmitHook","filename":"spark_submit.py","lineno":644}
{"timestamp":"2026-01-11T16:32:29.858437Z","level":"info","event":"26/01/11 16:32:29 INFO TaskSchedulerImpl: Removed TaskSet 32.0, whose tasks have all completed, from pool","logger":"airflow.task.hooks.airflow.providers.apache.spark.hooks.spark_submit.SparkSubmitHook","filename":"spark_submit.py","lineno":644}
{"timestamp":"2026-01-11T16:32:29.858759Z","level":"info","event":"26/01/11 16:32:29 INFO DAGScheduler: ResultStage 32 (csv at NativeMethodAccessorImpl.java:0) finished in 0.022 s","logger":"airflow.task.hooks.airflow.providers.apache.spark.hooks.spark_submit.SparkSubmitHook","filename":"spark_submit.py","lineno":644}
{"timestamp":"2026-01-11T16:32:29.859023Z","level":"info","event":"26/01/11 16:32:29 INFO DAGScheduler: Job 24 is finished. Cancelling potential speculative or zombie tasks for this job","logger":"airflow.task.hooks.airflow.providers.apache.spark.hooks.spark_submit.SparkSubmitHook","filename":"spark_submit.py","lineno":644}
{"timestamp":"2026-01-11T16:32:29.859106Z","level":"info","event":"26/01/11 16:32:29 INFO TaskSchedulerImpl: Killing all running tasks in stage 32: Stage finished","logger":"airflow.task.hooks.airflow.providers.apache.spark.hooks.spark_submit.SparkSubmitHook","filename":"spark_submit.py","lineno":644}
{"timestamp":"2026-01-11T16:32:29.859700Z","level":"info","event":"26/01/11 16:32:29 INFO DAGScheduler: Job 24 finished: csv at NativeMethodAccessorImpl.java:0, took 0.024307 s","logger":"airflow.task.hooks.airflow.providers.apache.spark.hooks.spark_submit.SparkSubmitHook","filename":"spark_submit.py","lineno":644}
{"timestamp":"2026-01-11T16:32:29.882225Z","level":"info","event":"26/01/11 16:32:29 INFO FileSourceStrategy: Pushed Filters:","logger":"airflow.task.hooks.airflow.providers.apache.spark.hooks.spark_submit.SparkSubmitHook","filename":"spark_submit.py","lineno":644}
{"timestamp":"2026-01-11T16:32:29.882518Z","level":"info","event":"26/01/11 16:32:29 INFO FileSourceStrategy: Post-Scan Filters:","logger":"airflow.task.hooks.airflow.providers.apache.spark.hooks.spark_submit.SparkSubmitHook","filename":"spark_submit.py","lineno":644}
{"timestamp":"2026-01-11T16:32:29.887231Z","level":"info","event":"26/01/11 16:32:29 INFO MemoryStore: Block broadcast_50 stored as values in memory (estimated size 199.5 KiB, free 1046.9 MiB)","logger":"airflow.task.hooks.airflow.providers.apache.spark.hooks.spark_submit.SparkSubmitHook","filename":"spark_submit.py","lineno":644}
{"timestamp":"2026-01-11T16:32:29.905078Z","level":"info","event":"26/01/11 16:32:29 INFO MemoryStore: Block broadcast_50_piece0 stored as bytes in memory (estimated size 34.2 KiB, free 1046.8 MiB)","logger":"airflow.task.hooks.airflow.providers.apache.spark.hooks.spark_submit.SparkSubmitHook","filename":"spark_submit.py","lineno":644}
{"timestamp":"2026-01-11T16:32:29.905896Z","level":"info","event":"26/01/11 16:32:29 INFO BlockManagerInfo: Added broadcast_50_piece0 in memory on localhost:33275 (size: 34.2 KiB, free: 1048.5 MiB)","logger":"airflow.task.hooks.airflow.providers.apache.spark.hooks.spark_submit.SparkSubmitHook","filename":"spark_submit.py","lineno":644}
{"timestamp":"2026-01-11T16:32:29.906796Z","level":"info","event":"26/01/11 16:32:29 INFO SparkContext: Created broadcast 50 from csv at NativeMethodAccessorImpl.java:0","logger":"airflow.task.hooks.airflow.providers.apache.spark.hooks.spark_submit.SparkSubmitHook","filename":"spark_submit.py","lineno":644}
{"timestamp":"2026-01-11T16:32:29.908444Z","level":"info","event":"26/01/11 16:32:29 INFO FileSourceScanExec: Planning scan with bin packing, max size: 4194304 bytes, open cost is considered as scanning 4194304 bytes.","logger":"airflow.task.hooks.airflow.providers.apache.spark.hooks.spark_submit.SparkSubmitHook","filename":"spark_submit.py","lineno":644}
{"timestamp":"2026-01-11T16:32:29.929993Z","level":"info","event":"____________________________________________________","logger":"airflow.task.hooks.airflow.providers.apache.spark.hooks.spark_submit.SparkSubmitHook","filename":"spark_submit.py","lineno":644}
{"timestamp":"2026-01-11T16:32:29.940260Z","level":"info","event":"26/01/11 16:32:29 INFO FileSourceStrategy: Pushed Filters:","logger":"airflow.task.hooks.airflow.providers.apache.spark.hooks.spark_submit.SparkSubmitHook","filename":"spark_submit.py","lineno":644}
{"timestamp":"2026-01-11T16:32:29.940475Z","level":"info","event":"26/01/11 16:32:29 INFO FileSourceStrategy: Post-Scan Filters:","logger":"airflow.task.hooks.airflow.providers.apache.spark.hooks.spark_submit.SparkSubmitHook","filename":"spark_submit.py","lineno":644}
{"timestamp":"2026-01-11T16:32:29.952386Z","level":"info","event":"26/01/11 16:32:29 INFO MemoryStore: Block broadcast_51 stored as values in memory (estimated size 199.4 KiB, free 1046.7 MiB)","logger":"airflow.task.hooks.airflow.providers.apache.spark.hooks.spark_submit.SparkSubmitHook","filename":"spark_submit.py","lineno":644}
{"timestamp":"2026-01-11T16:32:29.959049Z","level":"info","event":"26/01/11 16:32:29 INFO MemoryStore: Block broadcast_51_piece0 stored as bytes in memory (estimated size 34.2 KiB, free 1046.6 MiB)","logger":"airflow.task.hooks.airflow.providers.apache.spark.hooks.spark_submit.SparkSubmitHook","filename":"spark_submit.py","lineno":644}
{"timestamp":"2026-01-11T16:32:29.959342Z","level":"info","event":"26/01/11 16:32:29 INFO BlockManagerInfo: Added broadcast_51_piece0 in memory on localhost:33275 (size: 34.2 KiB, free: 1048.5 MiB)","logger":"airflow.task.hooks.airflow.providers.apache.spark.hooks.spark_submit.SparkSubmitHook","filename":"spark_submit.py","lineno":644}
{"timestamp":"2026-01-11T16:32:29.959796Z","level":"info","event":"26/01/11 16:32:29 INFO SparkContext: Created broadcast 51 from count at NativeMethodAccessorImpl.java:0","logger":"airflow.task.hooks.airflow.providers.apache.spark.hooks.spark_submit.SparkSubmitHook","filename":"spark_submit.py","lineno":644}
{"timestamp":"2026-01-11T16:32:29.960470Z","level":"info","event":"26/01/11 16:32:29 INFO FileSourceScanExec: Planning scan with bin packing, max size: 4194304 bytes, open cost is considered as scanning 4194304 bytes.","logger":"airflow.task.hooks.airflow.providers.apache.spark.hooks.spark_submit.SparkSubmitHook","filename":"spark_submit.py","lineno":644}
{"timestamp":"2026-01-11T16:32:29.965704Z","level":"info","event":"26/01/11 16:32:29 INFO DAGScheduler: Registering RDD 149 (count at NativeMethodAccessorImpl.java:0) as input to shuffle 8","logger":"airflow.task.hooks.airflow.providers.apache.spark.hooks.spark_submit.SparkSubmitHook","filename":"spark_submit.py","lineno":644}
{"timestamp":"2026-01-11T16:32:29.966163Z","level":"info","event":"26/01/11 16:32:29 INFO DAGScheduler: Got map stage job 25 (count at NativeMethodAccessorImpl.java:0) with 1 output partitions","logger":"airflow.task.hooks.airflow.providers.apache.spark.hooks.spark_submit.SparkSubmitHook","filename":"spark_submit.py","lineno":644}
{"timestamp":"2026-01-11T16:32:29.966310Z","level":"info","event":"26/01/11 16:32:29 INFO DAGScheduler: Final stage: ShuffleMapStage 33 (count at NativeMethodAccessorImpl.java:0)","logger":"airflow.task.hooks.airflow.providers.apache.spark.hooks.spark_submit.SparkSubmitHook","filename":"spark_submit.py","lineno":644}
{"timestamp":"2026-01-11T16:32:29.966368Z","level":"info","event":"26/01/11 16:32:29 INFO DAGScheduler: Parents of final stage: List()","logger":"airflow.task.hooks.airflow.providers.apache.spark.hooks.spark_submit.SparkSubmitHook","filename":"spark_submit.py","lineno":644}
{"timestamp":"2026-01-11T16:32:29.966404Z","level":"info","event":"26/01/11 16:32:29 INFO DAGScheduler: Missing parents: List()","logger":"airflow.task.hooks.airflow.providers.apache.spark.hooks.spark_submit.SparkSubmitHook","filename":"spark_submit.py","lineno":644}
{"timestamp":"2026-01-11T16:32:29.966427Z","level":"info","event":"26/01/11 16:32:29 INFO DAGScheduler: Submitting ShuffleMapStage 33 (MapPartitionsRDD[149] at count at NativeMethodAccessorImpl.java:0), which has no missing parents","logger":"airflow.task.hooks.airflow.providers.apache.spark.hooks.spark_submit.SparkSubmitHook","filename":"spark_submit.py","lineno":644}
{"timestamp":"2026-01-11T16:32:29.970476Z","level":"info","event":"26/01/11 16:32:29 INFO MemoryStore: Block broadcast_52 stored as values in memory (estimated size 17.7 KiB, free 1046.6 MiB)","logger":"airflow.task.hooks.airflow.providers.apache.spark.hooks.spark_submit.SparkSubmitHook","filename":"spark_submit.py","lineno":644}
{"timestamp":"2026-01-11T16:32:29.972393Z","level":"info","event":"26/01/11 16:32:29 INFO MemoryStore: Block broadcast_52_piece0 stored as bytes in memory (estimated size 8.7 KiB, free 1046.6 MiB)","logger":"airflow.task.hooks.airflow.providers.apache.spark.hooks.spark_submit.SparkSubmitHook","filename":"spark_submit.py","lineno":644}
{"timestamp":"2026-01-11T16:32:29.972677Z","level":"info","event":"26/01/11 16:32:29 INFO BlockManagerInfo: Added broadcast_52_piece0 in memory on localhost:33275 (size: 8.7 KiB, free: 1048.4 MiB)","logger":"airflow.task.hooks.airflow.providers.apache.spark.hooks.spark_submit.SparkSubmitHook","filename":"spark_submit.py","lineno":644}
{"timestamp":"2026-01-11T16:32:29.972926Z","level":"info","event":"26/01/11 16:32:29 INFO SparkContext: Created broadcast 52 from broadcast at DAGScheduler.scala:1580","logger":"airflow.task.hooks.airflow.providers.apache.spark.hooks.spark_submit.SparkSubmitHook","filename":"spark_submit.py","lineno":644}
{"timestamp":"2026-01-11T16:32:29.973388Z","level":"info","event":"26/01/11 16:32:29 INFO DAGScheduler: Submitting 1 missing tasks from ShuffleMapStage 33 (MapPartitionsRDD[149] at count at NativeMethodAccessorImpl.java:0) (first 15 tasks are for partitions Vector(0))","logger":"airflow.task.hooks.airflow.providers.apache.spark.hooks.spark_submit.SparkSubmitHook","filename":"spark_submit.py","lineno":644}
{"timestamp":"2026-01-11T16:32:29.973441Z","level":"info","event":"26/01/11 16:32:29 INFO TaskSchedulerImpl: Adding task set 33.0 with 1 tasks resource profile 0","logger":"airflow.task.hooks.airflow.providers.apache.spark.hooks.spark_submit.SparkSubmitHook","filename":"spark_submit.py","lineno":644}
{"timestamp":"2026-01-11T16:32:29.974255Z","level":"info","event":"26/01/11 16:32:29 INFO TaskSetManager: Starting task 0.0 in stage 33.0 (TID 44) (localhost, executor driver, partition 0, PROCESS_LOCAL, 8286 bytes)","logger":"airflow.task.hooks.airflow.providers.apache.spark.hooks.spark_submit.SparkSubmitHook","filename":"spark_submit.py","lineno":644}
{"timestamp":"2026-01-11T16:32:29.974673Z","level":"info","event":"26/01/11 16:32:29 INFO Executor: Running task 0.0 in stage 33.0 (TID 44)","logger":"airflow.task.hooks.airflow.providers.apache.spark.hooks.spark_submit.SparkSubmitHook","filename":"spark_submit.py","lineno":644}
{"timestamp":"2026-01-11T16:32:29.978406Z","level":"info","event":"26/01/11 16:32:29 INFO FileScanRDD: Reading File path: file:///opt/airflow/data/raw/product_category_name_translation/part-00000-e44bfcf1-b5cc-4aad-aa5d-19c5678d8b11-c000.csv, range: 0-2540, partition values: [empty row]","logger":"airflow.task.hooks.airflow.providers.apache.spark.hooks.spark_submit.SparkSubmitHook","filename":"spark_submit.py","lineno":644}
{"timestamp":"2026-01-11T16:32:29.986488Z","level":"info","event":"26/01/11 16:32:29 INFO Executor: Finished task 0.0 in stage 33.0 (TID 44). 1968 bytes result sent to driver","logger":"airflow.task.hooks.airflow.providers.apache.spark.hooks.spark_submit.SparkSubmitHook","filename":"spark_submit.py","lineno":644}
{"timestamp":"2026-01-11T16:32:29.986983Z","level":"info","event":"26/01/11 16:32:29 INFO TaskSetManager: Finished task 0.0 in stage 33.0 (TID 44) in 13 ms on localhost (executor driver) (1/1)","logger":"airflow.task.hooks.airflow.providers.apache.spark.hooks.spark_submit.SparkSubmitHook","filename":"spark_submit.py","lineno":644}
{"timestamp":"2026-01-11T16:32:29.987025Z","level":"info","event":"26/01/11 16:32:29 INFO TaskSchedulerImpl: Removed TaskSet 33.0, whose tasks have all completed, from pool","logger":"airflow.task.hooks.airflow.providers.apache.spark.hooks.spark_submit.SparkSubmitHook","filename":"spark_submit.py","lineno":644}
{"timestamp":"2026-01-11T16:32:29.987352Z","level":"info","event":"26/01/11 16:32:29 INFO DAGScheduler: ShuffleMapStage 33 (count at NativeMethodAccessorImpl.java:0) finished in 0.021 s","logger":"airflow.task.hooks.airflow.providers.apache.spark.hooks.spark_submit.SparkSubmitHook","filename":"spark_submit.py","lineno":644}
{"timestamp":"2026-01-11T16:32:29.987402Z","level":"info","event":"26/01/11 16:32:29 INFO DAGScheduler: looking for newly runnable stages","logger":"airflow.task.hooks.airflow.providers.apache.spark.hooks.spark_submit.SparkSubmitHook","filename":"spark_submit.py","lineno":644}
{"timestamp":"2026-01-11T16:32:29.987432Z","level":"info","event":"26/01/11 16:32:29 INFO DAGScheduler: running: Set()","logger":"airflow.task.hooks.airflow.providers.apache.spark.hooks.spark_submit.SparkSubmitHook","filename":"spark_submit.py","lineno":644}
{"timestamp":"2026-01-11T16:32:29.987448Z","level":"info","event":"26/01/11 16:32:29 INFO DAGScheduler: waiting: Set()","logger":"airflow.task.hooks.airflow.providers.apache.spark.hooks.spark_submit.SparkSubmitHook","filename":"spark_submit.py","lineno":644}
{"timestamp":"2026-01-11T16:32:29.987463Z","level":"info","event":"26/01/11 16:32:29 INFO DAGScheduler: failed: Set()","logger":"airflow.task.hooks.airflow.providers.apache.spark.hooks.spark_submit.SparkSubmitHook","filename":"spark_submit.py","lineno":644}
{"timestamp":"2026-01-11T16:32:30.002632Z","level":"info","event":"26/01/11 16:32:30 INFO SparkContext: Starting job: count at NativeMethodAccessorImpl.java:0","logger":"airflow.task.hooks.airflow.providers.apache.spark.hooks.spark_submit.SparkSubmitHook","filename":"spark_submit.py","lineno":644}
{"timestamp":"2026-01-11T16:32:30.003762Z","level":"info","event":"26/01/11 16:32:30 INFO DAGScheduler: Got job 26 (count at NativeMethodAccessorImpl.java:0) with 1 output partitions","logger":"airflow.task.hooks.airflow.providers.apache.spark.hooks.spark_submit.SparkSubmitHook","filename":"spark_submit.py","lineno":644}
{"timestamp":"2026-01-11T16:32:30.003829Z","level":"info","event":"26/01/11 16:32:30 INFO DAGScheduler: Final stage: ResultStage 35 (count at NativeMethodAccessorImpl.java:0)","logger":"airflow.task.hooks.airflow.providers.apache.spark.hooks.spark_submit.SparkSubmitHook","filename":"spark_submit.py","lineno":644}
{"timestamp":"2026-01-11T16:32:30.003867Z","level":"info","event":"26/01/11 16:32:30 INFO DAGScheduler: Parents of final stage: List(ShuffleMapStage 34)","logger":"airflow.task.hooks.airflow.providers.apache.spark.hooks.spark_submit.SparkSubmitHook","filename":"spark_submit.py","lineno":644}
{"timestamp":"2026-01-11T16:32:30.004045Z","level":"info","event":"26/01/11 16:32:30 INFO DAGScheduler: Missing parents: List()","logger":"airflow.task.hooks.airflow.providers.apache.spark.hooks.spark_submit.SparkSubmitHook","filename":"spark_submit.py","lineno":644}
{"timestamp":"2026-01-11T16:32:30.004331Z","level":"info","event":"26/01/11 16:32:30 INFO DAGScheduler: Submitting ResultStage 35 (MapPartitionsRDD[152] at count at NativeMethodAccessorImpl.java:0), which has no missing parents","logger":"airflow.task.hooks.airflow.providers.apache.spark.hooks.spark_submit.SparkSubmitHook","filename":"spark_submit.py","lineno":644}
{"timestamp":"2026-01-11T16:32:30.006101Z","level":"info","event":"26/01/11 16:32:30 INFO MemoryStore: Block broadcast_53 stored as values in memory (estimated size 12.5 KiB, free 1046.6 MiB)","logger":"airflow.task.hooks.airflow.providers.apache.spark.hooks.spark_submit.SparkSubmitHook","filename":"spark_submit.py","lineno":644}
{"timestamp":"2026-01-11T16:32:30.008516Z","level":"info","event":"26/01/11 16:32:30 INFO MemoryStore: Block broadcast_53_piece0 stored as bytes in memory (estimated size 5.9 KiB, free 1046.6 MiB)","logger":"airflow.task.hooks.airflow.providers.apache.spark.hooks.spark_submit.SparkSubmitHook","filename":"spark_submit.py","lineno":644}
{"timestamp":"2026-01-11T16:32:30.009200Z","level":"info","event":"26/01/11 16:32:30 INFO BlockManagerInfo: Added broadcast_53_piece0 in memory on localhost:33275 (size: 5.9 KiB, free: 1048.4 MiB)","logger":"airflow.task.hooks.airflow.providers.apache.spark.hooks.spark_submit.SparkSubmitHook","filename":"spark_submit.py","lineno":644}
{"timestamp":"2026-01-11T16:32:30.009716Z","level":"info","event":"26/01/11 16:32:30 INFO SparkContext: Created broadcast 53 from broadcast at DAGScheduler.scala:1580","logger":"airflow.task.hooks.airflow.providers.apache.spark.hooks.spark_submit.SparkSubmitHook","filename":"spark_submit.py","lineno":644}
{"timestamp":"2026-01-11T16:32:30.010653Z","level":"info","event":"26/01/11 16:32:30 INFO DAGScheduler: Submitting 1 missing tasks from ResultStage 35 (MapPartitionsRDD[152] at count at NativeMethodAccessorImpl.java:0) (first 15 tasks are for partitions Vector(0))","logger":"airflow.task.hooks.airflow.providers.apache.spark.hooks.spark_submit.SparkSubmitHook","filename":"spark_submit.py","lineno":644}
{"timestamp":"2026-01-11T16:32:30.010709Z","level":"info","event":"26/01/11 16:32:30 INFO TaskSchedulerImpl: Adding task set 35.0 with 1 tasks resource profile 0","logger":"airflow.task.hooks.airflow.providers.apache.spark.hooks.spark_submit.SparkSubmitHook","filename":"spark_submit.py","lineno":644}
{"timestamp":"2026-01-11T16:32:30.011901Z","level":"info","event":"26/01/11 16:32:30 INFO TaskSetManager: Starting task 0.0 in stage 35.0 (TID 45) (localhost, executor driver, partition 0, NODE_LOCAL, 7615 bytes)","logger":"airflow.task.hooks.airflow.providers.apache.spark.hooks.spark_submit.SparkSubmitHook","filename":"spark_submit.py","lineno":644}
{"timestamp":"2026-01-11T16:32:30.012430Z","level":"info","event":"26/01/11 16:32:30 INFO Executor: Running task 0.0 in stage 35.0 (TID 45)","logger":"airflow.task.hooks.airflow.providers.apache.spark.hooks.spark_submit.SparkSubmitHook","filename":"spark_submit.py","lineno":644}
{"timestamp":"2026-01-11T16:32:30.015667Z","level":"info","event":"26/01/11 16:32:30 INFO ShuffleBlockFetcherIterator: Getting 1 (60.0 B) non-empty blocks including 1 (60.0 B) local and 0 (0.0 B) host-local and 0 (0.0 B) push-merged-local and 0 (0.0 B) remote blocks","logger":"airflow.task.hooks.airflow.providers.apache.spark.hooks.spark_submit.SparkSubmitHook","filename":"spark_submit.py","lineno":644}
{"timestamp":"2026-01-11T16:32:30.015799Z","level":"info","event":"26/01/11 16:32:30 INFO ShuffleBlockFetcherIterator: Started 0 remote fetches in 0 ms","logger":"airflow.task.hooks.airflow.providers.apache.spark.hooks.spark_submit.SparkSubmitHook","filename":"spark_submit.py","lineno":644}
{"timestamp":"2026-01-11T16:32:30.018473Z","level":"info","event":"26/01/11 16:32:30 INFO Executor: Finished task 0.0 in stage 35.0 (TID 45). 3995 bytes result sent to driver","logger":"airflow.task.hooks.airflow.providers.apache.spark.hooks.spark_submit.SparkSubmitHook","filename":"spark_submit.py","lineno":644}
{"timestamp":"2026-01-11T16:32:30.019065Z","level":"info","event":"26/01/11 16:32:30 INFO TaskSetManager: Finished task 0.0 in stage 35.0 (TID 45) in 7 ms on localhost (executor driver) (1/1)","logger":"airflow.task.hooks.airflow.providers.apache.spark.hooks.spark_submit.SparkSubmitHook","filename":"spark_submit.py","lineno":644}
{"timestamp":"2026-01-11T16:32:30.019130Z","level":"info","event":"26/01/11 16:32:30 INFO TaskSchedulerImpl: Removed TaskSet 35.0, whose tasks have all completed, from pool","logger":"airflow.task.hooks.airflow.providers.apache.spark.hooks.spark_submit.SparkSubmitHook","filename":"spark_submit.py","lineno":644}
{"timestamp":"2026-01-11T16:32:30.019633Z","level":"info","event":"26/01/11 16:32:30 INFO DAGScheduler: ResultStage 35 (count at NativeMethodAccessorImpl.java:0) finished in 0.015 s","logger":"airflow.task.hooks.airflow.providers.apache.spark.hooks.spark_submit.SparkSubmitHook","filename":"spark_submit.py","lineno":644}
{"timestamp":"2026-01-11T16:32:30.019862Z","level":"info","event":"26/01/11 16:32:30 INFO DAGScheduler: Job 26 is finished. Cancelling potential speculative or zombie tasks for this job","logger":"airflow.task.hooks.airflow.providers.apache.spark.hooks.spark_submit.SparkSubmitHook","filename":"spark_submit.py","lineno":644}
{"timestamp":"2026-01-11T16:32:30.019918Z","level":"info","event":"26/01/11 16:32:30 INFO TaskSchedulerImpl: Killing all running tasks in stage 35: Stage finished","logger":"airflow.task.hooks.airflow.providers.apache.spark.hooks.spark_submit.SparkSubmitHook","filename":"spark_submit.py","lineno":644}
{"timestamp":"2026-01-11T16:32:30.020254Z","level":"info","event":"26/01/11 16:32:30 INFO DAGScheduler: Job 26 finished: count at NativeMethodAccessorImpl.java:0, took 0.017499 s","logger":"airflow.task.hooks.airflow.providers.apache.spark.hooks.spark_submit.SparkSubmitHook","filename":"spark_submit.py","lineno":644}
{"timestamp":"2026-01-11T16:32:30.021716Z","level":"info","event":"Loaded product_category_name_translation with 71 records for cleaning.","logger":"airflow.task.hooks.airflow.providers.apache.spark.hooks.spark_submit.SparkSubmitHook","filename":"spark_submit.py","lineno":644}
{"timestamp":"2026-01-11T16:32:30.022841Z","level":"info","event":"root","logger":"airflow.task.hooks.airflow.providers.apache.spark.hooks.spark_submit.SparkSubmitHook","filename":"spark_submit.py","lineno":644}
{"timestamp":"2026-01-11T16:32:30.023014Z","level":"info","event":"|-- product_category_name: string (nullable = true)","logger":"airflow.task.hooks.airflow.providers.apache.spark.hooks.spark_submit.SparkSubmitHook","filename":"spark_submit.py","lineno":644}
{"timestamp":"2026-01-11T16:32:30.023060Z","level":"info","event":"|-- product_category_name_english: string (nullable = true)","logger":"airflow.task.hooks.airflow.providers.apache.spark.hooks.spark_submit.SparkSubmitHook","filename":"spark_submit.py","lineno":644}
{"timestamp":"2026-01-11T16:32:30.023286Z","level":"info","event":"","logger":"airflow.task.hooks.airflow.providers.apache.spark.hooks.spark_submit.SparkSubmitHook","filename":"spark_submit.py","lineno":644}
{"timestamp":"2026-01-11T16:32:30.023329Z","level":"info","event":"=====================================================","logger":"airflow.task.hooks.airflow.providers.apache.spark.hooks.spark_submit.SparkSubmitHook","filename":"spark_submit.py","lineno":644}
{"timestamp":"2026-01-11T16:32:30.023364Z","level":"info","event":"printing cleaned dataframes now...","logger":"airflow.task.hooks.airflow.providers.apache.spark.hooks.spark_submit.SparkSubmitHook","filename":"spark_submit.py","lineno":644}
{"timestamp":"2026-01-11T16:32:30.023400Z","level":"info","event":"=====================================================","logger":"airflow.task.hooks.airflow.providers.apache.spark.hooks.spark_submit.SparkSubmitHook","filename":"spark_submit.py","lineno":644}
{"timestamp":"2026-01-11T16:32:30.157897Z","level":"info","event":"Traceback (most recent call last):","logger":"airflow.task.hooks.airflow.providers.apache.spark.hooks.spark_submit.SparkSubmitHook","filename":"spark_submit.py","lineno":644}
{"timestamp":"2026-01-11T16:32:30.158055Z","level":"info","event":"File \"/opt/airflow/src/cleaning.py\", line 159, in <module>","logger":"airflow.task.hooks.airflow.providers.apache.spark.hooks.spark_submit.SparkSubmitHook","filename":"spark_submit.py","lineno":644}
{"timestamp":"2026-01-11T16:32:30.160334Z","level":"info","event":"clean_data()","logger":"airflow.task.hooks.airflow.providers.apache.spark.hooks.spark_submit.SparkSubmitHook","filename":"spark_submit.py","lineno":644}
{"timestamp":"2026-01-11T16:32:30.160607Z","level":"info","event":"File \"/opt/airflow/src/cleaning.py\", line 138, in clean_data","logger":"airflow.task.hooks.airflow.providers.apache.spark.hooks.spark_submit.SparkSubmitHook","filename":"spark_submit.py","lineno":644}
{"timestamp":"2026-01-11T16:32:30.161017Z","level":"info","event":"dfs['olist_order_reviews'] = clean_order_reviews()","logger":"airflow.task.hooks.airflow.providers.apache.spark.hooks.spark_submit.SparkSubmitHook","filename":"spark_submit.py","lineno":644}
{"timestamp":"2026-01-11T16:32:30.161049Z","level":"info","event":"^^^^^^^^^^^^^^^^^^^^^","logger":"airflow.task.hooks.airflow.providers.apache.spark.hooks.spark_submit.SparkSubmitHook","filename":"spark_submit.py","lineno":644}
{"timestamp":"2026-01-11T16:32:30.161065Z","level":"info","event":"File \"/opt/airflow/src/cleaning.py\", line 63, in clean_order_reviews","logger":"airflow.task.hooks.airflow.providers.apache.spark.hooks.spark_submit.SparkSubmitHook","filename":"spark_submit.py","lineno":644}
{"timestamp":"2026-01-11T16:32:30.161475Z","level":"info","event":"col(\"review_score\").try_cast(\"int\"),","logger":"airflow.task.hooks.airflow.providers.apache.spark.hooks.spark_submit.SparkSubmitHook","filename":"spark_submit.py","lineno":644}
{"timestamp":"2026-01-11T16:32:30.161831Z","level":"info","event":"^^^^^^^^^^^^^^^^^^^^^^^^^^^^^^^^^^^","logger":"airflow.task.hooks.airflow.providers.apache.spark.hooks.spark_submit.SparkSubmitHook","filename":"spark_submit.py","lineno":644}
{"timestamp":"2026-01-11T16:32:30.161897Z","level":"info","event":"TypeError: 'Column' object is not callable","logger":"airflow.task.hooks.airflow.providers.apache.spark.hooks.spark_submit.SparkSubmitHook","filename":"spark_submit.py","lineno":644}
{"timestamp":"2026-01-11T16:32:30.494938Z","level":"info","event":"26/01/11 16:32:30 INFO SparkContext: Invoking stop() from shutdown hook","logger":"airflow.task.hooks.airflow.providers.apache.spark.hooks.spark_submit.SparkSubmitHook","filename":"spark_submit.py","lineno":644}
{"timestamp":"2026-01-11T16:32:30.495841Z","level":"info","event":"26/01/11 16:32:30 INFO SparkContext: SparkContext is stopping with exitCode 0.","logger":"airflow.task.hooks.airflow.providers.apache.spark.hooks.spark_submit.SparkSubmitHook","filename":"spark_submit.py","lineno":644}
{"timestamp":"2026-01-11T16:32:30.519375Z","level":"info","event":"26/01/11 16:32:30 INFO SparkUI: Stopped Spark web UI at http://localhost:4040","logger":"airflow.task.hooks.airflow.providers.apache.spark.hooks.spark_submit.SparkSubmitHook","filename":"spark_submit.py","lineno":644}
{"timestamp":"2026-01-11T16:32:30.541409Z","level":"info","event":"26/01/11 16:32:30 INFO MapOutputTrackerMasterEndpoint: MapOutputTrackerMasterEndpoint stopped!","logger":"airflow.task.hooks.airflow.providers.apache.spark.hooks.spark_submit.SparkSubmitHook","filename":"spark_submit.py","lineno":644}
{"timestamp":"2026-01-11T16:32:30.587435Z","level":"info","event":"26/01/11 16:32:30 INFO MemoryStore: MemoryStore cleared","logger":"airflow.task.hooks.airflow.providers.apache.spark.hooks.spark_submit.SparkSubmitHook","filename":"spark_submit.py","lineno":644}
{"timestamp":"2026-01-11T16:32:30.588425Z","level":"info","event":"26/01/11 16:32:30 INFO BlockManager: BlockManager stopped","logger":"airflow.task.hooks.airflow.providers.apache.spark.hooks.spark_submit.SparkSubmitHook","filename":"spark_submit.py","lineno":644}
{"timestamp":"2026-01-11T16:32:30.597720Z","level":"info","event":"26/01/11 16:32:30 INFO BlockManagerMaster: BlockManagerMaster stopped","logger":"airflow.task.hooks.airflow.providers.apache.spark.hooks.spark_submit.SparkSubmitHook","filename":"spark_submit.py","lineno":644}
{"timestamp":"2026-01-11T16:32:30.602822Z","level":"info","event":"26/01/11 16:32:30 INFO OutputCommitCoordinator$OutputCommitCoordinatorEndpoint: OutputCommitCoordinator stopped!","logger":"airflow.task.hooks.airflow.providers.apache.spark.hooks.spark_submit.SparkSubmitHook","filename":"spark_submit.py","lineno":644}
{"timestamp":"2026-01-11T16:32:30.683145Z","level":"info","event":"26/01/11 16:32:30 INFO SparkContext: Successfully stopped SparkContext","logger":"airflow.task.hooks.airflow.providers.apache.spark.hooks.spark_submit.SparkSubmitHook","filename":"spark_submit.py","lineno":644}
{"timestamp":"2026-01-11T16:32:30.683308Z","level":"info","event":"26/01/11 16:32:30 INFO ShutdownHookManager: Shutdown hook called","logger":"airflow.task.hooks.airflow.providers.apache.spark.hooks.spark_submit.SparkSubmitHook","filename":"spark_submit.py","lineno":644}
{"timestamp":"2026-01-11T16:32:30.683825Z","level":"info","event":"26/01/11 16:32:30 INFO ShutdownHookManager: Deleting directory /tmp/spark-17c00813-2032-4d47-8655-fb2fcff3bde5","logger":"airflow.task.hooks.airflow.providers.apache.spark.hooks.spark_submit.SparkSubmitHook","filename":"spark_submit.py","lineno":644}
{"timestamp":"2026-01-11T16:32:30.693752Z","level":"info","event":"26/01/11 16:32:30 INFO ShutdownHookManager: Deleting directory /tmp/spark-8fd95d84-1c8b-4db7-b4c4-03028f0a5831","logger":"airflow.task.hooks.airflow.providers.apache.spark.hooks.spark_submit.SparkSubmitHook","filename":"spark_submit.py","lineno":644}
{"timestamp":"2026-01-11T16:32:30.701346Z","level":"info","event":"26/01/11 16:32:30 INFO ShutdownHookManager: Deleting directory /tmp/spark-17c00813-2032-4d47-8655-fb2fcff3bde5/pyspark-9f88d117-bfed-4d42-90f3-802a6e11a52b","logger":"airflow.task.hooks.airflow.providers.apache.spark.hooks.spark_submit.SparkSubmitHook","filename":"spark_submit.py","lineno":644}
{"timestamp":"2026-01-11T16:32:30.826631Z","level":"error","event":"Task failed with exception","logger":"task","filename":"task_runner.py","lineno":986,"error_detail":[{"exc_type":"AirflowException","exc_value":"Cannot execute: spark-submit --master local[*] --name arrow-spark --verbose --deploy-mode client /opt/airflow/src/cleaning.py. Error code is: 1.","exc_notes":[],"syntax_error":null,"is_cause":false,"frames":[{"filename":"/home/airflow/.local/lib/python3.12/site-packages/airflow/sdk/execution_time/task_runner.py","lineno":934,"name":"run"},{"filename":"/home/airflow/.local/lib/python3.12/site-packages/airflow/sdk/execution_time/task_runner.py","lineno":1320,"name":"_execute_task"},{"filename":"/home/airflow/.local/lib/python3.12/site-packages/airflow/sdk/bases/operator.py","lineno":417,"name":"wrapper"},{"filename":"/home/airflow/.local/lib/python3.12/site-packages/airflow/providers/apache/spark/operators/spark_submit.py","lineno":197,"name":"execute"},{"filename":"/home/airflow/.local/lib/python3.12/site-packages/airflow/providers/apache/spark/hooks/spark_submit.py","lineno":566,"name":"submit"}],"is_group":false,"exceptions":[]}]}
