{"timestamp":"2026-01-11T16:37:32.435337Z","level":"info","event":"DAG bundles loaded: dags-folder","logger":"airflow.dag_processing.bundles.manager.DagBundlesManager","filename":"manager.py","lineno":179}
{"timestamp":"2026-01-11T16:37:32.439199Z","level":"info","event":"Filling up the DagBag from /opt/airflow/dags/ecom_pipeline.py","logger":"airflow.models.dagbag.DagBag","filename":"dagbag.py","lineno":593}
{"timestamp":"2026-01-11T16:37:32.734870Z","level":"warning","event":"The `airflow.hooks.base.BaseHook` attribute is deprecated. Please use `'airflow.sdk.bases.hook.BaseHook'`.","category":"DeprecatedImportWarning","filename":"/home/airflow/.local/lib/python3.12/site-packages/airflow/providers/apache/spark/hooks/spark_submit.py","lineno":35,"logger":"py.warnings"}
{"timestamp":"2026-01-11T16:37:32.735198Z","level":"warning","event":"The `airflow.operators.bash.BashOperator` attribute is deprecated. Please use `'airflow.providers.standard.operators.bash.BashOperator'`.","category":"DeprecatedImportWarning","filename":"/opt/airflow/dags/ecom_pipeline.py","lineno":6,"logger":"py.warnings"}
{"timestamp":"2026-01-11T16:37:32.820839Z","level":"info","event":"Spark-Submit cmd: spark-submit --master local[*] --name arrow-spark --verbose --deploy-mode client /opt/airflow/src/cleaning.py","logger":"airflow.task.hooks.airflow.providers.apache.spark.hooks.spark_submit.SparkSubmitHook","filename":"spark_submit.py","lineno":474}
{"timestamp":"2026-01-11T16:37:34.005565Z","level":"info","event":"Using properties file: null","logger":"airflow.task.hooks.airflow.providers.apache.spark.hooks.spark_submit.SparkSubmitHook","filename":"spark_submit.py","lineno":644}
{"timestamp":"2026-01-11T16:37:34.083018Z","level":"info","event":"Parsed arguments:","logger":"airflow.task.hooks.airflow.providers.apache.spark.hooks.spark_submit.SparkSubmitHook","filename":"spark_submit.py","lineno":644}
{"timestamp":"2026-01-11T16:37:34.083147Z","level":"info","event":"master                  local[*]","logger":"airflow.task.hooks.airflow.providers.apache.spark.hooks.spark_submit.SparkSubmitHook","filename":"spark_submit.py","lineno":644}
{"timestamp":"2026-01-11T16:37:34.083192Z","level":"info","event":"remote                  null","logger":"airflow.task.hooks.airflow.providers.apache.spark.hooks.spark_submit.SparkSubmitHook","filename":"spark_submit.py","lineno":644}
{"timestamp":"2026-01-11T16:37:34.083228Z","level":"info","event":"deployMode              client","logger":"airflow.task.hooks.airflow.providers.apache.spark.hooks.spark_submit.SparkSubmitHook","filename":"spark_submit.py","lineno":644}
{"timestamp":"2026-01-11T16:37:34.083261Z","level":"info","event":"executorMemory          1g","logger":"airflow.task.hooks.airflow.providers.apache.spark.hooks.spark_submit.SparkSubmitHook","filename":"spark_submit.py","lineno":644}
{"timestamp":"2026-01-11T16:37:34.083277Z","level":"info","event":"executorCores           null","logger":"airflow.task.hooks.airflow.providers.apache.spark.hooks.spark_submit.SparkSubmitHook","filename":"spark_submit.py","lineno":644}
{"timestamp":"2026-01-11T16:37:34.083298Z","level":"info","event":"totalExecutorCores      null","logger":"airflow.task.hooks.airflow.providers.apache.spark.hooks.spark_submit.SparkSubmitHook","filename":"spark_submit.py","lineno":644}
{"timestamp":"2026-01-11T16:37:34.083312Z","level":"info","event":"propertiesFile          null","logger":"airflow.task.hooks.airflow.providers.apache.spark.hooks.spark_submit.SparkSubmitHook","filename":"spark_submit.py","lineno":644}
{"timestamp":"2026-01-11T16:37:34.083335Z","level":"info","event":"driverMemory            2g","logger":"airflow.task.hooks.airflow.providers.apache.spark.hooks.spark_submit.SparkSubmitHook","filename":"spark_submit.py","lineno":644}
{"timestamp":"2026-01-11T16:37:34.083357Z","level":"info","event":"driverCores             null","logger":"airflow.task.hooks.airflow.providers.apache.spark.hooks.spark_submit.SparkSubmitHook","filename":"spark_submit.py","lineno":644}
{"timestamp":"2026-01-11T16:37:34.083409Z","level":"info","event":"driverExtraClassPath    null","logger":"airflow.task.hooks.airflow.providers.apache.spark.hooks.spark_submit.SparkSubmitHook","filename":"spark_submit.py","lineno":644}
{"timestamp":"2026-01-11T16:37:34.083430Z","level":"info","event":"driverExtraLibraryPath  null","logger":"airflow.task.hooks.airflow.providers.apache.spark.hooks.spark_submit.SparkSubmitHook","filename":"spark_submit.py","lineno":644}
{"timestamp":"2026-01-11T16:37:34.083444Z","level":"info","event":"driverExtraJavaOptions  null","logger":"airflow.task.hooks.airflow.providers.apache.spark.hooks.spark_submit.SparkSubmitHook","filename":"spark_submit.py","lineno":644}
{"timestamp":"2026-01-11T16:37:34.083465Z","level":"info","event":"supervise               false","logger":"airflow.task.hooks.airflow.providers.apache.spark.hooks.spark_submit.SparkSubmitHook","filename":"spark_submit.py","lineno":644}
{"timestamp":"2026-01-11T16:37:34.083500Z","level":"info","event":"queue                   null","logger":"airflow.task.hooks.airflow.providers.apache.spark.hooks.spark_submit.SparkSubmitHook","filename":"spark_submit.py","lineno":644}
{"timestamp":"2026-01-11T16:37:34.083530Z","level":"info","event":"numExecutors            null","logger":"airflow.task.hooks.airflow.providers.apache.spark.hooks.spark_submit.SparkSubmitHook","filename":"spark_submit.py","lineno":644}
{"timestamp":"2026-01-11T16:37:34.083563Z","level":"info","event":"files                   null","logger":"airflow.task.hooks.airflow.providers.apache.spark.hooks.spark_submit.SparkSubmitHook","filename":"spark_submit.py","lineno":644}
{"timestamp":"2026-01-11T16:37:34.083593Z","level":"info","event":"pyFiles                 null","logger":"airflow.task.hooks.airflow.providers.apache.spark.hooks.spark_submit.SparkSubmitHook","filename":"spark_submit.py","lineno":644}
{"timestamp":"2026-01-11T16:37:34.083608Z","level":"info","event":"archives                null","logger":"airflow.task.hooks.airflow.providers.apache.spark.hooks.spark_submit.SparkSubmitHook","filename":"spark_submit.py","lineno":644}
{"timestamp":"2026-01-11T16:37:34.083622Z","level":"info","event":"mainClass               null","logger":"airflow.task.hooks.airflow.providers.apache.spark.hooks.spark_submit.SparkSubmitHook","filename":"spark_submit.py","lineno":644}
{"timestamp":"2026-01-11T16:37:34.083636Z","level":"info","event":"primaryResource         file:/opt/airflow/src/cleaning.py","logger":"airflow.task.hooks.airflow.providers.apache.spark.hooks.spark_submit.SparkSubmitHook","filename":"spark_submit.py","lineno":644}
{"timestamp":"2026-01-11T16:37:34.083672Z","level":"info","event":"name                    arrow-spark","logger":"airflow.task.hooks.airflow.providers.apache.spark.hooks.spark_submit.SparkSubmitHook","filename":"spark_submit.py","lineno":644}
{"timestamp":"2026-01-11T16:37:34.083699Z","level":"info","event":"childArgs               []","logger":"airflow.task.hooks.airflow.providers.apache.spark.hooks.spark_submit.SparkSubmitHook","filename":"spark_submit.py","lineno":644}
{"timestamp":"2026-01-11T16:37:34.083728Z","level":"info","event":"jars                    null","logger":"airflow.task.hooks.airflow.providers.apache.spark.hooks.spark_submit.SparkSubmitHook","filename":"spark_submit.py","lineno":644}
{"timestamp":"2026-01-11T16:37:34.083757Z","level":"info","event":"packages                null","logger":"airflow.task.hooks.airflow.providers.apache.spark.hooks.spark_submit.SparkSubmitHook","filename":"spark_submit.py","lineno":644}
{"timestamp":"2026-01-11T16:37:34.083797Z","level":"info","event":"packagesExclusions      null","logger":"airflow.task.hooks.airflow.providers.apache.spark.hooks.spark_submit.SparkSubmitHook","filename":"spark_submit.py","lineno":644}
{"timestamp":"2026-01-11T16:37:34.083819Z","level":"info","event":"repositories            null","logger":"airflow.task.hooks.airflow.providers.apache.spark.hooks.spark_submit.SparkSubmitHook","filename":"spark_submit.py","lineno":644}
{"timestamp":"2026-01-11T16:37:34.083833Z","level":"info","event":"verbose                 true","logger":"airflow.task.hooks.airflow.providers.apache.spark.hooks.spark_submit.SparkSubmitHook","filename":"spark_submit.py","lineno":644}
{"timestamp":"2026-01-11T16:37:34.083847Z","level":"info","event":"","logger":"airflow.task.hooks.airflow.providers.apache.spark.hooks.spark_submit.SparkSubmitHook","filename":"spark_submit.py","lineno":644}
{"timestamp":"2026-01-11T16:37:34.083877Z","level":"info","event":"Spark properties used, including those specified through","logger":"airflow.task.hooks.airflow.providers.apache.spark.hooks.spark_submit.SparkSubmitHook","filename":"spark_submit.py","lineno":644}
{"timestamp":"2026-01-11T16:37:34.083911Z","level":"info","event":"--conf and those from the properties file null:","logger":"airflow.task.hooks.airflow.providers.apache.spark.hooks.spark_submit.SparkSubmitHook","filename":"spark_submit.py","lineno":644}
{"timestamp":"2026-01-11T16:37:34.083954Z","level":"info","event":"","logger":"airflow.task.hooks.airflow.providers.apache.spark.hooks.spark_submit.SparkSubmitHook","filename":"spark_submit.py","lineno":644}
{"timestamp":"2026-01-11T16:37:34.083996Z","level":"info","event":"","logger":"airflow.task.hooks.airflow.providers.apache.spark.hooks.spark_submit.SparkSubmitHook","filename":"spark_submit.py","lineno":644}
{"timestamp":"2026-01-11T16:37:34.084020Z","level":"info","event":"","logger":"airflow.task.hooks.airflow.providers.apache.spark.hooks.spark_submit.SparkSubmitHook","filename":"spark_submit.py","lineno":644}
{"timestamp":"2026-01-11T16:37:34.269683Z","level":"info","event":"Main class:","logger":"airflow.task.hooks.airflow.providers.apache.spark.hooks.spark_submit.SparkSubmitHook","filename":"spark_submit.py","lineno":644}
{"timestamp":"2026-01-11T16:37:34.269856Z","level":"info","event":"org.apache.spark.deploy.PythonRunner","logger":"airflow.task.hooks.airflow.providers.apache.spark.hooks.spark_submit.SparkSubmitHook","filename":"spark_submit.py","lineno":644}
{"timestamp":"2026-01-11T16:37:34.269896Z","level":"info","event":"Arguments:","logger":"airflow.task.hooks.airflow.providers.apache.spark.hooks.spark_submit.SparkSubmitHook","filename":"spark_submit.py","lineno":644}
{"timestamp":"2026-01-11T16:37:34.269927Z","level":"info","event":"file:/opt/airflow/src/cleaning.py","logger":"airflow.task.hooks.airflow.providers.apache.spark.hooks.spark_submit.SparkSubmitHook","filename":"spark_submit.py","lineno":644}
{"timestamp":"2026-01-11T16:37:34.269942Z","level":"info","event":"null","logger":"airflow.task.hooks.airflow.providers.apache.spark.hooks.spark_submit.SparkSubmitHook","filename":"spark_submit.py","lineno":644}
{"timestamp":"2026-01-11T16:37:34.269957Z","level":"info","event":"Spark config:","logger":"airflow.task.hooks.airflow.providers.apache.spark.hooks.spark_submit.SparkSubmitHook","filename":"spark_submit.py","lineno":644}
{"timestamp":"2026-01-11T16:37:34.269972Z","level":"info","event":"(spark.app.name,arrow-spark)","logger":"airflow.task.hooks.airflow.providers.apache.spark.hooks.spark_submit.SparkSubmitHook","filename":"spark_submit.py","lineno":644}
{"timestamp":"2026-01-11T16:37:34.269998Z","level":"info","event":"(spark.app.submitTime,1768149454258)","logger":"airflow.task.hooks.airflow.providers.apache.spark.hooks.spark_submit.SparkSubmitHook","filename":"spark_submit.py","lineno":644}
{"timestamp":"2026-01-11T16:37:34.270020Z","level":"info","event":"(spark.driver.memory,2g)","logger":"airflow.task.hooks.airflow.providers.apache.spark.hooks.spark_submit.SparkSubmitHook","filename":"spark_submit.py","lineno":644}
{"timestamp":"2026-01-11T16:37:34.270047Z","level":"info","event":"(spark.master,local[*])","logger":"airflow.task.hooks.airflow.providers.apache.spark.hooks.spark_submit.SparkSubmitHook","filename":"spark_submit.py","lineno":644}
{"timestamp":"2026-01-11T16:37:34.270067Z","level":"info","event":"(spark.submit.deployMode,client)","logger":"airflow.task.hooks.airflow.providers.apache.spark.hooks.spark_submit.SparkSubmitHook","filename":"spark_submit.py","lineno":644}
{"timestamp":"2026-01-11T16:37:34.270081Z","level":"info","event":"(spark.submit.pyFiles,)","logger":"airflow.task.hooks.airflow.providers.apache.spark.hooks.spark_submit.SparkSubmitHook","filename":"spark_submit.py","lineno":644}
{"timestamp":"2026-01-11T16:37:34.270095Z","level":"info","event":"Classpath elements:","logger":"airflow.task.hooks.airflow.providers.apache.spark.hooks.spark_submit.SparkSubmitHook","filename":"spark_submit.py","lineno":644}
{"timestamp":"2026-01-11T16:37:34.270110Z","level":"info","event":"","logger":"airflow.task.hooks.airflow.providers.apache.spark.hooks.spark_submit.SparkSubmitHook","filename":"spark_submit.py","lineno":644}
{"timestamp":"2026-01-11T16:37:34.270124Z","level":"info","event":"","logger":"airflow.task.hooks.airflow.providers.apache.spark.hooks.spark_submit.SparkSubmitHook","filename":"spark_submit.py","lineno":644}
{"timestamp":"2026-01-11T16:37:34.270138Z","level":"info","event":"","logger":"airflow.task.hooks.airflow.providers.apache.spark.hooks.spark_submit.SparkSubmitHook","filename":"spark_submit.py","lineno":644}
{"timestamp":"2026-01-11T16:37:35.180756Z","level":"info","event":"26/01/11 16:37:35 INFO SparkContext: Running Spark version 3.5.0","logger":"airflow.task.hooks.airflow.providers.apache.spark.hooks.spark_submit.SparkSubmitHook","filename":"spark_submit.py","lineno":644}
{"timestamp":"2026-01-11T16:37:35.183828Z","level":"info","event":"26/01/11 16:37:35 INFO SparkContext: OS info Linux, 6.10.14-linuxkit, aarch64","logger":"airflow.task.hooks.airflow.providers.apache.spark.hooks.spark_submit.SparkSubmitHook","filename":"spark_submit.py","lineno":644}
{"timestamp":"2026-01-11T16:37:35.185181Z","level":"info","event":"26/01/11 16:37:35 INFO SparkContext: Java version 17.0.17","logger":"airflow.task.hooks.airflow.providers.apache.spark.hooks.spark_submit.SparkSubmitHook","filename":"spark_submit.py","lineno":644}
{"timestamp":"2026-01-11T16:37:35.229982Z","level":"info","event":"26/01/11 16:37:35 WARN NativeCodeLoader: Unable to load native-hadoop library for your platform... using builtin-java classes where applicable","logger":"airflow.task.hooks.airflow.providers.apache.spark.hooks.spark_submit.SparkSubmitHook","filename":"spark_submit.py","lineno":644}
{"timestamp":"2026-01-11T16:37:35.293974Z","level":"info","event":"26/01/11 16:37:35 INFO ResourceUtils: ==============================================================","logger":"airflow.task.hooks.airflow.providers.apache.spark.hooks.spark_submit.SparkSubmitHook","filename":"spark_submit.py","lineno":644}
{"timestamp":"2026-01-11T16:37:35.294140Z","level":"info","event":"26/01/11 16:37:35 INFO ResourceUtils: No custom resources configured for spark.driver.","logger":"airflow.task.hooks.airflow.providers.apache.spark.hooks.spark_submit.SparkSubmitHook","filename":"spark_submit.py","lineno":644}
{"timestamp":"2026-01-11T16:37:35.294346Z","level":"info","event":"26/01/11 16:37:35 INFO ResourceUtils: ==============================================================","logger":"airflow.task.hooks.airflow.providers.apache.spark.hooks.spark_submit.SparkSubmitHook","filename":"spark_submit.py","lineno":644}
{"timestamp":"2026-01-11T16:37:35.294508Z","level":"info","event":"26/01/11 16:37:35 INFO SparkContext: Submitted application: Data_Cleaning","logger":"airflow.task.hooks.airflow.providers.apache.spark.hooks.spark_submit.SparkSubmitHook","filename":"spark_submit.py","lineno":644}
{"timestamp":"2026-01-11T16:37:35.308278Z","level":"info","event":"26/01/11 16:37:35 INFO ResourceProfile: Default ResourceProfile created, executor resources: Map(cores -> name: cores, amount: 1, script: , vendor: , memory -> name: memory, amount: 1024, script: , vendor: , offHeap -> name: offHeap, amount: 0, script: , vendor: ), task resources: Map(cpus -> name: cpus, amount: 1.0)","logger":"airflow.task.hooks.airflow.providers.apache.spark.hooks.spark_submit.SparkSubmitHook","filename":"spark_submit.py","lineno":644}
{"timestamp":"2026-01-11T16:37:35.312589Z","level":"info","event":"26/01/11 16:37:35 INFO ResourceProfile: Limiting resource is cpu","logger":"airflow.task.hooks.airflow.providers.apache.spark.hooks.spark_submit.SparkSubmitHook","filename":"spark_submit.py","lineno":644}
{"timestamp":"2026-01-11T16:37:35.312993Z","level":"info","event":"26/01/11 16:37:35 INFO ResourceProfileManager: Added ResourceProfile id: 0","logger":"airflow.task.hooks.airflow.providers.apache.spark.hooks.spark_submit.SparkSubmitHook","filename":"spark_submit.py","lineno":644}
{"timestamp":"2026-01-11T16:37:35.357270Z","level":"info","event":"26/01/11 16:37:35 INFO SecurityManager: Changing view acls to: airflow","logger":"airflow.task.hooks.airflow.providers.apache.spark.hooks.spark_submit.SparkSubmitHook","filename":"spark_submit.py","lineno":644}
{"timestamp":"2026-01-11T16:37:35.357558Z","level":"info","event":"26/01/11 16:37:35 INFO SecurityManager: Changing modify acls to: airflow","logger":"airflow.task.hooks.airflow.providers.apache.spark.hooks.spark_submit.SparkSubmitHook","filename":"spark_submit.py","lineno":644}
{"timestamp":"2026-01-11T16:37:35.357974Z","level":"info","event":"26/01/11 16:37:35 INFO SecurityManager: Changing view acls groups to:","logger":"airflow.task.hooks.airflow.providers.apache.spark.hooks.spark_submit.SparkSubmitHook","filename":"spark_submit.py","lineno":644}
{"timestamp":"2026-01-11T16:37:35.358176Z","level":"info","event":"26/01/11 16:37:35 INFO SecurityManager: Changing modify acls groups to:","logger":"airflow.task.hooks.airflow.providers.apache.spark.hooks.spark_submit.SparkSubmitHook","filename":"spark_submit.py","lineno":644}
{"timestamp":"2026-01-11T16:37:35.358463Z","level":"info","event":"26/01/11 16:37:35 INFO SecurityManager: SecurityManager: authentication disabled; ui acls disabled; users with view permissions: airflow; groups with view permissions: EMPTY; users with modify permissions: airflow; groups with modify permissions: EMPTY","logger":"airflow.task.hooks.airflow.providers.apache.spark.hooks.spark_submit.SparkSubmitHook","filename":"spark_submit.py","lineno":644}
{"timestamp":"2026-01-11T16:37:35.551361Z","level":"info","event":"26/01/11 16:37:35 INFO Utils: Successfully started service 'sparkDriver' on port 36933.","logger":"airflow.task.hooks.airflow.providers.apache.spark.hooks.spark_submit.SparkSubmitHook","filename":"spark_submit.py","lineno":644}
{"timestamp":"2026-01-11T16:37:35.574943Z","level":"info","event":"26/01/11 16:37:35 INFO SparkEnv: Registering MapOutputTracker","logger":"airflow.task.hooks.airflow.providers.apache.spark.hooks.spark_submit.SparkSubmitHook","filename":"spark_submit.py","lineno":644}
{"timestamp":"2026-01-11T16:37:35.599898Z","level":"info","event":"26/01/11 16:37:35 INFO SparkEnv: Registering BlockManagerMaster","logger":"airflow.task.hooks.airflow.providers.apache.spark.hooks.spark_submit.SparkSubmitHook","filename":"spark_submit.py","lineno":644}
{"timestamp":"2026-01-11T16:37:35.614601Z","level":"info","event":"26/01/11 16:37:35 INFO BlockManagerMasterEndpoint: Using org.apache.spark.storage.DefaultTopologyMapper for getting topology information","logger":"airflow.task.hooks.airflow.providers.apache.spark.hooks.spark_submit.SparkSubmitHook","filename":"spark_submit.py","lineno":644}
{"timestamp":"2026-01-11T16:37:35.615082Z","level":"info","event":"26/01/11 16:37:35 INFO BlockManagerMasterEndpoint: BlockManagerMasterEndpoint up","logger":"airflow.task.hooks.airflow.providers.apache.spark.hooks.spark_submit.SparkSubmitHook","filename":"spark_submit.py","lineno":644}
{"timestamp":"2026-01-11T16:37:35.618739Z","level":"info","event":"26/01/11 16:37:35 INFO SparkEnv: Registering BlockManagerMasterHeartbeat","logger":"airflow.task.hooks.airflow.providers.apache.spark.hooks.spark_submit.SparkSubmitHook","filename":"spark_submit.py","lineno":644}
{"timestamp":"2026-01-11T16:37:35.638888Z","level":"info","event":"26/01/11 16:37:35 INFO DiskBlockManager: Created local directory at /tmp/blockmgr-32172c6d-93c3-4242-88e9-38ed00d83837","logger":"airflow.task.hooks.airflow.providers.apache.spark.hooks.spark_submit.SparkSubmitHook","filename":"spark_submit.py","lineno":644}
{"timestamp":"2026-01-11T16:37:35.649371Z","level":"info","event":"26/01/11 16:37:35 INFO MemoryStore: MemoryStore started with capacity 1048.8 MiB","logger":"airflow.task.hooks.airflow.providers.apache.spark.hooks.spark_submit.SparkSubmitHook","filename":"spark_submit.py","lineno":644}
{"timestamp":"2026-01-11T16:37:35.675336Z","level":"info","event":"26/01/11 16:37:35 INFO SparkEnv: Registering OutputCommitCoordinator","logger":"airflow.task.hooks.airflow.providers.apache.spark.hooks.spark_submit.SparkSubmitHook","filename":"spark_submit.py","lineno":644}
{"timestamp":"2026-01-11T16:37:35.785799Z","level":"info","event":"26/01/11 16:37:35 INFO JettyUtils: Start Jetty localhost:4040 for SparkUI","logger":"airflow.task.hooks.airflow.providers.apache.spark.hooks.spark_submit.SparkSubmitHook","filename":"spark_submit.py","lineno":644}
{"timestamp":"2026-01-11T16:37:35.830638Z","level":"info","event":"26/01/11 16:37:35 INFO Utils: Successfully started service 'SparkUI' on port 4040.","logger":"airflow.task.hooks.airflow.providers.apache.spark.hooks.spark_submit.SparkSubmitHook","filename":"spark_submit.py","lineno":644}
{"timestamp":"2026-01-11T16:37:35.917748Z","level":"info","event":"26/01/11 16:37:35 INFO Executor: Starting executor ID driver on host localhost","logger":"airflow.task.hooks.airflow.providers.apache.spark.hooks.spark_submit.SparkSubmitHook","filename":"spark_submit.py","lineno":644}
{"timestamp":"2026-01-11T16:37:35.917968Z","level":"info","event":"26/01/11 16:37:35 INFO Executor: OS info Linux, 6.10.14-linuxkit, aarch64","logger":"airflow.task.hooks.airflow.providers.apache.spark.hooks.spark_submit.SparkSubmitHook","filename":"spark_submit.py","lineno":644}
{"timestamp":"2026-01-11T16:37:35.918334Z","level":"info","event":"26/01/11 16:37:35 INFO Executor: Java version 17.0.17","logger":"airflow.task.hooks.airflow.providers.apache.spark.hooks.spark_submit.SparkSubmitHook","filename":"spark_submit.py","lineno":644}
{"timestamp":"2026-01-11T16:37:35.923990Z","level":"info","event":"26/01/11 16:37:35 INFO Executor: Starting executor with user classpath (userClassPathFirst = false): ''","logger":"airflow.task.hooks.airflow.providers.apache.spark.hooks.spark_submit.SparkSubmitHook","filename":"spark_submit.py","lineno":644}
{"timestamp":"2026-01-11T16:37:35.924494Z","level":"info","event":"26/01/11 16:37:35 INFO Executor: Created or updated repl class loader org.apache.spark.util.MutableURLClassLoader@61791b1c for default.","logger":"airflow.task.hooks.airflow.providers.apache.spark.hooks.spark_submit.SparkSubmitHook","filename":"spark_submit.py","lineno":644}
{"timestamp":"2026-01-11T16:37:35.945499Z","level":"info","event":"26/01/11 16:37:35 INFO Utils: Successfully started service 'org.apache.spark.network.netty.NettyBlockTransferService' on port 39589.","logger":"airflow.task.hooks.airflow.providers.apache.spark.hooks.spark_submit.SparkSubmitHook","filename":"spark_submit.py","lineno":644}
{"timestamp":"2026-01-11T16:37:35.945680Z","level":"info","event":"26/01/11 16:37:35 INFO NettyBlockTransferService: Server created on localhost:39589","logger":"airflow.task.hooks.airflow.providers.apache.spark.hooks.spark_submit.SparkSubmitHook","filename":"spark_submit.py","lineno":644}
{"timestamp":"2026-01-11T16:37:35.947303Z","level":"info","event":"26/01/11 16:37:35 INFO BlockManager: Using org.apache.spark.storage.RandomBlockReplicationPolicy for block replication policy","logger":"airflow.task.hooks.airflow.providers.apache.spark.hooks.spark_submit.SparkSubmitHook","filename":"spark_submit.py","lineno":644}
{"timestamp":"2026-01-11T16:37:35.952369Z","level":"info","event":"26/01/11 16:37:35 INFO BlockManagerMaster: Registering BlockManager BlockManagerId(driver, localhost, 39589, None)","logger":"airflow.task.hooks.airflow.providers.apache.spark.hooks.spark_submit.SparkSubmitHook","filename":"spark_submit.py","lineno":644}
{"timestamp":"2026-01-11T16:37:35.954931Z","level":"info","event":"26/01/11 16:37:35 INFO BlockManagerMasterEndpoint: Registering block manager localhost:39589 with 1048.8 MiB RAM, BlockManagerId(driver, localhost, 39589, None)","logger":"airflow.task.hooks.airflow.providers.apache.spark.hooks.spark_submit.SparkSubmitHook","filename":"spark_submit.py","lineno":644}
{"timestamp":"2026-01-11T16:37:35.956196Z","level":"info","event":"26/01/11 16:37:35 INFO BlockManagerMaster: Registered BlockManager BlockManagerId(driver, localhost, 39589, None)","logger":"airflow.task.hooks.airflow.providers.apache.spark.hooks.spark_submit.SparkSubmitHook","filename":"spark_submit.py","lineno":644}
{"timestamp":"2026-01-11T16:37:35.956774Z","level":"info","event":"26/01/11 16:37:35 INFO BlockManager: Initialized BlockManager: BlockManagerId(driver, localhost, 39589, None)","logger":"airflow.task.hooks.airflow.providers.apache.spark.hooks.spark_submit.SparkSubmitHook","filename":"spark_submit.py","lineno":644}
{"timestamp":"2026-01-11T16:37:36.265067Z","level":"info","event":"26/01/11 16:37:36 INFO SharedState: Setting hive.metastore.warehouse.dir ('null') to the value of spark.sql.warehouse.dir.","logger":"airflow.task.hooks.airflow.providers.apache.spark.hooks.spark_submit.SparkSubmitHook","filename":"spark_submit.py","lineno":644}
{"timestamp":"2026-01-11T16:37:36.269823Z","level":"info","event":"26/01/11 16:37:36 INFO SharedState: Warehouse path is 'file:/opt/airflow/spark-warehouse'.","logger":"airflow.task.hooks.airflow.providers.apache.spark.hooks.spark_submit.SparkSubmitHook","filename":"spark_submit.py","lineno":644}
{"timestamp":"2026-01-11T16:37:36.974811Z","level":"info","event":"26/01/11 16:37:36 INFO InMemoryFileIndex: It took 34 ms to list leaf files for 1 paths.","logger":"airflow.task.hooks.airflow.providers.apache.spark.hooks.spark_submit.SparkSubmitHook","filename":"spark_submit.py","lineno":644}
{"timestamp":"2026-01-11T16:37:37.024020Z","level":"info","event":"26/01/11 16:37:37 INFO InMemoryFileIndex: It took 2 ms to list leaf files for 3 paths.","logger":"airflow.task.hooks.airflow.providers.apache.spark.hooks.spark_submit.SparkSubmitHook","filename":"spark_submit.py","lineno":644}
{"timestamp":"2026-01-11T16:37:38.438626Z","level":"info","event":"26/01/11 16:37:38 INFO FileSourceStrategy: Pushed Filters:","logger":"airflow.task.hooks.airflow.providers.apache.spark.hooks.spark_submit.SparkSubmitHook","filename":"spark_submit.py","lineno":644}
{"timestamp":"2026-01-11T16:37:38.441862Z","level":"info","event":"26/01/11 16:37:38 INFO FileSourceStrategy: Post-Scan Filters: (length(trim(value#0, None)) > 0)","logger":"airflow.task.hooks.airflow.providers.apache.spark.hooks.spark_submit.SparkSubmitHook","filename":"spark_submit.py","lineno":644}
{"timestamp":"2026-01-11T16:37:38.789352Z","level":"info","event":"26/01/11 16:37:38 INFO CodeGenerator: Code generated in 115.479334 ms","logger":"airflow.task.hooks.airflow.providers.apache.spark.hooks.spark_submit.SparkSubmitHook","filename":"spark_submit.py","lineno":644}
{"timestamp":"2026-01-11T16:37:38.814709Z","level":"info","event":"26/01/11 16:37:38 INFO MemoryStore: Block broadcast_0 stored as values in memory (estimated size 199.5 KiB, free 1048.6 MiB)","logger":"airflow.task.hooks.airflow.providers.apache.spark.hooks.spark_submit.SparkSubmitHook","filename":"spark_submit.py","lineno":644}
{"timestamp":"2026-01-11T16:37:38.862378Z","level":"info","event":"26/01/11 16:37:38 INFO MemoryStore: Block broadcast_0_piece0 stored as bytes in memory (estimated size 34.2 KiB, free 1048.6 MiB)","logger":"airflow.task.hooks.airflow.providers.apache.spark.hooks.spark_submit.SparkSubmitHook","filename":"spark_submit.py","lineno":644}
{"timestamp":"2026-01-11T16:37:38.864787Z","level":"info","event":"26/01/11 16:37:38 INFO BlockManagerInfo: Added broadcast_0_piece0 in memory on localhost:39589 (size: 34.2 KiB, free: 1048.8 MiB)","logger":"airflow.task.hooks.airflow.providers.apache.spark.hooks.spark_submit.SparkSubmitHook","filename":"spark_submit.py","lineno":644}
{"timestamp":"2026-01-11T16:37:38.867976Z","level":"info","event":"26/01/11 16:37:38 INFO SparkContext: Created broadcast 0 from csv at NativeMethodAccessorImpl.java:0","logger":"airflow.task.hooks.airflow.providers.apache.spark.hooks.spark_submit.SparkSubmitHook","filename":"spark_submit.py","lineno":644}
{"timestamp":"2026-01-11T16:37:38.876333Z","level":"info","event":"26/01/11 16:37:38 INFO FileSourceScanExec: Planning scan with bin packing, max size: 4194304 bytes, open cost is considered as scanning 4194304 bytes.","logger":"airflow.task.hooks.airflow.providers.apache.spark.hooks.spark_submit.SparkSubmitHook","filename":"spark_submit.py","lineno":644}
{"timestamp":"2026-01-11T16:37:38.954944Z","level":"info","event":"26/01/11 16:37:38 INFO SparkContext: Starting job: csv at NativeMethodAccessorImpl.java:0","logger":"airflow.task.hooks.airflow.providers.apache.spark.hooks.spark_submit.SparkSubmitHook","filename":"spark_submit.py","lineno":644}
{"timestamp":"2026-01-11T16:37:38.971435Z","level":"info","event":"26/01/11 16:37:38 INFO DAGScheduler: Got job 0 (csv at NativeMethodAccessorImpl.java:0) with 1 output partitions","logger":"airflow.task.hooks.airflow.providers.apache.spark.hooks.spark_submit.SparkSubmitHook","filename":"spark_submit.py","lineno":644}
{"timestamp":"2026-01-11T16:37:38.971600Z","level":"info","event":"26/01/11 16:37:38 INFO DAGScheduler: Final stage: ResultStage 0 (csv at NativeMethodAccessorImpl.java:0)","logger":"airflow.task.hooks.airflow.providers.apache.spark.hooks.spark_submit.SparkSubmitHook","filename":"spark_submit.py","lineno":644}
{"timestamp":"2026-01-11T16:37:38.971825Z","level":"info","event":"26/01/11 16:37:38 INFO DAGScheduler: Parents of final stage: List()","logger":"airflow.task.hooks.airflow.providers.apache.spark.hooks.spark_submit.SparkSubmitHook","filename":"spark_submit.py","lineno":644}
{"timestamp":"2026-01-11T16:37:38.972346Z","level":"info","event":"26/01/11 16:37:38 INFO DAGScheduler: Missing parents: List()","logger":"airflow.task.hooks.airflow.providers.apache.spark.hooks.spark_submit.SparkSubmitHook","filename":"spark_submit.py","lineno":644}
{"timestamp":"2026-01-11T16:37:38.974331Z","level":"info","event":"26/01/11 16:37:38 INFO DAGScheduler: Submitting ResultStage 0 (MapPartitionsRDD[3] at csv at NativeMethodAccessorImpl.java:0), which has no missing parents","logger":"airflow.task.hooks.airflow.providers.apache.spark.hooks.spark_submit.SparkSubmitHook","filename":"spark_submit.py","lineno":644}
{"timestamp":"2026-01-11T16:37:39.045516Z","level":"info","event":"26/01/11 16:37:39 INFO MemoryStore: Block broadcast_1 stored as values in memory (estimated size 13.5 KiB, free 1048.6 MiB)","logger":"airflow.task.hooks.airflow.providers.apache.spark.hooks.spark_submit.SparkSubmitHook","filename":"spark_submit.py","lineno":644}
{"timestamp":"2026-01-11T16:37:39.046562Z","level":"info","event":"26/01/11 16:37:39 INFO MemoryStore: Block broadcast_1_piece0 stored as bytes in memory (estimated size 6.4 KiB, free 1048.6 MiB)","logger":"airflow.task.hooks.airflow.providers.apache.spark.hooks.spark_submit.SparkSubmitHook","filename":"spark_submit.py","lineno":644}
{"timestamp":"2026-01-11T16:37:39.046914Z","level":"info","event":"26/01/11 16:37:39 INFO BlockManagerInfo: Added broadcast_1_piece0 in memory on localhost:39589 (size: 6.4 KiB, free: 1048.8 MiB)","logger":"airflow.task.hooks.airflow.providers.apache.spark.hooks.spark_submit.SparkSubmitHook","filename":"spark_submit.py","lineno":644}
{"timestamp":"2026-01-11T16:37:39.047617Z","level":"info","event":"26/01/11 16:37:39 INFO SparkContext: Created broadcast 1 from broadcast at DAGScheduler.scala:1580","logger":"airflow.task.hooks.airflow.providers.apache.spark.hooks.spark_submit.SparkSubmitHook","filename":"spark_submit.py","lineno":644}
{"timestamp":"2026-01-11T16:37:39.061788Z","level":"info","event":"26/01/11 16:37:39 INFO DAGScheduler: Submitting 1 missing tasks from ResultStage 0 (MapPartitionsRDD[3] at csv at NativeMethodAccessorImpl.java:0) (first 15 tasks are for partitions Vector(0))","logger":"airflow.task.hooks.airflow.providers.apache.spark.hooks.spark_submit.SparkSubmitHook","filename":"spark_submit.py","lineno":644}
{"timestamp":"2026-01-11T16:37:39.062384Z","level":"info","event":"26/01/11 16:37:39 INFO TaskSchedulerImpl: Adding task set 0.0 with 1 tasks resource profile 0","logger":"airflow.task.hooks.airflow.providers.apache.spark.hooks.spark_submit.SparkSubmitHook","filename":"spark_submit.py","lineno":644}
{"timestamp":"2026-01-11T16:37:39.092848Z","level":"info","event":"26/01/11 16:37:39 INFO TaskSetManager: Starting task 0.0 in stage 0.0 (TID 0) (localhost, executor driver, partition 0, PROCESS_LOCAL, 8279 bytes)","logger":"airflow.task.hooks.airflow.providers.apache.spark.hooks.spark_submit.SparkSubmitHook","filename":"spark_submit.py","lineno":644}
{"timestamp":"2026-01-11T16:37:39.102905Z","level":"info","event":"26/01/11 16:37:39 INFO Executor: Running task 0.0 in stage 0.0 (TID 0)","logger":"airflow.task.hooks.airflow.providers.apache.spark.hooks.spark_submit.SparkSubmitHook","filename":"spark_submit.py","lineno":644}
{"timestamp":"2026-01-11T16:37:39.180274Z","level":"info","event":"26/01/11 16:37:39 INFO CodeGenerator: Code generated in 9.36825 ms","logger":"airflow.task.hooks.airflow.providers.apache.spark.hooks.spark_submit.SparkSubmitHook","filename":"spark_submit.py","lineno":644}
{"timestamp":"2026-01-11T16:37:39.185008Z","level":"info","event":"26/01/11 16:37:39 INFO FileScanRDD: Reading File path: file:///opt/airflow/data/raw/olist_customers/part-00000-10b127ab-18d1-4b66-aa9e-f6251c5881e3-c000.csv, range: 0-3986750, partition values: [empty row]","logger":"airflow.task.hooks.airflow.providers.apache.spark.hooks.spark_submit.SparkSubmitHook","filename":"spark_submit.py","lineno":644}
{"timestamp":"2026-01-11T16:37:39.197431Z","level":"info","event":"26/01/11 16:37:39 INFO CodeGenerator: Code generated in 7.461541 ms","logger":"airflow.task.hooks.airflow.providers.apache.spark.hooks.spark_submit.SparkSubmitHook","filename":"spark_submit.py","lineno":644}
{"timestamp":"2026-01-11T16:37:39.250233Z","level":"info","event":"26/01/11 16:37:39 INFO Executor: Finished task 0.0 in stage 0.0 (TID 0). 1671 bytes result sent to driver","logger":"airflow.task.hooks.airflow.providers.apache.spark.hooks.spark_submit.SparkSubmitHook","filename":"spark_submit.py","lineno":644}
{"timestamp":"2026-01-11T16:37:39.259011Z","level":"info","event":"26/01/11 16:37:39 INFO TaskSetManager: Finished task 0.0 in stage 0.0 (TID 0) in 174 ms on localhost (executor driver) (1/1)","logger":"airflow.task.hooks.airflow.providers.apache.spark.hooks.spark_submit.SparkSubmitHook","filename":"spark_submit.py","lineno":644}
{"timestamp":"2026-01-11T16:37:39.260804Z","level":"info","event":"26/01/11 16:37:39 INFO TaskSchedulerImpl: Removed TaskSet 0.0, whose tasks have all completed, from pool","logger":"airflow.task.hooks.airflow.providers.apache.spark.hooks.spark_submit.SparkSubmitHook","filename":"spark_submit.py","lineno":644}
{"timestamp":"2026-01-11T16:37:39.263998Z","level":"info","event":"26/01/11 16:37:39 INFO DAGScheduler: ResultStage 0 (csv at NativeMethodAccessorImpl.java:0) finished in 0.279 s","logger":"airflow.task.hooks.airflow.providers.apache.spark.hooks.spark_submit.SparkSubmitHook","filename":"spark_submit.py","lineno":644}
{"timestamp":"2026-01-11T16:37:39.265814Z","level":"info","event":"26/01/11 16:37:39 INFO DAGScheduler: Job 0 is finished. Cancelling potential speculative or zombie tasks for this job","logger":"airflow.task.hooks.airflow.providers.apache.spark.hooks.spark_submit.SparkSubmitHook","filename":"spark_submit.py","lineno":644}
{"timestamp":"2026-01-11T16:37:39.266038Z","level":"info","event":"26/01/11 16:37:39 INFO TaskSchedulerImpl: Killing all running tasks in stage 0: Stage finished","logger":"airflow.task.hooks.airflow.providers.apache.spark.hooks.spark_submit.SparkSubmitHook","filename":"spark_submit.py","lineno":644}
{"timestamp":"2026-01-11T16:37:39.267609Z","level":"info","event":"26/01/11 16:37:39 INFO DAGScheduler: Job 0 finished: csv at NativeMethodAccessorImpl.java:0, took 0.312338 s","logger":"airflow.task.hooks.airflow.providers.apache.spark.hooks.spark_submit.SparkSubmitHook","filename":"spark_submit.py","lineno":644}
{"timestamp":"2026-01-11T16:37:39.281821Z","level":"info","event":"26/01/11 16:37:39 INFO CodeGenerator: Code generated in 6.747375 ms","logger":"airflow.task.hooks.airflow.providers.apache.spark.hooks.spark_submit.SparkSubmitHook","filename":"spark_submit.py","lineno":644}
{"timestamp":"2026-01-11T16:37:39.315354Z","level":"info","event":"26/01/11 16:37:39 INFO FileSourceStrategy: Pushed Filters:","logger":"airflow.task.hooks.airflow.providers.apache.spark.hooks.spark_submit.SparkSubmitHook","filename":"spark_submit.py","lineno":644}
{"timestamp":"2026-01-11T16:37:39.315774Z","level":"info","event":"26/01/11 16:37:39 INFO FileSourceStrategy: Post-Scan Filters:","logger":"airflow.task.hooks.airflow.providers.apache.spark.hooks.spark_submit.SparkSubmitHook","filename":"spark_submit.py","lineno":644}
{"timestamp":"2026-01-11T16:37:39.325899Z","level":"info","event":"26/01/11 16:37:39 INFO MemoryStore: Block broadcast_2 stored as values in memory (estimated size 199.5 KiB, free 1048.4 MiB)","logger":"airflow.task.hooks.airflow.providers.apache.spark.hooks.spark_submit.SparkSubmitHook","filename":"spark_submit.py","lineno":644}
{"timestamp":"2026-01-11T16:37:39.343212Z","level":"info","event":"26/01/11 16:37:39 INFO MemoryStore: Block broadcast_2_piece0 stored as bytes in memory (estimated size 34.2 KiB, free 1048.3 MiB)","logger":"airflow.task.hooks.airflow.providers.apache.spark.hooks.spark_submit.SparkSubmitHook","filename":"spark_submit.py","lineno":644}
{"timestamp":"2026-01-11T16:37:39.346216Z","level":"info","event":"26/01/11 16:37:39 INFO BlockManagerInfo: Added broadcast_2_piece0 in memory on localhost:39589 (size: 34.2 KiB, free: 1048.7 MiB)","logger":"airflow.task.hooks.airflow.providers.apache.spark.hooks.spark_submit.SparkSubmitHook","filename":"spark_submit.py","lineno":644}
{"timestamp":"2026-01-11T16:37:39.347290Z","level":"info","event":"26/01/11 16:37:39 INFO SparkContext: Created broadcast 2 from csv at NativeMethodAccessorImpl.java:0","logger":"airflow.task.hooks.airflow.providers.apache.spark.hooks.spark_submit.SparkSubmitHook","filename":"spark_submit.py","lineno":644}
{"timestamp":"2026-01-11T16:37:39.348875Z","level":"info","event":"26/01/11 16:37:39 INFO FileSourceScanExec: Planning scan with bin packing, max size: 4194304 bytes, open cost is considered as scanning 4194304 bytes.","logger":"airflow.task.hooks.airflow.providers.apache.spark.hooks.spark_submit.SparkSubmitHook","filename":"spark_submit.py","lineno":644}
{"timestamp":"2026-01-11T16:37:39.352214Z","level":"info","event":"26/01/11 16:37:39 INFO BlockManagerInfo: Removed broadcast_1_piece0 on localhost:39589 in memory (size: 6.4 KiB, free: 1048.7 MiB)","logger":"airflow.task.hooks.airflow.providers.apache.spark.hooks.spark_submit.SparkSubmitHook","filename":"spark_submit.py","lineno":644}
{"timestamp":"2026-01-11T16:37:39.387083Z","level":"info","event":"____________________________________________________","logger":"airflow.task.hooks.airflow.providers.apache.spark.hooks.spark_submit.SparkSubmitHook","filename":"spark_submit.py","lineno":644}
{"timestamp":"2026-01-11T16:37:39.478642Z","level":"info","event":"26/01/11 16:37:39 INFO FileSourceStrategy: Pushed Filters:","logger":"airflow.task.hooks.airflow.providers.apache.spark.hooks.spark_submit.SparkSubmitHook","filename":"spark_submit.py","lineno":644}
{"timestamp":"2026-01-11T16:37:39.478935Z","level":"info","event":"26/01/11 16:37:39 INFO FileSourceStrategy: Post-Scan Filters:","logger":"airflow.task.hooks.airflow.providers.apache.spark.hooks.spark_submit.SparkSubmitHook","filename":"spark_submit.py","lineno":644}
{"timestamp":"2026-01-11T16:37:39.597368Z","level":"info","event":"26/01/11 16:37:39 INFO CodeGenerator: Code generated in 8.157625 ms","logger":"airflow.task.hooks.airflow.providers.apache.spark.hooks.spark_submit.SparkSubmitHook","filename":"spark_submit.py","lineno":644}
{"timestamp":"2026-01-11T16:37:39.600081Z","level":"info","event":"26/01/11 16:37:39 INFO MemoryStore: Block broadcast_3 stored as values in memory (estimated size 199.4 KiB, free 1048.1 MiB)","logger":"airflow.task.hooks.airflow.providers.apache.spark.hooks.spark_submit.SparkSubmitHook","filename":"spark_submit.py","lineno":644}
{"timestamp":"2026-01-11T16:37:39.606545Z","level":"info","event":"26/01/11 16:37:39 INFO MemoryStore: Block broadcast_3_piece0 stored as bytes in memory (estimated size 34.2 KiB, free 1048.1 MiB)","logger":"airflow.task.hooks.airflow.providers.apache.spark.hooks.spark_submit.SparkSubmitHook","filename":"spark_submit.py","lineno":644}
{"timestamp":"2026-01-11T16:37:39.606969Z","level":"info","event":"26/01/11 16:37:39 INFO BlockManagerInfo: Added broadcast_3_piece0 in memory on localhost:39589 (size: 34.2 KiB, free: 1048.7 MiB)","logger":"airflow.task.hooks.airflow.providers.apache.spark.hooks.spark_submit.SparkSubmitHook","filename":"spark_submit.py","lineno":644}
{"timestamp":"2026-01-11T16:37:39.607634Z","level":"info","event":"26/01/11 16:37:39 INFO SparkContext: Created broadcast 3 from count at NativeMethodAccessorImpl.java:0","logger":"airflow.task.hooks.airflow.providers.apache.spark.hooks.spark_submit.SparkSubmitHook","filename":"spark_submit.py","lineno":644}
{"timestamp":"2026-01-11T16:37:39.611316Z","level":"info","event":"26/01/11 16:37:39 INFO FileSourceScanExec: Planning scan with bin packing, max size: 4194304 bytes, open cost is considered as scanning 4194304 bytes.","logger":"airflow.task.hooks.airflow.providers.apache.spark.hooks.spark_submit.SparkSubmitHook","filename":"spark_submit.py","lineno":644}
{"timestamp":"2026-01-11T16:37:39.634276Z","level":"info","event":"26/01/11 16:37:39 INFO DAGScheduler: Registering RDD 13 (count at NativeMethodAccessorImpl.java:0) as input to shuffle 0","logger":"airflow.task.hooks.airflow.providers.apache.spark.hooks.spark_submit.SparkSubmitHook","filename":"spark_submit.py","lineno":644}
{"timestamp":"2026-01-11T16:37:39.638214Z","level":"info","event":"26/01/11 16:37:39 INFO DAGScheduler: Got map stage job 1 (count at NativeMethodAccessorImpl.java:0) with 3 output partitions","logger":"airflow.task.hooks.airflow.providers.apache.spark.hooks.spark_submit.SparkSubmitHook","filename":"spark_submit.py","lineno":644}
{"timestamp":"2026-01-11T16:37:39.638310Z","level":"info","event":"26/01/11 16:37:39 INFO DAGScheduler: Final stage: ShuffleMapStage 1 (count at NativeMethodAccessorImpl.java:0)","logger":"airflow.task.hooks.airflow.providers.apache.spark.hooks.spark_submit.SparkSubmitHook","filename":"spark_submit.py","lineno":644}
{"timestamp":"2026-01-11T16:37:39.638518Z","level":"info","event":"26/01/11 16:37:39 INFO DAGScheduler: Parents of final stage: List()","logger":"airflow.task.hooks.airflow.providers.apache.spark.hooks.spark_submit.SparkSubmitHook","filename":"spark_submit.py","lineno":644}
{"timestamp":"2026-01-11T16:37:39.639014Z","level":"info","event":"26/01/11 16:37:39 INFO DAGScheduler: Missing parents: List()","logger":"airflow.task.hooks.airflow.providers.apache.spark.hooks.spark_submit.SparkSubmitHook","filename":"spark_submit.py","lineno":644}
{"timestamp":"2026-01-11T16:37:39.639980Z","level":"info","event":"26/01/11 16:37:39 INFO DAGScheduler: Submitting ShuffleMapStage 1 (MapPartitionsRDD[13] at count at NativeMethodAccessorImpl.java:0), which has no missing parents","logger":"airflow.task.hooks.airflow.providers.apache.spark.hooks.spark_submit.SparkSubmitHook","filename":"spark_submit.py","lineno":644}
{"timestamp":"2026-01-11T16:37:39.662644Z","level":"info","event":"26/01/11 16:37:39 INFO MemoryStore: Block broadcast_4 stored as values in memory (estimated size 17.8 KiB, free 1048.1 MiB)","logger":"airflow.task.hooks.airflow.providers.apache.spark.hooks.spark_submit.SparkSubmitHook","filename":"spark_submit.py","lineno":644}
{"timestamp":"2026-01-11T16:37:39.672668Z","level":"info","event":"26/01/11 16:37:39 INFO MemoryStore: Block broadcast_4_piece0 stored as bytes in memory (estimated size 8.7 KiB, free 1048.1 MiB)","logger":"airflow.task.hooks.airflow.providers.apache.spark.hooks.spark_submit.SparkSubmitHook","filename":"spark_submit.py","lineno":644}
{"timestamp":"2026-01-11T16:37:39.673943Z","level":"info","event":"26/01/11 16:37:39 INFO BlockManagerInfo: Added broadcast_4_piece0 in memory on localhost:39589 (size: 8.7 KiB, free: 1048.7 MiB)","logger":"airflow.task.hooks.airflow.providers.apache.spark.hooks.spark_submit.SparkSubmitHook","filename":"spark_submit.py","lineno":644}
{"timestamp":"2026-01-11T16:37:39.674538Z","level":"info","event":"26/01/11 16:37:39 INFO SparkContext: Created broadcast 4 from broadcast at DAGScheduler.scala:1580","logger":"airflow.task.hooks.airflow.providers.apache.spark.hooks.spark_submit.SparkSubmitHook","filename":"spark_submit.py","lineno":644}
{"timestamp":"2026-01-11T16:37:39.676646Z","level":"info","event":"26/01/11 16:37:39 INFO DAGScheduler: Submitting 3 missing tasks from ShuffleMapStage 1 (MapPartitionsRDD[13] at count at NativeMethodAccessorImpl.java:0) (first 15 tasks are for partitions Vector(0, 1, 2))","logger":"airflow.task.hooks.airflow.providers.apache.spark.hooks.spark_submit.SparkSubmitHook","filename":"spark_submit.py","lineno":644}
{"timestamp":"2026-01-11T16:37:39.676768Z","level":"info","event":"26/01/11 16:37:39 INFO TaskSchedulerImpl: Adding task set 1.0 with 3 tasks resource profile 0","logger":"airflow.task.hooks.airflow.providers.apache.spark.hooks.spark_submit.SparkSubmitHook","filename":"spark_submit.py","lineno":644}
{"timestamp":"2026-01-11T16:37:39.678919Z","level":"info","event":"26/01/11 16:37:39 INFO TaskSetManager: Starting task 0.0 in stage 1.0 (TID 1) (localhost, executor driver, partition 0, PROCESS_LOCAL, 8268 bytes)","logger":"airflow.task.hooks.airflow.providers.apache.spark.hooks.spark_submit.SparkSubmitHook","filename":"spark_submit.py","lineno":644}
{"timestamp":"2026-01-11T16:37:39.679221Z","level":"info","event":"26/01/11 16:37:39 INFO TaskSetManager: Starting task 1.0 in stage 1.0 (TID 2) (localhost, executor driver, partition 1, PROCESS_LOCAL, 8268 bytes)","logger":"airflow.task.hooks.airflow.providers.apache.spark.hooks.spark_submit.SparkSubmitHook","filename":"spark_submit.py","lineno":644}
{"timestamp":"2026-01-11T16:37:39.679354Z","level":"info","event":"26/01/11 16:37:39 INFO TaskSetManager: Starting task 2.0 in stage 1.0 (TID 3) (localhost, executor driver, partition 2, PROCESS_LOCAL, 8268 bytes)","logger":"airflow.task.hooks.airflow.providers.apache.spark.hooks.spark_submit.SparkSubmitHook","filename":"spark_submit.py","lineno":644}
{"timestamp":"2026-01-11T16:37:39.680438Z","level":"info","event":"26/01/11 16:37:39 INFO Executor: Running task 0.0 in stage 1.0 (TID 1)","logger":"airflow.task.hooks.airflow.providers.apache.spark.hooks.spark_submit.SparkSubmitHook","filename":"spark_submit.py","lineno":644}
{"timestamp":"2026-01-11T16:37:39.680708Z","level":"info","event":"26/01/11 16:37:39 INFO Executor: Running task 1.0 in stage 1.0 (TID 2)","logger":"airflow.task.hooks.airflow.providers.apache.spark.hooks.spark_submit.SparkSubmitHook","filename":"spark_submit.py","lineno":644}
{"timestamp":"2026-01-11T16:37:39.682710Z","level":"info","event":"26/01/11 16:37:39 INFO Executor: Running task 2.0 in stage 1.0 (TID 3)","logger":"airflow.task.hooks.airflow.providers.apache.spark.hooks.spark_submit.SparkSubmitHook","filename":"spark_submit.py","lineno":644}
{"timestamp":"2026-01-11T16:37:39.702615Z","level":"info","event":"26/01/11 16:37:39 INFO CodeGenerator: Code generated in 5.122959 ms","logger":"airflow.task.hooks.airflow.providers.apache.spark.hooks.spark_submit.SparkSubmitHook","filename":"spark_submit.py","lineno":644}
{"timestamp":"2026-01-11T16:37:39.709933Z","level":"info","event":"26/01/11 16:37:39 INFO FileScanRDD: Reading File path: file:///opt/airflow/data/raw/olist_customers/part-00001-10b127ab-18d1-4b66-aa9e-f6251c5881e3-c000.csv, range: 0-3986389, partition values: [empty row]","logger":"airflow.task.hooks.airflow.providers.apache.spark.hooks.spark_submit.SparkSubmitHook","filename":"spark_submit.py","lineno":644}
{"timestamp":"2026-01-11T16:37:39.710148Z","level":"info","event":"26/01/11 16:37:39 INFO FileScanRDD: Reading File path: file:///opt/airflow/data/raw/olist_customers/part-00002-10b127ab-18d1-4b66-aa9e-f6251c5881e3-c000.csv, range: 0-613296, partition values: [empty row]","logger":"airflow.task.hooks.airflow.providers.apache.spark.hooks.spark_submit.SparkSubmitHook","filename":"spark_submit.py","lineno":644}
{"timestamp":"2026-01-11T16:37:39.710179Z","level":"info","event":"26/01/11 16:37:39 INFO FileScanRDD: Reading File path: file:///opt/airflow/data/raw/olist_customers/part-00000-10b127ab-18d1-4b66-aa9e-f6251c5881e3-c000.csv, range: 0-3986750, partition values: [empty row]","logger":"airflow.task.hooks.airflow.providers.apache.spark.hooks.spark_submit.SparkSubmitHook","filename":"spark_submit.py","lineno":644}
{"timestamp":"2026-01-11T16:37:39.715350Z","level":"info","event":"26/01/11 16:37:39 INFO CodeGenerator: Code generated in 4.60275 ms","logger":"airflow.task.hooks.airflow.providers.apache.spark.hooks.spark_submit.SparkSubmitHook","filename":"spark_submit.py","lineno":644}
{"timestamp":"2026-01-11T16:37:39.828786Z","level":"info","event":"26/01/11 16:37:39 INFO Executor: Finished task 2.0 in stage 1.0 (TID 3). 2011 bytes result sent to driver","logger":"airflow.task.hooks.airflow.providers.apache.spark.hooks.spark_submit.SparkSubmitHook","filename":"spark_submit.py","lineno":644}
{"timestamp":"2026-01-11T16:37:39.834038Z","level":"info","event":"26/01/11 16:37:39 INFO TaskSetManager: Finished task 2.0 in stage 1.0 (TID 3) in 154 ms on localhost (executor driver) (1/3)","logger":"airflow.task.hooks.airflow.providers.apache.spark.hooks.spark_submit.SparkSubmitHook","filename":"spark_submit.py","lineno":644}
{"timestamp":"2026-01-11T16:37:39.894323Z","level":"info","event":"26/01/11 16:37:39 INFO Executor: Finished task 1.0 in stage 1.0 (TID 2). 1968 bytes result sent to driver","logger":"airflow.task.hooks.airflow.providers.apache.spark.hooks.spark_submit.SparkSubmitHook","filename":"spark_submit.py","lineno":644}
{"timestamp":"2026-01-11T16:37:39.896361Z","level":"info","event":"26/01/11 16:37:39 INFO Executor: Finished task 0.0 in stage 1.0 (TID 1). 1968 bytes result sent to driver","logger":"airflow.task.hooks.airflow.providers.apache.spark.hooks.spark_submit.SparkSubmitHook","filename":"spark_submit.py","lineno":644}
{"timestamp":"2026-01-11T16:37:39.898204Z","level":"info","event":"26/01/11 16:37:39 INFO TaskSetManager: Finished task 1.0 in stage 1.0 (TID 2) in 219 ms on localhost (executor driver) (2/3)","logger":"airflow.task.hooks.airflow.providers.apache.spark.hooks.spark_submit.SparkSubmitHook","filename":"spark_submit.py","lineno":644}
{"timestamp":"2026-01-11T16:37:39.904170Z","level":"info","event":"26/01/11 16:37:39 INFO TaskSetManager: Finished task 0.0 in stage 1.0 (TID 1) in 226 ms on localhost (executor driver) (3/3)","logger":"airflow.task.hooks.airflow.providers.apache.spark.hooks.spark_submit.SparkSubmitHook","filename":"spark_submit.py","lineno":644}
{"timestamp":"2026-01-11T16:37:39.904577Z","level":"info","event":"26/01/11 16:37:39 INFO TaskSchedulerImpl: Removed TaskSet 1.0, whose tasks have all completed, from pool","logger":"airflow.task.hooks.airflow.providers.apache.spark.hooks.spark_submit.SparkSubmitHook","filename":"spark_submit.py","lineno":644}
{"timestamp":"2026-01-11T16:37:39.905975Z","level":"info","event":"26/01/11 16:37:39 INFO DAGScheduler: ShuffleMapStage 1 (count at NativeMethodAccessorImpl.java:0) finished in 0.263 s","logger":"airflow.task.hooks.airflow.providers.apache.spark.hooks.spark_submit.SparkSubmitHook","filename":"spark_submit.py","lineno":644}
{"timestamp":"2026-01-11T16:37:39.906584Z","level":"info","event":"26/01/11 16:37:39 INFO DAGScheduler: looking for newly runnable stages","logger":"airflow.task.hooks.airflow.providers.apache.spark.hooks.spark_submit.SparkSubmitHook","filename":"spark_submit.py","lineno":644}
{"timestamp":"2026-01-11T16:37:39.907293Z","level":"info","event":"26/01/11 16:37:39 INFO DAGScheduler: running: Set()","logger":"airflow.task.hooks.airflow.providers.apache.spark.hooks.spark_submit.SparkSubmitHook","filename":"spark_submit.py","lineno":644}
{"timestamp":"2026-01-11T16:37:39.907804Z","level":"info","event":"26/01/11 16:37:39 INFO DAGScheduler: waiting: Set()","logger":"airflow.task.hooks.airflow.providers.apache.spark.hooks.spark_submit.SparkSubmitHook","filename":"spark_submit.py","lineno":644}
{"timestamp":"2026-01-11T16:37:39.908000Z","level":"info","event":"26/01/11 16:37:39 INFO DAGScheduler: failed: Set()","logger":"airflow.task.hooks.airflow.providers.apache.spark.hooks.spark_submit.SparkSubmitHook","filename":"spark_submit.py","lineno":644}
{"timestamp":"2026-01-11T16:37:39.944668Z","level":"info","event":"26/01/11 16:37:39 INFO CodeGenerator: Code generated in 10.633958 ms","logger":"airflow.task.hooks.airflow.providers.apache.spark.hooks.spark_submit.SparkSubmitHook","filename":"spark_submit.py","lineno":644}
{"timestamp":"2026-01-11T16:37:39.966103Z","level":"info","event":"26/01/11 16:37:39 INFO SparkContext: Starting job: count at NativeMethodAccessorImpl.java:0","logger":"airflow.task.hooks.airflow.providers.apache.spark.hooks.spark_submit.SparkSubmitHook","filename":"spark_submit.py","lineno":644}
{"timestamp":"2026-01-11T16:37:39.967564Z","level":"info","event":"26/01/11 16:37:39 INFO DAGScheduler: Got job 2 (count at NativeMethodAccessorImpl.java:0) with 1 output partitions","logger":"airflow.task.hooks.airflow.providers.apache.spark.hooks.spark_submit.SparkSubmitHook","filename":"spark_submit.py","lineno":644}
{"timestamp":"2026-01-11T16:37:39.967663Z","level":"info","event":"26/01/11 16:37:39 INFO DAGScheduler: Final stage: ResultStage 3 (count at NativeMethodAccessorImpl.java:0)","logger":"airflow.task.hooks.airflow.providers.apache.spark.hooks.spark_submit.SparkSubmitHook","filename":"spark_submit.py","lineno":644}
{"timestamp":"2026-01-11T16:37:39.967702Z","level":"info","event":"26/01/11 16:37:39 INFO DAGScheduler: Parents of final stage: List(ShuffleMapStage 2)","logger":"airflow.task.hooks.airflow.providers.apache.spark.hooks.spark_submit.SparkSubmitHook","filename":"spark_submit.py","lineno":644}
{"timestamp":"2026-01-11T16:37:39.967884Z","level":"info","event":"26/01/11 16:37:39 INFO DAGScheduler: Missing parents: List()","logger":"airflow.task.hooks.airflow.providers.apache.spark.hooks.spark_submit.SparkSubmitHook","filename":"spark_submit.py","lineno":644}
{"timestamp":"2026-01-11T16:37:39.968265Z","level":"info","event":"26/01/11 16:37:39 INFO DAGScheduler: Submitting ResultStage 3 (MapPartitionsRDD[16] at count at NativeMethodAccessorImpl.java:0), which has no missing parents","logger":"airflow.task.hooks.airflow.providers.apache.spark.hooks.spark_submit.SparkSubmitHook","filename":"spark_submit.py","lineno":644}
{"timestamp":"2026-01-11T16:37:39.973514Z","level":"info","event":"26/01/11 16:37:39 INFO MemoryStore: Block broadcast_5 stored as values in memory (estimated size 12.5 KiB, free 1048.1 MiB)","logger":"airflow.task.hooks.airflow.providers.apache.spark.hooks.spark_submit.SparkSubmitHook","filename":"spark_submit.py","lineno":644}
{"timestamp":"2026-01-11T16:37:39.980758Z","level":"info","event":"26/01/11 16:37:39 INFO MemoryStore: Block broadcast_5_piece0 stored as bytes in memory (estimated size 5.9 KiB, free 1048.1 MiB)","logger":"airflow.task.hooks.airflow.providers.apache.spark.hooks.spark_submit.SparkSubmitHook","filename":"spark_submit.py","lineno":644}
{"timestamp":"2026-01-11T16:37:39.981477Z","level":"info","event":"26/01/11 16:37:39 INFO BlockManagerInfo: Added broadcast_5_piece0 in memory on localhost:39589 (size: 5.9 KiB, free: 1048.7 MiB)","logger":"airflow.task.hooks.airflow.providers.apache.spark.hooks.spark_submit.SparkSubmitHook","filename":"spark_submit.py","lineno":644}
{"timestamp":"2026-01-11T16:37:39.981540Z","level":"info","event":"26/01/11 16:37:39 INFO SparkContext: Created broadcast 5 from broadcast at DAGScheduler.scala:1580","logger":"airflow.task.hooks.airflow.providers.apache.spark.hooks.spark_submit.SparkSubmitHook","filename":"spark_submit.py","lineno":644}
{"timestamp":"2026-01-11T16:37:39.982010Z","level":"info","event":"26/01/11 16:37:39 INFO DAGScheduler: Submitting 1 missing tasks from ResultStage 3 (MapPartitionsRDD[16] at count at NativeMethodAccessorImpl.java:0) (first 15 tasks are for partitions Vector(0))","logger":"airflow.task.hooks.airflow.providers.apache.spark.hooks.spark_submit.SparkSubmitHook","filename":"spark_submit.py","lineno":644}
{"timestamp":"2026-01-11T16:37:39.982127Z","level":"info","event":"26/01/11 16:37:39 INFO TaskSchedulerImpl: Adding task set 3.0 with 1 tasks resource profile 0","logger":"airflow.task.hooks.airflow.providers.apache.spark.hooks.spark_submit.SparkSubmitHook","filename":"spark_submit.py","lineno":644}
{"timestamp":"2026-01-11T16:37:39.983733Z","level":"info","event":"26/01/11 16:37:39 INFO BlockManagerInfo: Removed broadcast_4_piece0 on localhost:39589 in memory (size: 8.7 KiB, free: 1048.7 MiB)","logger":"airflow.task.hooks.airflow.providers.apache.spark.hooks.spark_submit.SparkSubmitHook","filename":"spark_submit.py","lineno":644}
{"timestamp":"2026-01-11T16:37:39.986521Z","level":"info","event":"26/01/11 16:37:39 INFO TaskSetManager: Starting task 0.0 in stage 3.0 (TID 4) (localhost, executor driver, partition 0, NODE_LOCAL, 7615 bytes)","logger":"airflow.task.hooks.airflow.providers.apache.spark.hooks.spark_submit.SparkSubmitHook","filename":"spark_submit.py","lineno":644}
{"timestamp":"2026-01-11T16:37:39.986658Z","level":"info","event":"26/01/11 16:37:39 INFO Executor: Running task 0.0 in stage 3.0 (TID 4)","logger":"airflow.task.hooks.airflow.providers.apache.spark.hooks.spark_submit.SparkSubmitHook","filename":"spark_submit.py","lineno":644}
{"timestamp":"2026-01-11T16:37:40.016588Z","level":"info","event":"26/01/11 16:37:40 INFO ShuffleBlockFetcherIterator: Getting 3 (180.0 B) non-empty blocks including 3 (180.0 B) local and 0 (0.0 B) host-local and 0 (0.0 B) push-merged-local and 0 (0.0 B) remote blocks","logger":"airflow.task.hooks.airflow.providers.apache.spark.hooks.spark_submit.SparkSubmitHook","filename":"spark_submit.py","lineno":644}
{"timestamp":"2026-01-11T16:37:40.019699Z","level":"info","event":"26/01/11 16:37:40 INFO ShuffleBlockFetcherIterator: Started 0 remote fetches in 11 ms","logger":"airflow.task.hooks.airflow.providers.apache.spark.hooks.spark_submit.SparkSubmitHook","filename":"spark_submit.py","lineno":644}
{"timestamp":"2026-01-11T16:37:40.036321Z","level":"info","event":"26/01/11 16:37:40 INFO CodeGenerator: Code generated in 10.701208 ms","logger":"airflow.task.hooks.airflow.providers.apache.spark.hooks.spark_submit.SparkSubmitHook","filename":"spark_submit.py","lineno":644}
{"timestamp":"2026-01-11T16:37:40.048503Z","level":"info","event":"26/01/11 16:37:40 INFO Executor: Finished task 0.0 in stage 3.0 (TID 4). 3995 bytes result sent to driver","logger":"airflow.task.hooks.airflow.providers.apache.spark.hooks.spark_submit.SparkSubmitHook","filename":"spark_submit.py","lineno":644}
{"timestamp":"2026-01-11T16:37:40.049875Z","level":"info","event":"26/01/11 16:37:40 INFO TaskSetManager: Finished task 0.0 in stage 3.0 (TID 4) in 65 ms on localhost (executor driver) (1/1)","logger":"airflow.task.hooks.airflow.providers.apache.spark.hooks.spark_submit.SparkSubmitHook","filename":"spark_submit.py","lineno":644}
{"timestamp":"2026-01-11T16:37:40.050031Z","level":"info","event":"26/01/11 16:37:40 INFO TaskSchedulerImpl: Removed TaskSet 3.0, whose tasks have all completed, from pool","logger":"airflow.task.hooks.airflow.providers.apache.spark.hooks.spark_submit.SparkSubmitHook","filename":"spark_submit.py","lineno":644}
{"timestamp":"2026-01-11T16:37:40.051048Z","level":"info","event":"26/01/11 16:37:40 INFO DAGScheduler: ResultStage 3 (count at NativeMethodAccessorImpl.java:0) finished in 0.079 s","logger":"airflow.task.hooks.airflow.providers.apache.spark.hooks.spark_submit.SparkSubmitHook","filename":"spark_submit.py","lineno":644}
{"timestamp":"2026-01-11T16:37:40.051244Z","level":"info","event":"26/01/11 16:37:40 INFO DAGScheduler: Job 2 is finished. Cancelling potential speculative or zombie tasks for this job","logger":"airflow.task.hooks.airflow.providers.apache.spark.hooks.spark_submit.SparkSubmitHook","filename":"spark_submit.py","lineno":644}
{"timestamp":"2026-01-11T16:37:40.051332Z","level":"info","event":"26/01/11 16:37:40 INFO TaskSchedulerImpl: Killing all running tasks in stage 3: Stage finished","logger":"airflow.task.hooks.airflow.providers.apache.spark.hooks.spark_submit.SparkSubmitHook","filename":"spark_submit.py","lineno":644}
{"timestamp":"2026-01-11T16:37:40.052243Z","level":"info","event":"26/01/11 16:37:40 INFO DAGScheduler: Job 2 finished: count at NativeMethodAccessorImpl.java:0, took 0.085593 s","logger":"airflow.task.hooks.airflow.providers.apache.spark.hooks.spark_submit.SparkSubmitHook","filename":"spark_submit.py","lineno":644}
{"timestamp":"2026-01-11T16:37:40.056708Z","level":"info","event":"Loaded olist_customers with 99441 records for cleaning.","logger":"airflow.task.hooks.airflow.providers.apache.spark.hooks.spark_submit.SparkSubmitHook","filename":"spark_submit.py","lineno":644}
{"timestamp":"2026-01-11T16:37:40.059668Z","level":"info","event":"root","logger":"airflow.task.hooks.airflow.providers.apache.spark.hooks.spark_submit.SparkSubmitHook","filename":"spark_submit.py","lineno":644}
{"timestamp":"2026-01-11T16:37:40.059906Z","level":"info","event":"|-- customer_id: string (nullable = true)","logger":"airflow.task.hooks.airflow.providers.apache.spark.hooks.spark_submit.SparkSubmitHook","filename":"spark_submit.py","lineno":644}
{"timestamp":"2026-01-11T16:37:40.059948Z","level":"info","event":"|-- customer_unique_id: string (nullable = true)","logger":"airflow.task.hooks.airflow.providers.apache.spark.hooks.spark_submit.SparkSubmitHook","filename":"spark_submit.py","lineno":644}
{"timestamp":"2026-01-11T16:37:40.059969Z","level":"info","event":"|-- customer_zip_code_prefix: string (nullable = true)","logger":"airflow.task.hooks.airflow.providers.apache.spark.hooks.spark_submit.SparkSubmitHook","filename":"spark_submit.py","lineno":644}
{"timestamp":"2026-01-11T16:37:40.059986Z","level":"info","event":"|-- customer_city: string (nullable = true)","logger":"airflow.task.hooks.airflow.providers.apache.spark.hooks.spark_submit.SparkSubmitHook","filename":"spark_submit.py","lineno":644}
{"timestamp":"2026-01-11T16:37:40.060000Z","level":"info","event":"|-- customer_state: string (nullable = true)","logger":"airflow.task.hooks.airflow.providers.apache.spark.hooks.spark_submit.SparkSubmitHook","filename":"spark_submit.py","lineno":644}
{"timestamp":"2026-01-11T16:37:40.060015Z","level":"info","event":"","logger":"airflow.task.hooks.airflow.providers.apache.spark.hooks.spark_submit.SparkSubmitHook","filename":"spark_submit.py","lineno":644}
{"timestamp":"2026-01-11T16:37:40.085680Z","level":"info","event":"26/01/11 16:37:40 INFO InMemoryFileIndex: It took 13 ms to list leaf files for 1 paths.","logger":"airflow.task.hooks.airflow.providers.apache.spark.hooks.spark_submit.SparkSubmitHook","filename":"spark_submit.py","lineno":644}
{"timestamp":"2026-01-11T16:37:40.097519Z","level":"info","event":"26/01/11 16:37:40 INFO InMemoryFileIndex: It took 3 ms to list leaf files for 7 paths.","logger":"airflow.task.hooks.airflow.providers.apache.spark.hooks.spark_submit.SparkSubmitHook","filename":"spark_submit.py","lineno":644}
{"timestamp":"2026-01-11T16:37:40.151494Z","level":"info","event":"26/01/11 16:37:40 INFO FileSourceStrategy: Pushed Filters:","logger":"airflow.task.hooks.airflow.providers.apache.spark.hooks.spark_submit.SparkSubmitHook","filename":"spark_submit.py","lineno":644}
{"timestamp":"2026-01-11T16:37:40.151715Z","level":"info","event":"26/01/11 16:37:40 INFO FileSourceStrategy: Post-Scan Filters: (length(trim(value#37, None)) > 0)","logger":"airflow.task.hooks.airflow.providers.apache.spark.hooks.spark_submit.SparkSubmitHook","filename":"spark_submit.py","lineno":644}
{"timestamp":"2026-01-11T16:37:40.163069Z","level":"info","event":"26/01/11 16:37:40 INFO MemoryStore: Block broadcast_6 stored as values in memory (estimated size 199.5 KiB, free 1047.9 MiB)","logger":"airflow.task.hooks.airflow.providers.apache.spark.hooks.spark_submit.SparkSubmitHook","filename":"spark_submit.py","lineno":644}
{"timestamp":"2026-01-11T16:37:40.185594Z","level":"info","event":"26/01/11 16:37:40 INFO MemoryStore: Block broadcast_6_piece0 stored as bytes in memory (estimated size 34.2 KiB, free 1047.9 MiB)","logger":"airflow.task.hooks.airflow.providers.apache.spark.hooks.spark_submit.SparkSubmitHook","filename":"spark_submit.py","lineno":644}
{"timestamp":"2026-01-11T16:37:40.186451Z","level":"info","event":"26/01/11 16:37:40 INFO BlockManagerInfo: Added broadcast_6_piece0 in memory on localhost:39589 (size: 34.2 KiB, free: 1048.7 MiB)","logger":"airflow.task.hooks.airflow.providers.apache.spark.hooks.spark_submit.SparkSubmitHook","filename":"spark_submit.py","lineno":644}
{"timestamp":"2026-01-11T16:37:40.191028Z","level":"info","event":"26/01/11 16:37:40 INFO SparkContext: Created broadcast 6 from csv at NativeMethodAccessorImpl.java:0","logger":"airflow.task.hooks.airflow.providers.apache.spark.hooks.spark_submit.SparkSubmitHook","filename":"spark_submit.py","lineno":644}
{"timestamp":"2026-01-11T16:37:40.204361Z","level":"info","event":"26/01/11 16:37:40 INFO FileSourceScanExec: Planning scan with bin packing, max size: 12662034 bytes, open cost is considered as scanning 4194304 bytes.","logger":"airflow.task.hooks.airflow.providers.apache.spark.hooks.spark_submit.SparkSubmitHook","filename":"spark_submit.py","lineno":644}
{"timestamp":"2026-01-11T16:37:40.241375Z","level":"info","event":"26/01/11 16:37:40 INFO SparkContext: Starting job: csv at NativeMethodAccessorImpl.java:0","logger":"airflow.task.hooks.airflow.providers.apache.spark.hooks.spark_submit.SparkSubmitHook","filename":"spark_submit.py","lineno":644}
{"timestamp":"2026-01-11T16:37:40.244100Z","level":"info","event":"26/01/11 16:37:40 INFO DAGScheduler: Got job 3 (csv at NativeMethodAccessorImpl.java:0) with 1 output partitions","logger":"airflow.task.hooks.airflow.providers.apache.spark.hooks.spark_submit.SparkSubmitHook","filename":"spark_submit.py","lineno":644}
{"timestamp":"2026-01-11T16:37:40.244601Z","level":"info","event":"26/01/11 16:37:40 INFO DAGScheduler: Final stage: ResultStage 4 (csv at NativeMethodAccessorImpl.java:0)","logger":"airflow.task.hooks.airflow.providers.apache.spark.hooks.spark_submit.SparkSubmitHook","filename":"spark_submit.py","lineno":644}
{"timestamp":"2026-01-11T16:37:40.244679Z","level":"info","event":"26/01/11 16:37:40 INFO DAGScheduler: Parents of final stage: List()","logger":"airflow.task.hooks.airflow.providers.apache.spark.hooks.spark_submit.SparkSubmitHook","filename":"spark_submit.py","lineno":644}
{"timestamp":"2026-01-11T16:37:40.244722Z","level":"info","event":"26/01/11 16:37:40 INFO DAGScheduler: Missing parents: List()","logger":"airflow.task.hooks.airflow.providers.apache.spark.hooks.spark_submit.SparkSubmitHook","filename":"spark_submit.py","lineno":644}
{"timestamp":"2026-01-11T16:37:40.247181Z","level":"info","event":"26/01/11 16:37:40 INFO DAGScheduler: Submitting ResultStage 4 (MapPartitionsRDD[20] at csv at NativeMethodAccessorImpl.java:0), which has no missing parents","logger":"airflow.task.hooks.airflow.providers.apache.spark.hooks.spark_submit.SparkSubmitHook","filename":"spark_submit.py","lineno":644}
{"timestamp":"2026-01-11T16:37:40.254780Z","level":"info","event":"26/01/11 16:37:40 INFO MemoryStore: Block broadcast_7 stored as values in memory (estimated size 13.5 KiB, free 1047.9 MiB)","logger":"airflow.task.hooks.airflow.providers.apache.spark.hooks.spark_submit.SparkSubmitHook","filename":"spark_submit.py","lineno":644}
{"timestamp":"2026-01-11T16:37:40.263257Z","level":"info","event":"26/01/11 16:37:40 INFO MemoryStore: Block broadcast_7_piece0 stored as bytes in memory (estimated size 6.4 KiB, free 1047.9 MiB)","logger":"airflow.task.hooks.airflow.providers.apache.spark.hooks.spark_submit.SparkSubmitHook","filename":"spark_submit.py","lineno":644}
{"timestamp":"2026-01-11T16:37:40.263944Z","level":"info","event":"26/01/11 16:37:40 INFO BlockManagerInfo: Added broadcast_7_piece0 in memory on localhost:39589 (size: 6.4 KiB, free: 1048.7 MiB)","logger":"airflow.task.hooks.airflow.providers.apache.spark.hooks.spark_submit.SparkSubmitHook","filename":"spark_submit.py","lineno":644}
{"timestamp":"2026-01-11T16:37:40.266511Z","level":"info","event":"26/01/11 16:37:40 INFO SparkContext: Created broadcast 7 from broadcast at DAGScheduler.scala:1580","logger":"airflow.task.hooks.airflow.providers.apache.spark.hooks.spark_submit.SparkSubmitHook","filename":"spark_submit.py","lineno":644}
{"timestamp":"2026-01-11T16:37:40.268513Z","level":"info","event":"26/01/11 16:37:40 INFO DAGScheduler: Submitting 1 missing tasks from ResultStage 4 (MapPartitionsRDD[20] at csv at NativeMethodAccessorImpl.java:0) (first 15 tasks are for partitions Vector(0))","logger":"airflow.task.hooks.airflow.providers.apache.spark.hooks.spark_submit.SparkSubmitHook","filename":"spark_submit.py","lineno":644}
{"timestamp":"2026-01-11T16:37:40.268671Z","level":"info","event":"26/01/11 16:37:40 INFO TaskSchedulerImpl: Adding task set 4.0 with 1 tasks resource profile 0","logger":"airflow.task.hooks.airflow.providers.apache.spark.hooks.spark_submit.SparkSubmitHook","filename":"spark_submit.py","lineno":644}
{"timestamp":"2026-01-11T16:37:40.276796Z","level":"info","event":"26/01/11 16:37:40 INFO TaskSetManager: Starting task 0.0 in stage 4.0 (TID 5) (localhost, executor driver, partition 0, PROCESS_LOCAL, 8281 bytes)","logger":"airflow.task.hooks.airflow.providers.apache.spark.hooks.spark_submit.SparkSubmitHook","filename":"spark_submit.py","lineno":644}
{"timestamp":"2026-01-11T16:37:40.276949Z","level":"info","event":"26/01/11 16:37:40 INFO Executor: Running task 0.0 in stage 4.0 (TID 5)","logger":"airflow.task.hooks.airflow.providers.apache.spark.hooks.spark_submit.SparkSubmitHook","filename":"spark_submit.py","lineno":644}
{"timestamp":"2026-01-11T16:37:40.286848Z","level":"info","event":"26/01/11 16:37:40 INFO FileScanRDD: Reading File path: file:///opt/airflow/data/raw/olist_geolocation/part-00002-def59efb-c277-4ea4-8e01-1e3c4d98da69-c000.csv, range: 0-9053172, partition values: [empty row]","logger":"airflow.task.hooks.airflow.providers.apache.spark.hooks.spark_submit.SparkSubmitHook","filename":"spark_submit.py","lineno":644}
{"timestamp":"2026-01-11T16:37:40.306635Z","level":"info","event":"26/01/11 16:37:40 INFO Executor: Finished task 0.0 in stage 4.0 (TID 5). 1668 bytes result sent to driver","logger":"airflow.task.hooks.airflow.providers.apache.spark.hooks.spark_submit.SparkSubmitHook","filename":"spark_submit.py","lineno":644}
{"timestamp":"2026-01-11T16:37:40.306901Z","level":"info","event":"26/01/11 16:37:40 INFO TaskSetManager: Finished task 0.0 in stage 4.0 (TID 5) in 35 ms on localhost (executor driver) (1/1)","logger":"airflow.task.hooks.airflow.providers.apache.spark.hooks.spark_submit.SparkSubmitHook","filename":"spark_submit.py","lineno":644}
{"timestamp":"2026-01-11T16:37:40.307104Z","level":"info","event":"26/01/11 16:37:40 INFO TaskSchedulerImpl: Removed TaskSet 4.0, whose tasks have all completed, from pool","logger":"airflow.task.hooks.airflow.providers.apache.spark.hooks.spark_submit.SparkSubmitHook","filename":"spark_submit.py","lineno":644}
{"timestamp":"2026-01-11T16:37:40.310927Z","level":"info","event":"26/01/11 16:37:40 INFO DAGScheduler: ResultStage 4 (csv at NativeMethodAccessorImpl.java:0) finished in 0.062 s","logger":"airflow.task.hooks.airflow.providers.apache.spark.hooks.spark_submit.SparkSubmitHook","filename":"spark_submit.py","lineno":644}
{"timestamp":"2026-01-11T16:37:40.311360Z","level":"info","event":"26/01/11 16:37:40 INFO DAGScheduler: Job 3 is finished. Cancelling potential speculative or zombie tasks for this job","logger":"airflow.task.hooks.airflow.providers.apache.spark.hooks.spark_submit.SparkSubmitHook","filename":"spark_submit.py","lineno":644}
{"timestamp":"2026-01-11T16:37:40.311510Z","level":"info","event":"26/01/11 16:37:40 INFO TaskSchedulerImpl: Killing all running tasks in stage 4: Stage finished","logger":"airflow.task.hooks.airflow.providers.apache.spark.hooks.spark_submit.SparkSubmitHook","filename":"spark_submit.py","lineno":644}
{"timestamp":"2026-01-11T16:37:40.312126Z","level":"info","event":"26/01/11 16:37:40 INFO DAGScheduler: Job 3 finished: csv at NativeMethodAccessorImpl.java:0, took 0.070541 s","logger":"airflow.task.hooks.airflow.providers.apache.spark.hooks.spark_submit.SparkSubmitHook","filename":"spark_submit.py","lineno":644}
{"timestamp":"2026-01-11T16:37:40.335027Z","level":"info","event":"26/01/11 16:37:40 INFO BlockManagerInfo: Removed broadcast_3_piece0 on localhost:39589 in memory (size: 34.2 KiB, free: 1048.7 MiB)","logger":"airflow.task.hooks.airflow.providers.apache.spark.hooks.spark_submit.SparkSubmitHook","filename":"spark_submit.py","lineno":644}
{"timestamp":"2026-01-11T16:37:40.345098Z","level":"info","event":"26/01/11 16:37:40 INFO FileSourceStrategy: Pushed Filters:","logger":"airflow.task.hooks.airflow.providers.apache.spark.hooks.spark_submit.SparkSubmitHook","filename":"spark_submit.py","lineno":644}
{"timestamp":"2026-01-11T16:37:40.345239Z","level":"info","event":"26/01/11 16:37:40 INFO FileSourceStrategy: Post-Scan Filters:","logger":"airflow.task.hooks.airflow.providers.apache.spark.hooks.spark_submit.SparkSubmitHook","filename":"spark_submit.py","lineno":644}
{"timestamp":"2026-01-11T16:37:40.358736Z","level":"info","event":"26/01/11 16:37:40 INFO BlockManagerInfo: Removed broadcast_7_piece0 on localhost:39589 in memory (size: 6.4 KiB, free: 1048.7 MiB)","logger":"airflow.task.hooks.airflow.providers.apache.spark.hooks.spark_submit.SparkSubmitHook","filename":"spark_submit.py","lineno":644}
{"timestamp":"2026-01-11T16:37:40.363455Z","level":"info","event":"26/01/11 16:37:40 INFO MemoryStore: Block broadcast_8 stored as values in memory (estimated size 199.5 KiB, free 1047.9 MiB)","logger":"airflow.task.hooks.airflow.providers.apache.spark.hooks.spark_submit.SparkSubmitHook","filename":"spark_submit.py","lineno":644}
{"timestamp":"2026-01-11T16:37:40.366284Z","level":"info","event":"26/01/11 16:37:40 INFO BlockManagerInfo: Removed broadcast_5_piece0 on localhost:39589 in memory (size: 5.9 KiB, free: 1048.7 MiB)","logger":"airflow.task.hooks.airflow.providers.apache.spark.hooks.spark_submit.SparkSubmitHook","filename":"spark_submit.py","lineno":644}
{"timestamp":"2026-01-11T16:37:40.381345Z","level":"info","event":"26/01/11 16:37:40 INFO MemoryStore: Block broadcast_8_piece0 stored as bytes in memory (estimated size 34.2 KiB, free 1047.9 MiB)","logger":"airflow.task.hooks.airflow.providers.apache.spark.hooks.spark_submit.SparkSubmitHook","filename":"spark_submit.py","lineno":644}
{"timestamp":"2026-01-11T16:37:40.388941Z","level":"info","event":"26/01/11 16:37:40 INFO BlockManagerInfo: Added broadcast_8_piece0 in memory on localhost:39589 (size: 34.2 KiB, free: 1048.7 MiB)","logger":"airflow.task.hooks.airflow.providers.apache.spark.hooks.spark_submit.SparkSubmitHook","filename":"spark_submit.py","lineno":644}
{"timestamp":"2026-01-11T16:37:40.390324Z","level":"info","event":"26/01/11 16:37:40 INFO SparkContext: Created broadcast 8 from csv at NativeMethodAccessorImpl.java:0","logger":"airflow.task.hooks.airflow.providers.apache.spark.hooks.spark_submit.SparkSubmitHook","filename":"spark_submit.py","lineno":644}
{"timestamp":"2026-01-11T16:37:40.392331Z","level":"info","event":"26/01/11 16:37:40 INFO FileSourceScanExec: Planning scan with bin packing, max size: 12662034 bytes, open cost is considered as scanning 4194304 bytes.","logger":"airflow.task.hooks.airflow.providers.apache.spark.hooks.spark_submit.SparkSubmitHook","filename":"spark_submit.py","lineno":644}
{"timestamp":"2026-01-11T16:37:40.407094Z","level":"info","event":"____________________________________________________","logger":"airflow.task.hooks.airflow.providers.apache.spark.hooks.spark_submit.SparkSubmitHook","filename":"spark_submit.py","lineno":644}
{"timestamp":"2026-01-11T16:37:40.417428Z","level":"info","event":"26/01/11 16:37:40 INFO FileSourceStrategy: Pushed Filters:","logger":"airflow.task.hooks.airflow.providers.apache.spark.hooks.spark_submit.SparkSubmitHook","filename":"spark_submit.py","lineno":644}
{"timestamp":"2026-01-11T16:37:40.417532Z","level":"info","event":"26/01/11 16:37:40 INFO FileSourceStrategy: Post-Scan Filters:","logger":"airflow.task.hooks.airflow.providers.apache.spark.hooks.spark_submit.SparkSubmitHook","filename":"spark_submit.py","lineno":644}
{"timestamp":"2026-01-11T16:37:40.427319Z","level":"info","event":"26/01/11 16:37:40 INFO MemoryStore: Block broadcast_9 stored as values in memory (estimated size 199.4 KiB, free 1047.7 MiB)","logger":"airflow.task.hooks.airflow.providers.apache.spark.hooks.spark_submit.SparkSubmitHook","filename":"spark_submit.py","lineno":644}
{"timestamp":"2026-01-11T16:37:40.437716Z","level":"info","event":"26/01/11 16:37:40 INFO MemoryStore: Block broadcast_9_piece0 stored as bytes in memory (estimated size 34.2 KiB, free 1047.7 MiB)","logger":"airflow.task.hooks.airflow.providers.apache.spark.hooks.spark_submit.SparkSubmitHook","filename":"spark_submit.py","lineno":644}
{"timestamp":"2026-01-11T16:37:40.438135Z","level":"info","event":"26/01/11 16:37:40 INFO BlockManagerInfo: Added broadcast_9_piece0 in memory on localhost:39589 (size: 34.2 KiB, free: 1048.6 MiB)","logger":"airflow.task.hooks.airflow.providers.apache.spark.hooks.spark_submit.SparkSubmitHook","filename":"spark_submit.py","lineno":644}
{"timestamp":"2026-01-11T16:37:40.439539Z","level":"info","event":"26/01/11 16:37:40 INFO SparkContext: Created broadcast 9 from count at NativeMethodAccessorImpl.java:0","logger":"airflow.task.hooks.airflow.providers.apache.spark.hooks.spark_submit.SparkSubmitHook","filename":"spark_submit.py","lineno":644}
{"timestamp":"2026-01-11T16:37:40.440580Z","level":"info","event":"26/01/11 16:37:40 INFO FileSourceScanExec: Planning scan with bin packing, max size: 12662034 bytes, open cost is considered as scanning 4194304 bytes.","logger":"airflow.task.hooks.airflow.providers.apache.spark.hooks.spark_submit.SparkSubmitHook","filename":"spark_submit.py","lineno":644}
{"timestamp":"2026-01-11T16:37:40.445791Z","level":"info","event":"26/01/11 16:37:40 INFO DAGScheduler: Registering RDD 30 (count at NativeMethodAccessorImpl.java:0) as input to shuffle 1","logger":"airflow.task.hooks.airflow.providers.apache.spark.hooks.spark_submit.SparkSubmitHook","filename":"spark_submit.py","lineno":644}
{"timestamp":"2026-01-11T16:37:40.446024Z","level":"info","event":"26/01/11 16:37:40 INFO DAGScheduler: Got map stage job 4 (count at NativeMethodAccessorImpl.java:0) with 7 output partitions","logger":"airflow.task.hooks.airflow.providers.apache.spark.hooks.spark_submit.SparkSubmitHook","filename":"spark_submit.py","lineno":644}
{"timestamp":"2026-01-11T16:37:40.446071Z","level":"info","event":"26/01/11 16:37:40 INFO DAGScheduler: Final stage: ShuffleMapStage 5 (count at NativeMethodAccessorImpl.java:0)","logger":"airflow.task.hooks.airflow.providers.apache.spark.hooks.spark_submit.SparkSubmitHook","filename":"spark_submit.py","lineno":644}
{"timestamp":"2026-01-11T16:37:40.446090Z","level":"info","event":"26/01/11 16:37:40 INFO DAGScheduler: Parents of final stage: List()","logger":"airflow.task.hooks.airflow.providers.apache.spark.hooks.spark_submit.SparkSubmitHook","filename":"spark_submit.py","lineno":644}
{"timestamp":"2026-01-11T16:37:40.446202Z","level":"info","event":"26/01/11 16:37:40 INFO DAGScheduler: Missing parents: List()","logger":"airflow.task.hooks.airflow.providers.apache.spark.hooks.spark_submit.SparkSubmitHook","filename":"spark_submit.py","lineno":644}
{"timestamp":"2026-01-11T16:37:40.446483Z","level":"info","event":"26/01/11 16:37:40 INFO DAGScheduler: Submitting ShuffleMapStage 5 (MapPartitionsRDD[30] at count at NativeMethodAccessorImpl.java:0), which has no missing parents","logger":"airflow.task.hooks.airflow.providers.apache.spark.hooks.spark_submit.SparkSubmitHook","filename":"spark_submit.py","lineno":644}
{"timestamp":"2026-01-11T16:37:40.449424Z","level":"info","event":"26/01/11 16:37:40 INFO MemoryStore: Block broadcast_10 stored as values in memory (estimated size 17.8 KiB, free 1047.6 MiB)","logger":"airflow.task.hooks.airflow.providers.apache.spark.hooks.spark_submit.SparkSubmitHook","filename":"spark_submit.py","lineno":644}
{"timestamp":"2026-01-11T16:37:40.450844Z","level":"info","event":"26/01/11 16:37:40 INFO MemoryStore: Block broadcast_10_piece0 stored as bytes in memory (estimated size 8.7 KiB, free 1047.6 MiB)","logger":"airflow.task.hooks.airflow.providers.apache.spark.hooks.spark_submit.SparkSubmitHook","filename":"spark_submit.py","lineno":644}
{"timestamp":"2026-01-11T16:37:40.452124Z","level":"info","event":"26/01/11 16:37:40 INFO BlockManagerInfo: Added broadcast_10_piece0 in memory on localhost:39589 (size: 8.7 KiB, free: 1048.6 MiB)","logger":"airflow.task.hooks.airflow.providers.apache.spark.hooks.spark_submit.SparkSubmitHook","filename":"spark_submit.py","lineno":644}
{"timestamp":"2026-01-11T16:37:40.453137Z","level":"info","event":"26/01/11 16:37:40 INFO SparkContext: Created broadcast 10 from broadcast at DAGScheduler.scala:1580","logger":"airflow.task.hooks.airflow.providers.apache.spark.hooks.spark_submit.SparkSubmitHook","filename":"spark_submit.py","lineno":644}
{"timestamp":"2026-01-11T16:37:40.454293Z","level":"info","event":"26/01/11 16:37:40 INFO DAGScheduler: Submitting 7 missing tasks from ShuffleMapStage 5 (MapPartitionsRDD[30] at count at NativeMethodAccessorImpl.java:0) (first 15 tasks are for partitions Vector(0, 1, 2, 3, 4, 5, 6))","logger":"airflow.task.hooks.airflow.providers.apache.spark.hooks.spark_submit.SparkSubmitHook","filename":"spark_submit.py","lineno":644}
{"timestamp":"2026-01-11T16:37:40.454503Z","level":"info","event":"26/01/11 16:37:40 INFO TaskSchedulerImpl: Adding task set 5.0 with 7 tasks resource profile 0","logger":"airflow.task.hooks.airflow.providers.apache.spark.hooks.spark_submit.SparkSubmitHook","filename":"spark_submit.py","lineno":644}
{"timestamp":"2026-01-11T16:37:40.456377Z","level":"info","event":"26/01/11 16:37:40 INFO TaskSetManager: Starting task 0.0 in stage 5.0 (TID 6) (localhost, executor driver, partition 0, PROCESS_LOCAL, 8270 bytes)","logger":"airflow.task.hooks.airflow.providers.apache.spark.hooks.spark_submit.SparkSubmitHook","filename":"spark_submit.py","lineno":644}
{"timestamp":"2026-01-11T16:37:40.456708Z","level":"info","event":"26/01/11 16:37:40 INFO TaskSetManager: Starting task 1.0 in stage 5.0 (TID 7) (localhost, executor driver, partition 1, PROCESS_LOCAL, 8270 bytes)","logger":"airflow.task.hooks.airflow.providers.apache.spark.hooks.spark_submit.SparkSubmitHook","filename":"spark_submit.py","lineno":644}
{"timestamp":"2026-01-11T16:37:40.457279Z","level":"info","event":"26/01/11 16:37:40 INFO TaskSetManager: Starting task 2.0 in stage 5.0 (TID 8) (localhost, executor driver, partition 2, PROCESS_LOCAL, 8270 bytes)","logger":"airflow.task.hooks.airflow.providers.apache.spark.hooks.spark_submit.SparkSubmitHook","filename":"spark_submit.py","lineno":644}
{"timestamp":"2026-01-11T16:37:40.458915Z","level":"info","event":"26/01/11 16:37:40 INFO TaskSetManager: Starting task 3.0 in stage 5.0 (TID 9) (localhost, executor driver, partition 3, PROCESS_LOCAL, 8270 bytes)","logger":"airflow.task.hooks.airflow.providers.apache.spark.hooks.spark_submit.SparkSubmitHook","filename":"spark_submit.py","lineno":644}
{"timestamp":"2026-01-11T16:37:40.459108Z","level":"info","event":"26/01/11 16:37:40 INFO TaskSetManager: Starting task 4.0 in stage 5.0 (TID 10) (localhost, executor driver, partition 4, PROCESS_LOCAL, 8270 bytes)","logger":"airflow.task.hooks.airflow.providers.apache.spark.hooks.spark_submit.SparkSubmitHook","filename":"spark_submit.py","lineno":644}
{"timestamp":"2026-01-11T16:37:40.459662Z","level":"info","event":"26/01/11 16:37:40 INFO TaskSetManager: Starting task 5.0 in stage 5.0 (TID 11) (localhost, executor driver, partition 5, PROCESS_LOCAL, 8270 bytes)","logger":"airflow.task.hooks.airflow.providers.apache.spark.hooks.spark_submit.SparkSubmitHook","filename":"spark_submit.py","lineno":644}
{"timestamp":"2026-01-11T16:37:40.459965Z","level":"info","event":"26/01/11 16:37:40 INFO TaskSetManager: Starting task 6.0 in stage 5.0 (TID 12) (localhost, executor driver, partition 6, PROCESS_LOCAL, 8270 bytes)","logger":"airflow.task.hooks.airflow.providers.apache.spark.hooks.spark_submit.SparkSubmitHook","filename":"spark_submit.py","lineno":644}
{"timestamp":"2026-01-11T16:37:40.460742Z","level":"info","event":"26/01/11 16:37:40 INFO Executor: Running task 2.0 in stage 5.0 (TID 8)","logger":"airflow.task.hooks.airflow.providers.apache.spark.hooks.spark_submit.SparkSubmitHook","filename":"spark_submit.py","lineno":644}
{"timestamp":"2026-01-11T16:37:40.460830Z","level":"info","event":"26/01/11 16:37:40 INFO Executor: Running task 1.0 in stage 5.0 (TID 7)","logger":"airflow.task.hooks.airflow.providers.apache.spark.hooks.spark_submit.SparkSubmitHook","filename":"spark_submit.py","lineno":644}
{"timestamp":"2026-01-11T16:37:40.461367Z","level":"info","event":"26/01/11 16:37:40 INFO Executor: Running task 0.0 in stage 5.0 (TID 6)","logger":"airflow.task.hooks.airflow.providers.apache.spark.hooks.spark_submit.SparkSubmitHook","filename":"spark_submit.py","lineno":644}
{"timestamp":"2026-01-11T16:37:40.461779Z","level":"info","event":"26/01/11 16:37:40 INFO Executor: Running task 3.0 in stage 5.0 (TID 9)","logger":"airflow.task.hooks.airflow.providers.apache.spark.hooks.spark_submit.SparkSubmitHook","filename":"spark_submit.py","lineno":644}
{"timestamp":"2026-01-11T16:37:40.464079Z","level":"info","event":"26/01/11 16:37:40 INFO Executor: Running task 4.0 in stage 5.0 (TID 10)","logger":"airflow.task.hooks.airflow.providers.apache.spark.hooks.spark_submit.SparkSubmitHook","filename":"spark_submit.py","lineno":644}
{"timestamp":"2026-01-11T16:37:40.464261Z","level":"info","event":"26/01/11 16:37:40 INFO Executor: Running task 5.0 in stage 5.0 (TID 11)","logger":"airflow.task.hooks.airflow.providers.apache.spark.hooks.spark_submit.SparkSubmitHook","filename":"spark_submit.py","lineno":644}
{"timestamp":"2026-01-11T16:37:40.464674Z","level":"info","event":"26/01/11 16:37:40 INFO Executor: Running task 6.0 in stage 5.0 (TID 12)","logger":"airflow.task.hooks.airflow.providers.apache.spark.hooks.spark_submit.SparkSubmitHook","filename":"spark_submit.py","lineno":644}
{"timestamp":"2026-01-11T16:37:40.468651Z","level":"info","event":"26/01/11 16:37:40 INFO FileScanRDD: Reading File path: file:///opt/airflow/data/raw/olist_geolocation/part-00002-def59efb-c277-4ea4-8e01-1e3c4d98da69-c000.csv, range: 0-9053172, partition values: [empty row]","logger":"airflow.task.hooks.airflow.providers.apache.spark.hooks.spark_submit.SparkSubmitHook","filename":"spark_submit.py","lineno":644}
{"timestamp":"2026-01-11T16:37:40.470424Z","level":"info","event":"26/01/11 16:37:40 INFO FileScanRDD: Reading File path: file:///opt/airflow/data/raw/olist_geolocation/part-00004-def59efb-c277-4ea4-8e01-1e3c4d98da69-c000.csv, range: 0-9045196, partition values: [empty row]","logger":"airflow.task.hooks.airflow.providers.apache.spark.hooks.spark_submit.SparkSubmitHook","filename":"spark_submit.py","lineno":644}
{"timestamp":"2026-01-11T16:37:40.470472Z","level":"info","event":"26/01/11 16:37:40 INFO FileScanRDD: Reading File path: file:///opt/airflow/data/raw/olist_geolocation/part-00001-def59efb-c277-4ea4-8e01-1e3c4d98da69-c000.csv, range: 0-9049376, partition values: [empty row]","logger":"airflow.task.hooks.airflow.providers.apache.spark.hooks.spark_submit.SparkSubmitHook","filename":"spark_submit.py","lineno":644}
{"timestamp":"2026-01-11T16:37:40.471027Z","level":"info","event":"26/01/11 16:37:40 INFO FileScanRDD: Reading File path: file:///opt/airflow/data/raw/olist_geolocation/part-00005-def59efb-c277-4ea4-8e01-1e3c4d98da69-c000.csv, range: 0-9043974, partition values: [empty row]","logger":"airflow.task.hooks.airflow.providers.apache.spark.hooks.spark_submit.SparkSubmitHook","filename":"spark_submit.py","lineno":644}
{"timestamp":"2026-01-11T16:37:40.471262Z","level":"info","event":"26/01/11 16:37:40 INFO FileScanRDD: Reading File path: file:///opt/airflow/data/raw/olist_geolocation/part-00003-def59efb-c277-4ea4-8e01-1e3c4d98da69-c000.csv, range: 0-9052747, partition values: [empty row]","logger":"airflow.task.hooks.airflow.providers.apache.spark.hooks.spark_submit.SparkSubmitHook","filename":"spark_submit.py","lineno":644}
{"timestamp":"2026-01-11T16:37:40.472408Z","level":"info","event":"26/01/11 16:37:40 INFO FileScanRDD: Reading File path: file:///opt/airflow/data/raw/olist_geolocation/part-00000-def59efb-c277-4ea4-8e01-1e3c4d98da69-c000.csv, range: 0-9039701, partition values: [empty row]","logger":"airflow.task.hooks.airflow.providers.apache.spark.hooks.spark_submit.SparkSubmitHook","filename":"spark_submit.py","lineno":644}
{"timestamp":"2026-01-11T16:37:40.477163Z","level":"info","event":"26/01/11 16:37:40 INFO FileScanRDD: Reading File path: file:///opt/airflow/data/raw/olist_geolocation/part-00006-def59efb-c277-4ea4-8e01-1e3c4d98da69-c000.csv, range: 0-4989944, partition values: [empty row]","logger":"airflow.task.hooks.airflow.providers.apache.spark.hooks.spark_submit.SparkSubmitHook","filename":"spark_submit.py","lineno":644}
{"timestamp":"2026-01-11T16:37:40.520721Z","level":"info","event":"26/01/11 16:37:40 INFO BlockManagerInfo: Removed broadcast_6_piece0 on localhost:39589 in memory (size: 34.2 KiB, free: 1048.7 MiB)","logger":"airflow.task.hooks.airflow.providers.apache.spark.hooks.spark_submit.SparkSubmitHook","filename":"spark_submit.py","lineno":644}
{"timestamp":"2026-01-11T16:37:40.569498Z","level":"info","event":"26/01/11 16:37:40 INFO BlockManagerInfo: Removed broadcast_8_piece0 on localhost:39589 in memory (size: 34.2 KiB, free: 1048.7 MiB)","logger":"airflow.task.hooks.airflow.providers.apache.spark.hooks.spark_submit.SparkSubmitHook","filename":"spark_submit.py","lineno":644}
{"timestamp":"2026-01-11T16:37:40.838395Z","level":"info","event":"26/01/11 16:37:40 INFO Executor: Finished task 6.0 in stage 5.0 (TID 12). 2011 bytes result sent to driver","logger":"airflow.task.hooks.airflow.providers.apache.spark.hooks.spark_submit.SparkSubmitHook","filename":"spark_submit.py","lineno":644}
{"timestamp":"2026-01-11T16:37:40.846107Z","level":"info","event":"26/01/11 16:37:40 INFO TaskSetManager: Finished task 6.0 in stage 5.0 (TID 12) in 384 ms on localhost (executor driver) (1/7)","logger":"airflow.task.hooks.airflow.providers.apache.spark.hooks.spark_submit.SparkSubmitHook","filename":"spark_submit.py","lineno":644}
{"timestamp":"2026-01-11T16:37:40.936284Z","level":"info","event":"26/01/11 16:37:40 INFO Executor: Finished task 2.0 in stage 5.0 (TID 8). 1968 bytes result sent to driver","logger":"airflow.task.hooks.airflow.providers.apache.spark.hooks.spark_submit.SparkSubmitHook","filename":"spark_submit.py","lineno":644}
{"timestamp":"2026-01-11T16:37:40.938357Z","level":"info","event":"26/01/11 16:37:40 INFO TaskSetManager: Finished task 2.0 in stage 5.0 (TID 8) in 482 ms on localhost (executor driver) (2/7)","logger":"airflow.task.hooks.airflow.providers.apache.spark.hooks.spark_submit.SparkSubmitHook","filename":"spark_submit.py","lineno":644}
{"timestamp":"2026-01-11T16:37:40.950642Z","level":"info","event":"26/01/11 16:37:40 INFO Executor: Finished task 3.0 in stage 5.0 (TID 9). 1968 bytes result sent to driver","logger":"airflow.task.hooks.airflow.providers.apache.spark.hooks.spark_submit.SparkSubmitHook","filename":"spark_submit.py","lineno":644}
{"timestamp":"2026-01-11T16:37:40.957621Z","level":"info","event":"26/01/11 16:37:40 INFO TaskSetManager: Finished task 3.0 in stage 5.0 (TID 9) in 497 ms on localhost (executor driver) (3/7)","logger":"airflow.task.hooks.airflow.providers.apache.spark.hooks.spark_submit.SparkSubmitHook","filename":"spark_submit.py","lineno":644}
{"timestamp":"2026-01-11T16:37:40.975027Z","level":"info","event":"26/01/11 16:37:40 INFO Executor: Finished task 1.0 in stage 5.0 (TID 7). 2011 bytes result sent to driver","logger":"airflow.task.hooks.airflow.providers.apache.spark.hooks.spark_submit.SparkSubmitHook","filename":"spark_submit.py","lineno":644}
{"timestamp":"2026-01-11T16:37:40.977257Z","level":"info","event":"26/01/11 16:37:40 INFO TaskSetManager: Finished task 1.0 in stage 5.0 (TID 7) in 519 ms on localhost (executor driver) (4/7)","logger":"airflow.task.hooks.airflow.providers.apache.spark.hooks.spark_submit.SparkSubmitHook","filename":"spark_submit.py","lineno":644}
{"timestamp":"2026-01-11T16:37:41.003716Z","level":"info","event":"26/01/11 16:37:40 INFO Executor: Finished task 0.0 in stage 5.0 (TID 6). 2011 bytes result sent to driver","logger":"airflow.task.hooks.airflow.providers.apache.spark.hooks.spark_submit.SparkSubmitHook","filename":"spark_submit.py","lineno":644}
{"timestamp":"2026-01-11T16:37:41.004106Z","level":"info","event":"26/01/11 16:37:41 INFO TaskSetManager: Finished task 0.0 in stage 5.0 (TID 6) in 546 ms on localhost (executor driver) (5/7)","logger":"airflow.task.hooks.airflow.providers.apache.spark.hooks.spark_submit.SparkSubmitHook","filename":"spark_submit.py","lineno":644}
{"timestamp":"2026-01-11T16:37:41.027162Z","level":"info","event":"26/01/11 16:37:41 INFO Executor: Finished task 4.0 in stage 5.0 (TID 10). 2011 bytes result sent to driver","logger":"airflow.task.hooks.airflow.providers.apache.spark.hooks.spark_submit.SparkSubmitHook","filename":"spark_submit.py","lineno":644}
{"timestamp":"2026-01-11T16:37:41.030740Z","level":"info","event":"26/01/11 16:37:41 INFO TaskSetManager: Finished task 4.0 in stage 5.0 (TID 10) in 573 ms on localhost (executor driver) (6/7)","logger":"airflow.task.hooks.airflow.providers.apache.spark.hooks.spark_submit.SparkSubmitHook","filename":"spark_submit.py","lineno":644}
{"timestamp":"2026-01-11T16:37:41.037543Z","level":"info","event":"26/01/11 16:37:41 INFO Executor: Finished task 5.0 in stage 5.0 (TID 11). 2011 bytes result sent to driver","logger":"airflow.task.hooks.airflow.providers.apache.spark.hooks.spark_submit.SparkSubmitHook","filename":"spark_submit.py","lineno":644}
{"timestamp":"2026-01-11T16:37:41.041670Z","level":"info","event":"26/01/11 16:37:41 INFO TaskSetManager: Finished task 5.0 in stage 5.0 (TID 11) in 581 ms on localhost (executor driver) (7/7)","logger":"airflow.task.hooks.airflow.providers.apache.spark.hooks.spark_submit.SparkSubmitHook","filename":"spark_submit.py","lineno":644}
{"timestamp":"2026-01-11T16:37:41.042241Z","level":"info","event":"26/01/11 16:37:41 INFO TaskSchedulerImpl: Removed TaskSet 5.0, whose tasks have all completed, from pool","logger":"airflow.task.hooks.airflow.providers.apache.spark.hooks.spark_submit.SparkSubmitHook","filename":"spark_submit.py","lineno":644}
{"timestamp":"2026-01-11T16:37:41.042319Z","level":"info","event":"26/01/11 16:37:41 INFO DAGScheduler: ShuffleMapStage 5 (count at NativeMethodAccessorImpl.java:0) finished in 0.593 s","logger":"airflow.task.hooks.airflow.providers.apache.spark.hooks.spark_submit.SparkSubmitHook","filename":"spark_submit.py","lineno":644}
{"timestamp":"2026-01-11T16:37:41.042376Z","level":"info","event":"26/01/11 16:37:41 INFO DAGScheduler: looking for newly runnable stages","logger":"airflow.task.hooks.airflow.providers.apache.spark.hooks.spark_submit.SparkSubmitHook","filename":"spark_submit.py","lineno":644}
{"timestamp":"2026-01-11T16:37:41.042440Z","level":"info","event":"26/01/11 16:37:41 INFO DAGScheduler: running: Set()","logger":"airflow.task.hooks.airflow.providers.apache.spark.hooks.spark_submit.SparkSubmitHook","filename":"spark_submit.py","lineno":644}
{"timestamp":"2026-01-11T16:37:41.042479Z","level":"info","event":"26/01/11 16:37:41 INFO DAGScheduler: waiting: Set()","logger":"airflow.task.hooks.airflow.providers.apache.spark.hooks.spark_submit.SparkSubmitHook","filename":"spark_submit.py","lineno":644}
{"timestamp":"2026-01-11T16:37:41.042529Z","level":"info","event":"26/01/11 16:37:41 INFO DAGScheduler: failed: Set()","logger":"airflow.task.hooks.airflow.providers.apache.spark.hooks.spark_submit.SparkSubmitHook","filename":"spark_submit.py","lineno":644}
{"timestamp":"2026-01-11T16:37:41.118959Z","level":"info","event":"26/01/11 16:37:41 INFO SparkContext: Starting job: count at NativeMethodAccessorImpl.java:0","logger":"airflow.task.hooks.airflow.providers.apache.spark.hooks.spark_submit.SparkSubmitHook","filename":"spark_submit.py","lineno":644}
{"timestamp":"2026-01-11T16:37:41.125130Z","level":"info","event":"26/01/11 16:37:41 INFO DAGScheduler: Got job 5 (count at NativeMethodAccessorImpl.java:0) with 1 output partitions","logger":"airflow.task.hooks.airflow.providers.apache.spark.hooks.spark_submit.SparkSubmitHook","filename":"spark_submit.py","lineno":644}
{"timestamp":"2026-01-11T16:37:41.125395Z","level":"info","event":"26/01/11 16:37:41 INFO DAGScheduler: Final stage: ResultStage 7 (count at NativeMethodAccessorImpl.java:0)","logger":"airflow.task.hooks.airflow.providers.apache.spark.hooks.spark_submit.SparkSubmitHook","filename":"spark_submit.py","lineno":644}
{"timestamp":"2026-01-11T16:37:41.125524Z","level":"info","event":"26/01/11 16:37:41 INFO DAGScheduler: Parents of final stage: List(ShuffleMapStage 6)","logger":"airflow.task.hooks.airflow.providers.apache.spark.hooks.spark_submit.SparkSubmitHook","filename":"spark_submit.py","lineno":644}
{"timestamp":"2026-01-11T16:37:41.125678Z","level":"info","event":"26/01/11 16:37:41 INFO DAGScheduler: Missing parents: List()","logger":"airflow.task.hooks.airflow.providers.apache.spark.hooks.spark_submit.SparkSubmitHook","filename":"spark_submit.py","lineno":644}
{"timestamp":"2026-01-11T16:37:41.126682Z","level":"info","event":"26/01/11 16:37:41 INFO DAGScheduler: Submitting ResultStage 7 (MapPartitionsRDD[33] at count at NativeMethodAccessorImpl.java:0), which has no missing parents","logger":"airflow.task.hooks.airflow.providers.apache.spark.hooks.spark_submit.SparkSubmitHook","filename":"spark_submit.py","lineno":644}
{"timestamp":"2026-01-11T16:37:41.130361Z","level":"info","event":"26/01/11 16:37:41 INFO MemoryStore: Block broadcast_11 stored as values in memory (estimated size 12.5 KiB, free 1048.1 MiB)","logger":"airflow.task.hooks.airflow.providers.apache.spark.hooks.spark_submit.SparkSubmitHook","filename":"spark_submit.py","lineno":644}
{"timestamp":"2026-01-11T16:37:41.133827Z","level":"info","event":"26/01/11 16:37:41 INFO MemoryStore: Block broadcast_11_piece0 stored as bytes in memory (estimated size 5.9 KiB, free 1048.1 MiB)","logger":"airflow.task.hooks.airflow.providers.apache.spark.hooks.spark_submit.SparkSubmitHook","filename":"spark_submit.py","lineno":644}
{"timestamp":"2026-01-11T16:37:41.136283Z","level":"info","event":"26/01/11 16:37:41 INFO BlockManagerInfo: Added broadcast_11_piece0 in memory on localhost:39589 (size: 5.9 KiB, free: 1048.7 MiB)","logger":"airflow.task.hooks.airflow.providers.apache.spark.hooks.spark_submit.SparkSubmitHook","filename":"spark_submit.py","lineno":644}
{"timestamp":"2026-01-11T16:37:41.140282Z","level":"info","event":"26/01/11 16:37:41 INFO SparkContext: Created broadcast 11 from broadcast at DAGScheduler.scala:1580","logger":"airflow.task.hooks.airflow.providers.apache.spark.hooks.spark_submit.SparkSubmitHook","filename":"spark_submit.py","lineno":644}
{"timestamp":"2026-01-11T16:37:41.141721Z","level":"info","event":"26/01/11 16:37:41 INFO DAGScheduler: Submitting 1 missing tasks from ResultStage 7 (MapPartitionsRDD[33] at count at NativeMethodAccessorImpl.java:0) (first 15 tasks are for partitions Vector(0))","logger":"airflow.task.hooks.airflow.providers.apache.spark.hooks.spark_submit.SparkSubmitHook","filename":"spark_submit.py","lineno":644}
{"timestamp":"2026-01-11T16:37:41.143021Z","level":"info","event":"26/01/11 16:37:41 INFO TaskSchedulerImpl: Adding task set 7.0 with 1 tasks resource profile 0","logger":"airflow.task.hooks.airflow.providers.apache.spark.hooks.spark_submit.SparkSubmitHook","filename":"spark_submit.py","lineno":644}
{"timestamp":"2026-01-11T16:37:41.147085Z","level":"info","event":"26/01/11 16:37:41 INFO TaskSetManager: Starting task 0.0 in stage 7.0 (TID 13) (localhost, executor driver, partition 0, NODE_LOCAL, 7615 bytes)","logger":"airflow.task.hooks.airflow.providers.apache.spark.hooks.spark_submit.SparkSubmitHook","filename":"spark_submit.py","lineno":644}
{"timestamp":"2026-01-11T16:37:41.148841Z","level":"info","event":"26/01/11 16:37:41 INFO Executor: Running task 0.0 in stage 7.0 (TID 13)","logger":"airflow.task.hooks.airflow.providers.apache.spark.hooks.spark_submit.SparkSubmitHook","filename":"spark_submit.py","lineno":644}
{"timestamp":"2026-01-11T16:37:41.156494Z","level":"info","event":"26/01/11 16:37:41 INFO ShuffleBlockFetcherIterator: Getting 7 (420.0 B) non-empty blocks including 7 (420.0 B) local and 0 (0.0 B) host-local and 0 (0.0 B) push-merged-local and 0 (0.0 B) remote blocks","logger":"airflow.task.hooks.airflow.providers.apache.spark.hooks.spark_submit.SparkSubmitHook","filename":"spark_submit.py","lineno":644}
{"timestamp":"2026-01-11T16:37:41.156838Z","level":"info","event":"26/01/11 16:37:41 INFO ShuffleBlockFetcherIterator: Started 0 remote fetches in 1 ms","logger":"airflow.task.hooks.airflow.providers.apache.spark.hooks.spark_submit.SparkSubmitHook","filename":"spark_submit.py","lineno":644}
{"timestamp":"2026-01-11T16:37:41.168216Z","level":"info","event":"26/01/11 16:37:41 INFO Executor: Finished task 0.0 in stage 7.0 (TID 13). 3995 bytes result sent to driver","logger":"airflow.task.hooks.airflow.providers.apache.spark.hooks.spark_submit.SparkSubmitHook","filename":"spark_submit.py","lineno":644}
{"timestamp":"2026-01-11T16:37:41.173420Z","level":"info","event":"26/01/11 16:37:41 INFO TaskSetManager: Finished task 0.0 in stage 7.0 (TID 13) in 27 ms on localhost (executor driver) (1/1)","logger":"airflow.task.hooks.airflow.providers.apache.spark.hooks.spark_submit.SparkSubmitHook","filename":"spark_submit.py","lineno":644}
{"timestamp":"2026-01-11T16:37:41.173564Z","level":"info","event":"26/01/11 16:37:41 INFO TaskSchedulerImpl: Removed TaskSet 7.0, whose tasks have all completed, from pool","logger":"airflow.task.hooks.airflow.providers.apache.spark.hooks.spark_submit.SparkSubmitHook","filename":"spark_submit.py","lineno":644}
{"timestamp":"2026-01-11T16:37:41.174979Z","level":"info","event":"26/01/11 16:37:41 INFO DAGScheduler: ResultStage 7 (count at NativeMethodAccessorImpl.java:0) finished in 0.047 s","logger":"airflow.task.hooks.airflow.providers.apache.spark.hooks.spark_submit.SparkSubmitHook","filename":"spark_submit.py","lineno":644}
{"timestamp":"2026-01-11T16:37:41.176347Z","level":"info","event":"26/01/11 16:37:41 INFO DAGScheduler: Job 5 is finished. Cancelling potential speculative or zombie tasks for this job","logger":"airflow.task.hooks.airflow.providers.apache.spark.hooks.spark_submit.SparkSubmitHook","filename":"spark_submit.py","lineno":644}
{"timestamp":"2026-01-11T16:37:41.176454Z","level":"info","event":"26/01/11 16:37:41 INFO TaskSchedulerImpl: Killing all running tasks in stage 7: Stage finished","logger":"airflow.task.hooks.airflow.providers.apache.spark.hooks.spark_submit.SparkSubmitHook","filename":"spark_submit.py","lineno":644}
{"timestamp":"2026-01-11T16:37:41.179002Z","level":"info","event":"26/01/11 16:37:41 INFO DAGScheduler: Job 5 finished: count at NativeMethodAccessorImpl.java:0, took 0.059958 s","logger":"airflow.task.hooks.airflow.providers.apache.spark.hooks.spark_submit.SparkSubmitHook","filename":"spark_submit.py","lineno":644}
{"timestamp":"2026-01-11T16:37:41.180974Z","level":"info","event":"Loaded olist_geolocation with 1000163 records for cleaning.","logger":"airflow.task.hooks.airflow.providers.apache.spark.hooks.spark_submit.SparkSubmitHook","filename":"spark_submit.py","lineno":644}
{"timestamp":"2026-01-11T16:37:41.183261Z","level":"info","event":"root","logger":"airflow.task.hooks.airflow.providers.apache.spark.hooks.spark_submit.SparkSubmitHook","filename":"spark_submit.py","lineno":644}
{"timestamp":"2026-01-11T16:37:41.183444Z","level":"info","event":"|-- geolocation_zip_code_prefix: string (nullable = true)","logger":"airflow.task.hooks.airflow.providers.apache.spark.hooks.spark_submit.SparkSubmitHook","filename":"spark_submit.py","lineno":644}
{"timestamp":"2026-01-11T16:37:41.183502Z","level":"info","event":"|-- geolocation_lat: string (nullable = true)","logger":"airflow.task.hooks.airflow.providers.apache.spark.hooks.spark_submit.SparkSubmitHook","filename":"spark_submit.py","lineno":644}
{"timestamp":"2026-01-11T16:37:41.183520Z","level":"info","event":"|-- geolocation_lng: string (nullable = true)","logger":"airflow.task.hooks.airflow.providers.apache.spark.hooks.spark_submit.SparkSubmitHook","filename":"spark_submit.py","lineno":644}
{"timestamp":"2026-01-11T16:37:41.183536Z","level":"info","event":"|-- geolocation_city: string (nullable = true)","logger":"airflow.task.hooks.airflow.providers.apache.spark.hooks.spark_submit.SparkSubmitHook","filename":"spark_submit.py","lineno":644}
{"timestamp":"2026-01-11T16:37:41.183569Z","level":"info","event":"|-- geolocation_state: string (nullable = true)","logger":"airflow.task.hooks.airflow.providers.apache.spark.hooks.spark_submit.SparkSubmitHook","filename":"spark_submit.py","lineno":644}
{"timestamp":"2026-01-11T16:37:41.183585Z","level":"info","event":"","logger":"airflow.task.hooks.airflow.providers.apache.spark.hooks.spark_submit.SparkSubmitHook","filename":"spark_submit.py","lineno":644}
{"timestamp":"2026-01-11T16:37:41.234888Z","level":"info","event":"26/01/11 16:37:41 INFO InMemoryFileIndex: It took 8 ms to list leaf files for 1 paths.","logger":"airflow.task.hooks.airflow.providers.apache.spark.hooks.spark_submit.SparkSubmitHook","filename":"spark_submit.py","lineno":644}
{"timestamp":"2026-01-11T16:37:41.242418Z","level":"info","event":"26/01/11 16:37:41 INFO InMemoryFileIndex: It took 2 ms to list leaf files for 4 paths.","logger":"airflow.task.hooks.airflow.providers.apache.spark.hooks.spark_submit.SparkSubmitHook","filename":"spark_submit.py","lineno":644}
{"timestamp":"2026-01-11T16:37:41.341573Z","level":"info","event":"26/01/11 16:37:41 INFO FileSourceStrategy: Pushed Filters:","logger":"airflow.task.hooks.airflow.providers.apache.spark.hooks.spark_submit.SparkSubmitHook","filename":"spark_submit.py","lineno":644}
{"timestamp":"2026-01-11T16:37:41.341842Z","level":"info","event":"26/01/11 16:37:41 INFO FileSourceStrategy: Post-Scan Filters: (length(trim(value#74, None)) > 0)","logger":"airflow.task.hooks.airflow.providers.apache.spark.hooks.spark_submit.SparkSubmitHook","filename":"spark_submit.py","lineno":644}
{"timestamp":"2026-01-11T16:37:41.352293Z","level":"info","event":"26/01/11 16:37:41 INFO MemoryStore: Block broadcast_12 stored as values in memory (estimated size 199.5 KiB, free 1047.9 MiB)","logger":"airflow.task.hooks.airflow.providers.apache.spark.hooks.spark_submit.SparkSubmitHook","filename":"spark_submit.py","lineno":644}
{"timestamp":"2026-01-11T16:37:41.358279Z","level":"info","event":"26/01/11 16:37:41 INFO MemoryStore: Block broadcast_12_piece0 stored as bytes in memory (estimated size 34.2 KiB, free 1047.8 MiB)","logger":"airflow.task.hooks.airflow.providers.apache.spark.hooks.spark_submit.SparkSubmitHook","filename":"spark_submit.py","lineno":644}
{"timestamp":"2026-01-11T16:37:41.359045Z","level":"info","event":"26/01/11 16:37:41 INFO BlockManagerInfo: Added broadcast_12_piece0 in memory on localhost:39589 (size: 34.2 KiB, free: 1048.7 MiB)","logger":"airflow.task.hooks.airflow.providers.apache.spark.hooks.spark_submit.SparkSubmitHook","filename":"spark_submit.py","lineno":644}
{"timestamp":"2026-01-11T16:37:41.359768Z","level":"info","event":"26/01/11 16:37:41 INFO SparkContext: Created broadcast 12 from csv at NativeMethodAccessorImpl.java:0","logger":"airflow.task.hooks.airflow.providers.apache.spark.hooks.spark_submit.SparkSubmitHook","filename":"spark_submit.py","lineno":644}
{"timestamp":"2026-01-11T16:37:41.360639Z","level":"info","event":"26/01/11 16:37:41 INFO FileSourceScanExec: Planning scan with bin packing, max size: 4540723 bytes, open cost is considered as scanning 4194304 bytes.","logger":"airflow.task.hooks.airflow.providers.apache.spark.hooks.spark_submit.SparkSubmitHook","filename":"spark_submit.py","lineno":644}
{"timestamp":"2026-01-11T16:37:41.366828Z","level":"info","event":"26/01/11 16:37:41 INFO SparkContext: Starting job: csv at NativeMethodAccessorImpl.java:0","logger":"airflow.task.hooks.airflow.providers.apache.spark.hooks.spark_submit.SparkSubmitHook","filename":"spark_submit.py","lineno":644}
{"timestamp":"2026-01-11T16:37:41.367640Z","level":"info","event":"26/01/11 16:37:41 INFO DAGScheduler: Got job 6 (csv at NativeMethodAccessorImpl.java:0) with 1 output partitions","logger":"airflow.task.hooks.airflow.providers.apache.spark.hooks.spark_submit.SparkSubmitHook","filename":"spark_submit.py","lineno":644}
{"timestamp":"2026-01-11T16:37:41.367701Z","level":"info","event":"26/01/11 16:37:41 INFO DAGScheduler: Final stage: ResultStage 8 (csv at NativeMethodAccessorImpl.java:0)","logger":"airflow.task.hooks.airflow.providers.apache.spark.hooks.spark_submit.SparkSubmitHook","filename":"spark_submit.py","lineno":644}
{"timestamp":"2026-01-11T16:37:41.367720Z","level":"info","event":"26/01/11 16:37:41 INFO DAGScheduler: Parents of final stage: List()","logger":"airflow.task.hooks.airflow.providers.apache.spark.hooks.spark_submit.SparkSubmitHook","filename":"spark_submit.py","lineno":644}
{"timestamp":"2026-01-11T16:37:41.367861Z","level":"info","event":"26/01/11 16:37:41 INFO DAGScheduler: Missing parents: List()","logger":"airflow.task.hooks.airflow.providers.apache.spark.hooks.spark_submit.SparkSubmitHook","filename":"spark_submit.py","lineno":644}
{"timestamp":"2026-01-11T16:37:41.368111Z","level":"info","event":"26/01/11 16:37:41 INFO DAGScheduler: Submitting ResultStage 8 (MapPartitionsRDD[37] at csv at NativeMethodAccessorImpl.java:0), which has no missing parents","logger":"airflow.task.hooks.airflow.providers.apache.spark.hooks.spark_submit.SparkSubmitHook","filename":"spark_submit.py","lineno":644}
{"timestamp":"2026-01-11T16:37:41.370298Z","level":"info","event":"26/01/11 16:37:41 INFO MemoryStore: Block broadcast_13 stored as values in memory (estimated size 13.5 KiB, free 1047.8 MiB)","logger":"airflow.task.hooks.airflow.providers.apache.spark.hooks.spark_submit.SparkSubmitHook","filename":"spark_submit.py","lineno":644}
{"timestamp":"2026-01-11T16:37:41.373748Z","level":"info","event":"26/01/11 16:37:41 INFO MemoryStore: Block broadcast_13_piece0 stored as bytes in memory (estimated size 6.4 KiB, free 1047.8 MiB)","logger":"airflow.task.hooks.airflow.providers.apache.spark.hooks.spark_submit.SparkSubmitHook","filename":"spark_submit.py","lineno":644}
{"timestamp":"2026-01-11T16:37:41.374508Z","level":"info","event":"26/01/11 16:37:41 INFO BlockManagerInfo: Added broadcast_13_piece0 in memory on localhost:39589 (size: 6.4 KiB, free: 1048.6 MiB)","logger":"airflow.task.hooks.airflow.providers.apache.spark.hooks.spark_submit.SparkSubmitHook","filename":"spark_submit.py","lineno":644}
{"timestamp":"2026-01-11T16:37:41.374963Z","level":"info","event":"26/01/11 16:37:41 INFO SparkContext: Created broadcast 13 from broadcast at DAGScheduler.scala:1580","logger":"airflow.task.hooks.airflow.providers.apache.spark.hooks.spark_submit.SparkSubmitHook","filename":"spark_submit.py","lineno":644}
{"timestamp":"2026-01-11T16:37:41.375363Z","level":"info","event":"26/01/11 16:37:41 INFO DAGScheduler: Submitting 1 missing tasks from ResultStage 8 (MapPartitionsRDD[37] at csv at NativeMethodAccessorImpl.java:0) (first 15 tasks are for partitions Vector(0))","logger":"airflow.task.hooks.airflow.providers.apache.spark.hooks.spark_submit.SparkSubmitHook","filename":"spark_submit.py","lineno":644}
{"timestamp":"2026-01-11T16:37:41.375418Z","level":"info","event":"26/01/11 16:37:41 INFO TaskSchedulerImpl: Adding task set 8.0 with 1 tasks resource profile 0","logger":"airflow.task.hooks.airflow.providers.apache.spark.hooks.spark_submit.SparkSubmitHook","filename":"spark_submit.py","lineno":644}
{"timestamp":"2026-01-11T16:37:41.376431Z","level":"info","event":"26/01/11 16:37:41 INFO TaskSetManager: Starting task 0.0 in stage 8.0 (TID 14) (localhost, executor driver, partition 0, PROCESS_LOCAL, 8281 bytes)","logger":"airflow.task.hooks.airflow.providers.apache.spark.hooks.spark_submit.SparkSubmitHook","filename":"spark_submit.py","lineno":644}
{"timestamp":"2026-01-11T16:37:41.377076Z","level":"info","event":"26/01/11 16:37:41 INFO Executor: Running task 0.0 in stage 8.0 (TID 14)","logger":"airflow.task.hooks.airflow.providers.apache.spark.hooks.spark_submit.SparkSubmitHook","filename":"spark_submit.py","lineno":644}
{"timestamp":"2026-01-11T16:37:41.382106Z","level":"info","event":"26/01/11 16:37:41 INFO FileScanRDD: Reading File path: file:///opt/airflow/data/raw/olist_order_items/part-00002-01e9abb0-fd2a-476a-97d3-c22617e12af8-c000.csv, range: 0-4096412, partition values: [empty row]","logger":"airflow.task.hooks.airflow.providers.apache.spark.hooks.spark_submit.SparkSubmitHook","filename":"spark_submit.py","lineno":644}
{"timestamp":"2026-01-11T16:37:41.399983Z","level":"info","event":"26/01/11 16:37:41 INFO Executor: Finished task 0.0 in stage 8.0 (TID 14). 1649 bytes result sent to driver","logger":"airflow.task.hooks.airflow.providers.apache.spark.hooks.spark_submit.SparkSubmitHook","filename":"spark_submit.py","lineno":644}
{"timestamp":"2026-01-11T16:37:41.401036Z","level":"info","event":"26/01/11 16:37:41 INFO TaskSetManager: Finished task 0.0 in stage 8.0 (TID 14) in 24 ms on localhost (executor driver) (1/1)","logger":"airflow.task.hooks.airflow.providers.apache.spark.hooks.spark_submit.SparkSubmitHook","filename":"spark_submit.py","lineno":644}
{"timestamp":"2026-01-11T16:37:41.401329Z","level":"info","event":"26/01/11 16:37:41 INFO TaskSchedulerImpl: Removed TaskSet 8.0, whose tasks have all completed, from pool","logger":"airflow.task.hooks.airflow.providers.apache.spark.hooks.spark_submit.SparkSubmitHook","filename":"spark_submit.py","lineno":644}
{"timestamp":"2026-01-11T16:37:41.401582Z","level":"info","event":"26/01/11 16:37:41 INFO DAGScheduler: ResultStage 8 (csv at NativeMethodAccessorImpl.java:0) finished in 0.033 s","logger":"airflow.task.hooks.airflow.providers.apache.spark.hooks.spark_submit.SparkSubmitHook","filename":"spark_submit.py","lineno":644}
{"timestamp":"2026-01-11T16:37:41.401773Z","level":"info","event":"26/01/11 16:37:41 INFO DAGScheduler: Job 6 is finished. Cancelling potential speculative or zombie tasks for this job","logger":"airflow.task.hooks.airflow.providers.apache.spark.hooks.spark_submit.SparkSubmitHook","filename":"spark_submit.py","lineno":644}
{"timestamp":"2026-01-11T16:37:41.401860Z","level":"info","event":"26/01/11 16:37:41 INFO TaskSchedulerImpl: Killing all running tasks in stage 8: Stage finished","logger":"airflow.task.hooks.airflow.providers.apache.spark.hooks.spark_submit.SparkSubmitHook","filename":"spark_submit.py","lineno":644}
{"timestamp":"2026-01-11T16:37:41.402890Z","level":"info","event":"26/01/11 16:37:41 INFO DAGScheduler: Job 6 finished: csv at NativeMethodAccessorImpl.java:0, took 0.035119 s","logger":"airflow.task.hooks.airflow.providers.apache.spark.hooks.spark_submit.SparkSubmitHook","filename":"spark_submit.py","lineno":644}
{"timestamp":"2026-01-11T16:37:41.412584Z","level":"info","event":"26/01/11 16:37:41 INFO FileSourceStrategy: Pushed Filters:","logger":"airflow.task.hooks.airflow.providers.apache.spark.hooks.spark_submit.SparkSubmitHook","filename":"spark_submit.py","lineno":644}
{"timestamp":"2026-01-11T16:37:41.412804Z","level":"info","event":"26/01/11 16:37:41 INFO FileSourceStrategy: Post-Scan Filters:","logger":"airflow.task.hooks.airflow.providers.apache.spark.hooks.spark_submit.SparkSubmitHook","filename":"spark_submit.py","lineno":644}
{"timestamp":"2026-01-11T16:37:41.415459Z","level":"info","event":"26/01/11 16:37:41 INFO MemoryStore: Block broadcast_14 stored as values in memory (estimated size 199.5 KiB, free 1047.6 MiB)","logger":"airflow.task.hooks.airflow.providers.apache.spark.hooks.spark_submit.SparkSubmitHook","filename":"spark_submit.py","lineno":644}
{"timestamp":"2026-01-11T16:37:41.428191Z","level":"info","event":"26/01/11 16:37:41 INFO BlockManagerInfo: Removed broadcast_13_piece0 on localhost:39589 in memory (size: 6.4 KiB, free: 1048.7 MiB)","logger":"airflow.task.hooks.airflow.providers.apache.spark.hooks.spark_submit.SparkSubmitHook","filename":"spark_submit.py","lineno":644}
{"timestamp":"2026-01-11T16:37:41.429752Z","level":"info","event":"26/01/11 16:37:41 INFO MemoryStore: Block broadcast_14_piece0 stored as bytes in memory (estimated size 34.2 KiB, free 1047.6 MiB)","logger":"airflow.task.hooks.airflow.providers.apache.spark.hooks.spark_submit.SparkSubmitHook","filename":"spark_submit.py","lineno":644}
{"timestamp":"2026-01-11T16:37:41.431020Z","level":"info","event":"26/01/11 16:37:41 INFO BlockManagerInfo: Added broadcast_14_piece0 in memory on localhost:39589 (size: 34.2 KiB, free: 1048.6 MiB)","logger":"airflow.task.hooks.airflow.providers.apache.spark.hooks.spark_submit.SparkSubmitHook","filename":"spark_submit.py","lineno":644}
{"timestamp":"2026-01-11T16:37:41.432784Z","level":"info","event":"26/01/11 16:37:41 INFO SparkContext: Created broadcast 14 from csv at NativeMethodAccessorImpl.java:0","logger":"airflow.task.hooks.airflow.providers.apache.spark.hooks.spark_submit.SparkSubmitHook","filename":"spark_submit.py","lineno":644}
{"timestamp":"2026-01-11T16:37:41.436433Z","level":"info","event":"26/01/11 16:37:41 INFO FileSourceScanExec: Planning scan with bin packing, max size: 4540723 bytes, open cost is considered as scanning 4194304 bytes.","logger":"airflow.task.hooks.airflow.providers.apache.spark.hooks.spark_submit.SparkSubmitHook","filename":"spark_submit.py","lineno":644}
{"timestamp":"2026-01-11T16:37:41.441366Z","level":"info","event":"26/01/11 16:37:41 INFO BlockManagerInfo: Removed broadcast_10_piece0 on localhost:39589 in memory (size: 8.7 KiB, free: 1048.6 MiB)","logger":"airflow.task.hooks.airflow.providers.apache.spark.hooks.spark_submit.SparkSubmitHook","filename":"spark_submit.py","lineno":644}
{"timestamp":"2026-01-11T16:37:41.447737Z","level":"info","event":"26/01/11 16:37:41 INFO BlockManagerInfo: Removed broadcast_9_piece0 on localhost:39589 in memory (size: 34.2 KiB, free: 1048.7 MiB)","logger":"airflow.task.hooks.airflow.providers.apache.spark.hooks.spark_submit.SparkSubmitHook","filename":"spark_submit.py","lineno":644}
{"timestamp":"2026-01-11T16:37:41.450478Z","level":"info","event":"____________________________________________________","logger":"airflow.task.hooks.airflow.providers.apache.spark.hooks.spark_submit.SparkSubmitHook","filename":"spark_submit.py","lineno":644}
{"timestamp":"2026-01-11T16:37:41.453656Z","level":"info","event":"26/01/11 16:37:41 INFO BlockManagerInfo: Removed broadcast_11_piece0 on localhost:39589 in memory (size: 5.9 KiB, free: 1048.7 MiB)","logger":"airflow.task.hooks.airflow.providers.apache.spark.hooks.spark_submit.SparkSubmitHook","filename":"spark_submit.py","lineno":644}
{"timestamp":"2026-01-11T16:37:41.461857Z","level":"info","event":"26/01/11 16:37:41 INFO FileSourceStrategy: Pushed Filters:","logger":"airflow.task.hooks.airflow.providers.apache.spark.hooks.spark_submit.SparkSubmitHook","filename":"spark_submit.py","lineno":644}
{"timestamp":"2026-01-11T16:37:41.461956Z","level":"info","event":"26/01/11 16:37:41 INFO FileSourceStrategy: Post-Scan Filters:","logger":"airflow.task.hooks.airflow.providers.apache.spark.hooks.spark_submit.SparkSubmitHook","filename":"spark_submit.py","lineno":644}
{"timestamp":"2026-01-11T16:37:41.471231Z","level":"info","event":"26/01/11 16:37:41 INFO MemoryStore: Block broadcast_15 stored as values in memory (estimated size 199.4 KiB, free 1047.7 MiB)","logger":"airflow.task.hooks.airflow.providers.apache.spark.hooks.spark_submit.SparkSubmitHook","filename":"spark_submit.py","lineno":644}
{"timestamp":"2026-01-11T16:37:41.482657Z","level":"info","event":"26/01/11 16:37:41 INFO MemoryStore: Block broadcast_15_piece0 stored as bytes in memory (estimated size 34.2 KiB, free 1047.7 MiB)","logger":"airflow.task.hooks.airflow.providers.apache.spark.hooks.spark_submit.SparkSubmitHook","filename":"spark_submit.py","lineno":644}
{"timestamp":"2026-01-11T16:37:41.483084Z","level":"info","event":"26/01/11 16:37:41 INFO BlockManagerInfo: Added broadcast_15_piece0 in memory on localhost:39589 (size: 34.2 KiB, free: 1048.6 MiB)","logger":"airflow.task.hooks.airflow.providers.apache.spark.hooks.spark_submit.SparkSubmitHook","filename":"spark_submit.py","lineno":644}
{"timestamp":"2026-01-11T16:37:41.483966Z","level":"info","event":"26/01/11 16:37:41 INFO SparkContext: Created broadcast 15 from count at NativeMethodAccessorImpl.java:0","logger":"airflow.task.hooks.airflow.providers.apache.spark.hooks.spark_submit.SparkSubmitHook","filename":"spark_submit.py","lineno":644}
{"timestamp":"2026-01-11T16:37:41.485012Z","level":"info","event":"26/01/11 16:37:41 INFO FileSourceScanExec: Planning scan with bin packing, max size: 4540723 bytes, open cost is considered as scanning 4194304 bytes.","logger":"airflow.task.hooks.airflow.providers.apache.spark.hooks.spark_submit.SparkSubmitHook","filename":"spark_submit.py","lineno":644}
{"timestamp":"2026-01-11T16:37:41.489502Z","level":"info","event":"26/01/11 16:37:41 INFO DAGScheduler: Registering RDD 47 (count at NativeMethodAccessorImpl.java:0) as input to shuffle 2","logger":"airflow.task.hooks.airflow.providers.apache.spark.hooks.spark_submit.SparkSubmitHook","filename":"spark_submit.py","lineno":644}
{"timestamp":"2026-01-11T16:37:41.489819Z","level":"info","event":"26/01/11 16:37:41 INFO DAGScheduler: Got map stage job 7 (count at NativeMethodAccessorImpl.java:0) with 4 output partitions","logger":"airflow.task.hooks.airflow.providers.apache.spark.hooks.spark_submit.SparkSubmitHook","filename":"spark_submit.py","lineno":644}
{"timestamp":"2026-01-11T16:37:41.489867Z","level":"info","event":"26/01/11 16:37:41 INFO DAGScheduler: Final stage: ShuffleMapStage 9 (count at NativeMethodAccessorImpl.java:0)","logger":"airflow.task.hooks.airflow.providers.apache.spark.hooks.spark_submit.SparkSubmitHook","filename":"spark_submit.py","lineno":644}
{"timestamp":"2026-01-11T16:37:41.489903Z","level":"info","event":"26/01/11 16:37:41 INFO DAGScheduler: Parents of final stage: List()","logger":"airflow.task.hooks.airflow.providers.apache.spark.hooks.spark_submit.SparkSubmitHook","filename":"spark_submit.py","lineno":644}
{"timestamp":"2026-01-11T16:37:41.490095Z","level":"info","event":"26/01/11 16:37:41 INFO DAGScheduler: Missing parents: List()","logger":"airflow.task.hooks.airflow.providers.apache.spark.hooks.spark_submit.SparkSubmitHook","filename":"spark_submit.py","lineno":644}
{"timestamp":"2026-01-11T16:37:41.490369Z","level":"info","event":"26/01/11 16:37:41 INFO DAGScheduler: Submitting ShuffleMapStage 9 (MapPartitionsRDD[47] at count at NativeMethodAccessorImpl.java:0), which has no missing parents","logger":"airflow.task.hooks.airflow.providers.apache.spark.hooks.spark_submit.SparkSubmitHook","filename":"spark_submit.py","lineno":644}
{"timestamp":"2026-01-11T16:37:41.492402Z","level":"info","event":"26/01/11 16:37:41 INFO MemoryStore: Block broadcast_16 stored as values in memory (estimated size 17.8 KiB, free 1047.6 MiB)","logger":"airflow.task.hooks.airflow.providers.apache.spark.hooks.spark_submit.SparkSubmitHook","filename":"spark_submit.py","lineno":644}
{"timestamp":"2026-01-11T16:37:41.495241Z","level":"info","event":"26/01/11 16:37:41 INFO MemoryStore: Block broadcast_16_piece0 stored as bytes in memory (estimated size 8.8 KiB, free 1047.6 MiB)","logger":"airflow.task.hooks.airflow.providers.apache.spark.hooks.spark_submit.SparkSubmitHook","filename":"spark_submit.py","lineno":644}
{"timestamp":"2026-01-11T16:37:41.495537Z","level":"info","event":"26/01/11 16:37:41 INFO BlockManagerInfo: Added broadcast_16_piece0 in memory on localhost:39589 (size: 8.8 KiB, free: 1048.6 MiB)","logger":"airflow.task.hooks.airflow.providers.apache.spark.hooks.spark_submit.SparkSubmitHook","filename":"spark_submit.py","lineno":644}
{"timestamp":"2026-01-11T16:37:41.495985Z","level":"info","event":"26/01/11 16:37:41 INFO SparkContext: Created broadcast 16 from broadcast at DAGScheduler.scala:1580","logger":"airflow.task.hooks.airflow.providers.apache.spark.hooks.spark_submit.SparkSubmitHook","filename":"spark_submit.py","lineno":644}
{"timestamp":"2026-01-11T16:37:41.496365Z","level":"info","event":"26/01/11 16:37:41 INFO DAGScheduler: Submitting 4 missing tasks from ShuffleMapStage 9 (MapPartitionsRDD[47] at count at NativeMethodAccessorImpl.java:0) (first 15 tasks are for partitions Vector(0, 1, 2, 3))","logger":"airflow.task.hooks.airflow.providers.apache.spark.hooks.spark_submit.SparkSubmitHook","filename":"spark_submit.py","lineno":644}
{"timestamp":"2026-01-11T16:37:41.496425Z","level":"info","event":"26/01/11 16:37:41 INFO TaskSchedulerImpl: Adding task set 9.0 with 4 tasks resource profile 0","logger":"airflow.task.hooks.airflow.providers.apache.spark.hooks.spark_submit.SparkSubmitHook","filename":"spark_submit.py","lineno":644}
{"timestamp":"2026-01-11T16:37:41.497307Z","level":"info","event":"26/01/11 16:37:41 INFO TaskSetManager: Starting task 0.0 in stage 9.0 (TID 15) (localhost, executor driver, partition 0, PROCESS_LOCAL, 8270 bytes)","logger":"airflow.task.hooks.airflow.providers.apache.spark.hooks.spark_submit.SparkSubmitHook","filename":"spark_submit.py","lineno":644}
{"timestamp":"2026-01-11T16:37:41.497580Z","level":"info","event":"26/01/11 16:37:41 INFO TaskSetManager: Starting task 1.0 in stage 9.0 (TID 16) (localhost, executor driver, partition 1, PROCESS_LOCAL, 8270 bytes)","logger":"airflow.task.hooks.airflow.providers.apache.spark.hooks.spark_submit.SparkSubmitHook","filename":"spark_submit.py","lineno":644}
{"timestamp":"2026-01-11T16:37:41.497702Z","level":"info","event":"26/01/11 16:37:41 INFO TaskSetManager: Starting task 2.0 in stage 9.0 (TID 17) (localhost, executor driver, partition 2, PROCESS_LOCAL, 8270 bytes)","logger":"airflow.task.hooks.airflow.providers.apache.spark.hooks.spark_submit.SparkSubmitHook","filename":"spark_submit.py","lineno":644}
{"timestamp":"2026-01-11T16:37:41.497842Z","level":"info","event":"26/01/11 16:37:41 INFO TaskSetManager: Starting task 3.0 in stage 9.0 (TID 18) (localhost, executor driver, partition 3, PROCESS_LOCAL, 8270 bytes)","logger":"airflow.task.hooks.airflow.providers.apache.spark.hooks.spark_submit.SparkSubmitHook","filename":"spark_submit.py","lineno":644}
{"timestamp":"2026-01-11T16:37:41.498855Z","level":"info","event":"26/01/11 16:37:41 INFO Executor: Running task 0.0 in stage 9.0 (TID 15)","logger":"airflow.task.hooks.airflow.providers.apache.spark.hooks.spark_submit.SparkSubmitHook","filename":"spark_submit.py","lineno":644}
{"timestamp":"2026-01-11T16:37:41.498917Z","level":"info","event":"26/01/11 16:37:41 INFO Executor: Running task 2.0 in stage 9.0 (TID 17)","logger":"airflow.task.hooks.airflow.providers.apache.spark.hooks.spark_submit.SparkSubmitHook","filename":"spark_submit.py","lineno":644}
{"timestamp":"2026-01-11T16:37:41.498941Z","level":"info","event":"26/01/11 16:37:41 INFO Executor: Running task 1.0 in stage 9.0 (TID 16)","logger":"airflow.task.hooks.airflow.providers.apache.spark.hooks.spark_submit.SparkSubmitHook","filename":"spark_submit.py","lineno":644}
{"timestamp":"2026-01-11T16:37:41.499734Z","level":"info","event":"26/01/11 16:37:41 INFO Executor: Running task 3.0 in stage 9.0 (TID 18)","logger":"airflow.task.hooks.airflow.providers.apache.spark.hooks.spark_submit.SparkSubmitHook","filename":"spark_submit.py","lineno":644}
{"timestamp":"2026-01-11T16:37:41.504012Z","level":"info","event":"26/01/11 16:37:41 INFO FileScanRDD: Reading File path: file:///opt/airflow/data/raw/olist_order_items/part-00002-01e9abb0-fd2a-476a-97d3-c22617e12af8-c000.csv, range: 0-4096412, partition values: [empty row]","logger":"airflow.task.hooks.airflow.providers.apache.spark.hooks.spark_submit.SparkSubmitHook","filename":"spark_submit.py","lineno":644}
{"timestamp":"2026-01-11T16:37:41.504107Z","level":"info","event":"26/01/11 16:37:41 INFO FileScanRDD: Reading File path: file:///opt/airflow/data/raw/olist_order_items/part-00001-01e9abb0-fd2a-476a-97d3-c22617e12af8-c000.csv, range: 0-4055167, partition values: [empty row]","logger":"airflow.task.hooks.airflow.providers.apache.spark.hooks.spark_submit.SparkSubmitHook","filename":"spark_submit.py","lineno":644}
{"timestamp":"2026-01-11T16:37:41.504534Z","level":"info","event":"26/01/11 16:37:41 INFO FileScanRDD: Reading File path: file:///opt/airflow/data/raw/olist_order_items/part-00003-01e9abb0-fd2a-476a-97d3-c22617e12af8-c000.csv, range: 0-2801209, partition values: [empty row]","logger":"airflow.task.hooks.airflow.providers.apache.spark.hooks.spark_submit.SparkSubmitHook","filename":"spark_submit.py","lineno":644}
{"timestamp":"2026-01-11T16:37:41.504619Z","level":"info","event":"26/01/11 16:37:41 INFO FileScanRDD: Reading File path: file:///opt/airflow/data/raw/olist_order_items/part-00000-01e9abb0-fd2a-476a-97d3-c22617e12af8-c000.csv, range: 0-4055057, partition values: [empty row]","logger":"airflow.task.hooks.airflow.providers.apache.spark.hooks.spark_submit.SparkSubmitHook","filename":"spark_submit.py","lineno":644}
{"timestamp":"2026-01-11T16:37:41.607928Z","level":"info","event":"26/01/11 16:37:41 INFO Executor: Finished task 3.0 in stage 9.0 (TID 18). 1925 bytes result sent to driver","logger":"airflow.task.hooks.airflow.providers.apache.spark.hooks.spark_submit.SparkSubmitHook","filename":"spark_submit.py","lineno":644}
{"timestamp":"2026-01-11T16:37:41.610444Z","level":"info","event":"26/01/11 16:37:41 INFO TaskSetManager: Finished task 3.0 in stage 9.0 (TID 18) in 113 ms on localhost (executor driver) (1/4)","logger":"airflow.task.hooks.airflow.providers.apache.spark.hooks.spark_submit.SparkSubmitHook","filename":"spark_submit.py","lineno":644}
{"timestamp":"2026-01-11T16:37:41.622145Z","level":"info","event":"26/01/11 16:37:41 INFO Executor: Finished task 0.0 in stage 9.0 (TID 15). 1925 bytes result sent to driver","logger":"airflow.task.hooks.airflow.providers.apache.spark.hooks.spark_submit.SparkSubmitHook","filename":"spark_submit.py","lineno":644}
{"timestamp":"2026-01-11T16:37:41.623988Z","level":"info","event":"26/01/11 16:37:41 INFO Executor: Finished task 2.0 in stage 9.0 (TID 17). 1925 bytes result sent to driver","logger":"airflow.task.hooks.airflow.providers.apache.spark.hooks.spark_submit.SparkSubmitHook","filename":"spark_submit.py","lineno":644}
{"timestamp":"2026-01-11T16:37:41.629545Z","level":"info","event":"26/01/11 16:37:41 INFO TaskSetManager: Finished task 0.0 in stage 9.0 (TID 15) in 128 ms on localhost (executor driver) (2/4)","logger":"airflow.task.hooks.airflow.providers.apache.spark.hooks.spark_submit.SparkSubmitHook","filename":"spark_submit.py","lineno":644}
{"timestamp":"2026-01-11T16:37:41.629818Z","level":"info","event":"26/01/11 16:37:41 INFO Executor: Finished task 1.0 in stage 9.0 (TID 16). 1925 bytes result sent to driver","logger":"airflow.task.hooks.airflow.providers.apache.spark.hooks.spark_submit.SparkSubmitHook","filename":"spark_submit.py","lineno":644}
{"timestamp":"2026-01-11T16:37:41.629871Z","level":"info","event":"26/01/11 16:37:41 INFO TaskSetManager: Finished task 2.0 in stage 9.0 (TID 17) in 129 ms on localhost (executor driver) (3/4)","logger":"airflow.task.hooks.airflow.providers.apache.spark.hooks.spark_submit.SparkSubmitHook","filename":"spark_submit.py","lineno":644}
{"timestamp":"2026-01-11T16:37:41.629889Z","level":"info","event":"26/01/11 16:37:41 INFO TaskSetManager: Finished task 1.0 in stage 9.0 (TID 16) in 129 ms on localhost (executor driver) (4/4)","logger":"airflow.task.hooks.airflow.providers.apache.spark.hooks.spark_submit.SparkSubmitHook","filename":"spark_submit.py","lineno":644}
{"timestamp":"2026-01-11T16:37:41.629905Z","level":"info","event":"26/01/11 16:37:41 INFO TaskSchedulerImpl: Removed TaskSet 9.0, whose tasks have all completed, from pool","logger":"airflow.task.hooks.airflow.providers.apache.spark.hooks.spark_submit.SparkSubmitHook","filename":"spark_submit.py","lineno":644}
{"timestamp":"2026-01-11T16:37:41.629919Z","level":"info","event":"26/01/11 16:37:41 INFO DAGScheduler: ShuffleMapStage 9 (count at NativeMethodAccessorImpl.java:0) finished in 0.137 s","logger":"airflow.task.hooks.airflow.providers.apache.spark.hooks.spark_submit.SparkSubmitHook","filename":"spark_submit.py","lineno":644}
{"timestamp":"2026-01-11T16:37:41.629961Z","level":"info","event":"26/01/11 16:37:41 INFO DAGScheduler: looking for newly runnable stages","logger":"airflow.task.hooks.airflow.providers.apache.spark.hooks.spark_submit.SparkSubmitHook","filename":"spark_submit.py","lineno":644}
{"timestamp":"2026-01-11T16:37:41.629989Z","level":"info","event":"26/01/11 16:37:41 INFO DAGScheduler: running: Set()","logger":"airflow.task.hooks.airflow.providers.apache.spark.hooks.spark_submit.SparkSubmitHook","filename":"spark_submit.py","lineno":644}
{"timestamp":"2026-01-11T16:37:41.630004Z","level":"info","event":"26/01/11 16:37:41 INFO DAGScheduler: waiting: Set()","logger":"airflow.task.hooks.airflow.providers.apache.spark.hooks.spark_submit.SparkSubmitHook","filename":"spark_submit.py","lineno":644}
{"timestamp":"2026-01-11T16:37:41.630025Z","level":"info","event":"26/01/11 16:37:41 INFO DAGScheduler: failed: Set()","logger":"airflow.task.hooks.airflow.providers.apache.spark.hooks.spark_submit.SparkSubmitHook","filename":"spark_submit.py","lineno":644}
{"timestamp":"2026-01-11T16:37:41.647567Z","level":"info","event":"26/01/11 16:37:41 INFO SparkContext: Starting job: count at NativeMethodAccessorImpl.java:0","logger":"airflow.task.hooks.airflow.providers.apache.spark.hooks.spark_submit.SparkSubmitHook","filename":"spark_submit.py","lineno":644}
{"timestamp":"2026-01-11T16:37:41.648370Z","level":"info","event":"26/01/11 16:37:41 INFO DAGScheduler: Got job 8 (count at NativeMethodAccessorImpl.java:0) with 1 output partitions","logger":"airflow.task.hooks.airflow.providers.apache.spark.hooks.spark_submit.SparkSubmitHook","filename":"spark_submit.py","lineno":644}
{"timestamp":"2026-01-11T16:37:41.648441Z","level":"info","event":"26/01/11 16:37:41 INFO DAGScheduler: Final stage: ResultStage 11 (count at NativeMethodAccessorImpl.java:0)","logger":"airflow.task.hooks.airflow.providers.apache.spark.hooks.spark_submit.SparkSubmitHook","filename":"spark_submit.py","lineno":644}
{"timestamp":"2026-01-11T16:37:41.648467Z","level":"info","event":"26/01/11 16:37:41 INFO DAGScheduler: Parents of final stage: List(ShuffleMapStage 10)","logger":"airflow.task.hooks.airflow.providers.apache.spark.hooks.spark_submit.SparkSubmitHook","filename":"spark_submit.py","lineno":644}
{"timestamp":"2026-01-11T16:37:41.648614Z","level":"info","event":"26/01/11 16:37:41 INFO DAGScheduler: Missing parents: List()","logger":"airflow.task.hooks.airflow.providers.apache.spark.hooks.spark_submit.SparkSubmitHook","filename":"spark_submit.py","lineno":644}
{"timestamp":"2026-01-11T16:37:41.648858Z","level":"info","event":"26/01/11 16:37:41 INFO DAGScheduler: Submitting ResultStage 11 (MapPartitionsRDD[50] at count at NativeMethodAccessorImpl.java:0), which has no missing parents","logger":"airflow.task.hooks.airflow.providers.apache.spark.hooks.spark_submit.SparkSubmitHook","filename":"spark_submit.py","lineno":644}
{"timestamp":"2026-01-11T16:37:41.650885Z","level":"info","event":"26/01/11 16:37:41 INFO MemoryStore: Block broadcast_17 stored as values in memory (estimated size 12.5 KiB, free 1047.6 MiB)","logger":"airflow.task.hooks.airflow.providers.apache.spark.hooks.spark_submit.SparkSubmitHook","filename":"spark_submit.py","lineno":644}
{"timestamp":"2026-01-11T16:37:41.655226Z","level":"info","event":"26/01/11 16:37:41 INFO MemoryStore: Block broadcast_17_piece0 stored as bytes in memory (estimated size 5.9 KiB, free 1047.6 MiB)","logger":"airflow.task.hooks.airflow.providers.apache.spark.hooks.spark_submit.SparkSubmitHook","filename":"spark_submit.py","lineno":644}
{"timestamp":"2026-01-11T16:37:41.655576Z","level":"info","event":"26/01/11 16:37:41 INFO BlockManagerInfo: Added broadcast_17_piece0 in memory on localhost:39589 (size: 5.9 KiB, free: 1048.6 MiB)","logger":"airflow.task.hooks.airflow.providers.apache.spark.hooks.spark_submit.SparkSubmitHook","filename":"spark_submit.py","lineno":644}
{"timestamp":"2026-01-11T16:37:41.656413Z","level":"info","event":"26/01/11 16:37:41 INFO SparkContext: Created broadcast 17 from broadcast at DAGScheduler.scala:1580","logger":"airflow.task.hooks.airflow.providers.apache.spark.hooks.spark_submit.SparkSubmitHook","filename":"spark_submit.py","lineno":644}
{"timestamp":"2026-01-11T16:37:41.656897Z","level":"info","event":"26/01/11 16:37:41 INFO DAGScheduler: Submitting 1 missing tasks from ResultStage 11 (MapPartitionsRDD[50] at count at NativeMethodAccessorImpl.java:0) (first 15 tasks are for partitions Vector(0))","logger":"airflow.task.hooks.airflow.providers.apache.spark.hooks.spark_submit.SparkSubmitHook","filename":"spark_submit.py","lineno":644}
{"timestamp":"2026-01-11T16:37:41.657082Z","level":"info","event":"26/01/11 16:37:41 INFO TaskSchedulerImpl: Adding task set 11.0 with 1 tasks resource profile 0","logger":"airflow.task.hooks.airflow.providers.apache.spark.hooks.spark_submit.SparkSubmitHook","filename":"spark_submit.py","lineno":644}
{"timestamp":"2026-01-11T16:37:41.658624Z","level":"info","event":"26/01/11 16:37:41 INFO TaskSetManager: Starting task 0.0 in stage 11.0 (TID 19) (localhost, executor driver, partition 0, NODE_LOCAL, 7615 bytes)","logger":"airflow.task.hooks.airflow.providers.apache.spark.hooks.spark_submit.SparkSubmitHook","filename":"spark_submit.py","lineno":644}
{"timestamp":"2026-01-11T16:37:41.659180Z","level":"info","event":"26/01/11 16:37:41 INFO Executor: Running task 0.0 in stage 11.0 (TID 19)","logger":"airflow.task.hooks.airflow.providers.apache.spark.hooks.spark_submit.SparkSubmitHook","filename":"spark_submit.py","lineno":644}
{"timestamp":"2026-01-11T16:37:41.663078Z","level":"info","event":"26/01/11 16:37:41 INFO ShuffleBlockFetcherIterator: Getting 4 (240.0 B) non-empty blocks including 4 (240.0 B) local and 0 (0.0 B) host-local and 0 (0.0 B) push-merged-local and 0 (0.0 B) remote blocks","logger":"airflow.task.hooks.airflow.providers.apache.spark.hooks.spark_submit.SparkSubmitHook","filename":"spark_submit.py","lineno":644}
{"timestamp":"2026-01-11T16:37:41.663271Z","level":"info","event":"26/01/11 16:37:41 INFO ShuffleBlockFetcherIterator: Started 0 remote fetches in 0 ms","logger":"airflow.task.hooks.airflow.providers.apache.spark.hooks.spark_submit.SparkSubmitHook","filename":"spark_submit.py","lineno":644}
{"timestamp":"2026-01-11T16:37:41.673235Z","level":"info","event":"26/01/11 16:37:41 INFO Executor: Finished task 0.0 in stage 11.0 (TID 19). 3995 bytes result sent to driver","logger":"airflow.task.hooks.airflow.providers.apache.spark.hooks.spark_submit.SparkSubmitHook","filename":"spark_submit.py","lineno":644}
{"timestamp":"2026-01-11T16:37:41.676382Z","level":"info","event":"26/01/11 16:37:41 INFO TaskSetManager: Finished task 0.0 in stage 11.0 (TID 19) in 17 ms on localhost (executor driver) (1/1)","logger":"airflow.task.hooks.airflow.providers.apache.spark.hooks.spark_submit.SparkSubmitHook","filename":"spark_submit.py","lineno":644}
{"timestamp":"2026-01-11T16:37:41.676850Z","level":"info","event":"26/01/11 16:37:41 INFO TaskSchedulerImpl: Removed TaskSet 11.0, whose tasks have all completed, from pool","logger":"airflow.task.hooks.airflow.providers.apache.spark.hooks.spark_submit.SparkSubmitHook","filename":"spark_submit.py","lineno":644}
{"timestamp":"2026-01-11T16:37:41.676974Z","level":"info","event":"26/01/11 16:37:41 INFO DAGScheduler: ResultStage 11 (count at NativeMethodAccessorImpl.java:0) finished in 0.027 s","logger":"airflow.task.hooks.airflow.providers.apache.spark.hooks.spark_submit.SparkSubmitHook","filename":"spark_submit.py","lineno":644}
{"timestamp":"2026-01-11T16:37:41.677210Z","level":"info","event":"26/01/11 16:37:41 INFO DAGScheduler: Job 8 is finished. Cancelling potential speculative or zombie tasks for this job","logger":"airflow.task.hooks.airflow.providers.apache.spark.hooks.spark_submit.SparkSubmitHook","filename":"spark_submit.py","lineno":644}
{"timestamp":"2026-01-11T16:37:41.677300Z","level":"info","event":"26/01/11 16:37:41 INFO TaskSchedulerImpl: Killing all running tasks in stage 11: Stage finished","logger":"airflow.task.hooks.airflow.providers.apache.spark.hooks.spark_submit.SparkSubmitHook","filename":"spark_submit.py","lineno":644}
{"timestamp":"2026-01-11T16:37:41.677991Z","level":"info","event":"26/01/11 16:37:41 INFO DAGScheduler: Job 8 finished: count at NativeMethodAccessorImpl.java:0, took 0.029974 s","logger":"airflow.task.hooks.airflow.providers.apache.spark.hooks.spark_submit.SparkSubmitHook","filename":"spark_submit.py","lineno":644}
{"timestamp":"2026-01-11T16:37:41.679618Z","level":"info","event":"Loaded olist_order_items with 112650 records for cleaning.","logger":"airflow.task.hooks.airflow.providers.apache.spark.hooks.spark_submit.SparkSubmitHook","filename":"spark_submit.py","lineno":644}
{"timestamp":"2026-01-11T16:37:41.681252Z","level":"info","event":"root","logger":"airflow.task.hooks.airflow.providers.apache.spark.hooks.spark_submit.SparkSubmitHook","filename":"spark_submit.py","lineno":644}
{"timestamp":"2026-01-11T16:37:41.681382Z","level":"info","event":"|-- order_id: string (nullable = true)","logger":"airflow.task.hooks.airflow.providers.apache.spark.hooks.spark_submit.SparkSubmitHook","filename":"spark_submit.py","lineno":644}
{"timestamp":"2026-01-11T16:37:41.681416Z","level":"info","event":"|-- order_item_id: string (nullable = true)","logger":"airflow.task.hooks.airflow.providers.apache.spark.hooks.spark_submit.SparkSubmitHook","filename":"spark_submit.py","lineno":644}
{"timestamp":"2026-01-11T16:37:41.681433Z","level":"info","event":"|-- product_id: string (nullable = true)","logger":"airflow.task.hooks.airflow.providers.apache.spark.hooks.spark_submit.SparkSubmitHook","filename":"spark_submit.py","lineno":644}
{"timestamp":"2026-01-11T16:37:41.681448Z","level":"info","event":"|-- seller_id: string (nullable = true)","logger":"airflow.task.hooks.airflow.providers.apache.spark.hooks.spark_submit.SparkSubmitHook","filename":"spark_submit.py","lineno":644}
{"timestamp":"2026-01-11T16:37:41.681462Z","level":"info","event":"|-- shipping_limit_date: string (nullable = true)","logger":"airflow.task.hooks.airflow.providers.apache.spark.hooks.spark_submit.SparkSubmitHook","filename":"spark_submit.py","lineno":644}
{"timestamp":"2026-01-11T16:37:41.681477Z","level":"info","event":"|-- price: string (nullable = true)","logger":"airflow.task.hooks.airflow.providers.apache.spark.hooks.spark_submit.SparkSubmitHook","filename":"spark_submit.py","lineno":644}
{"timestamp":"2026-01-11T16:37:41.681491Z","level":"info","event":"|-- freight_value: string (nullable = true)","logger":"airflow.task.hooks.airflow.providers.apache.spark.hooks.spark_submit.SparkSubmitHook","filename":"spark_submit.py","lineno":644}
{"timestamp":"2026-01-11T16:37:41.681517Z","level":"info","event":"","logger":"airflow.task.hooks.airflow.providers.apache.spark.hooks.spark_submit.SparkSubmitHook","filename":"spark_submit.py","lineno":644}
{"timestamp":"2026-01-11T16:37:41.691618Z","level":"info","event":"26/01/11 16:37:41 INFO InMemoryFileIndex: It took 2 ms to list leaf files for 1 paths.","logger":"airflow.task.hooks.airflow.providers.apache.spark.hooks.spark_submit.SparkSubmitHook","filename":"spark_submit.py","lineno":644}
{"timestamp":"2026-01-11T16:37:41.695206Z","level":"info","event":"26/01/11 16:37:41 INFO InMemoryFileIndex: It took 0 ms to list leaf files for 2 paths.","logger":"airflow.task.hooks.airflow.providers.apache.spark.hooks.spark_submit.SparkSubmitHook","filename":"spark_submit.py","lineno":644}
{"timestamp":"2026-01-11T16:37:41.767884Z","level":"info","event":"26/01/11 16:37:41 INFO FileSourceStrategy: Pushed Filters:","logger":"airflow.task.hooks.airflow.providers.apache.spark.hooks.spark_submit.SparkSubmitHook","filename":"spark_submit.py","lineno":644}
{"timestamp":"2026-01-11T16:37:41.768537Z","level":"info","event":"26/01/11 16:37:41 INFO FileSourceStrategy: Post-Scan Filters: (length(trim(value#117, None)) > 0)","logger":"airflow.task.hooks.airflow.providers.apache.spark.hooks.spark_submit.SparkSubmitHook","filename":"spark_submit.py","lineno":644}
{"timestamp":"2026-01-11T16:37:41.780584Z","level":"info","event":"26/01/11 16:37:41 INFO MemoryStore: Block broadcast_18 stored as values in memory (estimated size 199.5 KiB, free 1047.4 MiB)","logger":"airflow.task.hooks.airflow.providers.apache.spark.hooks.spark_submit.SparkSubmitHook","filename":"spark_submit.py","lineno":644}
{"timestamp":"2026-01-11T16:37:41.792513Z","level":"info","event":"26/01/11 16:37:41 INFO MemoryStore: Block broadcast_18_piece0 stored as bytes in memory (estimated size 34.2 KiB, free 1047.4 MiB)","logger":"airflow.task.hooks.airflow.providers.apache.spark.hooks.spark_submit.SparkSubmitHook","filename":"spark_submit.py","lineno":644}
{"timestamp":"2026-01-11T16:37:41.792906Z","level":"info","event":"26/01/11 16:37:41 INFO BlockManagerInfo: Added broadcast_18_piece0 in memory on localhost:39589 (size: 34.2 KiB, free: 1048.6 MiB)","logger":"airflow.task.hooks.airflow.providers.apache.spark.hooks.spark_submit.SparkSubmitHook","filename":"spark_submit.py","lineno":644}
{"timestamp":"2026-01-11T16:37:41.793673Z","level":"info","event":"26/01/11 16:37:41 INFO SparkContext: Created broadcast 18 from csv at NativeMethodAccessorImpl.java:0","logger":"airflow.task.hooks.airflow.providers.apache.spark.hooks.spark_submit.SparkSubmitHook","filename":"spark_submit.py","lineno":644}
{"timestamp":"2026-01-11T16:37:41.794830Z","level":"info","event":"26/01/11 16:37:41 INFO FileSourceScanExec: Planning scan with bin packing, max size: 4194304 bytes, open cost is considered as scanning 4194304 bytes.","logger":"airflow.task.hooks.airflow.providers.apache.spark.hooks.spark_submit.SparkSubmitHook","filename":"spark_submit.py","lineno":644}
{"timestamp":"2026-01-11T16:37:41.800935Z","level":"info","event":"26/01/11 16:37:41 INFO SparkContext: Starting job: csv at NativeMethodAccessorImpl.java:0","logger":"airflow.task.hooks.airflow.providers.apache.spark.hooks.spark_submit.SparkSubmitHook","filename":"spark_submit.py","lineno":644}
{"timestamp":"2026-01-11T16:37:41.801939Z","level":"info","event":"26/01/11 16:37:41 INFO DAGScheduler: Got job 9 (csv at NativeMethodAccessorImpl.java:0) with 1 output partitions","logger":"airflow.task.hooks.airflow.providers.apache.spark.hooks.spark_submit.SparkSubmitHook","filename":"spark_submit.py","lineno":644}
{"timestamp":"2026-01-11T16:37:41.802014Z","level":"info","event":"26/01/11 16:37:41 INFO DAGScheduler: Final stage: ResultStage 12 (csv at NativeMethodAccessorImpl.java:0)","logger":"airflow.task.hooks.airflow.providers.apache.spark.hooks.spark_submit.SparkSubmitHook","filename":"spark_submit.py","lineno":644}
{"timestamp":"2026-01-11T16:37:41.802039Z","level":"info","event":"26/01/11 16:37:41 INFO DAGScheduler: Parents of final stage: List()","logger":"airflow.task.hooks.airflow.providers.apache.spark.hooks.spark_submit.SparkSubmitHook","filename":"spark_submit.py","lineno":644}
{"timestamp":"2026-01-11T16:37:41.802354Z","level":"info","event":"26/01/11 16:37:41 INFO DAGScheduler: Missing parents: List()","logger":"airflow.task.hooks.airflow.providers.apache.spark.hooks.spark_submit.SparkSubmitHook","filename":"spark_submit.py","lineno":644}
{"timestamp":"2026-01-11T16:37:41.805122Z","level":"info","event":"26/01/11 16:37:41 INFO DAGScheduler: Submitting ResultStage 12 (MapPartitionsRDD[54] at csv at NativeMethodAccessorImpl.java:0), which has no missing parents","logger":"airflow.task.hooks.airflow.providers.apache.spark.hooks.spark_submit.SparkSubmitHook","filename":"spark_submit.py","lineno":644}
{"timestamp":"2026-01-11T16:37:41.806661Z","level":"info","event":"26/01/11 16:37:41 INFO MemoryStore: Block broadcast_19 stored as values in memory (estimated size 13.5 KiB, free 1047.4 MiB)","logger":"airflow.task.hooks.airflow.providers.apache.spark.hooks.spark_submit.SparkSubmitHook","filename":"spark_submit.py","lineno":644}
{"timestamp":"2026-01-11T16:37:41.808614Z","level":"info","event":"26/01/11 16:37:41 INFO MemoryStore: Block broadcast_19_piece0 stored as bytes in memory (estimated size 6.4 KiB, free 1047.4 MiB)","logger":"airflow.task.hooks.airflow.providers.apache.spark.hooks.spark_submit.SparkSubmitHook","filename":"spark_submit.py","lineno":644}
{"timestamp":"2026-01-11T16:37:41.808790Z","level":"info","event":"26/01/11 16:37:41 INFO BlockManagerInfo: Added broadcast_19_piece0 in memory on localhost:39589 (size: 6.4 KiB, free: 1048.6 MiB)","logger":"airflow.task.hooks.airflow.providers.apache.spark.hooks.spark_submit.SparkSubmitHook","filename":"spark_submit.py","lineno":644}
{"timestamp":"2026-01-11T16:37:41.808985Z","level":"info","event":"26/01/11 16:37:41 INFO SparkContext: Created broadcast 19 from broadcast at DAGScheduler.scala:1580","logger":"airflow.task.hooks.airflow.providers.apache.spark.hooks.spark_submit.SparkSubmitHook","filename":"spark_submit.py","lineno":644}
{"timestamp":"2026-01-11T16:37:41.809393Z","level":"info","event":"26/01/11 16:37:41 INFO DAGScheduler: Submitting 1 missing tasks from ResultStage 12 (MapPartitionsRDD[54] at csv at NativeMethodAccessorImpl.java:0) (first 15 tasks are for partitions Vector(0))","logger":"airflow.task.hooks.airflow.providers.apache.spark.hooks.spark_submit.SparkSubmitHook","filename":"spark_submit.py","lineno":644}
{"timestamp":"2026-01-11T16:37:41.809464Z","level":"info","event":"26/01/11 16:37:41 INFO TaskSchedulerImpl: Adding task set 12.0 with 1 tasks resource profile 0","logger":"airflow.task.hooks.airflow.providers.apache.spark.hooks.spark_submit.SparkSubmitHook","filename":"spark_submit.py","lineno":644}
{"timestamp":"2026-01-11T16:37:41.810327Z","level":"info","event":"26/01/11 16:37:41 INFO TaskSetManager: Starting task 0.0 in stage 12.0 (TID 20) (localhost, executor driver, partition 0, PROCESS_LOCAL, 8284 bytes)","logger":"airflow.task.hooks.airflow.providers.apache.spark.hooks.spark_submit.SparkSubmitHook","filename":"spark_submit.py","lineno":644}
{"timestamp":"2026-01-11T16:37:41.811509Z","level":"info","event":"26/01/11 16:37:41 INFO Executor: Running task 0.0 in stage 12.0 (TID 20)","logger":"airflow.task.hooks.airflow.providers.apache.spark.hooks.spark_submit.SparkSubmitHook","filename":"spark_submit.py","lineno":644}
{"timestamp":"2026-01-11T16:37:41.816105Z","level":"info","event":"26/01/11 16:37:41 INFO FileScanRDD: Reading File path: file:///opt/airflow/data/raw/olist_order_payments/part-00000-5c88cae5-fe94-4e3a-b1c8-26dbfff018c2-c000.csv, range: 0-4100366, partition values: [empty row]","logger":"airflow.task.hooks.airflow.providers.apache.spark.hooks.spark_submit.SparkSubmitHook","filename":"spark_submit.py","lineno":644}
{"timestamp":"2026-01-11T16:37:41.837904Z","level":"info","event":"26/01/11 16:37:41 INFO Executor: Finished task 0.0 in stage 12.0 (TID 20). 1716 bytes result sent to driver","logger":"airflow.task.hooks.airflow.providers.apache.spark.hooks.spark_submit.SparkSubmitHook","filename":"spark_submit.py","lineno":644}
{"timestamp":"2026-01-11T16:37:41.838455Z","level":"info","event":"26/01/11 16:37:41 INFO BlockManagerInfo: Removed broadcast_17_piece0 on localhost:39589 in memory (size: 5.9 KiB, free: 1048.6 MiB)","logger":"airflow.task.hooks.airflow.providers.apache.spark.hooks.spark_submit.SparkSubmitHook","filename":"spark_submit.py","lineno":644}
{"timestamp":"2026-01-11T16:37:41.840012Z","level":"info","event":"26/01/11 16:37:41 INFO TaskSetManager: Finished task 0.0 in stage 12.0 (TID 20) in 28 ms on localhost (executor driver) (1/1)","logger":"airflow.task.hooks.airflow.providers.apache.spark.hooks.spark_submit.SparkSubmitHook","filename":"spark_submit.py","lineno":644}
{"timestamp":"2026-01-11T16:37:41.840206Z","level":"info","event":"26/01/11 16:37:41 INFO TaskSchedulerImpl: Removed TaskSet 12.0, whose tasks have all completed, from pool","logger":"airflow.task.hooks.airflow.providers.apache.spark.hooks.spark_submit.SparkSubmitHook","filename":"spark_submit.py","lineno":644}
{"timestamp":"2026-01-11T16:37:41.840753Z","level":"info","event":"26/01/11 16:37:41 INFO DAGScheduler: ResultStage 12 (csv at NativeMethodAccessorImpl.java:0) finished in 0.035 s","logger":"airflow.task.hooks.airflow.providers.apache.spark.hooks.spark_submit.SparkSubmitHook","filename":"spark_submit.py","lineno":644}
{"timestamp":"2026-01-11T16:37:41.841206Z","level":"info","event":"26/01/11 16:37:41 INFO DAGScheduler: Job 9 is finished. Cancelling potential speculative or zombie tasks for this job","logger":"airflow.task.hooks.airflow.providers.apache.spark.hooks.spark_submit.SparkSubmitHook","filename":"spark_submit.py","lineno":644}
{"timestamp":"2026-01-11T16:37:41.841338Z","level":"info","event":"26/01/11 16:37:41 INFO TaskSchedulerImpl: Killing all running tasks in stage 12: Stage finished","logger":"airflow.task.hooks.airflow.providers.apache.spark.hooks.spark_submit.SparkSubmitHook","filename":"spark_submit.py","lineno":644}
{"timestamp":"2026-01-11T16:37:41.841441Z","level":"info","event":"26/01/11 16:37:41 INFO DAGScheduler: Job 9 finished: csv at NativeMethodAccessorImpl.java:0, took 0.040384 s","logger":"airflow.task.hooks.airflow.providers.apache.spark.hooks.spark_submit.SparkSubmitHook","filename":"spark_submit.py","lineno":644}
{"timestamp":"2026-01-11T16:37:41.854990Z","level":"info","event":"26/01/11 16:37:41 INFO BlockManagerInfo: Removed broadcast_14_piece0 on localhost:39589 in memory (size: 34.2 KiB, free: 1048.6 MiB)","logger":"airflow.task.hooks.airflow.providers.apache.spark.hooks.spark_submit.SparkSubmitHook","filename":"spark_submit.py","lineno":644}
{"timestamp":"2026-01-11T16:37:41.855096Z","level":"info","event":"26/01/11 16:37:41 INFO FileSourceStrategy: Pushed Filters:","logger":"airflow.task.hooks.airflow.providers.apache.spark.hooks.spark_submit.SparkSubmitHook","filename":"spark_submit.py","lineno":644}
{"timestamp":"2026-01-11T16:37:41.855127Z","level":"info","event":"26/01/11 16:37:41 INFO FileSourceStrategy: Post-Scan Filters:","logger":"airflow.task.hooks.airflow.providers.apache.spark.hooks.spark_submit.SparkSubmitHook","filename":"spark_submit.py","lineno":644}
{"timestamp":"2026-01-11T16:37:41.857660Z","level":"info","event":"26/01/11 16:37:41 INFO MemoryStore: Block broadcast_20 stored as values in memory (estimated size 199.5 KiB, free 1047.4 MiB)","logger":"airflow.task.hooks.airflow.providers.apache.spark.hooks.spark_submit.SparkSubmitHook","filename":"spark_submit.py","lineno":644}
{"timestamp":"2026-01-11T16:37:41.861446Z","level":"info","event":"26/01/11 16:37:41 INFO BlockManagerInfo: Removed broadcast_16_piece0 on localhost:39589 in memory (size: 8.8 KiB, free: 1048.6 MiB)","logger":"airflow.task.hooks.airflow.providers.apache.spark.hooks.spark_submit.SparkSubmitHook","filename":"spark_submit.py","lineno":644}
{"timestamp":"2026-01-11T16:37:41.865607Z","level":"info","event":"26/01/11 16:37:41 INFO MemoryStore: Block broadcast_20_piece0 stored as bytes in memory (estimated size 34.2 KiB, free 1047.4 MiB)","logger":"airflow.task.hooks.airflow.providers.apache.spark.hooks.spark_submit.SparkSubmitHook","filename":"spark_submit.py","lineno":644}
{"timestamp":"2026-01-11T16:37:41.866075Z","level":"info","event":"26/01/11 16:37:41 INFO BlockManagerInfo: Added broadcast_20_piece0 in memory on localhost:39589 (size: 34.2 KiB, free: 1048.6 MiB)","logger":"airflow.task.hooks.airflow.providers.apache.spark.hooks.spark_submit.SparkSubmitHook","filename":"spark_submit.py","lineno":644}
{"timestamp":"2026-01-11T16:37:41.867335Z","level":"info","event":"26/01/11 16:37:41 INFO SparkContext: Created broadcast 20 from csv at NativeMethodAccessorImpl.java:0","logger":"airflow.task.hooks.airflow.providers.apache.spark.hooks.spark_submit.SparkSubmitHook","filename":"spark_submit.py","lineno":644}
{"timestamp":"2026-01-11T16:37:41.868540Z","level":"info","event":"26/01/11 16:37:41 INFO FileSourceScanExec: Planning scan with bin packing, max size: 4194304 bytes, open cost is considered as scanning 4194304 bytes.","logger":"airflow.task.hooks.airflow.providers.apache.spark.hooks.spark_submit.SparkSubmitHook","filename":"spark_submit.py","lineno":644}
{"timestamp":"2026-01-11T16:37:41.871375Z","level":"info","event":"26/01/11 16:37:41 INFO BlockManagerInfo: Removed broadcast_12_piece0 on localhost:39589 in memory (size: 34.2 KiB, free: 1048.6 MiB)","logger":"airflow.task.hooks.airflow.providers.apache.spark.hooks.spark_submit.SparkSubmitHook","filename":"spark_submit.py","lineno":644}
{"timestamp":"2026-01-11T16:37:41.877758Z","level":"info","event":"26/01/11 16:37:41 INFO BlockManagerInfo: Removed broadcast_15_piece0 on localhost:39589 in memory (size: 34.2 KiB, free: 1048.7 MiB)","logger":"airflow.task.hooks.airflow.providers.apache.spark.hooks.spark_submit.SparkSubmitHook","filename":"spark_submit.py","lineno":644}
{"timestamp":"2026-01-11T16:37:41.884539Z","level":"info","event":"____________________________________________________","logger":"airflow.task.hooks.airflow.providers.apache.spark.hooks.spark_submit.SparkSubmitHook","filename":"spark_submit.py","lineno":644}
{"timestamp":"2026-01-11T16:37:41.897655Z","level":"info","event":"26/01/11 16:37:41 INFO FileSourceStrategy: Pushed Filters:","logger":"airflow.task.hooks.airflow.providers.apache.spark.hooks.spark_submit.SparkSubmitHook","filename":"spark_submit.py","lineno":644}
{"timestamp":"2026-01-11T16:37:41.899669Z","level":"info","event":"26/01/11 16:37:41 INFO FileSourceStrategy: Post-Scan Filters:","logger":"airflow.task.hooks.airflow.providers.apache.spark.hooks.spark_submit.SparkSubmitHook","filename":"spark_submit.py","lineno":644}
{"timestamp":"2026-01-11T16:37:41.910617Z","level":"info","event":"26/01/11 16:37:41 INFO MemoryStore: Block broadcast_21 stored as values in memory (estimated size 199.4 KiB, free 1047.7 MiB)","logger":"airflow.task.hooks.airflow.providers.apache.spark.hooks.spark_submit.SparkSubmitHook","filename":"spark_submit.py","lineno":644}
{"timestamp":"2026-01-11T16:37:41.915378Z","level":"info","event":"26/01/11 16:37:41 INFO MemoryStore: Block broadcast_21_piece0 stored as bytes in memory (estimated size 34.2 KiB, free 1047.6 MiB)","logger":"airflow.task.hooks.airflow.providers.apache.spark.hooks.spark_submit.SparkSubmitHook","filename":"spark_submit.py","lineno":644}
{"timestamp":"2026-01-11T16:37:41.916191Z","level":"info","event":"26/01/11 16:37:41 INFO BlockManagerInfo: Added broadcast_21_piece0 in memory on localhost:39589 (size: 34.2 KiB, free: 1048.6 MiB)","logger":"airflow.task.hooks.airflow.providers.apache.spark.hooks.spark_submit.SparkSubmitHook","filename":"spark_submit.py","lineno":644}
{"timestamp":"2026-01-11T16:37:41.916828Z","level":"info","event":"26/01/11 16:37:41 INFO SparkContext: Created broadcast 21 from count at NativeMethodAccessorImpl.java:0","logger":"airflow.task.hooks.airflow.providers.apache.spark.hooks.spark_submit.SparkSubmitHook","filename":"spark_submit.py","lineno":644}
{"timestamp":"2026-01-11T16:37:41.917654Z","level":"info","event":"26/01/11 16:37:41 INFO FileSourceScanExec: Planning scan with bin packing, max size: 4194304 bytes, open cost is considered as scanning 4194304 bytes.","logger":"airflow.task.hooks.airflow.providers.apache.spark.hooks.spark_submit.SparkSubmitHook","filename":"spark_submit.py","lineno":644}
{"timestamp":"2026-01-11T16:37:41.921657Z","level":"info","event":"26/01/11 16:37:41 INFO DAGScheduler: Registering RDD 64 (count at NativeMethodAccessorImpl.java:0) as input to shuffle 3","logger":"airflow.task.hooks.airflow.providers.apache.spark.hooks.spark_submit.SparkSubmitHook","filename":"spark_submit.py","lineno":644}
{"timestamp":"2026-01-11T16:37:41.921862Z","level":"info","event":"26/01/11 16:37:41 INFO DAGScheduler: Got map stage job 10 (count at NativeMethodAccessorImpl.java:0) with 2 output partitions","logger":"airflow.task.hooks.airflow.providers.apache.spark.hooks.spark_submit.SparkSubmitHook","filename":"spark_submit.py","lineno":644}
{"timestamp":"2026-01-11T16:37:41.922017Z","level":"info","event":"26/01/11 16:37:41 INFO DAGScheduler: Final stage: ShuffleMapStage 13 (count at NativeMethodAccessorImpl.java:0)","logger":"airflow.task.hooks.airflow.providers.apache.spark.hooks.spark_submit.SparkSubmitHook","filename":"spark_submit.py","lineno":644}
{"timestamp":"2026-01-11T16:37:41.922095Z","level":"info","event":"26/01/11 16:37:41 INFO DAGScheduler: Parents of final stage: List()","logger":"airflow.task.hooks.airflow.providers.apache.spark.hooks.spark_submit.SparkSubmitHook","filename":"spark_submit.py","lineno":644}
{"timestamp":"2026-01-11T16:37:41.922151Z","level":"info","event":"26/01/11 16:37:41 INFO DAGScheduler: Missing parents: List()","logger":"airflow.task.hooks.airflow.providers.apache.spark.hooks.spark_submit.SparkSubmitHook","filename":"spark_submit.py","lineno":644}
{"timestamp":"2026-01-11T16:37:41.922235Z","level":"info","event":"26/01/11 16:37:41 INFO DAGScheduler: Submitting ShuffleMapStage 13 (MapPartitionsRDD[64] at count at NativeMethodAccessorImpl.java:0), which has no missing parents","logger":"airflow.task.hooks.airflow.providers.apache.spark.hooks.spark_submit.SparkSubmitHook","filename":"spark_submit.py","lineno":644}
{"timestamp":"2026-01-11T16:37:41.928726Z","level":"info","event":"26/01/11 16:37:41 INFO MemoryStore: Block broadcast_22 stored as values in memory (estimated size 17.8 KiB, free 1047.6 MiB)","logger":"airflow.task.hooks.airflow.providers.apache.spark.hooks.spark_submit.SparkSubmitHook","filename":"spark_submit.py","lineno":644}
{"timestamp":"2026-01-11T16:37:41.934256Z","level":"info","event":"26/01/11 16:37:41 INFO MemoryStore: Block broadcast_22_piece0 stored as bytes in memory (estimated size 8.8 KiB, free 1047.6 MiB)","logger":"airflow.task.hooks.airflow.providers.apache.spark.hooks.spark_submit.SparkSubmitHook","filename":"spark_submit.py","lineno":644}
{"timestamp":"2026-01-11T16:37:41.934916Z","level":"info","event":"26/01/11 16:37:41 INFO BlockManagerInfo: Added broadcast_22_piece0 in memory on localhost:39589 (size: 8.8 KiB, free: 1048.6 MiB)","logger":"airflow.task.hooks.airflow.providers.apache.spark.hooks.spark_submit.SparkSubmitHook","filename":"spark_submit.py","lineno":644}
{"timestamp":"2026-01-11T16:37:41.935993Z","level":"info","event":"26/01/11 16:37:41 INFO SparkContext: Created broadcast 22 from broadcast at DAGScheduler.scala:1580","logger":"airflow.task.hooks.airflow.providers.apache.spark.hooks.spark_submit.SparkSubmitHook","filename":"spark_submit.py","lineno":644}
{"timestamp":"2026-01-11T16:37:41.937048Z","level":"info","event":"26/01/11 16:37:41 INFO DAGScheduler: Submitting 2 missing tasks from ShuffleMapStage 13 (MapPartitionsRDD[64] at count at NativeMethodAccessorImpl.java:0) (first 15 tasks are for partitions Vector(0, 1))","logger":"airflow.task.hooks.airflow.providers.apache.spark.hooks.spark_submit.SparkSubmitHook","filename":"spark_submit.py","lineno":644}
{"timestamp":"2026-01-11T16:37:41.937275Z","level":"info","event":"26/01/11 16:37:41 INFO TaskSchedulerImpl: Adding task set 13.0 with 2 tasks resource profile 0","logger":"airflow.task.hooks.airflow.providers.apache.spark.hooks.spark_submit.SparkSubmitHook","filename":"spark_submit.py","lineno":644}
{"timestamp":"2026-01-11T16:37:41.939530Z","level":"info","event":"26/01/11 16:37:41 INFO TaskSetManager: Starting task 0.0 in stage 13.0 (TID 21) (localhost, executor driver, partition 0, PROCESS_LOCAL, 8273 bytes)","logger":"airflow.task.hooks.airflow.providers.apache.spark.hooks.spark_submit.SparkSubmitHook","filename":"spark_submit.py","lineno":644}
{"timestamp":"2026-01-11T16:37:41.940644Z","level":"info","event":"26/01/11 16:37:41 INFO TaskSetManager: Starting task 1.0 in stage 13.0 (TID 22) (localhost, executor driver, partition 1, PROCESS_LOCAL, 8273 bytes)","logger":"airflow.task.hooks.airflow.providers.apache.spark.hooks.spark_submit.SparkSubmitHook","filename":"spark_submit.py","lineno":644}
{"timestamp":"2026-01-11T16:37:41.941078Z","level":"info","event":"26/01/11 16:37:41 INFO Executor: Running task 0.0 in stage 13.0 (TID 21)","logger":"airflow.task.hooks.airflow.providers.apache.spark.hooks.spark_submit.SparkSubmitHook","filename":"spark_submit.py","lineno":644}
{"timestamp":"2026-01-11T16:37:41.941137Z","level":"info","event":"26/01/11 16:37:41 INFO Executor: Running task 1.0 in stage 13.0 (TID 22)","logger":"airflow.task.hooks.airflow.providers.apache.spark.hooks.spark_submit.SparkSubmitHook","filename":"spark_submit.py","lineno":644}
{"timestamp":"2026-01-11T16:37:41.947991Z","level":"info","event":"26/01/11 16:37:41 INFO FileScanRDD: Reading File path: file:///opt/airflow/data/raw/olist_order_payments/part-00001-5c88cae5-fe94-4e3a-b1c8-26dbfff018c2-c000.csv, range: 0-1547490, partition values: [empty row]","logger":"airflow.task.hooks.airflow.providers.apache.spark.hooks.spark_submit.SparkSubmitHook","filename":"spark_submit.py","lineno":644}
{"timestamp":"2026-01-11T16:37:41.949458Z","level":"info","event":"26/01/11 16:37:41 INFO FileScanRDD: Reading File path: file:///opt/airflow/data/raw/olist_order_payments/part-00000-5c88cae5-fe94-4e3a-b1c8-26dbfff018c2-c000.csv, range: 0-4100366, partition values: [empty row]","logger":"airflow.task.hooks.airflow.providers.apache.spark.hooks.spark_submit.SparkSubmitHook","filename":"spark_submit.py","lineno":644}
{"timestamp":"2026-01-11T16:37:41.983843Z","level":"info","event":"26/01/11 16:37:41 INFO Executor: Finished task 1.0 in stage 13.0 (TID 22). 1925 bytes result sent to driver","logger":"airflow.task.hooks.airflow.providers.apache.spark.hooks.spark_submit.SparkSubmitHook","filename":"spark_submit.py","lineno":644}
{"timestamp":"2026-01-11T16:37:41.985953Z","level":"info","event":"26/01/11 16:37:41 INFO TaskSetManager: Finished task 1.0 in stage 13.0 (TID 22) in 46 ms on localhost (executor driver) (1/2)","logger":"airflow.task.hooks.airflow.providers.apache.spark.hooks.spark_submit.SparkSubmitHook","filename":"spark_submit.py","lineno":644}
{"timestamp":"2026-01-11T16:37:42.001293Z","level":"info","event":"26/01/11 16:37:42 INFO Executor: Finished task 0.0 in stage 13.0 (TID 21). 1925 bytes result sent to driver","logger":"airflow.task.hooks.airflow.providers.apache.spark.hooks.spark_submit.SparkSubmitHook","filename":"spark_submit.py","lineno":644}
{"timestamp":"2026-01-11T16:37:42.002888Z","level":"info","event":"26/01/11 16:37:42 INFO TaskSetManager: Finished task 0.0 in stage 13.0 (TID 21) in 64 ms on localhost (executor driver) (2/2)","logger":"airflow.task.hooks.airflow.providers.apache.spark.hooks.spark_submit.SparkSubmitHook","filename":"spark_submit.py","lineno":644}
{"timestamp":"2026-01-11T16:37:42.003283Z","level":"info","event":"26/01/11 16:37:42 INFO TaskSchedulerImpl: Removed TaskSet 13.0, whose tasks have all completed, from pool","logger":"airflow.task.hooks.airflow.providers.apache.spark.hooks.spark_submit.SparkSubmitHook","filename":"spark_submit.py","lineno":644}
{"timestamp":"2026-01-11T16:37:42.005049Z","level":"info","event":"26/01/11 16:37:42 INFO DAGScheduler: ShuffleMapStage 13 (count at NativeMethodAccessorImpl.java:0) finished in 0.080 s","logger":"airflow.task.hooks.airflow.providers.apache.spark.hooks.spark_submit.SparkSubmitHook","filename":"spark_submit.py","lineno":644}
{"timestamp":"2026-01-11T16:37:42.005183Z","level":"info","event":"26/01/11 16:37:42 INFO DAGScheduler: looking for newly runnable stages","logger":"airflow.task.hooks.airflow.providers.apache.spark.hooks.spark_submit.SparkSubmitHook","filename":"spark_submit.py","lineno":644}
{"timestamp":"2026-01-11T16:37:42.005225Z","level":"info","event":"26/01/11 16:37:42 INFO DAGScheduler: running: Set()","logger":"airflow.task.hooks.airflow.providers.apache.spark.hooks.spark_submit.SparkSubmitHook","filename":"spark_submit.py","lineno":644}
{"timestamp":"2026-01-11T16:37:42.005250Z","level":"info","event":"26/01/11 16:37:42 INFO DAGScheduler: waiting: Set()","logger":"airflow.task.hooks.airflow.providers.apache.spark.hooks.spark_submit.SparkSubmitHook","filename":"spark_submit.py","lineno":644}
{"timestamp":"2026-01-11T16:37:42.005769Z","level":"info","event":"26/01/11 16:37:42 INFO DAGScheduler: failed: Set()","logger":"airflow.task.hooks.airflow.providers.apache.spark.hooks.spark_submit.SparkSubmitHook","filename":"spark_submit.py","lineno":644}
{"timestamp":"2026-01-11T16:37:42.046044Z","level":"info","event":"26/01/11 16:37:42 INFO SparkContext: Starting job: count at NativeMethodAccessorImpl.java:0","logger":"airflow.task.hooks.airflow.providers.apache.spark.hooks.spark_submit.SparkSubmitHook","filename":"spark_submit.py","lineno":644}
{"timestamp":"2026-01-11T16:37:42.048449Z","level":"info","event":"26/01/11 16:37:42 INFO DAGScheduler: Got job 11 (count at NativeMethodAccessorImpl.java:0) with 1 output partitions","logger":"airflow.task.hooks.airflow.providers.apache.spark.hooks.spark_submit.SparkSubmitHook","filename":"spark_submit.py","lineno":644}
{"timestamp":"2026-01-11T16:37:42.048704Z","level":"info","event":"26/01/11 16:37:42 INFO DAGScheduler: Final stage: ResultStage 15 (count at NativeMethodAccessorImpl.java:0)","logger":"airflow.task.hooks.airflow.providers.apache.spark.hooks.spark_submit.SparkSubmitHook","filename":"spark_submit.py","lineno":644}
{"timestamp":"2026-01-11T16:37:42.048816Z","level":"info","event":"26/01/11 16:37:42 INFO DAGScheduler: Parents of final stage: List(ShuffleMapStage 14)","logger":"airflow.task.hooks.airflow.providers.apache.spark.hooks.spark_submit.SparkSubmitHook","filename":"spark_submit.py","lineno":644}
{"timestamp":"2026-01-11T16:37:42.048969Z","level":"info","event":"26/01/11 16:37:42 INFO DAGScheduler: Missing parents: List()","logger":"airflow.task.hooks.airflow.providers.apache.spark.hooks.spark_submit.SparkSubmitHook","filename":"spark_submit.py","lineno":644}
{"timestamp":"2026-01-11T16:37:42.052060Z","level":"info","event":"26/01/11 16:37:42 INFO DAGScheduler: Submitting ResultStage 15 (MapPartitionsRDD[67] at count at NativeMethodAccessorImpl.java:0), which has no missing parents","logger":"airflow.task.hooks.airflow.providers.apache.spark.hooks.spark_submit.SparkSubmitHook","filename":"spark_submit.py","lineno":644}
{"timestamp":"2026-01-11T16:37:42.057358Z","level":"info","event":"26/01/11 16:37:42 INFO MemoryStore: Block broadcast_23 stored as values in memory (estimated size 12.5 KiB, free 1047.6 MiB)","logger":"airflow.task.hooks.airflow.providers.apache.spark.hooks.spark_submit.SparkSubmitHook","filename":"spark_submit.py","lineno":644}
{"timestamp":"2026-01-11T16:37:42.058863Z","level":"info","event":"26/01/11 16:37:42 INFO MemoryStore: Block broadcast_23_piece0 stored as bytes in memory (estimated size 6.0 KiB, free 1047.6 MiB)","logger":"airflow.task.hooks.airflow.providers.apache.spark.hooks.spark_submit.SparkSubmitHook","filename":"spark_submit.py","lineno":644}
{"timestamp":"2026-01-11T16:37:42.061093Z","level":"info","event":"26/01/11 16:37:42 INFO BlockManagerInfo: Added broadcast_23_piece0 in memory on localhost:39589 (size: 6.0 KiB, free: 1048.6 MiB)","logger":"airflow.task.hooks.airflow.providers.apache.spark.hooks.spark_submit.SparkSubmitHook","filename":"spark_submit.py","lineno":644}
{"timestamp":"2026-01-11T16:37:42.061716Z","level":"info","event":"26/01/11 16:37:42 INFO SparkContext: Created broadcast 23 from broadcast at DAGScheduler.scala:1580","logger":"airflow.task.hooks.airflow.providers.apache.spark.hooks.spark_submit.SparkSubmitHook","filename":"spark_submit.py","lineno":644}
{"timestamp":"2026-01-11T16:37:42.062121Z","level":"info","event":"26/01/11 16:37:42 INFO DAGScheduler: Submitting 1 missing tasks from ResultStage 15 (MapPartitionsRDD[67] at count at NativeMethodAccessorImpl.java:0) (first 15 tasks are for partitions Vector(0))","logger":"airflow.task.hooks.airflow.providers.apache.spark.hooks.spark_submit.SparkSubmitHook","filename":"spark_submit.py","lineno":644}
{"timestamp":"2026-01-11T16:37:42.062265Z","level":"info","event":"26/01/11 16:37:42 INFO TaskSchedulerImpl: Adding task set 15.0 with 1 tasks resource profile 0","logger":"airflow.task.hooks.airflow.providers.apache.spark.hooks.spark_submit.SparkSubmitHook","filename":"spark_submit.py","lineno":644}
{"timestamp":"2026-01-11T16:37:42.065613Z","level":"info","event":"26/01/11 16:37:42 INFO TaskSetManager: Starting task 0.0 in stage 15.0 (TID 23) (localhost, executor driver, partition 0, NODE_LOCAL, 7615 bytes)","logger":"airflow.task.hooks.airflow.providers.apache.spark.hooks.spark_submit.SparkSubmitHook","filename":"spark_submit.py","lineno":644}
{"timestamp":"2026-01-11T16:37:42.070039Z","level":"info","event":"26/01/11 16:37:42 INFO Executor: Running task 0.0 in stage 15.0 (TID 23)","logger":"airflow.task.hooks.airflow.providers.apache.spark.hooks.spark_submit.SparkSubmitHook","filename":"spark_submit.py","lineno":644}
{"timestamp":"2026-01-11T16:37:42.074861Z","level":"info","event":"26/01/11 16:37:42 INFO ShuffleBlockFetcherIterator: Getting 2 (120.0 B) non-empty blocks including 2 (120.0 B) local and 0 (0.0 B) host-local and 0 (0.0 B) push-merged-local and 0 (0.0 B) remote blocks","logger":"airflow.task.hooks.airflow.providers.apache.spark.hooks.spark_submit.SparkSubmitHook","filename":"spark_submit.py","lineno":644}
{"timestamp":"2026-01-11T16:37:42.074989Z","level":"info","event":"26/01/11 16:37:42 INFO ShuffleBlockFetcherIterator: Started 0 remote fetches in 0 ms","logger":"airflow.task.hooks.airflow.providers.apache.spark.hooks.spark_submit.SparkSubmitHook","filename":"spark_submit.py","lineno":644}
{"timestamp":"2026-01-11T16:37:42.077497Z","level":"info","event":"26/01/11 16:37:42 INFO Executor: Finished task 0.0 in stage 15.0 (TID 23). 3995 bytes result sent to driver","logger":"airflow.task.hooks.airflow.providers.apache.spark.hooks.spark_submit.SparkSubmitHook","filename":"spark_submit.py","lineno":644}
{"timestamp":"2026-01-11T16:37:42.080629Z","level":"info","event":"26/01/11 16:37:42 INFO TaskSetManager: Finished task 0.0 in stage 15.0 (TID 23) in 14 ms on localhost (executor driver) (1/1)","logger":"airflow.task.hooks.airflow.providers.apache.spark.hooks.spark_submit.SparkSubmitHook","filename":"spark_submit.py","lineno":644}
{"timestamp":"2026-01-11T16:37:42.080743Z","level":"info","event":"26/01/11 16:37:42 INFO DAGScheduler: ResultStage 15 (count at NativeMethodAccessorImpl.java:0) finished in 0.026 s","logger":"airflow.task.hooks.airflow.providers.apache.spark.hooks.spark_submit.SparkSubmitHook","filename":"spark_submit.py","lineno":644}
{"timestamp":"2026-01-11T16:37:42.081621Z","level":"info","event":"26/01/11 16:37:42 INFO DAGScheduler: Job 11 is finished. Cancelling potential speculative or zombie tasks for this job","logger":"airflow.task.hooks.airflow.providers.apache.spark.hooks.spark_submit.SparkSubmitHook","filename":"spark_submit.py","lineno":644}
{"timestamp":"2026-01-11T16:37:42.081685Z","level":"info","event":"26/01/11 16:37:42 INFO TaskSchedulerImpl: Removed TaskSet 15.0, whose tasks have all completed, from pool","logger":"airflow.task.hooks.airflow.providers.apache.spark.hooks.spark_submit.SparkSubmitHook","filename":"spark_submit.py","lineno":644}
{"timestamp":"2026-01-11T16:37:42.081714Z","level":"info","event":"26/01/11 16:37:42 INFO TaskSchedulerImpl: Killing all running tasks in stage 15: Stage finished","logger":"airflow.task.hooks.airflow.providers.apache.spark.hooks.spark_submit.SparkSubmitHook","filename":"spark_submit.py","lineno":644}
{"timestamp":"2026-01-11T16:37:42.081745Z","level":"info","event":"26/01/11 16:37:42 INFO DAGScheduler: Job 11 finished: count at NativeMethodAccessorImpl.java:0, took 0.035861 s","logger":"airflow.task.hooks.airflow.providers.apache.spark.hooks.spark_submit.SparkSubmitHook","filename":"spark_submit.py","lineno":644}
{"timestamp":"2026-01-11T16:37:42.083278Z","level":"info","event":"Loaded olist_order_payments with 103886 records for cleaning.","logger":"airflow.task.hooks.airflow.providers.apache.spark.hooks.spark_submit.SparkSubmitHook","filename":"spark_submit.py","lineno":644}
{"timestamp":"2026-01-11T16:37:42.086687Z","level":"info","event":"root","logger":"airflow.task.hooks.airflow.providers.apache.spark.hooks.spark_submit.SparkSubmitHook","filename":"spark_submit.py","lineno":644}
{"timestamp":"2026-01-11T16:37:42.086781Z","level":"info","event":"|-- order_id: string (nullable = true)","logger":"airflow.task.hooks.airflow.providers.apache.spark.hooks.spark_submit.SparkSubmitHook","filename":"spark_submit.py","lineno":644}
{"timestamp":"2026-01-11T16:37:42.086843Z","level":"info","event":"|-- payment_sequential: string (nullable = true)","logger":"airflow.task.hooks.airflow.providers.apache.spark.hooks.spark_submit.SparkSubmitHook","filename":"spark_submit.py","lineno":644}
{"timestamp":"2026-01-11T16:37:42.086895Z","level":"info","event":"|-- payment_type: string (nullable = true)","logger":"airflow.task.hooks.airflow.providers.apache.spark.hooks.spark_submit.SparkSubmitHook","filename":"spark_submit.py","lineno":644}
{"timestamp":"2026-01-11T16:37:42.086945Z","level":"info","event":"|-- payment_installments: string (nullable = true)","logger":"airflow.task.hooks.airflow.providers.apache.spark.hooks.spark_submit.SparkSubmitHook","filename":"spark_submit.py","lineno":644}
{"timestamp":"2026-01-11T16:37:42.086983Z","level":"info","event":"|-- payment_value: string (nullable = true)","logger":"airflow.task.hooks.airflow.providers.apache.spark.hooks.spark_submit.SparkSubmitHook","filename":"spark_submit.py","lineno":644}
{"timestamp":"2026-01-11T16:37:42.087021Z","level":"info","event":"","logger":"airflow.task.hooks.airflow.providers.apache.spark.hooks.spark_submit.SparkSubmitHook","filename":"spark_submit.py","lineno":644}
{"timestamp":"2026-01-11T16:37:42.100981Z","level":"info","event":"26/01/11 16:37:42 INFO InMemoryFileIndex: It took 3 ms to list leaf files for 1 paths.","logger":"airflow.task.hooks.airflow.providers.apache.spark.hooks.spark_submit.SparkSubmitHook","filename":"spark_submit.py","lineno":644}
{"timestamp":"2026-01-11T16:37:42.105275Z","level":"info","event":"26/01/11 16:37:42 INFO InMemoryFileIndex: It took 1 ms to list leaf files for 4 paths.","logger":"airflow.task.hooks.airflow.providers.apache.spark.hooks.spark_submit.SparkSubmitHook","filename":"spark_submit.py","lineno":644}
{"timestamp":"2026-01-11T16:37:42.158683Z","level":"info","event":"26/01/11 16:37:42 INFO FileSourceStrategy: Pushed Filters:","logger":"airflow.task.hooks.airflow.providers.apache.spark.hooks.spark_submit.SparkSubmitHook","filename":"spark_submit.py","lineno":644}
{"timestamp":"2026-01-11T16:37:42.161175Z","level":"info","event":"26/01/11 16:37:42 INFO FileSourceStrategy: Post-Scan Filters: (length(trim(value#154, None)) > 0)","logger":"airflow.task.hooks.airflow.providers.apache.spark.hooks.spark_submit.SparkSubmitHook","filename":"spark_submit.py","lineno":644}
{"timestamp":"2026-01-11T16:37:42.169428Z","level":"info","event":"26/01/11 16:37:42 INFO MemoryStore: Block broadcast_24 stored as values in memory (estimated size 199.5 KiB, free 1047.4 MiB)","logger":"airflow.task.hooks.airflow.providers.apache.spark.hooks.spark_submit.SparkSubmitHook","filename":"spark_submit.py","lineno":644}
{"timestamp":"2026-01-11T16:37:42.176365Z","level":"info","event":"26/01/11 16:37:42 INFO MemoryStore: Block broadcast_24_piece0 stored as bytes in memory (estimated size 34.2 KiB, free 1047.4 MiB)","logger":"airflow.task.hooks.airflow.providers.apache.spark.hooks.spark_submit.SparkSubmitHook","filename":"spark_submit.py","lineno":644}
{"timestamp":"2026-01-11T16:37:42.176871Z","level":"info","event":"26/01/11 16:37:42 INFO BlockManagerInfo: Added broadcast_24_piece0 in memory on localhost:39589 (size: 34.2 KiB, free: 1048.6 MiB)","logger":"airflow.task.hooks.airflow.providers.apache.spark.hooks.spark_submit.SparkSubmitHook","filename":"spark_submit.py","lineno":644}
{"timestamp":"2026-01-11T16:37:42.177650Z","level":"info","event":"26/01/11 16:37:42 INFO SparkContext: Created broadcast 24 from csv at NativeMethodAccessorImpl.java:0","logger":"airflow.task.hooks.airflow.providers.apache.spark.hooks.spark_submit.SparkSubmitHook","filename":"spark_submit.py","lineno":644}
{"timestamp":"2026-01-11T16:37:42.178732Z","level":"info","event":"26/01/11 16:37:42 INFO FileSourceScanExec: Planning scan with bin packing, max size: 4393510 bytes, open cost is considered as scanning 4194304 bytes.","logger":"airflow.task.hooks.airflow.providers.apache.spark.hooks.spark_submit.SparkSubmitHook","filename":"spark_submit.py","lineno":644}
{"timestamp":"2026-01-11T16:37:42.194646Z","level":"info","event":"26/01/11 16:37:42 INFO SparkContext: Starting job: csv at NativeMethodAccessorImpl.java:0","logger":"airflow.task.hooks.airflow.providers.apache.spark.hooks.spark_submit.SparkSubmitHook","filename":"spark_submit.py","lineno":644}
{"timestamp":"2026-01-11T16:37:42.197493Z","level":"info","event":"26/01/11 16:37:42 INFO DAGScheduler: Got job 12 (csv at NativeMethodAccessorImpl.java:0) with 1 output partitions","logger":"airflow.task.hooks.airflow.providers.apache.spark.hooks.spark_submit.SparkSubmitHook","filename":"spark_submit.py","lineno":644}
{"timestamp":"2026-01-11T16:37:42.197645Z","level":"info","event":"26/01/11 16:37:42 INFO DAGScheduler: Final stage: ResultStage 16 (csv at NativeMethodAccessorImpl.java:0)","logger":"airflow.task.hooks.airflow.providers.apache.spark.hooks.spark_submit.SparkSubmitHook","filename":"spark_submit.py","lineno":644}
{"timestamp":"2026-01-11T16:37:42.197686Z","level":"info","event":"26/01/11 16:37:42 INFO DAGScheduler: Parents of final stage: List()","logger":"airflow.task.hooks.airflow.providers.apache.spark.hooks.spark_submit.SparkSubmitHook","filename":"spark_submit.py","lineno":644}
{"timestamp":"2026-01-11T16:37:42.198252Z","level":"info","event":"26/01/11 16:37:42 INFO DAGScheduler: Missing parents: List()","logger":"airflow.task.hooks.airflow.providers.apache.spark.hooks.spark_submit.SparkSubmitHook","filename":"spark_submit.py","lineno":644}
{"timestamp":"2026-01-11T16:37:42.198428Z","level":"info","event":"26/01/11 16:37:42 INFO DAGScheduler: Submitting ResultStage 16 (MapPartitionsRDD[71] at csv at NativeMethodAccessorImpl.java:0), which has no missing parents","logger":"airflow.task.hooks.airflow.providers.apache.spark.hooks.spark_submit.SparkSubmitHook","filename":"spark_submit.py","lineno":644}
{"timestamp":"2026-01-11T16:37:42.201396Z","level":"info","event":"26/01/11 16:37:42 INFO MemoryStore: Block broadcast_25 stored as values in memory (estimated size 13.5 KiB, free 1047.4 MiB)","logger":"airflow.task.hooks.airflow.providers.apache.spark.hooks.spark_submit.SparkSubmitHook","filename":"spark_submit.py","lineno":644}
{"timestamp":"2026-01-11T16:37:42.201666Z","level":"info","event":"26/01/11 16:37:42 INFO MemoryStore: Block broadcast_25_piece0 stored as bytes in memory (estimated size 6.4 KiB, free 1047.3 MiB)","logger":"airflow.task.hooks.airflow.providers.apache.spark.hooks.spark_submit.SparkSubmitHook","filename":"spark_submit.py","lineno":644}
{"timestamp":"2026-01-11T16:37:42.201961Z","level":"info","event":"26/01/11 16:37:42 INFO BlockManagerInfo: Added broadcast_25_piece0 in memory on localhost:39589 (size: 6.4 KiB, free: 1048.6 MiB)","logger":"airflow.task.hooks.airflow.providers.apache.spark.hooks.spark_submit.SparkSubmitHook","filename":"spark_submit.py","lineno":644}
{"timestamp":"2026-01-11T16:37:42.202349Z","level":"info","event":"26/01/11 16:37:42 INFO SparkContext: Created broadcast 25 from broadcast at DAGScheduler.scala:1580","logger":"airflow.task.hooks.airflow.providers.apache.spark.hooks.spark_submit.SparkSubmitHook","filename":"spark_submit.py","lineno":644}
{"timestamp":"2026-01-11T16:37:42.204086Z","level":"info","event":"26/01/11 16:37:42 INFO DAGScheduler: Submitting 1 missing tasks from ResultStage 16 (MapPartitionsRDD[71] at csv at NativeMethodAccessorImpl.java:0) (first 15 tasks are for partitions Vector(0))","logger":"airflow.task.hooks.airflow.providers.apache.spark.hooks.spark_submit.SparkSubmitHook","filename":"spark_submit.py","lineno":644}
{"timestamp":"2026-01-11T16:37:42.204209Z","level":"info","event":"26/01/11 16:37:42 INFO TaskSchedulerImpl: Adding task set 16.0 with 1 tasks resource profile 0","logger":"airflow.task.hooks.airflow.providers.apache.spark.hooks.spark_submit.SparkSubmitHook","filename":"spark_submit.py","lineno":644}
{"timestamp":"2026-01-11T16:37:42.206417Z","level":"info","event":"26/01/11 16:37:42 INFO TaskSetManager: Starting task 0.0 in stage 16.0 (TID 24) (localhost, executor driver, partition 0, PROCESS_LOCAL, 8283 bytes)","logger":"airflow.task.hooks.airflow.providers.apache.spark.hooks.spark_submit.SparkSubmitHook","filename":"spark_submit.py","lineno":644}
{"timestamp":"2026-01-11T16:37:42.210617Z","level":"info","event":"26/01/11 16:37:42 INFO Executor: Running task 0.0 in stage 16.0 (TID 24)","logger":"airflow.task.hooks.airflow.providers.apache.spark.hooks.spark_submit.SparkSubmitHook","filename":"spark_submit.py","lineno":644}
{"timestamp":"2026-01-11T16:37:42.212223Z","level":"info","event":"26/01/11 16:37:42 INFO FileScanRDD: Reading File path: file:///opt/airflow/data/raw/olist_order_reviews/part-00000-97e94c14-8652-4313-b953-4a3b4fa29724-c000.csv, range: 0-4057043, partition values: [empty row]","logger":"airflow.task.hooks.airflow.providers.apache.spark.hooks.spark_submit.SparkSubmitHook","filename":"spark_submit.py","lineno":644}
{"timestamp":"2026-01-11T16:37:42.228162Z","level":"info","event":"26/01/11 16:37:42 INFO Executor: Finished task 0.0 in stage 16.0 (TID 24). 1653 bytes result sent to driver","logger":"airflow.task.hooks.airflow.providers.apache.spark.hooks.spark_submit.SparkSubmitHook","filename":"spark_submit.py","lineno":644}
{"timestamp":"2026-01-11T16:37:42.230329Z","level":"info","event":"26/01/11 16:37:42 INFO TaskSetManager: Finished task 0.0 in stage 16.0 (TID 24) in 24 ms on localhost (executor driver) (1/1)","logger":"airflow.task.hooks.airflow.providers.apache.spark.hooks.spark_submit.SparkSubmitHook","filename":"spark_submit.py","lineno":644}
{"timestamp":"2026-01-11T16:37:42.230458Z","level":"info","event":"26/01/11 16:37:42 INFO DAGScheduler: ResultStage 16 (csv at NativeMethodAccessorImpl.java:0) finished in 0.031 s","logger":"airflow.task.hooks.airflow.providers.apache.spark.hooks.spark_submit.SparkSubmitHook","filename":"spark_submit.py","lineno":644}
{"timestamp":"2026-01-11T16:37:42.230501Z","level":"info","event":"26/01/11 16:37:42 INFO DAGScheduler: Job 12 is finished. Cancelling potential speculative or zombie tasks for this job","logger":"airflow.task.hooks.airflow.providers.apache.spark.hooks.spark_submit.SparkSubmitHook","filename":"spark_submit.py","lineno":644}
{"timestamp":"2026-01-11T16:37:42.231404Z","level":"info","event":"26/01/11 16:37:42 INFO TaskSchedulerImpl: Removed TaskSet 16.0, whose tasks have all completed, from pool","logger":"airflow.task.hooks.airflow.providers.apache.spark.hooks.spark_submit.SparkSubmitHook","filename":"spark_submit.py","lineno":644}
{"timestamp":"2026-01-11T16:37:42.231617Z","level":"info","event":"26/01/11 16:37:42 INFO TaskSchedulerImpl: Killing all running tasks in stage 16: Stage finished","logger":"airflow.task.hooks.airflow.providers.apache.spark.hooks.spark_submit.SparkSubmitHook","filename":"spark_submit.py","lineno":644}
{"timestamp":"2026-01-11T16:37:42.231875Z","level":"info","event":"26/01/11 16:37:42 INFO DAGScheduler: Job 12 finished: csv at NativeMethodAccessorImpl.java:0, took 0.038034 s","logger":"airflow.task.hooks.airflow.providers.apache.spark.hooks.spark_submit.SparkSubmitHook","filename":"spark_submit.py","lineno":644}
{"timestamp":"2026-01-11T16:37:42.247500Z","level":"info","event":"26/01/11 16:37:42 INFO FileSourceStrategy: Pushed Filters:","logger":"airflow.task.hooks.airflow.providers.apache.spark.hooks.spark_submit.SparkSubmitHook","filename":"spark_submit.py","lineno":644}
{"timestamp":"2026-01-11T16:37:42.247658Z","level":"info","event":"26/01/11 16:37:42 INFO FileSourceStrategy: Post-Scan Filters:","logger":"airflow.task.hooks.airflow.providers.apache.spark.hooks.spark_submit.SparkSubmitHook","filename":"spark_submit.py","lineno":644}
{"timestamp":"2026-01-11T16:37:42.250889Z","level":"info","event":"26/01/11 16:37:42 INFO MemoryStore: Block broadcast_26 stored as values in memory (estimated size 199.5 KiB, free 1047.2 MiB)","logger":"airflow.task.hooks.airflow.providers.apache.spark.hooks.spark_submit.SparkSubmitHook","filename":"spark_submit.py","lineno":644}
{"timestamp":"2026-01-11T16:37:42.266946Z","level":"info","event":"26/01/11 16:37:42 INFO BlockManagerInfo: Removed broadcast_19_piece0 on localhost:39589 in memory (size: 6.4 KiB, free: 1048.6 MiB)","logger":"airflow.task.hooks.airflow.providers.apache.spark.hooks.spark_submit.SparkSubmitHook","filename":"spark_submit.py","lineno":644}
{"timestamp":"2026-01-11T16:37:42.268207Z","level":"info","event":"26/01/11 16:37:42 INFO MemoryStore: Block broadcast_26_piece0 stored as bytes in memory (estimated size 34.2 KiB, free 1047.1 MiB)","logger":"airflow.task.hooks.airflow.providers.apache.spark.hooks.spark_submit.SparkSubmitHook","filename":"spark_submit.py","lineno":644}
{"timestamp":"2026-01-11T16:37:42.268682Z","level":"info","event":"26/01/11 16:37:42 INFO BlockManagerInfo: Added broadcast_26_piece0 in memory on localhost:39589 (size: 34.2 KiB, free: 1048.5 MiB)","logger":"airflow.task.hooks.airflow.providers.apache.spark.hooks.spark_submit.SparkSubmitHook","filename":"spark_submit.py","lineno":644}
{"timestamp":"2026-01-11T16:37:42.269373Z","level":"info","event":"26/01/11 16:37:42 INFO SparkContext: Created broadcast 26 from csv at NativeMethodAccessorImpl.java:0","logger":"airflow.task.hooks.airflow.providers.apache.spark.hooks.spark_submit.SparkSubmitHook","filename":"spark_submit.py","lineno":644}
{"timestamp":"2026-01-11T16:37:42.270777Z","level":"info","event":"26/01/11 16:37:42 INFO FileSourceScanExec: Planning scan with bin packing, max size: 4393510 bytes, open cost is considered as scanning 4194304 bytes.","logger":"airflow.task.hooks.airflow.providers.apache.spark.hooks.spark_submit.SparkSubmitHook","filename":"spark_submit.py","lineno":644}
{"timestamp":"2026-01-11T16:37:42.279424Z","level":"info","event":"26/01/11 16:37:42 INFO BlockManagerInfo: Removed broadcast_23_piece0 on localhost:39589 in memory (size: 6.0 KiB, free: 1048.6 MiB)","logger":"airflow.task.hooks.airflow.providers.apache.spark.hooks.spark_submit.SparkSubmitHook","filename":"spark_submit.py","lineno":644}
{"timestamp":"2026-01-11T16:37:42.284723Z","level":"info","event":"26/01/11 16:37:42 INFO BlockManagerInfo: Removed broadcast_21_piece0 on localhost:39589 in memory (size: 34.2 KiB, free: 1048.6 MiB)","logger":"airflow.task.hooks.airflow.providers.apache.spark.hooks.spark_submit.SparkSubmitHook","filename":"spark_submit.py","lineno":644}
{"timestamp":"2026-01-11T16:37:42.284983Z","level":"info","event":"____________________________________________________","logger":"airflow.task.hooks.airflow.providers.apache.spark.hooks.spark_submit.SparkSubmitHook","filename":"spark_submit.py","lineno":644}
{"timestamp":"2026-01-11T16:37:42.292077Z","level":"info","event":"26/01/11 16:37:42 INFO BlockManagerInfo: Removed broadcast_18_piece0 on localhost:39589 in memory (size: 34.2 KiB, free: 1048.6 MiB)","logger":"airflow.task.hooks.airflow.providers.apache.spark.hooks.spark_submit.SparkSubmitHook","filename":"spark_submit.py","lineno":644}
{"timestamp":"2026-01-11T16:37:42.299421Z","level":"info","event":"26/01/11 16:37:42 INFO FileSourceStrategy: Pushed Filters:","logger":"airflow.task.hooks.airflow.providers.apache.spark.hooks.spark_submit.SparkSubmitHook","filename":"spark_submit.py","lineno":644}
{"timestamp":"2026-01-11T16:37:42.299616Z","level":"info","event":"26/01/11 16:37:42 INFO FileSourceStrategy: Post-Scan Filters:","logger":"airflow.task.hooks.airflow.providers.apache.spark.hooks.spark_submit.SparkSubmitHook","filename":"spark_submit.py","lineno":644}
{"timestamp":"2026-01-11T16:37:42.306794Z","level":"info","event":"26/01/11 16:37:42 INFO BlockManagerInfo: Removed broadcast_20_piece0 on localhost:39589 in memory (size: 34.2 KiB, free: 1048.7 MiB)","logger":"airflow.task.hooks.airflow.providers.apache.spark.hooks.spark_submit.SparkSubmitHook","filename":"spark_submit.py","lineno":644}
{"timestamp":"2026-01-11T16:37:42.320861Z","level":"info","event":"26/01/11 16:37:42 INFO BlockManagerInfo: Removed broadcast_22_piece0 on localhost:39589 in memory (size: 8.8 KiB, free: 1048.7 MiB)","logger":"airflow.task.hooks.airflow.providers.apache.spark.hooks.spark_submit.SparkSubmitHook","filename":"spark_submit.py","lineno":644}
{"timestamp":"2026-01-11T16:37:42.320999Z","level":"info","event":"26/01/11 16:37:42 INFO MemoryStore: Block broadcast_27 stored as values in memory (estimated size 199.4 KiB, free 1047.7 MiB)","logger":"airflow.task.hooks.airflow.providers.apache.spark.hooks.spark_submit.SparkSubmitHook","filename":"spark_submit.py","lineno":644}
{"timestamp":"2026-01-11T16:37:42.326655Z","level":"info","event":"26/01/11 16:37:42 INFO MemoryStore: Block broadcast_27_piece0 stored as bytes in memory (estimated size 34.2 KiB, free 1047.6 MiB)","logger":"airflow.task.hooks.airflow.providers.apache.spark.hooks.spark_submit.SparkSubmitHook","filename":"spark_submit.py","lineno":644}
{"timestamp":"2026-01-11T16:37:42.326897Z","level":"info","event":"26/01/11 16:37:42 INFO BlockManagerInfo: Added broadcast_27_piece0 in memory on localhost:39589 (size: 34.2 KiB, free: 1048.6 MiB)","logger":"airflow.task.hooks.airflow.providers.apache.spark.hooks.spark_submit.SparkSubmitHook","filename":"spark_submit.py","lineno":644}
{"timestamp":"2026-01-11T16:37:42.328224Z","level":"info","event":"26/01/11 16:37:42 INFO SparkContext: Created broadcast 27 from count at NativeMethodAccessorImpl.java:0","logger":"airflow.task.hooks.airflow.providers.apache.spark.hooks.spark_submit.SparkSubmitHook","filename":"spark_submit.py","lineno":644}
{"timestamp":"2026-01-11T16:37:42.329112Z","level":"info","event":"26/01/11 16:37:42 INFO BlockManagerInfo: Removed broadcast_25_piece0 on localhost:39589 in memory (size: 6.4 KiB, free: 1048.6 MiB)","logger":"airflow.task.hooks.airflow.providers.apache.spark.hooks.spark_submit.SparkSubmitHook","filename":"spark_submit.py","lineno":644}
{"timestamp":"2026-01-11T16:37:42.329170Z","level":"info","event":"26/01/11 16:37:42 INFO FileSourceScanExec: Planning scan with bin packing, max size: 4393510 bytes, open cost is considered as scanning 4194304 bytes.","logger":"airflow.task.hooks.airflow.providers.apache.spark.hooks.spark_submit.SparkSubmitHook","filename":"spark_submit.py","lineno":644}
{"timestamp":"2026-01-11T16:37:42.341033Z","level":"info","event":"26/01/11 16:37:42 INFO DAGScheduler: Registering RDD 81 (count at NativeMethodAccessorImpl.java:0) as input to shuffle 4","logger":"airflow.task.hooks.airflow.providers.apache.spark.hooks.spark_submit.SparkSubmitHook","filename":"spark_submit.py","lineno":644}
{"timestamp":"2026-01-11T16:37:42.341228Z","level":"info","event":"26/01/11 16:37:42 INFO DAGScheduler: Got map stage job 13 (count at NativeMethodAccessorImpl.java:0) with 4 output partitions","logger":"airflow.task.hooks.airflow.providers.apache.spark.hooks.spark_submit.SparkSubmitHook","filename":"spark_submit.py","lineno":644}
{"timestamp":"2026-01-11T16:37:42.341267Z","level":"info","event":"26/01/11 16:37:42 INFO DAGScheduler: Final stage: ShuffleMapStage 17 (count at NativeMethodAccessorImpl.java:0)","logger":"airflow.task.hooks.airflow.providers.apache.spark.hooks.spark_submit.SparkSubmitHook","filename":"spark_submit.py","lineno":644}
{"timestamp":"2026-01-11T16:37:42.341285Z","level":"info","event":"26/01/11 16:37:42 INFO DAGScheduler: Parents of final stage: List()","logger":"airflow.task.hooks.airflow.providers.apache.spark.hooks.spark_submit.SparkSubmitHook","filename":"spark_submit.py","lineno":644}
{"timestamp":"2026-01-11T16:37:42.341329Z","level":"info","event":"26/01/11 16:37:42 INFO DAGScheduler: Missing parents: List()","logger":"airflow.task.hooks.airflow.providers.apache.spark.hooks.spark_submit.SparkSubmitHook","filename":"spark_submit.py","lineno":644}
{"timestamp":"2026-01-11T16:37:42.342393Z","level":"info","event":"26/01/11 16:37:42 INFO DAGScheduler: Submitting ShuffleMapStage 17 (MapPartitionsRDD[81] at count at NativeMethodAccessorImpl.java:0), which has no missing parents","logger":"airflow.task.hooks.airflow.providers.apache.spark.hooks.spark_submit.SparkSubmitHook","filename":"spark_submit.py","lineno":644}
{"timestamp":"2026-01-11T16:37:42.344196Z","level":"info","event":"26/01/11 16:37:42 INFO MemoryStore: Block broadcast_28 stored as values in memory (estimated size 17.9 KiB, free 1047.6 MiB)","logger":"airflow.task.hooks.airflow.providers.apache.spark.hooks.spark_submit.SparkSubmitHook","filename":"spark_submit.py","lineno":644}
{"timestamp":"2026-01-11T16:37:42.346493Z","level":"info","event":"26/01/11 16:37:42 INFO MemoryStore: Block broadcast_28_piece0 stored as bytes in memory (estimated size 8.8 KiB, free 1047.6 MiB)","logger":"airflow.task.hooks.airflow.providers.apache.spark.hooks.spark_submit.SparkSubmitHook","filename":"spark_submit.py","lineno":644}
{"timestamp":"2026-01-11T16:37:42.346787Z","level":"info","event":"26/01/11 16:37:42 INFO BlockManagerInfo: Added broadcast_28_piece0 in memory on localhost:39589 (size: 8.8 KiB, free: 1048.6 MiB)","logger":"airflow.task.hooks.airflow.providers.apache.spark.hooks.spark_submit.SparkSubmitHook","filename":"spark_submit.py","lineno":644}
{"timestamp":"2026-01-11T16:37:42.347228Z","level":"info","event":"26/01/11 16:37:42 INFO SparkContext: Created broadcast 28 from broadcast at DAGScheduler.scala:1580","logger":"airflow.task.hooks.airflow.providers.apache.spark.hooks.spark_submit.SparkSubmitHook","filename":"spark_submit.py","lineno":644}
{"timestamp":"2026-01-11T16:37:42.347627Z","level":"info","event":"26/01/11 16:37:42 INFO DAGScheduler: Submitting 4 missing tasks from ShuffleMapStage 17 (MapPartitionsRDD[81] at count at NativeMethodAccessorImpl.java:0) (first 15 tasks are for partitions Vector(0, 1, 2, 3))","logger":"airflow.task.hooks.airflow.providers.apache.spark.hooks.spark_submit.SparkSubmitHook","filename":"spark_submit.py","lineno":644}
{"timestamp":"2026-01-11T16:37:42.347777Z","level":"info","event":"26/01/11 16:37:42 INFO TaskSchedulerImpl: Adding task set 17.0 with 4 tasks resource profile 0","logger":"airflow.task.hooks.airflow.providers.apache.spark.hooks.spark_submit.SparkSubmitHook","filename":"spark_submit.py","lineno":644}
{"timestamp":"2026-01-11T16:37:42.349081Z","level":"info","event":"26/01/11 16:37:42 INFO TaskSetManager: Starting task 0.0 in stage 17.0 (TID 25) (localhost, executor driver, partition 0, PROCESS_LOCAL, 8272 bytes)","logger":"airflow.task.hooks.airflow.providers.apache.spark.hooks.spark_submit.SparkSubmitHook","filename":"spark_submit.py","lineno":644}
{"timestamp":"2026-01-11T16:37:42.349646Z","level":"info","event":"26/01/11 16:37:42 INFO TaskSetManager: Starting task 1.0 in stage 17.0 (TID 26) (localhost, executor driver, partition 1, PROCESS_LOCAL, 8272 bytes)","logger":"airflow.task.hooks.airflow.providers.apache.spark.hooks.spark_submit.SparkSubmitHook","filename":"spark_submit.py","lineno":644}
{"timestamp":"2026-01-11T16:37:42.350251Z","level":"info","event":"26/01/11 16:37:42 INFO TaskSetManager: Starting task 2.0 in stage 17.0 (TID 27) (localhost, executor driver, partition 2, PROCESS_LOCAL, 8272 bytes)","logger":"airflow.task.hooks.airflow.providers.apache.spark.hooks.spark_submit.SparkSubmitHook","filename":"spark_submit.py","lineno":644}
{"timestamp":"2026-01-11T16:37:42.350903Z","level":"info","event":"26/01/11 16:37:42 INFO TaskSetManager: Starting task 3.0 in stage 17.0 (TID 28) (localhost, executor driver, partition 3, PROCESS_LOCAL, 8272 bytes)","logger":"airflow.task.hooks.airflow.providers.apache.spark.hooks.spark_submit.SparkSubmitHook","filename":"spark_submit.py","lineno":644}
{"timestamp":"2026-01-11T16:37:42.352015Z","level":"info","event":"26/01/11 16:37:42 INFO Executor: Running task 3.0 in stage 17.0 (TID 28)","logger":"airflow.task.hooks.airflow.providers.apache.spark.hooks.spark_submit.SparkSubmitHook","filename":"spark_submit.py","lineno":644}
{"timestamp":"2026-01-11T16:37:42.355534Z","level":"info","event":"26/01/11 16:37:42 INFO Executor: Running task 2.0 in stage 17.0 (TID 27)","logger":"airflow.task.hooks.airflow.providers.apache.spark.hooks.spark_submit.SparkSubmitHook","filename":"spark_submit.py","lineno":644}
{"timestamp":"2026-01-11T16:37:42.355802Z","level":"info","event":"26/01/11 16:37:42 INFO Executor: Running task 1.0 in stage 17.0 (TID 26)","logger":"airflow.task.hooks.airflow.providers.apache.spark.hooks.spark_submit.SparkSubmitHook","filename":"spark_submit.py","lineno":644}
{"timestamp":"2026-01-11T16:37:42.355947Z","level":"info","event":"26/01/11 16:37:42 INFO Executor: Running task 0.0 in stage 17.0 (TID 25)","logger":"airflow.task.hooks.airflow.providers.apache.spark.hooks.spark_submit.SparkSubmitHook","filename":"spark_submit.py","lineno":644}
{"timestamp":"2026-01-11T16:37:42.358178Z","level":"info","event":"26/01/11 16:37:42 INFO FileScanRDD: Reading File path: file:///opt/airflow/data/raw/olist_order_reviews/part-00003-97e94c14-8652-4313-b953-4a3b4fa29724-c000.csv, range: 0-1807323, partition values: [empty row]","logger":"airflow.task.hooks.airflow.providers.apache.spark.hooks.spark_submit.SparkSubmitHook","filename":"spark_submit.py","lineno":644}
{"timestamp":"2026-01-11T16:37:42.358942Z","level":"info","event":"26/01/11 16:37:42 INFO FileScanRDD: Reading File path: file:///opt/airflow/data/raw/olist_order_reviews/part-00000-97e94c14-8652-4313-b953-4a3b4fa29724-c000.csv, range: 0-4057043, partition values: [empty row]","logger":"airflow.task.hooks.airflow.providers.apache.spark.hooks.spark_submit.SparkSubmitHook","filename":"spark_submit.py","lineno":644}
{"timestamp":"2026-01-11T16:37:42.359454Z","level":"info","event":"26/01/11 16:37:42 INFO FileScanRDD: Reading File path: file:///opt/airflow/data/raw/olist_order_reviews/part-00002-97e94c14-8652-4313-b953-4a3b4fa29724-c000.csv, range: 0-4056208, partition values: [empty row]","logger":"airflow.task.hooks.airflow.providers.apache.spark.hooks.spark_submit.SparkSubmitHook","filename":"spark_submit.py","lineno":644}
{"timestamp":"2026-01-11T16:37:42.360035Z","level":"info","event":"26/01/11 16:37:42 INFO FileScanRDD: Reading File path: file:///opt/airflow/data/raw/olist_order_reviews/part-00001-97e94c14-8652-4313-b953-4a3b4fa29724-c000.csv, range: 0-4056785, partition values: [empty row]","logger":"airflow.task.hooks.airflow.providers.apache.spark.hooks.spark_submit.SparkSubmitHook","filename":"spark_submit.py","lineno":644}
{"timestamp":"2026-01-11T16:37:42.421486Z","level":"info","event":"26/01/11 16:37:42 INFO Executor: Finished task 3.0 in stage 17.0 (TID 28). 1925 bytes result sent to driver","logger":"airflow.task.hooks.airflow.providers.apache.spark.hooks.spark_submit.SparkSubmitHook","filename":"spark_submit.py","lineno":644}
{"timestamp":"2026-01-11T16:37:42.422811Z","level":"info","event":"26/01/11 16:37:42 INFO TaskSetManager: Finished task 3.0 in stage 17.0 (TID 28) in 72 ms on localhost (executor driver) (1/4)","logger":"airflow.task.hooks.airflow.providers.apache.spark.hooks.spark_submit.SparkSubmitHook","filename":"spark_submit.py","lineno":644}
{"timestamp":"2026-01-11T16:37:42.444012Z","level":"info","event":"26/01/11 16:37:42 INFO Executor: Finished task 2.0 in stage 17.0 (TID 27). 1925 bytes result sent to driver","logger":"airflow.task.hooks.airflow.providers.apache.spark.hooks.spark_submit.SparkSubmitHook","filename":"spark_submit.py","lineno":644}
{"timestamp":"2026-01-11T16:37:42.444146Z","level":"info","event":"26/01/11 16:37:42 INFO Executor: Finished task 0.0 in stage 17.0 (TID 25). 1925 bytes result sent to driver","logger":"airflow.task.hooks.airflow.providers.apache.spark.hooks.spark_submit.SparkSubmitHook","filename":"spark_submit.py","lineno":644}
{"timestamp":"2026-01-11T16:37:42.444540Z","level":"info","event":"26/01/11 16:37:42 INFO Executor: Finished task 1.0 in stage 17.0 (TID 26). 1925 bytes result sent to driver","logger":"airflow.task.hooks.airflow.providers.apache.spark.hooks.spark_submit.SparkSubmitHook","filename":"spark_submit.py","lineno":644}
{"timestamp":"2026-01-11T16:37:42.445712Z","level":"info","event":"26/01/11 16:37:42 INFO TaskSetManager: Finished task 0.0 in stage 17.0 (TID 25) in 97 ms on localhost (executor driver) (2/4)","logger":"airflow.task.hooks.airflow.providers.apache.spark.hooks.spark_submit.SparkSubmitHook","filename":"spark_submit.py","lineno":644}
{"timestamp":"2026-01-11T16:37:42.445955Z","level":"info","event":"26/01/11 16:37:42 INFO TaskSetManager: Finished task 2.0 in stage 17.0 (TID 27) in 96 ms on localhost (executor driver) (3/4)","logger":"airflow.task.hooks.airflow.providers.apache.spark.hooks.spark_submit.SparkSubmitHook","filename":"spark_submit.py","lineno":644}
{"timestamp":"2026-01-11T16:37:42.447657Z","level":"info","event":"26/01/11 16:37:42 INFO TaskSetManager: Finished task 1.0 in stage 17.0 (TID 26) in 97 ms on localhost (executor driver) (4/4)","logger":"airflow.task.hooks.airflow.providers.apache.spark.hooks.spark_submit.SparkSubmitHook","filename":"spark_submit.py","lineno":644}
{"timestamp":"2026-01-11T16:37:42.448009Z","level":"info","event":"26/01/11 16:37:42 INFO TaskSchedulerImpl: Removed TaskSet 17.0, whose tasks have all completed, from pool","logger":"airflow.task.hooks.airflow.providers.apache.spark.hooks.spark_submit.SparkSubmitHook","filename":"spark_submit.py","lineno":644}
{"timestamp":"2026-01-11T16:37:42.448063Z","level":"info","event":"26/01/11 16:37:42 INFO DAGScheduler: ShuffleMapStage 17 (count at NativeMethodAccessorImpl.java:0) finished in 0.104 s","logger":"airflow.task.hooks.airflow.providers.apache.spark.hooks.spark_submit.SparkSubmitHook","filename":"spark_submit.py","lineno":644}
{"timestamp":"2026-01-11T16:37:42.448085Z","level":"info","event":"26/01/11 16:37:42 INFO DAGScheduler: looking for newly runnable stages","logger":"airflow.task.hooks.airflow.providers.apache.spark.hooks.spark_submit.SparkSubmitHook","filename":"spark_submit.py","lineno":644}
{"timestamp":"2026-01-11T16:37:42.448101Z","level":"info","event":"26/01/11 16:37:42 INFO DAGScheduler: running: Set()","logger":"airflow.task.hooks.airflow.providers.apache.spark.hooks.spark_submit.SparkSubmitHook","filename":"spark_submit.py","lineno":644}
{"timestamp":"2026-01-11T16:37:42.448116Z","level":"info","event":"26/01/11 16:37:42 INFO DAGScheduler: waiting: Set()","logger":"airflow.task.hooks.airflow.providers.apache.spark.hooks.spark_submit.SparkSubmitHook","filename":"spark_submit.py","lineno":644}
{"timestamp":"2026-01-11T16:37:42.448130Z","level":"info","event":"26/01/11 16:37:42 INFO DAGScheduler: failed: Set()","logger":"airflow.task.hooks.airflow.providers.apache.spark.hooks.spark_submit.SparkSubmitHook","filename":"spark_submit.py","lineno":644}
{"timestamp":"2026-01-11T16:37:42.463941Z","level":"info","event":"26/01/11 16:37:42 INFO SparkContext: Starting job: count at NativeMethodAccessorImpl.java:0","logger":"airflow.task.hooks.airflow.providers.apache.spark.hooks.spark_submit.SparkSubmitHook","filename":"spark_submit.py","lineno":644}
{"timestamp":"2026-01-11T16:37:42.465399Z","level":"info","event":"26/01/11 16:37:42 INFO DAGScheduler: Got job 14 (count at NativeMethodAccessorImpl.java:0) with 1 output partitions","logger":"airflow.task.hooks.airflow.providers.apache.spark.hooks.spark_submit.SparkSubmitHook","filename":"spark_submit.py","lineno":644}
{"timestamp":"2026-01-11T16:37:42.465829Z","level":"info","event":"26/01/11 16:37:42 INFO DAGScheduler: Final stage: ResultStage 19 (count at NativeMethodAccessorImpl.java:0)","logger":"airflow.task.hooks.airflow.providers.apache.spark.hooks.spark_submit.SparkSubmitHook","filename":"spark_submit.py","lineno":644}
{"timestamp":"2026-01-11T16:37:42.467154Z","level":"info","event":"26/01/11 16:37:42 INFO DAGScheduler: Parents of final stage: List(ShuffleMapStage 18)","logger":"airflow.task.hooks.airflow.providers.apache.spark.hooks.spark_submit.SparkSubmitHook","filename":"spark_submit.py","lineno":644}
{"timestamp":"2026-01-11T16:37:42.467730Z","level":"info","event":"26/01/11 16:37:42 INFO DAGScheduler: Missing parents: List()","logger":"airflow.task.hooks.airflow.providers.apache.spark.hooks.spark_submit.SparkSubmitHook","filename":"spark_submit.py","lineno":644}
{"timestamp":"2026-01-11T16:37:42.468023Z","level":"info","event":"26/01/11 16:37:42 INFO DAGScheduler: Submitting ResultStage 19 (MapPartitionsRDD[84] at count at NativeMethodAccessorImpl.java:0), which has no missing parents","logger":"airflow.task.hooks.airflow.providers.apache.spark.hooks.spark_submit.SparkSubmitHook","filename":"spark_submit.py","lineno":644}
{"timestamp":"2026-01-11T16:37:42.474354Z","level":"info","event":"26/01/11 16:37:42 INFO MemoryStore: Block broadcast_29 stored as values in memory (estimated size 12.5 KiB, free 1047.6 MiB)","logger":"airflow.task.hooks.airflow.providers.apache.spark.hooks.spark_submit.SparkSubmitHook","filename":"spark_submit.py","lineno":644}
{"timestamp":"2026-01-11T16:37:42.480416Z","level":"info","event":"26/01/11 16:37:42 INFO MemoryStore: Block broadcast_29_piece0 stored as bytes in memory (estimated size 5.9 KiB, free 1047.6 MiB)","logger":"airflow.task.hooks.airflow.providers.apache.spark.hooks.spark_submit.SparkSubmitHook","filename":"spark_submit.py","lineno":644}
{"timestamp":"2026-01-11T16:37:42.480818Z","level":"info","event":"26/01/11 16:37:42 INFO BlockManagerInfo: Added broadcast_29_piece0 in memory on localhost:39589 (size: 5.9 KiB, free: 1048.6 MiB)","logger":"airflow.task.hooks.airflow.providers.apache.spark.hooks.spark_submit.SparkSubmitHook","filename":"spark_submit.py","lineno":644}
{"timestamp":"2026-01-11T16:37:42.481066Z","level":"info","event":"26/01/11 16:37:42 INFO SparkContext: Created broadcast 29 from broadcast at DAGScheduler.scala:1580","logger":"airflow.task.hooks.airflow.providers.apache.spark.hooks.spark_submit.SparkSubmitHook","filename":"spark_submit.py","lineno":644}
{"timestamp":"2026-01-11T16:37:42.481419Z","level":"info","event":"26/01/11 16:37:42 INFO DAGScheduler: Submitting 1 missing tasks from ResultStage 19 (MapPartitionsRDD[84] at count at NativeMethodAccessorImpl.java:0) (first 15 tasks are for partitions Vector(0))","logger":"airflow.task.hooks.airflow.providers.apache.spark.hooks.spark_submit.SparkSubmitHook","filename":"spark_submit.py","lineno":644}
{"timestamp":"2026-01-11T16:37:42.481468Z","level":"info","event":"26/01/11 16:37:42 INFO TaskSchedulerImpl: Adding task set 19.0 with 1 tasks resource profile 0","logger":"airflow.task.hooks.airflow.providers.apache.spark.hooks.spark_submit.SparkSubmitHook","filename":"spark_submit.py","lineno":644}
{"timestamp":"2026-01-11T16:37:42.483386Z","level":"info","event":"26/01/11 16:37:42 INFO TaskSetManager: Starting task 0.0 in stage 19.0 (TID 29) (localhost, executor driver, partition 0, NODE_LOCAL, 7615 bytes)","logger":"airflow.task.hooks.airflow.providers.apache.spark.hooks.spark_submit.SparkSubmitHook","filename":"spark_submit.py","lineno":644}
{"timestamp":"2026-01-11T16:37:42.483816Z","level":"info","event":"26/01/11 16:37:42 INFO Executor: Running task 0.0 in stage 19.0 (TID 29)","logger":"airflow.task.hooks.airflow.providers.apache.spark.hooks.spark_submit.SparkSubmitHook","filename":"spark_submit.py","lineno":644}
{"timestamp":"2026-01-11T16:37:42.487653Z","level":"info","event":"26/01/11 16:37:42 INFO ShuffleBlockFetcherIterator: Getting 4 (240.0 B) non-empty blocks including 4 (240.0 B) local and 0 (0.0 B) host-local and 0 (0.0 B) push-merged-local and 0 (0.0 B) remote blocks","logger":"airflow.task.hooks.airflow.providers.apache.spark.hooks.spark_submit.SparkSubmitHook","filename":"spark_submit.py","lineno":644}
{"timestamp":"2026-01-11T16:37:42.487807Z","level":"info","event":"26/01/11 16:37:42 INFO ShuffleBlockFetcherIterator: Started 0 remote fetches in 1 ms","logger":"airflow.task.hooks.airflow.providers.apache.spark.hooks.spark_submit.SparkSubmitHook","filename":"spark_submit.py","lineno":644}
{"timestamp":"2026-01-11T16:37:42.492789Z","level":"info","event":"26/01/11 16:37:42 INFO Executor: Finished task 0.0 in stage 19.0 (TID 29). 4038 bytes result sent to driver","logger":"airflow.task.hooks.airflow.providers.apache.spark.hooks.spark_submit.SparkSubmitHook","filename":"spark_submit.py","lineno":644}
{"timestamp":"2026-01-11T16:37:42.494391Z","level":"info","event":"26/01/11 16:37:42 INFO TaskSetManager: Finished task 0.0 in stage 19.0 (TID 29) in 12 ms on localhost (executor driver) (1/1)","logger":"airflow.task.hooks.airflow.providers.apache.spark.hooks.spark_submit.SparkSubmitHook","filename":"spark_submit.py","lineno":644}
{"timestamp":"2026-01-11T16:37:42.494908Z","level":"info","event":"26/01/11 16:37:42 INFO TaskSchedulerImpl: Removed TaskSet 19.0, whose tasks have all completed, from pool","logger":"airflow.task.hooks.airflow.providers.apache.spark.hooks.spark_submit.SparkSubmitHook","filename":"spark_submit.py","lineno":644}
{"timestamp":"2026-01-11T16:37:42.494937Z","level":"info","event":"26/01/11 16:37:42 INFO DAGScheduler: ResultStage 19 (count at NativeMethodAccessorImpl.java:0) finished in 0.025 s","logger":"airflow.task.hooks.airflow.providers.apache.spark.hooks.spark_submit.SparkSubmitHook","filename":"spark_submit.py","lineno":644}
{"timestamp":"2026-01-11T16:37:42.495083Z","level":"info","event":"26/01/11 16:37:42 INFO DAGScheduler: Job 14 is finished. Cancelling potential speculative or zombie tasks for this job","logger":"airflow.task.hooks.airflow.providers.apache.spark.hooks.spark_submit.SparkSubmitHook","filename":"spark_submit.py","lineno":644}
{"timestamp":"2026-01-11T16:37:42.495111Z","level":"info","event":"26/01/11 16:37:42 INFO TaskSchedulerImpl: Killing all running tasks in stage 19: Stage finished","logger":"airflow.task.hooks.airflow.providers.apache.spark.hooks.spark_submit.SparkSubmitHook","filename":"spark_submit.py","lineno":644}
{"timestamp":"2026-01-11T16:37:42.495761Z","level":"info","event":"26/01/11 16:37:42 INFO DAGScheduler: Job 14 finished: count at NativeMethodAccessorImpl.java:0, took 0.031446 s","logger":"airflow.task.hooks.airflow.providers.apache.spark.hooks.spark_submit.SparkSubmitHook","filename":"spark_submit.py","lineno":644}
{"timestamp":"2026-01-11T16:37:42.497667Z","level":"info","event":"Loaded olist_order_reviews with 104162 records for cleaning.","logger":"airflow.task.hooks.airflow.providers.apache.spark.hooks.spark_submit.SparkSubmitHook","filename":"spark_submit.py","lineno":644}
{"timestamp":"2026-01-11T16:37:42.500273Z","level":"info","event":"root","logger":"airflow.task.hooks.airflow.providers.apache.spark.hooks.spark_submit.SparkSubmitHook","filename":"spark_submit.py","lineno":644}
{"timestamp":"2026-01-11T16:37:42.500503Z","level":"info","event":"|-- review_id: string (nullable = true)","logger":"airflow.task.hooks.airflow.providers.apache.spark.hooks.spark_submit.SparkSubmitHook","filename":"spark_submit.py","lineno":644}
{"timestamp":"2026-01-11T16:37:42.500559Z","level":"info","event":"|-- order_id: string (nullable = true)","logger":"airflow.task.hooks.airflow.providers.apache.spark.hooks.spark_submit.SparkSubmitHook","filename":"spark_submit.py","lineno":644}
{"timestamp":"2026-01-11T16:37:42.500602Z","level":"info","event":"|-- review_score: string (nullable = true)","logger":"airflow.task.hooks.airflow.providers.apache.spark.hooks.spark_submit.SparkSubmitHook","filename":"spark_submit.py","lineno":644}
{"timestamp":"2026-01-11T16:37:42.500638Z","level":"info","event":"|-- review_comment_title: string (nullable = true)","logger":"airflow.task.hooks.airflow.providers.apache.spark.hooks.spark_submit.SparkSubmitHook","filename":"spark_submit.py","lineno":644}
{"timestamp":"2026-01-11T16:37:42.500833Z","level":"info","event":"|-- review_comment_message: string (nullable = true)","logger":"airflow.task.hooks.airflow.providers.apache.spark.hooks.spark_submit.SparkSubmitHook","filename":"spark_submit.py","lineno":644}
{"timestamp":"2026-01-11T16:37:42.500928Z","level":"info","event":"|-- review_creation_date: string (nullable = true)","logger":"airflow.task.hooks.airflow.providers.apache.spark.hooks.spark_submit.SparkSubmitHook","filename":"spark_submit.py","lineno":644}
{"timestamp":"2026-01-11T16:37:42.500965Z","level":"info","event":"|-- review_answer_timestamp: string (nullable = true)","logger":"airflow.task.hooks.airflow.providers.apache.spark.hooks.spark_submit.SparkSubmitHook","filename":"spark_submit.py","lineno":644}
{"timestamp":"2026-01-11T16:37:42.500987Z","level":"info","event":"","logger":"airflow.task.hooks.airflow.providers.apache.spark.hooks.spark_submit.SparkSubmitHook","filename":"spark_submit.py","lineno":644}
{"timestamp":"2026-01-11T16:37:42.528342Z","level":"info","event":"26/01/11 16:37:42 INFO InMemoryFileIndex: It took 8 ms to list leaf files for 1 paths.","logger":"airflow.task.hooks.airflow.providers.apache.spark.hooks.spark_submit.SparkSubmitHook","filename":"spark_submit.py","lineno":644}
{"timestamp":"2026-01-11T16:37:42.535221Z","level":"info","event":"26/01/11 16:37:42 INFO InMemoryFileIndex: It took 2 ms to list leaf files for 5 paths.","logger":"airflow.task.hooks.airflow.providers.apache.spark.hooks.spark_submit.SparkSubmitHook","filename":"spark_submit.py","lineno":644}
{"timestamp":"2026-01-11T16:37:42.590887Z","level":"info","event":"26/01/11 16:37:42 INFO FileSourceStrategy: Pushed Filters:","logger":"airflow.task.hooks.airflow.providers.apache.spark.hooks.spark_submit.SparkSubmitHook","filename":"spark_submit.py","lineno":644}
{"timestamp":"2026-01-11T16:37:42.591026Z","level":"info","event":"26/01/11 16:37:42 INFO FileSourceStrategy: Post-Scan Filters: (length(trim(value#197, None)) > 0)","logger":"airflow.task.hooks.airflow.providers.apache.spark.hooks.spark_submit.SparkSubmitHook","filename":"spark_submit.py","lineno":644}
{"timestamp":"2026-01-11T16:37:42.597197Z","level":"info","event":"26/01/11 16:37:42 INFO MemoryStore: Block broadcast_30 stored as values in memory (estimated size 199.5 KiB, free 1047.4 MiB)","logger":"airflow.task.hooks.airflow.providers.apache.spark.hooks.spark_submit.SparkSubmitHook","filename":"spark_submit.py","lineno":644}
{"timestamp":"2026-01-11T16:37:42.608219Z","level":"info","event":"26/01/11 16:37:42 INFO MemoryStore: Block broadcast_30_piece0 stored as bytes in memory (estimated size 34.2 KiB, free 1047.4 MiB)","logger":"airflow.task.hooks.airflow.providers.apache.spark.hooks.spark_submit.SparkSubmitHook","filename":"spark_submit.py","lineno":644}
{"timestamp":"2026-01-11T16:37:42.609037Z","level":"info","event":"26/01/11 16:37:42 INFO BlockManagerInfo: Added broadcast_30_piece0 in memory on localhost:39589 (size: 34.2 KiB, free: 1048.6 MiB)","logger":"airflow.task.hooks.airflow.providers.apache.spark.hooks.spark_submit.SparkSubmitHook","filename":"spark_submit.py","lineno":644}
{"timestamp":"2026-01-11T16:37:42.609902Z","level":"info","event":"26/01/11 16:37:42 INFO SparkContext: Created broadcast 30 from csv at NativeMethodAccessorImpl.java:0","logger":"airflow.task.hooks.airflow.providers.apache.spark.hooks.spark_submit.SparkSubmitHook","filename":"spark_submit.py","lineno":644}
{"timestamp":"2026-01-11T16:37:42.610806Z","level":"info","event":"26/01/11 16:37:42 INFO FileSourceScanExec: Planning scan with bin packing, max size: 5482724 bytes, open cost is considered as scanning 4194304 bytes.","logger":"airflow.task.hooks.airflow.providers.apache.spark.hooks.spark_submit.SparkSubmitHook","filename":"spark_submit.py","lineno":644}
{"timestamp":"2026-01-11T16:37:42.616187Z","level":"info","event":"26/01/11 16:37:42 INFO SparkContext: Starting job: csv at NativeMethodAccessorImpl.java:0","logger":"airflow.task.hooks.airflow.providers.apache.spark.hooks.spark_submit.SparkSubmitHook","filename":"spark_submit.py","lineno":644}
{"timestamp":"2026-01-11T16:37:42.616945Z","level":"info","event":"26/01/11 16:37:42 INFO DAGScheduler: Got job 15 (csv at NativeMethodAccessorImpl.java:0) with 1 output partitions","logger":"airflow.task.hooks.airflow.providers.apache.spark.hooks.spark_submit.SparkSubmitHook","filename":"spark_submit.py","lineno":644}
{"timestamp":"2026-01-11T16:37:42.617064Z","level":"info","event":"26/01/11 16:37:42 INFO DAGScheduler: Final stage: ResultStage 20 (csv at NativeMethodAccessorImpl.java:0)","logger":"airflow.task.hooks.airflow.providers.apache.spark.hooks.spark_submit.SparkSubmitHook","filename":"spark_submit.py","lineno":644}
{"timestamp":"2026-01-11T16:37:42.617164Z","level":"info","event":"26/01/11 16:37:42 INFO DAGScheduler: Parents of final stage: List()","logger":"airflow.task.hooks.airflow.providers.apache.spark.hooks.spark_submit.SparkSubmitHook","filename":"spark_submit.py","lineno":644}
{"timestamp":"2026-01-11T16:37:42.617289Z","level":"info","event":"26/01/11 16:37:42 INFO DAGScheduler: Missing parents: List()","logger":"airflow.task.hooks.airflow.providers.apache.spark.hooks.spark_submit.SparkSubmitHook","filename":"spark_submit.py","lineno":644}
{"timestamp":"2026-01-11T16:37:42.617421Z","level":"info","event":"26/01/11 16:37:42 INFO DAGScheduler: Submitting ResultStage 20 (MapPartitionsRDD[88] at csv at NativeMethodAccessorImpl.java:0), which has no missing parents","logger":"airflow.task.hooks.airflow.providers.apache.spark.hooks.spark_submit.SparkSubmitHook","filename":"spark_submit.py","lineno":644}
{"timestamp":"2026-01-11T16:37:42.618809Z","level":"info","event":"26/01/11 16:37:42 INFO MemoryStore: Block broadcast_31 stored as values in memory (estimated size 13.5 KiB, free 1047.4 MiB)","logger":"airflow.task.hooks.airflow.providers.apache.spark.hooks.spark_submit.SparkSubmitHook","filename":"spark_submit.py","lineno":644}
{"timestamp":"2026-01-11T16:37:42.621004Z","level":"info","event":"26/01/11 16:37:42 INFO MemoryStore: Block broadcast_31_piece0 stored as bytes in memory (estimated size 6.4 KiB, free 1047.4 MiB)","logger":"airflow.task.hooks.airflow.providers.apache.spark.hooks.spark_submit.SparkSubmitHook","filename":"spark_submit.py","lineno":644}
{"timestamp":"2026-01-11T16:37:42.621671Z","level":"info","event":"26/01/11 16:37:42 INFO BlockManagerInfo: Added broadcast_31_piece0 in memory on localhost:39589 (size: 6.4 KiB, free: 1048.6 MiB)","logger":"airflow.task.hooks.airflow.providers.apache.spark.hooks.spark_submit.SparkSubmitHook","filename":"spark_submit.py","lineno":644}
{"timestamp":"2026-01-11T16:37:42.621987Z","level":"info","event":"26/01/11 16:37:42 INFO SparkContext: Created broadcast 31 from broadcast at DAGScheduler.scala:1580","logger":"airflow.task.hooks.airflow.providers.apache.spark.hooks.spark_submit.SparkSubmitHook","filename":"spark_submit.py","lineno":644}
{"timestamp":"2026-01-11T16:37:42.622498Z","level":"info","event":"26/01/11 16:37:42 INFO DAGScheduler: Submitting 1 missing tasks from ResultStage 20 (MapPartitionsRDD[88] at csv at NativeMethodAccessorImpl.java:0) (first 15 tasks are for partitions Vector(0))","logger":"airflow.task.hooks.airflow.providers.apache.spark.hooks.spark_submit.SparkSubmitHook","filename":"spark_submit.py","lineno":644}
{"timestamp":"2026-01-11T16:37:42.622577Z","level":"info","event":"26/01/11 16:37:42 INFO TaskSchedulerImpl: Adding task set 20.0 with 1 tasks resource profile 0","logger":"airflow.task.hooks.airflow.providers.apache.spark.hooks.spark_submit.SparkSubmitHook","filename":"spark_submit.py","lineno":644}
{"timestamp":"2026-01-11T16:37:42.623602Z","level":"info","event":"26/01/11 16:37:42 INFO TaskSetManager: Starting task 0.0 in stage 20.0 (TID 30) (localhost, executor driver, partition 0, PROCESS_LOCAL, 8276 bytes)","logger":"airflow.task.hooks.airflow.providers.apache.spark.hooks.spark_submit.SparkSubmitHook","filename":"spark_submit.py","lineno":644}
{"timestamp":"2026-01-11T16:37:42.624258Z","level":"info","event":"26/01/11 16:37:42 INFO Executor: Running task 0.0 in stage 20.0 (TID 30)","logger":"airflow.task.hooks.airflow.providers.apache.spark.hooks.spark_submit.SparkSubmitHook","filename":"spark_submit.py","lineno":644}
{"timestamp":"2026-01-11T16:37:42.627508Z","level":"info","event":"26/01/11 16:37:42 INFO FileScanRDD: Reading File path: file:///opt/airflow/data/raw/olist_orders/part-00002-3e6b0aad-bf53-4011-8aee-ecdac0a9b084-c000.csv, range: 0-4135779, partition values: [empty row]","logger":"airflow.task.hooks.airflow.providers.apache.spark.hooks.spark_submit.SparkSubmitHook","filename":"spark_submit.py","lineno":644}
{"timestamp":"2026-01-11T16:37:42.651364Z","level":"info","event":"26/01/11 16:37:42 INFO Executor: Finished task 0.0 in stage 20.0 (TID 30). 1772 bytes result sent to driver","logger":"airflow.task.hooks.airflow.providers.apache.spark.hooks.spark_submit.SparkSubmitHook","filename":"spark_submit.py","lineno":644}
{"timestamp":"2026-01-11T16:37:42.651517Z","level":"info","event":"26/01/11 16:37:42 INFO TaskSetManager: Finished task 0.0 in stage 20.0 (TID 30) in 27 ms on localhost (executor driver) (1/1)","logger":"airflow.task.hooks.airflow.providers.apache.spark.hooks.spark_submit.SparkSubmitHook","filename":"spark_submit.py","lineno":644}
{"timestamp":"2026-01-11T16:37:42.651576Z","level":"info","event":"26/01/11 16:37:42 INFO TaskSchedulerImpl: Removed TaskSet 20.0, whose tasks have all completed, from pool","logger":"airflow.task.hooks.airflow.providers.apache.spark.hooks.spark_submit.SparkSubmitHook","filename":"spark_submit.py","lineno":644}
{"timestamp":"2026-01-11T16:37:42.652282Z","level":"info","event":"26/01/11 16:37:42 INFO DAGScheduler: ResultStage 20 (csv at NativeMethodAccessorImpl.java:0) finished in 0.034 s","logger":"airflow.task.hooks.airflow.providers.apache.spark.hooks.spark_submit.SparkSubmitHook","filename":"spark_submit.py","lineno":644}
{"timestamp":"2026-01-11T16:37:42.654746Z","level":"info","event":"26/01/11 16:37:42 INFO DAGScheduler: Job 15 is finished. Cancelling potential speculative or zombie tasks for this job","logger":"airflow.task.hooks.airflow.providers.apache.spark.hooks.spark_submit.SparkSubmitHook","filename":"spark_submit.py","lineno":644}
{"timestamp":"2026-01-11T16:37:42.655780Z","level":"info","event":"26/01/11 16:37:42 INFO BlockManagerInfo: Removed broadcast_28_piece0 on localhost:39589 in memory (size: 8.8 KiB, free: 1048.6 MiB)","logger":"airflow.task.hooks.airflow.providers.apache.spark.hooks.spark_submit.SparkSubmitHook","filename":"spark_submit.py","lineno":644}
{"timestamp":"2026-01-11T16:37:42.656336Z","level":"info","event":"26/01/11 16:37:42 INFO TaskSchedulerImpl: Killing all running tasks in stage 20: Stage finished","logger":"airflow.task.hooks.airflow.providers.apache.spark.hooks.spark_submit.SparkSubmitHook","filename":"spark_submit.py","lineno":644}
{"timestamp":"2026-01-11T16:37:42.657667Z","level":"info","event":"26/01/11 16:37:42 INFO DAGScheduler: Job 15 finished: csv at NativeMethodAccessorImpl.java:0, took 0.040990 s","logger":"airflow.task.hooks.airflow.providers.apache.spark.hooks.spark_submit.SparkSubmitHook","filename":"spark_submit.py","lineno":644}
{"timestamp":"2026-01-11T16:37:42.667135Z","level":"info","event":"26/01/11 16:37:42 INFO BlockManagerInfo: Removed broadcast_24_piece0 on localhost:39589 in memory (size: 34.2 KiB, free: 1048.6 MiB)","logger":"airflow.task.hooks.airflow.providers.apache.spark.hooks.spark_submit.SparkSubmitHook","filename":"spark_submit.py","lineno":644}
{"timestamp":"2026-01-11T16:37:42.679105Z","level":"info","event":"26/01/11 16:37:42 INFO FileSourceStrategy: Pushed Filters:","logger":"airflow.task.hooks.airflow.providers.apache.spark.hooks.spark_submit.SparkSubmitHook","filename":"spark_submit.py","lineno":644}
{"timestamp":"2026-01-11T16:37:42.679318Z","level":"info","event":"26/01/11 16:37:42 INFO FileSourceStrategy: Post-Scan Filters:","logger":"airflow.task.hooks.airflow.providers.apache.spark.hooks.spark_submit.SparkSubmitHook","filename":"spark_submit.py","lineno":644}
{"timestamp":"2026-01-11T16:37:42.679510Z","level":"info","event":"26/01/11 16:37:42 INFO BlockManagerInfo: Removed broadcast_27_piece0 on localhost:39589 in memory (size: 34.2 KiB, free: 1048.7 MiB)","logger":"airflow.task.hooks.airflow.providers.apache.spark.hooks.spark_submit.SparkSubmitHook","filename":"spark_submit.py","lineno":644}
{"timestamp":"2026-01-11T16:37:42.682684Z","level":"info","event":"26/01/11 16:37:42 INFO MemoryStore: Block broadcast_32 stored as values in memory (estimated size 199.5 KiB, free 1047.7 MiB)","logger":"airflow.task.hooks.airflow.providers.apache.spark.hooks.spark_submit.SparkSubmitHook","filename":"spark_submit.py","lineno":644}
{"timestamp":"2026-01-11T16:37:42.694591Z","level":"info","event":"26/01/11 16:37:42 INFO BlockManagerInfo: Removed broadcast_26_piece0 on localhost:39589 in memory (size: 34.2 KiB, free: 1048.7 MiB)","logger":"airflow.task.hooks.airflow.providers.apache.spark.hooks.spark_submit.SparkSubmitHook","filename":"spark_submit.py","lineno":644}
{"timestamp":"2026-01-11T16:37:42.699109Z","level":"info","event":"26/01/11 16:37:42 INFO MemoryStore: Block broadcast_32_piece0 stored as bytes in memory (estimated size 34.2 KiB, free 1047.9 MiB)","logger":"airflow.task.hooks.airflow.providers.apache.spark.hooks.spark_submit.SparkSubmitHook","filename":"spark_submit.py","lineno":644}
{"timestamp":"2026-01-11T16:37:42.699443Z","level":"info","event":"26/01/11 16:37:42 INFO BlockManagerInfo: Added broadcast_32_piece0 in memory on localhost:39589 (size: 34.2 KiB, free: 1048.7 MiB)","logger":"airflow.task.hooks.airflow.providers.apache.spark.hooks.spark_submit.SparkSubmitHook","filename":"spark_submit.py","lineno":644}
{"timestamp":"2026-01-11T16:37:42.700341Z","level":"info","event":"26/01/11 16:37:42 INFO SparkContext: Created broadcast 32 from csv at NativeMethodAccessorImpl.java:0","logger":"airflow.task.hooks.airflow.providers.apache.spark.hooks.spark_submit.SparkSubmitHook","filename":"spark_submit.py","lineno":644}
{"timestamp":"2026-01-11T16:37:42.701078Z","level":"info","event":"26/01/11 16:37:42 INFO FileSourceScanExec: Planning scan with bin packing, max size: 5482724 bytes, open cost is considered as scanning 4194304 bytes.","logger":"airflow.task.hooks.airflow.providers.apache.spark.hooks.spark_submit.SparkSubmitHook","filename":"spark_submit.py","lineno":644}
{"timestamp":"2026-01-11T16:37:42.702466Z","level":"info","event":"26/01/11 16:37:42 INFO BlockManagerInfo: Removed broadcast_29_piece0 on localhost:39589 in memory (size: 5.9 KiB, free: 1048.7 MiB)","logger":"airflow.task.hooks.airflow.providers.apache.spark.hooks.spark_submit.SparkSubmitHook","filename":"spark_submit.py","lineno":644}
{"timestamp":"2026-01-11T16:37:42.716128Z","level":"info","event":"____________________________________________________","logger":"airflow.task.hooks.airflow.providers.apache.spark.hooks.spark_submit.SparkSubmitHook","filename":"spark_submit.py","lineno":644}
{"timestamp":"2026-01-11T16:37:42.726501Z","level":"info","event":"26/01/11 16:37:42 INFO FileSourceStrategy: Pushed Filters:","logger":"airflow.task.hooks.airflow.providers.apache.spark.hooks.spark_submit.SparkSubmitHook","filename":"spark_submit.py","lineno":644}
{"timestamp":"2026-01-11T16:37:42.726748Z","level":"info","event":"26/01/11 16:37:42 INFO FileSourceStrategy: Post-Scan Filters:","logger":"airflow.task.hooks.airflow.providers.apache.spark.hooks.spark_submit.SparkSubmitHook","filename":"spark_submit.py","lineno":644}
{"timestamp":"2026-01-11T16:37:42.751131Z","level":"info","event":"26/01/11 16:37:42 INFO MemoryStore: Block broadcast_33 stored as values in memory (estimated size 199.4 KiB, free 1047.7 MiB)","logger":"airflow.task.hooks.airflow.providers.apache.spark.hooks.spark_submit.SparkSubmitHook","filename":"spark_submit.py","lineno":644}
{"timestamp":"2026-01-11T16:37:42.768502Z","level":"info","event":"26/01/11 16:37:42 INFO MemoryStore: Block broadcast_33_piece0 stored as bytes in memory (estimated size 34.2 KiB, free 1047.6 MiB)","logger":"airflow.task.hooks.airflow.providers.apache.spark.hooks.spark_submit.SparkSubmitHook","filename":"spark_submit.py","lineno":644}
{"timestamp":"2026-01-11T16:37:42.768738Z","level":"info","event":"26/01/11 16:37:42 INFO BlockManagerInfo: Added broadcast_33_piece0 in memory on localhost:39589 (size: 34.2 KiB, free: 1048.6 MiB)","logger":"airflow.task.hooks.airflow.providers.apache.spark.hooks.spark_submit.SparkSubmitHook","filename":"spark_submit.py","lineno":644}
{"timestamp":"2026-01-11T16:37:42.768804Z","level":"info","event":"26/01/11 16:37:42 INFO SparkContext: Created broadcast 33 from count at NativeMethodAccessorImpl.java:0","logger":"airflow.task.hooks.airflow.providers.apache.spark.hooks.spark_submit.SparkSubmitHook","filename":"spark_submit.py","lineno":644}
{"timestamp":"2026-01-11T16:37:42.770647Z","level":"info","event":"26/01/11 16:37:42 INFO FileSourceScanExec: Planning scan with bin packing, max size: 5482724 bytes, open cost is considered as scanning 4194304 bytes.","logger":"airflow.task.hooks.airflow.providers.apache.spark.hooks.spark_submit.SparkSubmitHook","filename":"spark_submit.py","lineno":644}
{"timestamp":"2026-01-11T16:37:42.790728Z","level":"info","event":"26/01/11 16:37:42 INFO DAGScheduler: Registering RDD 98 (count at NativeMethodAccessorImpl.java:0) as input to shuffle 5","logger":"airflow.task.hooks.airflow.providers.apache.spark.hooks.spark_submit.SparkSubmitHook","filename":"spark_submit.py","lineno":644}
{"timestamp":"2026-01-11T16:37:42.791453Z","level":"info","event":"26/01/11 16:37:42 INFO DAGScheduler: Got map stage job 16 (count at NativeMethodAccessorImpl.java:0) with 5 output partitions","logger":"airflow.task.hooks.airflow.providers.apache.spark.hooks.spark_submit.SparkSubmitHook","filename":"spark_submit.py","lineno":644}
{"timestamp":"2026-01-11T16:37:42.791539Z","level":"info","event":"26/01/11 16:37:42 INFO DAGScheduler: Final stage: ShuffleMapStage 21 (count at NativeMethodAccessorImpl.java:0)","logger":"airflow.task.hooks.airflow.providers.apache.spark.hooks.spark_submit.SparkSubmitHook","filename":"spark_submit.py","lineno":644}
{"timestamp":"2026-01-11T16:37:42.791910Z","level":"info","event":"26/01/11 16:37:42 INFO DAGScheduler: Parents of final stage: List()","logger":"airflow.task.hooks.airflow.providers.apache.spark.hooks.spark_submit.SparkSubmitHook","filename":"spark_submit.py","lineno":644}
{"timestamp":"2026-01-11T16:37:42.792473Z","level":"info","event":"26/01/11 16:37:42 INFO DAGScheduler: Missing parents: List()","logger":"airflow.task.hooks.airflow.providers.apache.spark.hooks.spark_submit.SparkSubmitHook","filename":"spark_submit.py","lineno":644}
{"timestamp":"2026-01-11T16:37:42.795095Z","level":"info","event":"26/01/11 16:37:42 INFO DAGScheduler: Submitting ShuffleMapStage 21 (MapPartitionsRDD[98] at count at NativeMethodAccessorImpl.java:0), which has no missing parents","logger":"airflow.task.hooks.airflow.providers.apache.spark.hooks.spark_submit.SparkSubmitHook","filename":"spark_submit.py","lineno":644}
{"timestamp":"2026-01-11T16:37:42.798583Z","level":"info","event":"26/01/11 16:37:42 INFO MemoryStore: Block broadcast_34 stored as values in memory (estimated size 17.9 KiB, free 1047.6 MiB)","logger":"airflow.task.hooks.airflow.providers.apache.spark.hooks.spark_submit.SparkSubmitHook","filename":"spark_submit.py","lineno":644}
{"timestamp":"2026-01-11T16:37:42.804184Z","level":"info","event":"26/01/11 16:37:42 INFO MemoryStore: Block broadcast_34_piece0 stored as bytes in memory (estimated size 8.8 KiB, free 1047.6 MiB)","logger":"airflow.task.hooks.airflow.providers.apache.spark.hooks.spark_submit.SparkSubmitHook","filename":"spark_submit.py","lineno":644}
{"timestamp":"2026-01-11T16:37:42.805969Z","level":"info","event":"26/01/11 16:37:42 INFO BlockManagerInfo: Added broadcast_34_piece0 in memory on localhost:39589 (size: 8.8 KiB, free: 1048.6 MiB)","logger":"airflow.task.hooks.airflow.providers.apache.spark.hooks.spark_submit.SparkSubmitHook","filename":"spark_submit.py","lineno":644}
{"timestamp":"2026-01-11T16:37:42.806678Z","level":"info","event":"26/01/11 16:37:42 INFO SparkContext: Created broadcast 34 from broadcast at DAGScheduler.scala:1580","logger":"airflow.task.hooks.airflow.providers.apache.spark.hooks.spark_submit.SparkSubmitHook","filename":"spark_submit.py","lineno":644}
{"timestamp":"2026-01-11T16:37:42.807314Z","level":"info","event":"26/01/11 16:37:42 INFO DAGScheduler: Submitting 5 missing tasks from ShuffleMapStage 21 (MapPartitionsRDD[98] at count at NativeMethodAccessorImpl.java:0) (first 15 tasks are for partitions Vector(0, 1, 2, 3, 4))","logger":"airflow.task.hooks.airflow.providers.apache.spark.hooks.spark_submit.SparkSubmitHook","filename":"spark_submit.py","lineno":644}
{"timestamp":"2026-01-11T16:37:42.807381Z","level":"info","event":"26/01/11 16:37:42 INFO TaskSchedulerImpl: Adding task set 21.0 with 5 tasks resource profile 0","logger":"airflow.task.hooks.airflow.providers.apache.spark.hooks.spark_submit.SparkSubmitHook","filename":"spark_submit.py","lineno":644}
{"timestamp":"2026-01-11T16:37:42.809322Z","level":"info","event":"26/01/11 16:37:42 INFO TaskSetManager: Starting task 0.0 in stage 21.0 (TID 31) (localhost, executor driver, partition 0, PROCESS_LOCAL, 8265 bytes)","logger":"airflow.task.hooks.airflow.providers.apache.spark.hooks.spark_submit.SparkSubmitHook","filename":"spark_submit.py","lineno":644}
{"timestamp":"2026-01-11T16:37:42.809991Z","level":"info","event":"26/01/11 16:37:42 INFO TaskSetManager: Starting task 1.0 in stage 21.0 (TID 32) (localhost, executor driver, partition 1, PROCESS_LOCAL, 8265 bytes)","logger":"airflow.task.hooks.airflow.providers.apache.spark.hooks.spark_submit.SparkSubmitHook","filename":"spark_submit.py","lineno":644}
{"timestamp":"2026-01-11T16:37:42.810313Z","level":"info","event":"26/01/11 16:37:42 INFO TaskSetManager: Starting task 2.0 in stage 21.0 (TID 33) (localhost, executor driver, partition 2, PROCESS_LOCAL, 8265 bytes)","logger":"airflow.task.hooks.airflow.providers.apache.spark.hooks.spark_submit.SparkSubmitHook","filename":"spark_submit.py","lineno":644}
{"timestamp":"2026-01-11T16:37:42.810456Z","level":"info","event":"26/01/11 16:37:42 INFO TaskSetManager: Starting task 3.0 in stage 21.0 (TID 34) (localhost, executor driver, partition 3, PROCESS_LOCAL, 8265 bytes)","logger":"airflow.task.hooks.airflow.providers.apache.spark.hooks.spark_submit.SparkSubmitHook","filename":"spark_submit.py","lineno":644}
{"timestamp":"2026-01-11T16:37:42.810669Z","level":"info","event":"26/01/11 16:37:42 INFO TaskSetManager: Starting task 4.0 in stage 21.0 (TID 35) (localhost, executor driver, partition 4, PROCESS_LOCAL, 8265 bytes)","logger":"airflow.task.hooks.airflow.providers.apache.spark.hooks.spark_submit.SparkSubmitHook","filename":"spark_submit.py","lineno":644}
{"timestamp":"2026-01-11T16:37:42.813894Z","level":"info","event":"26/01/11 16:37:42 INFO Executor: Running task 2.0 in stage 21.0 (TID 33)","logger":"airflow.task.hooks.airflow.providers.apache.spark.hooks.spark_submit.SparkSubmitHook","filename":"spark_submit.py","lineno":644}
{"timestamp":"2026-01-11T16:37:42.814119Z","level":"info","event":"26/01/11 16:37:42 INFO Executor: Running task 1.0 in stage 21.0 (TID 32)","logger":"airflow.task.hooks.airflow.providers.apache.spark.hooks.spark_submit.SparkSubmitHook","filename":"spark_submit.py","lineno":644}
{"timestamp":"2026-01-11T16:37:42.814187Z","level":"info","event":"26/01/11 16:37:42 INFO Executor: Running task 3.0 in stage 21.0 (TID 34)","logger":"airflow.task.hooks.airflow.providers.apache.spark.hooks.spark_submit.SparkSubmitHook","filename":"spark_submit.py","lineno":644}
{"timestamp":"2026-01-11T16:37:42.814260Z","level":"info","event":"26/01/11 16:37:42 INFO Executor: Running task 0.0 in stage 21.0 (TID 31)","logger":"airflow.task.hooks.airflow.providers.apache.spark.hooks.spark_submit.SparkSubmitHook","filename":"spark_submit.py","lineno":644}
{"timestamp":"2026-01-11T16:37:42.814332Z","level":"info","event":"26/01/11 16:37:42 INFO Executor: Running task 4.0 in stage 21.0 (TID 35)","logger":"airflow.task.hooks.airflow.providers.apache.spark.hooks.spark_submit.SparkSubmitHook","filename":"spark_submit.py","lineno":644}
{"timestamp":"2026-01-11T16:37:42.818366Z","level":"info","event":"26/01/11 16:37:42 INFO FileScanRDD: Reading File path: file:///opt/airflow/data/raw/olist_orders/part-00000-3e6b0aad-bf53-4011-8aee-ecdac0a9b084-c000.csv, range: 0-4135273, partition values: [empty row]","logger":"airflow.task.hooks.airflow.providers.apache.spark.hooks.spark_submit.SparkSubmitHook","filename":"spark_submit.py","lineno":644}
{"timestamp":"2026-01-11T16:37:42.818645Z","level":"info","event":"26/01/11 16:37:42 INFO FileScanRDD: Reading File path: file:///opt/airflow/data/raw/olist_orders/part-00002-3e6b0aad-bf53-4011-8aee-ecdac0a9b084-c000.csv, range: 0-4135779, partition values: [empty row]","logger":"airflow.task.hooks.airflow.providers.apache.spark.hooks.spark_submit.SparkSubmitHook","filename":"spark_submit.py","lineno":644}
{"timestamp":"2026-01-11T16:37:42.820262Z","level":"info","event":"26/01/11 16:37:42 INFO FileScanRDD: Reading File path: file:///opt/airflow/data/raw/olist_orders/part-00001-3e6b0aad-bf53-4011-8aee-ecdac0a9b084-c000.csv, range: 0-4135308, partition values: [empty row]","logger":"airflow.task.hooks.airflow.providers.apache.spark.hooks.spark_submit.SparkSubmitHook","filename":"spark_submit.py","lineno":644}
{"timestamp":"2026-01-11T16:37:42.820471Z","level":"info","event":"26/01/11 16:37:42 INFO FileScanRDD: Reading File path: file:///opt/airflow/data/raw/olist_orders/part-00003-3e6b0aad-bf53-4011-8aee-ecdac0a9b084-c000.csv, range: 0-4135725, partition values: [empty row]","logger":"airflow.task.hooks.airflow.providers.apache.spark.hooks.spark_submit.SparkSubmitHook","filename":"spark_submit.py","lineno":644}
{"timestamp":"2026-01-11T16:37:42.823665Z","level":"info","event":"26/01/11 16:37:42 INFO FileScanRDD: Reading File path: file:///opt/airflow/data/raw/olist_orders/part-00004-3e6b0aad-bf53-4011-8aee-ecdac0a9b084-c000.csv, range: 0-865463, partition values: [empty row]","logger":"airflow.task.hooks.airflow.providers.apache.spark.hooks.spark_submit.SparkSubmitHook","filename":"spark_submit.py","lineno":644}
{"timestamp":"2026-01-11T16:37:42.883711Z","level":"info","event":"26/01/11 16:37:42 INFO Executor: Finished task 4.0 in stage 21.0 (TID 35). 1925 bytes result sent to driver","logger":"airflow.task.hooks.airflow.providers.apache.spark.hooks.spark_submit.SparkSubmitHook","filename":"spark_submit.py","lineno":644}
{"timestamp":"2026-01-11T16:37:42.887019Z","level":"info","event":"26/01/11 16:37:42 INFO TaskSetManager: Finished task 4.0 in stage 21.0 (TID 35) in 76 ms on localhost (executor driver) (1/5)","logger":"airflow.task.hooks.airflow.providers.apache.spark.hooks.spark_submit.SparkSubmitHook","filename":"spark_submit.py","lineno":644}
{"timestamp":"2026-01-11T16:37:42.911393Z","level":"info","event":"26/01/11 16:37:42 INFO Executor: Finished task 3.0 in stage 21.0 (TID 34). 1925 bytes result sent to driver","logger":"airflow.task.hooks.airflow.providers.apache.spark.hooks.spark_submit.SparkSubmitHook","filename":"spark_submit.py","lineno":644}
{"timestamp":"2026-01-11T16:37:42.911741Z","level":"info","event":"26/01/11 16:37:42 INFO Executor: Finished task 1.0 in stage 21.0 (TID 32). 1925 bytes result sent to driver","logger":"airflow.task.hooks.airflow.providers.apache.spark.hooks.spark_submit.SparkSubmitHook","filename":"spark_submit.py","lineno":644}
{"timestamp":"2026-01-11T16:37:42.912157Z","level":"info","event":"26/01/11 16:37:42 INFO TaskSetManager: Finished task 3.0 in stage 21.0 (TID 34) in 102 ms on localhost (executor driver) (2/5)","logger":"airflow.task.hooks.airflow.providers.apache.spark.hooks.spark_submit.SparkSubmitHook","filename":"spark_submit.py","lineno":644}
{"timestamp":"2026-01-11T16:37:42.916989Z","level":"info","event":"26/01/11 16:37:42 INFO TaskSetManager: Finished task 1.0 in stage 21.0 (TID 32) in 106 ms on localhost (executor driver) (3/5)","logger":"airflow.task.hooks.airflow.providers.apache.spark.hooks.spark_submit.SparkSubmitHook","filename":"spark_submit.py","lineno":644}
{"timestamp":"2026-01-11T16:37:42.921900Z","level":"info","event":"26/01/11 16:37:42 INFO Executor: Finished task 2.0 in stage 21.0 (TID 33). 1968 bytes result sent to driver","logger":"airflow.task.hooks.airflow.providers.apache.spark.hooks.spark_submit.SparkSubmitHook","filename":"spark_submit.py","lineno":644}
{"timestamp":"2026-01-11T16:37:42.924067Z","level":"info","event":"26/01/11 16:37:42 INFO TaskSetManager: Finished task 2.0 in stage 21.0 (TID 33) in 112 ms on localhost (executor driver) (4/5)","logger":"airflow.task.hooks.airflow.providers.apache.spark.hooks.spark_submit.SparkSubmitHook","filename":"spark_submit.py","lineno":644}
{"timestamp":"2026-01-11T16:37:42.928412Z","level":"info","event":"26/01/11 16:37:42 INFO Executor: Finished task 0.0 in stage 21.0 (TID 31). 1925 bytes result sent to driver","logger":"airflow.task.hooks.airflow.providers.apache.spark.hooks.spark_submit.SparkSubmitHook","filename":"spark_submit.py","lineno":644}
{"timestamp":"2026-01-11T16:37:42.929231Z","level":"info","event":"26/01/11 16:37:42 INFO TaskSetManager: Finished task 0.0 in stage 21.0 (TID 31) in 121 ms on localhost (executor driver) (5/5)","logger":"airflow.task.hooks.airflow.providers.apache.spark.hooks.spark_submit.SparkSubmitHook","filename":"spark_submit.py","lineno":644}
{"timestamp":"2026-01-11T16:37:42.929348Z","level":"info","event":"26/01/11 16:37:42 INFO TaskSchedulerImpl: Removed TaskSet 21.0, whose tasks have all completed, from pool","logger":"airflow.task.hooks.airflow.providers.apache.spark.hooks.spark_submit.SparkSubmitHook","filename":"spark_submit.py","lineno":644}
{"timestamp":"2026-01-11T16:37:42.930392Z","level":"info","event":"26/01/11 16:37:42 INFO DAGScheduler: ShuffleMapStage 21 (count at NativeMethodAccessorImpl.java:0) finished in 0.133 s","logger":"airflow.task.hooks.airflow.providers.apache.spark.hooks.spark_submit.SparkSubmitHook","filename":"spark_submit.py","lineno":644}
{"timestamp":"2026-01-11T16:37:42.930611Z","level":"info","event":"26/01/11 16:37:42 INFO DAGScheduler: looking for newly runnable stages","logger":"airflow.task.hooks.airflow.providers.apache.spark.hooks.spark_submit.SparkSubmitHook","filename":"spark_submit.py","lineno":644}
{"timestamp":"2026-01-11T16:37:42.930707Z","level":"info","event":"26/01/11 16:37:42 INFO DAGScheduler: running: Set()","logger":"airflow.task.hooks.airflow.providers.apache.spark.hooks.spark_submit.SparkSubmitHook","filename":"spark_submit.py","lineno":644}
{"timestamp":"2026-01-11T16:37:42.930785Z","level":"info","event":"26/01/11 16:37:42 INFO DAGScheduler: waiting: Set()","logger":"airflow.task.hooks.airflow.providers.apache.spark.hooks.spark_submit.SparkSubmitHook","filename":"spark_submit.py","lineno":644}
{"timestamp":"2026-01-11T16:37:42.930888Z","level":"info","event":"26/01/11 16:37:42 INFO DAGScheduler: failed: Set()","logger":"airflow.task.hooks.airflow.providers.apache.spark.hooks.spark_submit.SparkSubmitHook","filename":"spark_submit.py","lineno":644}
{"timestamp":"2026-01-11T16:37:42.949818Z","level":"info","event":"26/01/11 16:37:42 INFO SparkContext: Starting job: count at NativeMethodAccessorImpl.java:0","logger":"airflow.task.hooks.airflow.providers.apache.spark.hooks.spark_submit.SparkSubmitHook","filename":"spark_submit.py","lineno":644}
{"timestamp":"2026-01-11T16:37:42.950821Z","level":"info","event":"26/01/11 16:37:42 INFO DAGScheduler: Got job 17 (count at NativeMethodAccessorImpl.java:0) with 1 output partitions","logger":"airflow.task.hooks.airflow.providers.apache.spark.hooks.spark_submit.SparkSubmitHook","filename":"spark_submit.py","lineno":644}
{"timestamp":"2026-01-11T16:37:42.950925Z","level":"info","event":"26/01/11 16:37:42 INFO DAGScheduler: Final stage: ResultStage 23 (count at NativeMethodAccessorImpl.java:0)","logger":"airflow.task.hooks.airflow.providers.apache.spark.hooks.spark_submit.SparkSubmitHook","filename":"spark_submit.py","lineno":644}
{"timestamp":"2026-01-11T16:37:42.951093Z","level":"info","event":"26/01/11 16:37:42 INFO DAGScheduler: Parents of final stage: List(ShuffleMapStage 22)","logger":"airflow.task.hooks.airflow.providers.apache.spark.hooks.spark_submit.SparkSubmitHook","filename":"spark_submit.py","lineno":644}
{"timestamp":"2026-01-11T16:37:42.951606Z","level":"info","event":"26/01/11 16:37:42 INFO DAGScheduler: Missing parents: List()","logger":"airflow.task.hooks.airflow.providers.apache.spark.hooks.spark_submit.SparkSubmitHook","filename":"spark_submit.py","lineno":644}
{"timestamp":"2026-01-11T16:37:42.951800Z","level":"info","event":"26/01/11 16:37:42 INFO DAGScheduler: Submitting ResultStage 23 (MapPartitionsRDD[101] at count at NativeMethodAccessorImpl.java:0), which has no missing parents","logger":"airflow.task.hooks.airflow.providers.apache.spark.hooks.spark_submit.SparkSubmitHook","filename":"spark_submit.py","lineno":644}
{"timestamp":"2026-01-11T16:37:42.953109Z","level":"info","event":"26/01/11 16:37:42 INFO MemoryStore: Block broadcast_35 stored as values in memory (estimated size 12.5 KiB, free 1047.6 MiB)","logger":"airflow.task.hooks.airflow.providers.apache.spark.hooks.spark_submit.SparkSubmitHook","filename":"spark_submit.py","lineno":644}
{"timestamp":"2026-01-11T16:37:42.955577Z","level":"info","event":"26/01/11 16:37:42 INFO MemoryStore: Block broadcast_35_piece0 stored as bytes in memory (estimated size 5.9 KiB, free 1047.6 MiB)","logger":"airflow.task.hooks.airflow.providers.apache.spark.hooks.spark_submit.SparkSubmitHook","filename":"spark_submit.py","lineno":644}
{"timestamp":"2026-01-11T16:37:42.956077Z","level":"info","event":"26/01/11 16:37:42 INFO BlockManagerInfo: Added broadcast_35_piece0 in memory on localhost:39589 (size: 5.9 KiB, free: 1048.6 MiB)","logger":"airflow.task.hooks.airflow.providers.apache.spark.hooks.spark_submit.SparkSubmitHook","filename":"spark_submit.py","lineno":644}
{"timestamp":"2026-01-11T16:37:42.956633Z","level":"info","event":"26/01/11 16:37:42 INFO SparkContext: Created broadcast 35 from broadcast at DAGScheduler.scala:1580","logger":"airflow.task.hooks.airflow.providers.apache.spark.hooks.spark_submit.SparkSubmitHook","filename":"spark_submit.py","lineno":644}
{"timestamp":"2026-01-11T16:37:42.956904Z","level":"info","event":"26/01/11 16:37:42 INFO DAGScheduler: Submitting 1 missing tasks from ResultStage 23 (MapPartitionsRDD[101] at count at NativeMethodAccessorImpl.java:0) (first 15 tasks are for partitions Vector(0))","logger":"airflow.task.hooks.airflow.providers.apache.spark.hooks.spark_submit.SparkSubmitHook","filename":"spark_submit.py","lineno":644}
{"timestamp":"2026-01-11T16:37:42.956947Z","level":"info","event":"26/01/11 16:37:42 INFO TaskSchedulerImpl: Adding task set 23.0 with 1 tasks resource profile 0","logger":"airflow.task.hooks.airflow.providers.apache.spark.hooks.spark_submit.SparkSubmitHook","filename":"spark_submit.py","lineno":644}
{"timestamp":"2026-01-11T16:37:42.957786Z","level":"info","event":"26/01/11 16:37:42 INFO TaskSetManager: Starting task 0.0 in stage 23.0 (TID 36) (localhost, executor driver, partition 0, NODE_LOCAL, 7615 bytes)","logger":"airflow.task.hooks.airflow.providers.apache.spark.hooks.spark_submit.SparkSubmitHook","filename":"spark_submit.py","lineno":644}
{"timestamp":"2026-01-11T16:37:42.958232Z","level":"info","event":"26/01/11 16:37:42 INFO Executor: Running task 0.0 in stage 23.0 (TID 36)","logger":"airflow.task.hooks.airflow.providers.apache.spark.hooks.spark_submit.SparkSubmitHook","filename":"spark_submit.py","lineno":644}
{"timestamp":"2026-01-11T16:37:42.963888Z","level":"info","event":"26/01/11 16:37:42 INFO ShuffleBlockFetcherIterator: Getting 5 (300.0 B) non-empty blocks including 5 (300.0 B) local and 0 (0.0 B) host-local and 0 (0.0 B) push-merged-local and 0 (0.0 B) remote blocks","logger":"airflow.task.hooks.airflow.providers.apache.spark.hooks.spark_submit.SparkSubmitHook","filename":"spark_submit.py","lineno":644}
{"timestamp":"2026-01-11T16:37:42.964359Z","level":"info","event":"26/01/11 16:37:42 INFO ShuffleBlockFetcherIterator: Started 0 remote fetches in 2 ms","logger":"airflow.task.hooks.airflow.providers.apache.spark.hooks.spark_submit.SparkSubmitHook","filename":"spark_submit.py","lineno":644}
{"timestamp":"2026-01-11T16:37:42.968791Z","level":"info","event":"26/01/11 16:37:42 INFO Executor: Finished task 0.0 in stage 23.0 (TID 36). 3995 bytes result sent to driver","logger":"airflow.task.hooks.airflow.providers.apache.spark.hooks.spark_submit.SparkSubmitHook","filename":"spark_submit.py","lineno":644}
{"timestamp":"2026-01-11T16:37:42.969733Z","level":"info","event":"26/01/11 16:37:42 INFO TaskSetManager: Finished task 0.0 in stage 23.0 (TID 36) in 12 ms on localhost (executor driver) (1/1)","logger":"airflow.task.hooks.airflow.providers.apache.spark.hooks.spark_submit.SparkSubmitHook","filename":"spark_submit.py","lineno":644}
{"timestamp":"2026-01-11T16:37:42.969990Z","level":"info","event":"26/01/11 16:37:42 INFO TaskSchedulerImpl: Removed TaskSet 23.0, whose tasks have all completed, from pool","logger":"airflow.task.hooks.airflow.providers.apache.spark.hooks.spark_submit.SparkSubmitHook","filename":"spark_submit.py","lineno":644}
{"timestamp":"2026-01-11T16:37:42.970325Z","level":"info","event":"26/01/11 16:37:42 INFO DAGScheduler: ResultStage 23 (count at NativeMethodAccessorImpl.java:0) finished in 0.018 s","logger":"airflow.task.hooks.airflow.providers.apache.spark.hooks.spark_submit.SparkSubmitHook","filename":"spark_submit.py","lineno":644}
{"timestamp":"2026-01-11T16:37:42.970675Z","level":"info","event":"26/01/11 16:37:42 INFO DAGScheduler: Job 17 is finished. Cancelling potential speculative or zombie tasks for this job","logger":"airflow.task.hooks.airflow.providers.apache.spark.hooks.spark_submit.SparkSubmitHook","filename":"spark_submit.py","lineno":644}
{"timestamp":"2026-01-11T16:37:42.971164Z","level":"info","event":"26/01/11 16:37:42 INFO TaskSchedulerImpl: Killing all running tasks in stage 23: Stage finished","logger":"airflow.task.hooks.airflow.providers.apache.spark.hooks.spark_submit.SparkSubmitHook","filename":"spark_submit.py","lineno":644}
{"timestamp":"2026-01-11T16:37:42.971743Z","level":"info","event":"26/01/11 16:37:42 INFO DAGScheduler: Job 17 finished: count at NativeMethodAccessorImpl.java:0, took 0.021755 s","logger":"airflow.task.hooks.airflow.providers.apache.spark.hooks.spark_submit.SparkSubmitHook","filename":"spark_submit.py","lineno":644}
{"timestamp":"2026-01-11T16:37:42.973406Z","level":"info","event":"Loaded olist_orders with 99441 records for cleaning.","logger":"airflow.task.hooks.airflow.providers.apache.spark.hooks.spark_submit.SparkSubmitHook","filename":"spark_submit.py","lineno":644}
{"timestamp":"2026-01-11T16:37:42.974531Z","level":"info","event":"root","logger":"airflow.task.hooks.airflow.providers.apache.spark.hooks.spark_submit.SparkSubmitHook","filename":"spark_submit.py","lineno":644}
{"timestamp":"2026-01-11T16:37:42.974608Z","level":"info","event":"|-- order_id: string (nullable = true)","logger":"airflow.task.hooks.airflow.providers.apache.spark.hooks.spark_submit.SparkSubmitHook","filename":"spark_submit.py","lineno":644}
{"timestamp":"2026-01-11T16:37:42.974640Z","level":"info","event":"|-- customer_id: string (nullable = true)","logger":"airflow.task.hooks.airflow.providers.apache.spark.hooks.spark_submit.SparkSubmitHook","filename":"spark_submit.py","lineno":644}
{"timestamp":"2026-01-11T16:37:42.974657Z","level":"info","event":"|-- order_status: string (nullable = true)","logger":"airflow.task.hooks.airflow.providers.apache.spark.hooks.spark_submit.SparkSubmitHook","filename":"spark_submit.py","lineno":644}
{"timestamp":"2026-01-11T16:37:42.974672Z","level":"info","event":"|-- order_purchase_timestamp: string (nullable = true)","logger":"airflow.task.hooks.airflow.providers.apache.spark.hooks.spark_submit.SparkSubmitHook","filename":"spark_submit.py","lineno":644}
{"timestamp":"2026-01-11T16:37:42.974687Z","level":"info","event":"|-- order_approved_at: string (nullable = true)","logger":"airflow.task.hooks.airflow.providers.apache.spark.hooks.spark_submit.SparkSubmitHook","filename":"spark_submit.py","lineno":644}
{"timestamp":"2026-01-11T16:37:42.974701Z","level":"info","event":"|-- order_delivered_carrier_date: string (nullable = true)","logger":"airflow.task.hooks.airflow.providers.apache.spark.hooks.spark_submit.SparkSubmitHook","filename":"spark_submit.py","lineno":644}
{"timestamp":"2026-01-11T16:37:42.974714Z","level":"info","event":"|-- order_delivered_customer_date: string (nullable = true)","logger":"airflow.task.hooks.airflow.providers.apache.spark.hooks.spark_submit.SparkSubmitHook","filename":"spark_submit.py","lineno":644}
{"timestamp":"2026-01-11T16:37:42.974728Z","level":"info","event":"|-- order_estimated_delivery_date: string (nullable = true)","logger":"airflow.task.hooks.airflow.providers.apache.spark.hooks.spark_submit.SparkSubmitHook","filename":"spark_submit.py","lineno":644}
{"timestamp":"2026-01-11T16:37:42.974742Z","level":"info","event":"","logger":"airflow.task.hooks.airflow.providers.apache.spark.hooks.spark_submit.SparkSubmitHook","filename":"spark_submit.py","lineno":644}
{"timestamp":"2026-01-11T16:37:42.985074Z","level":"info","event":"26/01/11 16:37:42 INFO InMemoryFileIndex: It took 2 ms to list leaf files for 1 paths.","logger":"airflow.task.hooks.airflow.providers.apache.spark.hooks.spark_submit.SparkSubmitHook","filename":"spark_submit.py","lineno":644}
{"timestamp":"2026-01-11T16:37:42.988610Z","level":"info","event":"26/01/11 16:37:42 INFO InMemoryFileIndex: It took 0 ms to list leaf files for 1 paths.","logger":"airflow.task.hooks.airflow.providers.apache.spark.hooks.spark_submit.SparkSubmitHook","filename":"spark_submit.py","lineno":644}
{"timestamp":"2026-01-11T16:37:43.032728Z","level":"info","event":"26/01/11 16:37:43 INFO FileSourceStrategy: Pushed Filters:","logger":"airflow.task.hooks.airflow.providers.apache.spark.hooks.spark_submit.SparkSubmitHook","filename":"spark_submit.py","lineno":644}
{"timestamp":"2026-01-11T16:37:43.033039Z","level":"info","event":"26/01/11 16:37:43 INFO FileSourceStrategy: Post-Scan Filters: (length(trim(value#243, None)) > 0)","logger":"airflow.task.hooks.airflow.providers.apache.spark.hooks.spark_submit.SparkSubmitHook","filename":"spark_submit.py","lineno":644}
{"timestamp":"2026-01-11T16:37:43.042418Z","level":"info","event":"26/01/11 16:37:43 INFO MemoryStore: Block broadcast_36 stored as values in memory (estimated size 199.5 KiB, free 1047.4 MiB)","logger":"airflow.task.hooks.airflow.providers.apache.spark.hooks.spark_submit.SparkSubmitHook","filename":"spark_submit.py","lineno":644}
{"timestamp":"2026-01-11T16:37:43.056888Z","level":"info","event":"26/01/11 16:37:43 INFO MemoryStore: Block broadcast_36_piece0 stored as bytes in memory (estimated size 34.2 KiB, free 1047.4 MiB)","logger":"airflow.task.hooks.airflow.providers.apache.spark.hooks.spark_submit.SparkSubmitHook","filename":"spark_submit.py","lineno":644}
{"timestamp":"2026-01-11T16:37:43.057375Z","level":"info","event":"26/01/11 16:37:43 INFO BlockManagerInfo: Added broadcast_36_piece0 in memory on localhost:39589 (size: 34.2 KiB, free: 1048.6 MiB)","logger":"airflow.task.hooks.airflow.providers.apache.spark.hooks.spark_submit.SparkSubmitHook","filename":"spark_submit.py","lineno":644}
{"timestamp":"2026-01-11T16:37:43.058340Z","level":"info","event":"26/01/11 16:37:43 INFO SparkContext: Created broadcast 36 from csv at NativeMethodAccessorImpl.java:0","logger":"airflow.task.hooks.airflow.providers.apache.spark.hooks.spark_submit.SparkSubmitHook","filename":"spark_submit.py","lineno":644}
{"timestamp":"2026-01-11T16:37:43.059134Z","level":"info","event":"26/01/11 16:37:43 INFO FileSourceScanExec: Planning scan with bin packing, max size: 4194304 bytes, open cost is considered as scanning 4194304 bytes.","logger":"airflow.task.hooks.airflow.providers.apache.spark.hooks.spark_submit.SparkSubmitHook","filename":"spark_submit.py","lineno":644}
{"timestamp":"2026-01-11T16:37:43.069792Z","level":"info","event":"26/01/11 16:37:43 INFO SparkContext: Starting job: csv at NativeMethodAccessorImpl.java:0","logger":"airflow.task.hooks.airflow.providers.apache.spark.hooks.spark_submit.SparkSubmitHook","filename":"spark_submit.py","lineno":644}
{"timestamp":"2026-01-11T16:37:43.073685Z","level":"info","event":"26/01/11 16:37:43 INFO DAGScheduler: Got job 18 (csv at NativeMethodAccessorImpl.java:0) with 1 output partitions","logger":"airflow.task.hooks.airflow.providers.apache.spark.hooks.spark_submit.SparkSubmitHook","filename":"spark_submit.py","lineno":644}
{"timestamp":"2026-01-11T16:37:43.074041Z","level":"info","event":"26/01/11 16:37:43 INFO DAGScheduler: Final stage: ResultStage 24 (csv at NativeMethodAccessorImpl.java:0)","logger":"airflow.task.hooks.airflow.providers.apache.spark.hooks.spark_submit.SparkSubmitHook","filename":"spark_submit.py","lineno":644}
{"timestamp":"2026-01-11T16:37:43.074172Z","level":"info","event":"26/01/11 16:37:43 INFO DAGScheduler: Parents of final stage: List()","logger":"airflow.task.hooks.airflow.providers.apache.spark.hooks.spark_submit.SparkSubmitHook","filename":"spark_submit.py","lineno":644}
{"timestamp":"2026-01-11T16:37:43.075392Z","level":"info","event":"26/01/11 16:37:43 INFO DAGScheduler: Missing parents: List()","logger":"airflow.task.hooks.airflow.providers.apache.spark.hooks.spark_submit.SparkSubmitHook","filename":"spark_submit.py","lineno":644}
{"timestamp":"2026-01-11T16:37:43.077100Z","level":"info","event":"26/01/11 16:37:43 INFO DAGScheduler: Submitting ResultStage 24 (MapPartitionsRDD[105] at csv at NativeMethodAccessorImpl.java:0), which has no missing parents","logger":"airflow.task.hooks.airflow.providers.apache.spark.hooks.spark_submit.SparkSubmitHook","filename":"spark_submit.py","lineno":644}
{"timestamp":"2026-01-11T16:37:43.082010Z","level":"info","event":"26/01/11 16:37:43 INFO MemoryStore: Block broadcast_37 stored as values in memory (estimated size 13.5 KiB, free 1047.4 MiB)","logger":"airflow.task.hooks.airflow.providers.apache.spark.hooks.spark_submit.SparkSubmitHook","filename":"spark_submit.py","lineno":644}
{"timestamp":"2026-01-11T16:37:43.113521Z","level":"info","event":"26/01/11 16:37:43 INFO MemoryStore: Block broadcast_37_piece0 stored as bytes in memory (estimated size 6.4 KiB, free 1047.3 MiB)","logger":"airflow.task.hooks.airflow.providers.apache.spark.hooks.spark_submit.SparkSubmitHook","filename":"spark_submit.py","lineno":644}
{"timestamp":"2026-01-11T16:37:43.121749Z","level":"info","event":"26/01/11 16:37:43 INFO BlockManagerInfo: Added broadcast_37_piece0 in memory on localhost:39589 (size: 6.4 KiB, free: 1048.6 MiB)","logger":"airflow.task.hooks.airflow.providers.apache.spark.hooks.spark_submit.SparkSubmitHook","filename":"spark_submit.py","lineno":644}
{"timestamp":"2026-01-11T16:37:43.124635Z","level":"info","event":"26/01/11 16:37:43 INFO SparkContext: Created broadcast 37 from broadcast at DAGScheduler.scala:1580","logger":"airflow.task.hooks.airflow.providers.apache.spark.hooks.spark_submit.SparkSubmitHook","filename":"spark_submit.py","lineno":644}
{"timestamp":"2026-01-11T16:37:43.124778Z","level":"info","event":"26/01/11 16:37:43 INFO DAGScheduler: Submitting 1 missing tasks from ResultStage 24 (MapPartitionsRDD[105] at csv at NativeMethodAccessorImpl.java:0) (first 15 tasks are for partitions Vector(0))","logger":"airflow.task.hooks.airflow.providers.apache.spark.hooks.spark_submit.SparkSubmitHook","filename":"spark_submit.py","lineno":644}
{"timestamp":"2026-01-11T16:37:43.124829Z","level":"info","event":"26/01/11 16:37:43 INFO TaskSchedulerImpl: Adding task set 24.0 with 1 tasks resource profile 0","logger":"airflow.task.hooks.airflow.providers.apache.spark.hooks.spark_submit.SparkSubmitHook","filename":"spark_submit.py","lineno":644}
{"timestamp":"2026-01-11T16:37:43.126153Z","level":"info","event":"26/01/11 16:37:43 INFO BlockManagerInfo: Removed broadcast_30_piece0 on localhost:39589 in memory (size: 34.2 KiB, free: 1048.6 MiB)","logger":"airflow.task.hooks.airflow.providers.apache.spark.hooks.spark_submit.SparkSubmitHook","filename":"spark_submit.py","lineno":644}
{"timestamp":"2026-01-11T16:37:43.127682Z","level":"info","event":"26/01/11 16:37:43 INFO TaskSetManager: Starting task 0.0 in stage 24.0 (TID 37) (localhost, executor driver, partition 0, PROCESS_LOCAL, 8278 bytes)","logger":"airflow.task.hooks.airflow.providers.apache.spark.hooks.spark_submit.SparkSubmitHook","filename":"spark_submit.py","lineno":644}
{"timestamp":"2026-01-11T16:37:43.130779Z","level":"info","event":"26/01/11 16:37:43 INFO Executor: Running task 0.0 in stage 24.0 (TID 37)","logger":"airflow.task.hooks.airflow.providers.apache.spark.hooks.spark_submit.SparkSubmitHook","filename":"spark_submit.py","lineno":644}
{"timestamp":"2026-01-11T16:37:43.136883Z","level":"info","event":"26/01/11 16:37:43 INFO BlockManagerInfo: Removed broadcast_35_piece0 on localhost:39589 in memory (size: 5.9 KiB, free: 1048.6 MiB)","logger":"airflow.task.hooks.airflow.providers.apache.spark.hooks.spark_submit.SparkSubmitHook","filename":"spark_submit.py","lineno":644}
{"timestamp":"2026-01-11T16:37:43.143863Z","level":"info","event":"26/01/11 16:37:43 INFO FileScanRDD: Reading File path: file:///opt/airflow/data/raw/olist_products/part-00000-6e76bd0b-e32f-463a-ad2e-c9c7aa84a3c3-c000.csv, range: 0-2338292, partition values: [empty row]","logger":"airflow.task.hooks.airflow.providers.apache.spark.hooks.spark_submit.SparkSubmitHook","filename":"spark_submit.py","lineno":644}
{"timestamp":"2026-01-11T16:37:43.150790Z","level":"info","event":"26/01/11 16:37:43 INFO BlockManagerInfo: Removed broadcast_34_piece0 on localhost:39589 in memory (size: 8.8 KiB, free: 1048.6 MiB)","logger":"airflow.task.hooks.airflow.providers.apache.spark.hooks.spark_submit.SparkSubmitHook","filename":"spark_submit.py","lineno":644}
{"timestamp":"2026-01-11T16:37:43.163602Z","level":"info","event":"26/01/11 16:37:43 INFO BlockManagerInfo: Removed broadcast_31_piece0 on localhost:39589 in memory (size: 6.4 KiB, free: 1048.6 MiB)","logger":"airflow.task.hooks.airflow.providers.apache.spark.hooks.spark_submit.SparkSubmitHook","filename":"spark_submit.py","lineno":644}
{"timestamp":"2026-01-11T16:37:43.166500Z","level":"info","event":"26/01/11 16:37:43 INFO Executor: Finished task 0.0 in stage 24.0 (TID 37). 1676 bytes result sent to driver","logger":"airflow.task.hooks.airflow.providers.apache.spark.hooks.spark_submit.SparkSubmitHook","filename":"spark_submit.py","lineno":644}
{"timestamp":"2026-01-11T16:37:43.170100Z","level":"info","event":"26/01/11 16:37:43 INFO TaskSetManager: Finished task 0.0 in stage 24.0 (TID 37) in 41 ms on localhost (executor driver) (1/1)","logger":"airflow.task.hooks.airflow.providers.apache.spark.hooks.spark_submit.SparkSubmitHook","filename":"spark_submit.py","lineno":644}
{"timestamp":"2026-01-11T16:37:43.170351Z","level":"info","event":"26/01/11 16:37:43 INFO DAGScheduler: ResultStage 24 (csv at NativeMethodAccessorImpl.java:0) finished in 0.091 s","logger":"airflow.task.hooks.airflow.providers.apache.spark.hooks.spark_submit.SparkSubmitHook","filename":"spark_submit.py","lineno":644}
{"timestamp":"2026-01-11T16:37:43.170410Z","level":"info","event":"26/01/11 16:37:43 INFO DAGScheduler: Job 18 is finished. Cancelling potential speculative or zombie tasks for this job","logger":"airflow.task.hooks.airflow.providers.apache.spark.hooks.spark_submit.SparkSubmitHook","filename":"spark_submit.py","lineno":644}
{"timestamp":"2026-01-11T16:37:43.170592Z","level":"info","event":"26/01/11 16:37:43 INFO TaskSchedulerImpl: Removed TaskSet 24.0, whose tasks have all completed, from pool","logger":"airflow.task.hooks.airflow.providers.apache.spark.hooks.spark_submit.SparkSubmitHook","filename":"spark_submit.py","lineno":644}
{"timestamp":"2026-01-11T16:37:43.170674Z","level":"info","event":"26/01/11 16:37:43 INFO TaskSchedulerImpl: Killing all running tasks in stage 24: Stage finished","logger":"airflow.task.hooks.airflow.providers.apache.spark.hooks.spark_submit.SparkSubmitHook","filename":"spark_submit.py","lineno":644}
{"timestamp":"2026-01-11T16:37:43.171220Z","level":"info","event":"26/01/11 16:37:43 INFO BlockManagerInfo: Removed broadcast_32_piece0 on localhost:39589 in memory (size: 34.2 KiB, free: 1048.7 MiB)","logger":"airflow.task.hooks.airflow.providers.apache.spark.hooks.spark_submit.SparkSubmitHook","filename":"spark_submit.py","lineno":644}
{"timestamp":"2026-01-11T16:37:43.171430Z","level":"info","event":"26/01/11 16:37:43 INFO DAGScheduler: Job 18 finished: csv at NativeMethodAccessorImpl.java:0, took 0.101370 s","logger":"airflow.task.hooks.airflow.providers.apache.spark.hooks.spark_submit.SparkSubmitHook","filename":"spark_submit.py","lineno":644}
{"timestamp":"2026-01-11T16:37:43.191215Z","level":"info","event":"26/01/11 16:37:43 INFO BlockManagerInfo: Removed broadcast_33_piece0 on localhost:39589 in memory (size: 34.2 KiB, free: 1048.7 MiB)","logger":"airflow.task.hooks.airflow.providers.apache.spark.hooks.spark_submit.SparkSubmitHook","filename":"spark_submit.py","lineno":644}
{"timestamp":"2026-01-11T16:37:43.198864Z","level":"info","event":"26/01/11 16:37:43 INFO FileSourceStrategy: Pushed Filters:","logger":"airflow.task.hooks.airflow.providers.apache.spark.hooks.spark_submit.SparkSubmitHook","filename":"spark_submit.py","lineno":644}
{"timestamp":"2026-01-11T16:37:43.198998Z","level":"info","event":"26/01/11 16:37:43 INFO FileSourceStrategy: Post-Scan Filters:","logger":"airflow.task.hooks.airflow.providers.apache.spark.hooks.spark_submit.SparkSubmitHook","filename":"spark_submit.py","lineno":644}
{"timestamp":"2026-01-11T16:37:43.204352Z","level":"info","event":"26/01/11 16:37:43 INFO MemoryStore: Block broadcast_38 stored as values in memory (estimated size 199.5 KiB, free 1047.9 MiB)","logger":"airflow.task.hooks.airflow.providers.apache.spark.hooks.spark_submit.SparkSubmitHook","filename":"spark_submit.py","lineno":644}
{"timestamp":"2026-01-11T16:37:43.218417Z","level":"info","event":"26/01/11 16:37:43 INFO MemoryStore: Block broadcast_38_piece0 stored as bytes in memory (estimated size 34.2 KiB, free 1047.9 MiB)","logger":"airflow.task.hooks.airflow.providers.apache.spark.hooks.spark_submit.SparkSubmitHook","filename":"spark_submit.py","lineno":644}
{"timestamp":"2026-01-11T16:37:43.219016Z","level":"info","event":"26/01/11 16:37:43 INFO BlockManagerInfo: Added broadcast_38_piece0 in memory on localhost:39589 (size: 34.2 KiB, free: 1048.7 MiB)","logger":"airflow.task.hooks.airflow.providers.apache.spark.hooks.spark_submit.SparkSubmitHook","filename":"spark_submit.py","lineno":644}
{"timestamp":"2026-01-11T16:37:43.220315Z","level":"info","event":"26/01/11 16:37:43 INFO SparkContext: Created broadcast 38 from csv at NativeMethodAccessorImpl.java:0","logger":"airflow.task.hooks.airflow.providers.apache.spark.hooks.spark_submit.SparkSubmitHook","filename":"spark_submit.py","lineno":644}
{"timestamp":"2026-01-11T16:37:43.225854Z","level":"info","event":"26/01/11 16:37:43 INFO FileSourceScanExec: Planning scan with bin packing, max size: 4194304 bytes, open cost is considered as scanning 4194304 bytes.","logger":"airflow.task.hooks.airflow.providers.apache.spark.hooks.spark_submit.SparkSubmitHook","filename":"spark_submit.py","lineno":644}
{"timestamp":"2026-01-11T16:37:43.248188Z","level":"info","event":"____________________________________________________","logger":"airflow.task.hooks.airflow.providers.apache.spark.hooks.spark_submit.SparkSubmitHook","filename":"spark_submit.py","lineno":644}
{"timestamp":"2026-01-11T16:37:43.265867Z","level":"info","event":"26/01/11 16:37:43 INFO FileSourceStrategy: Pushed Filters:","logger":"airflow.task.hooks.airflow.providers.apache.spark.hooks.spark_submit.SparkSubmitHook","filename":"spark_submit.py","lineno":644}
{"timestamp":"2026-01-11T16:37:43.266097Z","level":"info","event":"26/01/11 16:37:43 INFO FileSourceStrategy: Post-Scan Filters:","logger":"airflow.task.hooks.airflow.providers.apache.spark.hooks.spark_submit.SparkSubmitHook","filename":"spark_submit.py","lineno":644}
{"timestamp":"2026-01-11T16:37:43.297891Z","level":"info","event":"26/01/11 16:37:43 INFO MemoryStore: Block broadcast_39 stored as values in memory (estimated size 199.4 KiB, free 1047.7 MiB)","logger":"airflow.task.hooks.airflow.providers.apache.spark.hooks.spark_submit.SparkSubmitHook","filename":"spark_submit.py","lineno":644}
{"timestamp":"2026-01-11T16:37:43.311688Z","level":"info","event":"26/01/11 16:37:43 INFO MemoryStore: Block broadcast_39_piece0 stored as bytes in memory (estimated size 34.2 KiB, free 1047.6 MiB)","logger":"airflow.task.hooks.airflow.providers.apache.spark.hooks.spark_submit.SparkSubmitHook","filename":"spark_submit.py","lineno":644}
{"timestamp":"2026-01-11T16:37:43.314768Z","level":"info","event":"26/01/11 16:37:43 INFO BlockManagerInfo: Added broadcast_39_piece0 in memory on localhost:39589 (size: 34.2 KiB, free: 1048.6 MiB)","logger":"airflow.task.hooks.airflow.providers.apache.spark.hooks.spark_submit.SparkSubmitHook","filename":"spark_submit.py","lineno":644}
{"timestamp":"2026-01-11T16:37:43.319320Z","level":"info","event":"26/01/11 16:37:43 INFO SparkContext: Created broadcast 39 from count at NativeMethodAccessorImpl.java:0","logger":"airflow.task.hooks.airflow.providers.apache.spark.hooks.spark_submit.SparkSubmitHook","filename":"spark_submit.py","lineno":644}
{"timestamp":"2026-01-11T16:37:43.323216Z","level":"info","event":"26/01/11 16:37:43 INFO FileSourceScanExec: Planning scan with bin packing, max size: 4194304 bytes, open cost is considered as scanning 4194304 bytes.","logger":"airflow.task.hooks.airflow.providers.apache.spark.hooks.spark_submit.SparkSubmitHook","filename":"spark_submit.py","lineno":644}
{"timestamp":"2026-01-11T16:37:43.342724Z","level":"info","event":"26/01/11 16:37:43 INFO DAGScheduler: Registering RDD 115 (count at NativeMethodAccessorImpl.java:0) as input to shuffle 6","logger":"airflow.task.hooks.airflow.providers.apache.spark.hooks.spark_submit.SparkSubmitHook","filename":"spark_submit.py","lineno":644}
{"timestamp":"2026-01-11T16:37:43.342856Z","level":"info","event":"26/01/11 16:37:43 INFO DAGScheduler: Got map stage job 19 (count at NativeMethodAccessorImpl.java:0) with 1 output partitions","logger":"airflow.task.hooks.airflow.providers.apache.spark.hooks.spark_submit.SparkSubmitHook","filename":"spark_submit.py","lineno":644}
{"timestamp":"2026-01-11T16:37:43.342889Z","level":"info","event":"26/01/11 16:37:43 INFO DAGScheduler: Final stage: ShuffleMapStage 25 (count at NativeMethodAccessorImpl.java:0)","logger":"airflow.task.hooks.airflow.providers.apache.spark.hooks.spark_submit.SparkSubmitHook","filename":"spark_submit.py","lineno":644}
{"timestamp":"2026-01-11T16:37:43.342908Z","level":"info","event":"26/01/11 16:37:43 INFO DAGScheduler: Parents of final stage: List()","logger":"airflow.task.hooks.airflow.providers.apache.spark.hooks.spark_submit.SparkSubmitHook","filename":"spark_submit.py","lineno":644}
{"timestamp":"2026-01-11T16:37:43.343076Z","level":"info","event":"26/01/11 16:37:43 INFO DAGScheduler: Missing parents: List()","logger":"airflow.task.hooks.airflow.providers.apache.spark.hooks.spark_submit.SparkSubmitHook","filename":"spark_submit.py","lineno":644}
{"timestamp":"2026-01-11T16:37:43.346324Z","level":"info","event":"26/01/11 16:37:43 INFO DAGScheduler: Submitting ShuffleMapStage 25 (MapPartitionsRDD[115] at count at NativeMethodAccessorImpl.java:0), which has no missing parents","logger":"airflow.task.hooks.airflow.providers.apache.spark.hooks.spark_submit.SparkSubmitHook","filename":"spark_submit.py","lineno":644}
{"timestamp":"2026-01-11T16:37:43.351825Z","level":"info","event":"26/01/11 16:37:43 INFO MemoryStore: Block broadcast_40 stored as values in memory (estimated size 18.0 KiB, free 1047.6 MiB)","logger":"airflow.task.hooks.airflow.providers.apache.spark.hooks.spark_submit.SparkSubmitHook","filename":"spark_submit.py","lineno":644}
{"timestamp":"2026-01-11T16:37:43.360790Z","level":"info","event":"26/01/11 16:37:43 INFO MemoryStore: Block broadcast_40_piece0 stored as bytes in memory (estimated size 8.8 KiB, free 1047.6 MiB)","logger":"airflow.task.hooks.airflow.providers.apache.spark.hooks.spark_submit.SparkSubmitHook","filename":"spark_submit.py","lineno":644}
{"timestamp":"2026-01-11T16:37:43.362111Z","level":"info","event":"26/01/11 16:37:43 INFO BlockManagerInfo: Added broadcast_40_piece0 in memory on localhost:39589 (size: 8.8 KiB, free: 1048.6 MiB)","logger":"airflow.task.hooks.airflow.providers.apache.spark.hooks.spark_submit.SparkSubmitHook","filename":"spark_submit.py","lineno":644}
{"timestamp":"2026-01-11T16:37:43.365642Z","level":"info","event":"26/01/11 16:37:43 INFO SparkContext: Created broadcast 40 from broadcast at DAGScheduler.scala:1580","logger":"airflow.task.hooks.airflow.providers.apache.spark.hooks.spark_submit.SparkSubmitHook","filename":"spark_submit.py","lineno":644}
{"timestamp":"2026-01-11T16:37:43.365743Z","level":"info","event":"26/01/11 16:37:43 INFO DAGScheduler: Submitting 1 missing tasks from ShuffleMapStage 25 (MapPartitionsRDD[115] at count at NativeMethodAccessorImpl.java:0) (first 15 tasks are for partitions Vector(0))","logger":"airflow.task.hooks.airflow.providers.apache.spark.hooks.spark_submit.SparkSubmitHook","filename":"spark_submit.py","lineno":644}
{"timestamp":"2026-01-11T16:37:43.365787Z","level":"info","event":"26/01/11 16:37:43 INFO TaskSchedulerImpl: Adding task set 25.0 with 1 tasks resource profile 0","logger":"airflow.task.hooks.airflow.providers.apache.spark.hooks.spark_submit.SparkSubmitHook","filename":"spark_submit.py","lineno":644}
{"timestamp":"2026-01-11T16:37:43.366855Z","level":"info","event":"26/01/11 16:37:43 INFO TaskSetManager: Starting task 0.0 in stage 25.0 (TID 38) (localhost, executor driver, partition 0, PROCESS_LOCAL, 8267 bytes)","logger":"airflow.task.hooks.airflow.providers.apache.spark.hooks.spark_submit.SparkSubmitHook","filename":"spark_submit.py","lineno":644}
{"timestamp":"2026-01-11T16:37:43.370016Z","level":"info","event":"26/01/11 16:37:43 INFO Executor: Running task 0.0 in stage 25.0 (TID 38)","logger":"airflow.task.hooks.airflow.providers.apache.spark.hooks.spark_submit.SparkSubmitHook","filename":"spark_submit.py","lineno":644}
{"timestamp":"2026-01-11T16:37:43.381713Z","level":"info","event":"26/01/11 16:37:43 INFO FileScanRDD: Reading File path: file:///opt/airflow/data/raw/olist_products/part-00000-6e76bd0b-e32f-463a-ad2e-c9c7aa84a3c3-c000.csv, range: 0-2338292, partition values: [empty row]","logger":"airflow.task.hooks.airflow.providers.apache.spark.hooks.spark_submit.SparkSubmitHook","filename":"spark_submit.py","lineno":644}
{"timestamp":"2026-01-11T16:37:43.512880Z","level":"info","event":"26/01/11 16:37:43 INFO Executor: Finished task 0.0 in stage 25.0 (TID 38). 1925 bytes result sent to driver","logger":"airflow.task.hooks.airflow.providers.apache.spark.hooks.spark_submit.SparkSubmitHook","filename":"spark_submit.py","lineno":644}
{"timestamp":"2026-01-11T16:37:43.515673Z","level":"info","event":"26/01/11 16:37:43 INFO TaskSetManager: Finished task 0.0 in stage 25.0 (TID 38) in 149 ms on localhost (executor driver) (1/1)","logger":"airflow.task.hooks.airflow.providers.apache.spark.hooks.spark_submit.SparkSubmitHook","filename":"spark_submit.py","lineno":644}
{"timestamp":"2026-01-11T16:37:43.516000Z","level":"info","event":"26/01/11 16:37:43 INFO TaskSchedulerImpl: Removed TaskSet 25.0, whose tasks have all completed, from pool","logger":"airflow.task.hooks.airflow.providers.apache.spark.hooks.spark_submit.SparkSubmitHook","filename":"spark_submit.py","lineno":644}
{"timestamp":"2026-01-11T16:37:43.518327Z","level":"info","event":"26/01/11 16:37:43 INFO DAGScheduler: ShuffleMapStage 25 (count at NativeMethodAccessorImpl.java:0) finished in 0.171 s","logger":"airflow.task.hooks.airflow.providers.apache.spark.hooks.spark_submit.SparkSubmitHook","filename":"spark_submit.py","lineno":644}
{"timestamp":"2026-01-11T16:37:43.518606Z","level":"info","event":"26/01/11 16:37:43 INFO DAGScheduler: looking for newly runnable stages","logger":"airflow.task.hooks.airflow.providers.apache.spark.hooks.spark_submit.SparkSubmitHook","filename":"spark_submit.py","lineno":644}
{"timestamp":"2026-01-11T16:37:43.518794Z","level":"info","event":"26/01/11 16:37:43 INFO DAGScheduler: running: Set()","logger":"airflow.task.hooks.airflow.providers.apache.spark.hooks.spark_submit.SparkSubmitHook","filename":"spark_submit.py","lineno":644}
{"timestamp":"2026-01-11T16:37:43.518904Z","level":"info","event":"26/01/11 16:37:43 INFO DAGScheduler: waiting: Set()","logger":"airflow.task.hooks.airflow.providers.apache.spark.hooks.spark_submit.SparkSubmitHook","filename":"spark_submit.py","lineno":644}
{"timestamp":"2026-01-11T16:37:43.518993Z","level":"info","event":"26/01/11 16:37:43 INFO DAGScheduler: failed: Set()","logger":"airflow.task.hooks.airflow.providers.apache.spark.hooks.spark_submit.SparkSubmitHook","filename":"spark_submit.py","lineno":644}
{"timestamp":"2026-01-11T16:37:43.606850Z","level":"info","event":"26/01/11 16:37:43 INFO SparkContext: Starting job: count at NativeMethodAccessorImpl.java:0","logger":"airflow.task.hooks.airflow.providers.apache.spark.hooks.spark_submit.SparkSubmitHook","filename":"spark_submit.py","lineno":644}
{"timestamp":"2026-01-11T16:37:43.607854Z","level":"info","event":"26/01/11 16:37:43 INFO DAGScheduler: Got job 20 (count at NativeMethodAccessorImpl.java:0) with 1 output partitions","logger":"airflow.task.hooks.airflow.providers.apache.spark.hooks.spark_submit.SparkSubmitHook","filename":"spark_submit.py","lineno":644}
{"timestamp":"2026-01-11T16:37:43.608099Z","level":"info","event":"26/01/11 16:37:43 INFO DAGScheduler: Final stage: ResultStage 27 (count at NativeMethodAccessorImpl.java:0)","logger":"airflow.task.hooks.airflow.providers.apache.spark.hooks.spark_submit.SparkSubmitHook","filename":"spark_submit.py","lineno":644}
{"timestamp":"2026-01-11T16:37:43.608165Z","level":"info","event":"26/01/11 16:37:43 INFO DAGScheduler: Parents of final stage: List(ShuffleMapStage 26)","logger":"airflow.task.hooks.airflow.providers.apache.spark.hooks.spark_submit.SparkSubmitHook","filename":"spark_submit.py","lineno":644}
{"timestamp":"2026-01-11T16:37:43.608198Z","level":"info","event":"26/01/11 16:37:43 INFO DAGScheduler: Missing parents: List()","logger":"airflow.task.hooks.airflow.providers.apache.spark.hooks.spark_submit.SparkSubmitHook","filename":"spark_submit.py","lineno":644}
{"timestamp":"2026-01-11T16:37:43.612171Z","level":"info","event":"26/01/11 16:37:43 INFO DAGScheduler: Submitting ResultStage 27 (MapPartitionsRDD[118] at count at NativeMethodAccessorImpl.java:0), which has no missing parents","logger":"airflow.task.hooks.airflow.providers.apache.spark.hooks.spark_submit.SparkSubmitHook","filename":"spark_submit.py","lineno":644}
{"timestamp":"2026-01-11T16:37:43.616598Z","level":"info","event":"26/01/11 16:37:43 INFO MemoryStore: Block broadcast_41 stored as values in memory (estimated size 12.5 KiB, free 1047.6 MiB)","logger":"airflow.task.hooks.airflow.providers.apache.spark.hooks.spark_submit.SparkSubmitHook","filename":"spark_submit.py","lineno":644}
{"timestamp":"2026-01-11T16:37:43.621203Z","level":"info","event":"26/01/11 16:37:43 INFO MemoryStore: Block broadcast_41_piece0 stored as bytes in memory (estimated size 5.9 KiB, free 1047.6 MiB)","logger":"airflow.task.hooks.airflow.providers.apache.spark.hooks.spark_submit.SparkSubmitHook","filename":"spark_submit.py","lineno":644}
{"timestamp":"2026-01-11T16:37:43.622863Z","level":"info","event":"26/01/11 16:37:43 INFO BlockManagerInfo: Added broadcast_41_piece0 in memory on localhost:39589 (size: 5.9 KiB, free: 1048.6 MiB)","logger":"airflow.task.hooks.airflow.providers.apache.spark.hooks.spark_submit.SparkSubmitHook","filename":"spark_submit.py","lineno":644}
{"timestamp":"2026-01-11T16:37:43.625408Z","level":"info","event":"26/01/11 16:37:43 INFO SparkContext: Created broadcast 41 from broadcast at DAGScheduler.scala:1580","logger":"airflow.task.hooks.airflow.providers.apache.spark.hooks.spark_submit.SparkSubmitHook","filename":"spark_submit.py","lineno":644}
{"timestamp":"2026-01-11T16:37:43.625842Z","level":"info","event":"26/01/11 16:37:43 INFO DAGScheduler: Submitting 1 missing tasks from ResultStage 27 (MapPartitionsRDD[118] at count at NativeMethodAccessorImpl.java:0) (first 15 tasks are for partitions Vector(0))","logger":"airflow.task.hooks.airflow.providers.apache.spark.hooks.spark_submit.SparkSubmitHook","filename":"spark_submit.py","lineno":644}
{"timestamp":"2026-01-11T16:37:43.626181Z","level":"info","event":"26/01/11 16:37:43 INFO TaskSchedulerImpl: Adding task set 27.0 with 1 tasks resource profile 0","logger":"airflow.task.hooks.airflow.providers.apache.spark.hooks.spark_submit.SparkSubmitHook","filename":"spark_submit.py","lineno":644}
{"timestamp":"2026-01-11T16:37:43.627507Z","level":"info","event":"26/01/11 16:37:43 INFO TaskSetManager: Starting task 0.0 in stage 27.0 (TID 39) (localhost, executor driver, partition 0, NODE_LOCAL, 7615 bytes)","logger":"airflow.task.hooks.airflow.providers.apache.spark.hooks.spark_submit.SparkSubmitHook","filename":"spark_submit.py","lineno":644}
{"timestamp":"2026-01-11T16:37:43.628800Z","level":"info","event":"26/01/11 16:37:43 INFO Executor: Running task 0.0 in stage 27.0 (TID 39)","logger":"airflow.task.hooks.airflow.providers.apache.spark.hooks.spark_submit.SparkSubmitHook","filename":"spark_submit.py","lineno":644}
{"timestamp":"2026-01-11T16:37:43.636078Z","level":"info","event":"26/01/11 16:37:43 INFO ShuffleBlockFetcherIterator: Getting 1 (60.0 B) non-empty blocks including 1 (60.0 B) local and 0 (0.0 B) host-local and 0 (0.0 B) push-merged-local and 0 (0.0 B) remote blocks","logger":"airflow.task.hooks.airflow.providers.apache.spark.hooks.spark_submit.SparkSubmitHook","filename":"spark_submit.py","lineno":644}
{"timestamp":"2026-01-11T16:37:43.636317Z","level":"info","event":"26/01/11 16:37:43 INFO ShuffleBlockFetcherIterator: Started 0 remote fetches in 1 ms","logger":"airflow.task.hooks.airflow.providers.apache.spark.hooks.spark_submit.SparkSubmitHook","filename":"spark_submit.py","lineno":644}
{"timestamp":"2026-01-11T16:37:43.651290Z","level":"info","event":"26/01/11 16:37:43 INFO Executor: Finished task 0.0 in stage 27.0 (TID 39). 4038 bytes result sent to driver","logger":"airflow.task.hooks.airflow.providers.apache.spark.hooks.spark_submit.SparkSubmitHook","filename":"spark_submit.py","lineno":644}
{"timestamp":"2026-01-11T16:37:43.654086Z","level":"info","event":"26/01/11 16:37:43 INFO TaskSetManager: Finished task 0.0 in stage 27.0 (TID 39) in 26 ms on localhost (executor driver) (1/1)","logger":"airflow.task.hooks.airflow.providers.apache.spark.hooks.spark_submit.SparkSubmitHook","filename":"spark_submit.py","lineno":644}
{"timestamp":"2026-01-11T16:37:43.654208Z","level":"info","event":"26/01/11 16:37:43 INFO TaskSchedulerImpl: Removed TaskSet 27.0, whose tasks have all completed, from pool","logger":"airflow.task.hooks.airflow.providers.apache.spark.hooks.spark_submit.SparkSubmitHook","filename":"spark_submit.py","lineno":644}
{"timestamp":"2026-01-11T16:37:43.655104Z","level":"info","event":"26/01/11 16:37:43 INFO DAGScheduler: ResultStage 27 (count at NativeMethodAccessorImpl.java:0) finished in 0.042 s","logger":"airflow.task.hooks.airflow.providers.apache.spark.hooks.spark_submit.SparkSubmitHook","filename":"spark_submit.py","lineno":644}
{"timestamp":"2026-01-11T16:37:43.655156Z","level":"info","event":"26/01/11 16:37:43 INFO DAGScheduler: Job 20 is finished. Cancelling potential speculative or zombie tasks for this job","logger":"airflow.task.hooks.airflow.providers.apache.spark.hooks.spark_submit.SparkSubmitHook","filename":"spark_submit.py","lineno":644}
{"timestamp":"2026-01-11T16:37:43.655174Z","level":"info","event":"26/01/11 16:37:43 INFO TaskSchedulerImpl: Killing all running tasks in stage 27: Stage finished","logger":"airflow.task.hooks.airflow.providers.apache.spark.hooks.spark_submit.SparkSubmitHook","filename":"spark_submit.py","lineno":644}
{"timestamp":"2026-01-11T16:37:43.655958Z","level":"info","event":"26/01/11 16:37:43 INFO DAGScheduler: Job 20 finished: count at NativeMethodAccessorImpl.java:0, took 0.049096 s","logger":"airflow.task.hooks.airflow.providers.apache.spark.hooks.spark_submit.SparkSubmitHook","filename":"spark_submit.py","lineno":644}
{"timestamp":"2026-01-11T16:37:43.658912Z","level":"info","event":"Loaded olist_products with 32951 records for cleaning.","logger":"airflow.task.hooks.airflow.providers.apache.spark.hooks.spark_submit.SparkSubmitHook","filename":"spark_submit.py","lineno":644}
{"timestamp":"2026-01-11T16:37:43.676792Z","level":"info","event":"root","logger":"airflow.task.hooks.airflow.providers.apache.spark.hooks.spark_submit.SparkSubmitHook","filename":"spark_submit.py","lineno":644}
{"timestamp":"2026-01-11T16:37:43.676998Z","level":"info","event":"|-- product_id: string (nullable = true)","logger":"airflow.task.hooks.airflow.providers.apache.spark.hooks.spark_submit.SparkSubmitHook","filename":"spark_submit.py","lineno":644}
{"timestamp":"2026-01-11T16:37:43.677097Z","level":"info","event":"|-- product_category_name: string (nullable = true)","logger":"airflow.task.hooks.airflow.providers.apache.spark.hooks.spark_submit.SparkSubmitHook","filename":"spark_submit.py","lineno":644}
{"timestamp":"2026-01-11T16:37:43.677150Z","level":"info","event":"|-- product_name_lenght: string (nullable = true)","logger":"airflow.task.hooks.airflow.providers.apache.spark.hooks.spark_submit.SparkSubmitHook","filename":"spark_submit.py","lineno":644}
{"timestamp":"2026-01-11T16:37:43.677199Z","level":"info","event":"|-- product_description_lenght: string (nullable = true)","logger":"airflow.task.hooks.airflow.providers.apache.spark.hooks.spark_submit.SparkSubmitHook","filename":"spark_submit.py","lineno":644}
{"timestamp":"2026-01-11T16:37:43.677247Z","level":"info","event":"|-- product_photos_qty: string (nullable = true)","logger":"airflow.task.hooks.airflow.providers.apache.spark.hooks.spark_submit.SparkSubmitHook","filename":"spark_submit.py","lineno":644}
{"timestamp":"2026-01-11T16:37:43.677304Z","level":"info","event":"|-- product_weight_g: string (nullable = true)","logger":"airflow.task.hooks.airflow.providers.apache.spark.hooks.spark_submit.SparkSubmitHook","filename":"spark_submit.py","lineno":644}
{"timestamp":"2026-01-11T16:37:43.677358Z","level":"info","event":"|-- product_length_cm: string (nullable = true)","logger":"airflow.task.hooks.airflow.providers.apache.spark.hooks.spark_submit.SparkSubmitHook","filename":"spark_submit.py","lineno":644}
{"timestamp":"2026-01-11T16:37:43.677420Z","level":"info","event":"|-- product_height_cm: string (nullable = true)","logger":"airflow.task.hooks.airflow.providers.apache.spark.hooks.spark_submit.SparkSubmitHook","filename":"spark_submit.py","lineno":644}
{"timestamp":"2026-01-11T16:37:43.677479Z","level":"info","event":"|-- product_width_cm: string (nullable = true)","logger":"airflow.task.hooks.airflow.providers.apache.spark.hooks.spark_submit.SparkSubmitHook","filename":"spark_submit.py","lineno":644}
{"timestamp":"2026-01-11T16:37:43.677542Z","level":"info","event":"","logger":"airflow.task.hooks.airflow.providers.apache.spark.hooks.spark_submit.SparkSubmitHook","filename":"spark_submit.py","lineno":644}
{"timestamp":"2026-01-11T16:37:43.715744Z","level":"info","event":"26/01/11 16:37:43 INFO InMemoryFileIndex: It took 2 ms to list leaf files for 1 paths.","logger":"airflow.task.hooks.airflow.providers.apache.spark.hooks.spark_submit.SparkSubmitHook","filename":"spark_submit.py","lineno":644}
{"timestamp":"2026-01-11T16:37:43.723424Z","level":"info","event":"26/01/11 16:37:43 INFO InMemoryFileIndex: It took 2 ms to list leaf files for 1 paths.","logger":"airflow.task.hooks.airflow.providers.apache.spark.hooks.spark_submit.SparkSubmitHook","filename":"spark_submit.py","lineno":644}
{"timestamp":"2026-01-11T16:37:43.832771Z","level":"info","event":"26/01/11 16:37:43 INFO FileSourceStrategy: Pushed Filters:","logger":"airflow.task.hooks.airflow.providers.apache.spark.hooks.spark_submit.SparkSubmitHook","filename":"spark_submit.py","lineno":644}
{"timestamp":"2026-01-11T16:37:43.833314Z","level":"info","event":"26/01/11 16:37:43 INFO FileSourceStrategy: Post-Scan Filters: (length(trim(value#292, None)) > 0)","logger":"airflow.task.hooks.airflow.providers.apache.spark.hooks.spark_submit.SparkSubmitHook","filename":"spark_submit.py","lineno":644}
{"timestamp":"2026-01-11T16:37:43.852439Z","level":"info","event":"26/01/11 16:37:43 INFO MemoryStore: Block broadcast_42 stored as values in memory (estimated size 199.5 KiB, free 1047.4 MiB)","logger":"airflow.task.hooks.airflow.providers.apache.spark.hooks.spark_submit.SparkSubmitHook","filename":"spark_submit.py","lineno":644}
{"timestamp":"2026-01-11T16:37:43.883409Z","level":"info","event":"26/01/11 16:37:43 INFO MemoryStore: Block broadcast_42_piece0 stored as bytes in memory (estimated size 34.2 KiB, free 1047.4 MiB)","logger":"airflow.task.hooks.airflow.providers.apache.spark.hooks.spark_submit.SparkSubmitHook","filename":"spark_submit.py","lineno":644}
{"timestamp":"2026-01-11T16:37:43.884159Z","level":"info","event":"26/01/11 16:37:43 INFO BlockManagerInfo: Added broadcast_42_piece0 in memory on localhost:39589 (size: 34.2 KiB, free: 1048.6 MiB)","logger":"airflow.task.hooks.airflow.providers.apache.spark.hooks.spark_submit.SparkSubmitHook","filename":"spark_submit.py","lineno":644}
{"timestamp":"2026-01-11T16:37:43.884915Z","level":"info","event":"26/01/11 16:37:43 INFO SparkContext: Created broadcast 42 from csv at NativeMethodAccessorImpl.java:0","logger":"airflow.task.hooks.airflow.providers.apache.spark.hooks.spark_submit.SparkSubmitHook","filename":"spark_submit.py","lineno":644}
{"timestamp":"2026-01-11T16:37:43.886480Z","level":"info","event":"26/01/11 16:37:43 INFO FileSourceScanExec: Planning scan with bin packing, max size: 4194304 bytes, open cost is considered as scanning 4194304 bytes.","logger":"airflow.task.hooks.airflow.providers.apache.spark.hooks.spark_submit.SparkSubmitHook","filename":"spark_submit.py","lineno":644}
{"timestamp":"2026-01-11T16:37:43.914525Z","level":"info","event":"26/01/11 16:37:43 INFO SparkContext: Starting job: csv at NativeMethodAccessorImpl.java:0","logger":"airflow.task.hooks.airflow.providers.apache.spark.hooks.spark_submit.SparkSubmitHook","filename":"spark_submit.py","lineno":644}
{"timestamp":"2026-01-11T16:37:43.916011Z","level":"info","event":"26/01/11 16:37:43 INFO DAGScheduler: Got job 21 (csv at NativeMethodAccessorImpl.java:0) with 1 output partitions","logger":"airflow.task.hooks.airflow.providers.apache.spark.hooks.spark_submit.SparkSubmitHook","filename":"spark_submit.py","lineno":644}
{"timestamp":"2026-01-11T16:37:43.916108Z","level":"info","event":"26/01/11 16:37:43 INFO DAGScheduler: Final stage: ResultStage 28 (csv at NativeMethodAccessorImpl.java:0)","logger":"airflow.task.hooks.airflow.providers.apache.spark.hooks.spark_submit.SparkSubmitHook","filename":"spark_submit.py","lineno":644}
{"timestamp":"2026-01-11T16:37:43.916143Z","level":"info","event":"26/01/11 16:37:43 INFO DAGScheduler: Parents of final stage: List()","logger":"airflow.task.hooks.airflow.providers.apache.spark.hooks.spark_submit.SparkSubmitHook","filename":"spark_submit.py","lineno":644}
{"timestamp":"2026-01-11T16:37:43.916202Z","level":"info","event":"26/01/11 16:37:43 INFO DAGScheduler: Missing parents: List()","logger":"airflow.task.hooks.airflow.providers.apache.spark.hooks.spark_submit.SparkSubmitHook","filename":"spark_submit.py","lineno":644}
{"timestamp":"2026-01-11T16:37:43.916613Z","level":"info","event":"26/01/11 16:37:43 INFO DAGScheduler: Submitting ResultStage 28 (MapPartitionsRDD[122] at csv at NativeMethodAccessorImpl.java:0), which has no missing parents","logger":"airflow.task.hooks.airflow.providers.apache.spark.hooks.spark_submit.SparkSubmitHook","filename":"spark_submit.py","lineno":644}
{"timestamp":"2026-01-11T16:37:43.920780Z","level":"info","event":"26/01/11 16:37:43 INFO MemoryStore: Block broadcast_43 stored as values in memory (estimated size 13.5 KiB, free 1047.4 MiB)","logger":"airflow.task.hooks.airflow.providers.apache.spark.hooks.spark_submit.SparkSubmitHook","filename":"spark_submit.py","lineno":644}
{"timestamp":"2026-01-11T16:37:43.926803Z","level":"info","event":"26/01/11 16:37:43 INFO MemoryStore: Block broadcast_43_piece0 stored as bytes in memory (estimated size 6.4 KiB, free 1047.3 MiB)","logger":"airflow.task.hooks.airflow.providers.apache.spark.hooks.spark_submit.SparkSubmitHook","filename":"spark_submit.py","lineno":644}
{"timestamp":"2026-01-11T16:37:43.927147Z","level":"info","event":"26/01/11 16:37:43 INFO BlockManagerInfo: Added broadcast_43_piece0 in memory on localhost:39589 (size: 6.4 KiB, free: 1048.6 MiB)","logger":"airflow.task.hooks.airflow.providers.apache.spark.hooks.spark_submit.SparkSubmitHook","filename":"spark_submit.py","lineno":644}
{"timestamp":"2026-01-11T16:37:43.928304Z","level":"info","event":"26/01/11 16:37:43 INFO SparkContext: Created broadcast 43 from broadcast at DAGScheduler.scala:1580","logger":"airflow.task.hooks.airflow.providers.apache.spark.hooks.spark_submit.SparkSubmitHook","filename":"spark_submit.py","lineno":644}
{"timestamp":"2026-01-11T16:37:43.929056Z","level":"info","event":"26/01/11 16:37:43 INFO DAGScheduler: Submitting 1 missing tasks from ResultStage 28 (MapPartitionsRDD[122] at csv at NativeMethodAccessorImpl.java:0) (first 15 tasks are for partitions Vector(0))","logger":"airflow.task.hooks.airflow.providers.apache.spark.hooks.spark_submit.SparkSubmitHook","filename":"spark_submit.py","lineno":644}
{"timestamp":"2026-01-11T16:37:43.929136Z","level":"info","event":"26/01/11 16:37:43 INFO TaskSchedulerImpl: Adding task set 28.0 with 1 tasks resource profile 0","logger":"airflow.task.hooks.airflow.providers.apache.spark.hooks.spark_submit.SparkSubmitHook","filename":"spark_submit.py","lineno":644}
{"timestamp":"2026-01-11T16:37:43.931631Z","level":"info","event":"26/01/11 16:37:43 INFO TaskSetManager: Starting task 0.0 in stage 28.0 (TID 40) (localhost, executor driver, partition 0, PROCESS_LOCAL, 8277 bytes)","logger":"airflow.task.hooks.airflow.providers.apache.spark.hooks.spark_submit.SparkSubmitHook","filename":"spark_submit.py","lineno":644}
{"timestamp":"2026-01-11T16:37:43.933782Z","level":"info","event":"26/01/11 16:37:43 INFO Executor: Running task 0.0 in stage 28.0 (TID 40)","logger":"airflow.task.hooks.airflow.providers.apache.spark.hooks.spark_submit.SparkSubmitHook","filename":"spark_submit.py","lineno":644}
{"timestamp":"2026-01-11T16:37:43.943326Z","level":"info","event":"26/01/11 16:37:43 INFO FileScanRDD: Reading File path: file:///opt/airflow/data/raw/olist_sellers/part-00000-7a4fbb7a-24f7-4cbb-8f39-183665f7786e-c000.csv, range: 0-164617, partition values: [empty row]","logger":"airflow.task.hooks.airflow.providers.apache.spark.hooks.spark_submit.SparkSubmitHook","filename":"spark_submit.py","lineno":644}
{"timestamp":"2026-01-11T16:37:43.954024Z","level":"info","event":"26/01/11 16:37:43 INFO Executor: Finished task 0.0 in stage 28.0 (TID 40). 1664 bytes result sent to driver","logger":"airflow.task.hooks.airflow.providers.apache.spark.hooks.spark_submit.SparkSubmitHook","filename":"spark_submit.py","lineno":644}
{"timestamp":"2026-01-11T16:37:43.955773Z","level":"info","event":"26/01/11 16:37:43 INFO TaskSetManager: Finished task 0.0 in stage 28.0 (TID 40) in 25 ms on localhost (executor driver) (1/1)","logger":"airflow.task.hooks.airflow.providers.apache.spark.hooks.spark_submit.SparkSubmitHook","filename":"spark_submit.py","lineno":644}
{"timestamp":"2026-01-11T16:37:43.955938Z","level":"info","event":"26/01/11 16:37:43 INFO TaskSchedulerImpl: Removed TaskSet 28.0, whose tasks have all completed, from pool","logger":"airflow.task.hooks.airflow.providers.apache.spark.hooks.spark_submit.SparkSubmitHook","filename":"spark_submit.py","lineno":644}
{"timestamp":"2026-01-11T16:37:43.957901Z","level":"info","event":"26/01/11 16:37:43 INFO DAGScheduler: ResultStage 28 (csv at NativeMethodAccessorImpl.java:0) finished in 0.038 s","logger":"airflow.task.hooks.airflow.providers.apache.spark.hooks.spark_submit.SparkSubmitHook","filename":"spark_submit.py","lineno":644}
{"timestamp":"2026-01-11T16:37:43.958022Z","level":"info","event":"26/01/11 16:37:43 INFO DAGScheduler: Job 21 is finished. Cancelling potential speculative or zombie tasks for this job","logger":"airflow.task.hooks.airflow.providers.apache.spark.hooks.spark_submit.SparkSubmitHook","filename":"spark_submit.py","lineno":644}
{"timestamp":"2026-01-11T16:37:43.958060Z","level":"info","event":"26/01/11 16:37:43 INFO TaskSchedulerImpl: Killing all running tasks in stage 28: Stage finished","logger":"airflow.task.hooks.airflow.providers.apache.spark.hooks.spark_submit.SparkSubmitHook","filename":"spark_submit.py","lineno":644}
{"timestamp":"2026-01-11T16:37:43.958096Z","level":"info","event":"26/01/11 16:37:43 INFO DAGScheduler: Job 21 finished: csv at NativeMethodAccessorImpl.java:0, took 0.043315 s","logger":"airflow.task.hooks.airflow.providers.apache.spark.hooks.spark_submit.SparkSubmitHook","filename":"spark_submit.py","lineno":644}
{"timestamp":"2026-01-11T16:37:43.980181Z","level":"info","event":"26/01/11 16:37:43 INFO FileSourceStrategy: Pushed Filters:","logger":"airflow.task.hooks.airflow.providers.apache.spark.hooks.spark_submit.SparkSubmitHook","filename":"spark_submit.py","lineno":644}
{"timestamp":"2026-01-11T16:37:43.980394Z","level":"info","event":"26/01/11 16:37:43 INFO FileSourceStrategy: Post-Scan Filters:","logger":"airflow.task.hooks.airflow.providers.apache.spark.hooks.spark_submit.SparkSubmitHook","filename":"spark_submit.py","lineno":644}
{"timestamp":"2026-01-11T16:37:43.985162Z","level":"info","event":"26/01/11 16:37:43 INFO MemoryStore: Block broadcast_44 stored as values in memory (estimated size 199.5 KiB, free 1047.2 MiB)","logger":"airflow.task.hooks.airflow.providers.apache.spark.hooks.spark_submit.SparkSubmitHook","filename":"spark_submit.py","lineno":644}
{"timestamp":"2026-01-11T16:37:44.018362Z","level":"info","event":"26/01/11 16:37:44 INFO MemoryStore: Block broadcast_44_piece0 stored as bytes in memory (estimated size 34.2 KiB, free 1047.1 MiB)","logger":"airflow.task.hooks.airflow.providers.apache.spark.hooks.spark_submit.SparkSubmitHook","filename":"spark_submit.py","lineno":644}
{"timestamp":"2026-01-11T16:37:44.019246Z","level":"info","event":"26/01/11 16:37:44 INFO BlockManagerInfo: Added broadcast_44_piece0 in memory on localhost:39589 (size: 34.2 KiB, free: 1048.5 MiB)","logger":"airflow.task.hooks.airflow.providers.apache.spark.hooks.spark_submit.SparkSubmitHook","filename":"spark_submit.py","lineno":644}
{"timestamp":"2026-01-11T16:37:44.023260Z","level":"info","event":"26/01/11 16:37:44 INFO SparkContext: Created broadcast 44 from csv at NativeMethodAccessorImpl.java:0","logger":"airflow.task.hooks.airflow.providers.apache.spark.hooks.spark_submit.SparkSubmitHook","filename":"spark_submit.py","lineno":644}
{"timestamp":"2026-01-11T16:37:44.025532Z","level":"info","event":"26/01/11 16:37:44 INFO FileSourceScanExec: Planning scan with bin packing, max size: 4194304 bytes, open cost is considered as scanning 4194304 bytes.","logger":"airflow.task.hooks.airflow.providers.apache.spark.hooks.spark_submit.SparkSubmitHook","filename":"spark_submit.py","lineno":644}
{"timestamp":"2026-01-11T16:37:44.254906Z","level":"info","event":"____________________________________________________","logger":"airflow.task.hooks.airflow.providers.apache.spark.hooks.spark_submit.SparkSubmitHook","filename":"spark_submit.py","lineno":644}
{"timestamp":"2026-01-11T16:37:44.313064Z","level":"info","event":"26/01/11 16:37:44 INFO FileSourceStrategy: Pushed Filters:","logger":"airflow.task.hooks.airflow.providers.apache.spark.hooks.spark_submit.SparkSubmitHook","filename":"spark_submit.py","lineno":644}
{"timestamp":"2026-01-11T16:37:44.313450Z","level":"info","event":"26/01/11 16:37:44 INFO FileSourceStrategy: Post-Scan Filters:","logger":"airflow.task.hooks.airflow.providers.apache.spark.hooks.spark_submit.SparkSubmitHook","filename":"spark_submit.py","lineno":644}
{"timestamp":"2026-01-11T16:37:44.360398Z","level":"info","event":"26/01/11 16:37:44 INFO MemoryStore: Block broadcast_45 stored as values in memory (estimated size 199.4 KiB, free 1046.9 MiB)","logger":"airflow.task.hooks.airflow.providers.apache.spark.hooks.spark_submit.SparkSubmitHook","filename":"spark_submit.py","lineno":644}
{"timestamp":"2026-01-11T16:37:44.400824Z","level":"info","event":"26/01/11 16:37:44 INFO MemoryStore: Block broadcast_45_piece0 stored as bytes in memory (estimated size 34.2 KiB, free 1046.9 MiB)","logger":"airflow.task.hooks.airflow.providers.apache.spark.hooks.spark_submit.SparkSubmitHook","filename":"spark_submit.py","lineno":644}
{"timestamp":"2026-01-11T16:37:44.401368Z","level":"info","event":"26/01/11 16:37:44 INFO BlockManagerInfo: Added broadcast_45_piece0 in memory on localhost:39589 (size: 34.2 KiB, free: 1048.5 MiB)","logger":"airflow.task.hooks.airflow.providers.apache.spark.hooks.spark_submit.SparkSubmitHook","filename":"spark_submit.py","lineno":644}
{"timestamp":"2026-01-11T16:37:44.405875Z","level":"info","event":"26/01/11 16:37:44 INFO SparkContext: Created broadcast 45 from count at NativeMethodAccessorImpl.java:0","logger":"airflow.task.hooks.airflow.providers.apache.spark.hooks.spark_submit.SparkSubmitHook","filename":"spark_submit.py","lineno":644}
{"timestamp":"2026-01-11T16:37:44.411150Z","level":"info","event":"26/01/11 16:37:44 INFO FileSourceScanExec: Planning scan with bin packing, max size: 4194304 bytes, open cost is considered as scanning 4194304 bytes.","logger":"airflow.task.hooks.airflow.providers.apache.spark.hooks.spark_submit.SparkSubmitHook","filename":"spark_submit.py","lineno":644}
{"timestamp":"2026-01-11T16:37:44.447156Z","level":"info","event":"26/01/11 16:37:44 INFO DAGScheduler: Registering RDD 132 (count at NativeMethodAccessorImpl.java:0) as input to shuffle 7","logger":"airflow.task.hooks.airflow.providers.apache.spark.hooks.spark_submit.SparkSubmitHook","filename":"spark_submit.py","lineno":644}
{"timestamp":"2026-01-11T16:37:44.450635Z","level":"info","event":"26/01/11 16:37:44 INFO DAGScheduler: Got map stage job 22 (count at NativeMethodAccessorImpl.java:0) with 1 output partitions","logger":"airflow.task.hooks.airflow.providers.apache.spark.hooks.spark_submit.SparkSubmitHook","filename":"spark_submit.py","lineno":644}
{"timestamp":"2026-01-11T16:37:44.450795Z","level":"info","event":"26/01/11 16:37:44 INFO DAGScheduler: Final stage: ShuffleMapStage 29 (count at NativeMethodAccessorImpl.java:0)","logger":"airflow.task.hooks.airflow.providers.apache.spark.hooks.spark_submit.SparkSubmitHook","filename":"spark_submit.py","lineno":644}
{"timestamp":"2026-01-11T16:37:44.454700Z","level":"info","event":"26/01/11 16:37:44 INFO DAGScheduler: Parents of final stage: List()","logger":"airflow.task.hooks.airflow.providers.apache.spark.hooks.spark_submit.SparkSubmitHook","filename":"spark_submit.py","lineno":644}
{"timestamp":"2026-01-11T16:37:44.454908Z","level":"info","event":"26/01/11 16:37:44 INFO DAGScheduler: Missing parents: List()","logger":"airflow.task.hooks.airflow.providers.apache.spark.hooks.spark_submit.SparkSubmitHook","filename":"spark_submit.py","lineno":644}
{"timestamp":"2026-01-11T16:37:44.454973Z","level":"info","event":"26/01/11 16:37:44 INFO DAGScheduler: Submitting ShuffleMapStage 29 (MapPartitionsRDD[132] at count at NativeMethodAccessorImpl.java:0), which has no missing parents","logger":"airflow.task.hooks.airflow.providers.apache.spark.hooks.spark_submit.SparkSubmitHook","filename":"spark_submit.py","lineno":644}
{"timestamp":"2026-01-11T16:37:44.479803Z","level":"info","event":"26/01/11 16:37:44 INFO MemoryStore: Block broadcast_46 stored as values in memory (estimated size 17.8 KiB, free 1046.9 MiB)","logger":"airflow.task.hooks.airflow.providers.apache.spark.hooks.spark_submit.SparkSubmitHook","filename":"spark_submit.py","lineno":644}
{"timestamp":"2026-01-11T16:37:44.486362Z","level":"info","event":"26/01/11 16:37:44 INFO MemoryStore: Block broadcast_46_piece0 stored as bytes in memory (estimated size 8.8 KiB, free 1046.9 MiB)","logger":"airflow.task.hooks.airflow.providers.apache.spark.hooks.spark_submit.SparkSubmitHook","filename":"spark_submit.py","lineno":644}
{"timestamp":"2026-01-11T16:37:44.486487Z","level":"info","event":"26/01/11 16:37:44 INFO BlockManagerInfo: Added broadcast_46_piece0 in memory on localhost:39589 (size: 8.8 KiB, free: 1048.5 MiB)","logger":"airflow.task.hooks.airflow.providers.apache.spark.hooks.spark_submit.SparkSubmitHook","filename":"spark_submit.py","lineno":644}
{"timestamp":"2026-01-11T16:37:44.487571Z","level":"info","event":"26/01/11 16:37:44 INFO SparkContext: Created broadcast 46 from broadcast at DAGScheduler.scala:1580","logger":"airflow.task.hooks.airflow.providers.apache.spark.hooks.spark_submit.SparkSubmitHook","filename":"spark_submit.py","lineno":644}
{"timestamp":"2026-01-11T16:37:44.492125Z","level":"info","event":"26/01/11 16:37:44 INFO DAGScheduler: Submitting 1 missing tasks from ShuffleMapStage 29 (MapPartitionsRDD[132] at count at NativeMethodAccessorImpl.java:0) (first 15 tasks are for partitions Vector(0))","logger":"airflow.task.hooks.airflow.providers.apache.spark.hooks.spark_submit.SparkSubmitHook","filename":"spark_submit.py","lineno":644}
{"timestamp":"2026-01-11T16:37:44.493226Z","level":"info","event":"26/01/11 16:37:44 INFO TaskSchedulerImpl: Adding task set 29.0 with 1 tasks resource profile 0","logger":"airflow.task.hooks.airflow.providers.apache.spark.hooks.spark_submit.SparkSubmitHook","filename":"spark_submit.py","lineno":644}
{"timestamp":"2026-01-11T16:37:44.500293Z","level":"info","event":"26/01/11 16:37:44 INFO TaskSetManager: Starting task 0.0 in stage 29.0 (TID 41) (localhost, executor driver, partition 0, PROCESS_LOCAL, 8266 bytes)","logger":"airflow.task.hooks.airflow.providers.apache.spark.hooks.spark_submit.SparkSubmitHook","filename":"spark_submit.py","lineno":644}
{"timestamp":"2026-01-11T16:37:44.510791Z","level":"info","event":"26/01/11 16:37:44 INFO Executor: Running task 0.0 in stage 29.0 (TID 41)","logger":"airflow.task.hooks.airflow.providers.apache.spark.hooks.spark_submit.SparkSubmitHook","filename":"spark_submit.py","lineno":644}
{"timestamp":"2026-01-11T16:37:44.582022Z","level":"info","event":"26/01/11 16:37:44 INFO FileScanRDD: Reading File path: file:///opt/airflow/data/raw/olist_sellers/part-00000-7a4fbb7a-24f7-4cbb-8f39-183665f7786e-c000.csv, range: 0-164617, partition values: [empty row]","logger":"airflow.task.hooks.airflow.providers.apache.spark.hooks.spark_submit.SparkSubmitHook","filename":"spark_submit.py","lineno":644}
{"timestamp":"2026-01-11T16:37:44.701992Z","level":"info","event":"26/01/11 16:37:44 INFO Executor: Finished task 0.0 in stage 29.0 (TID 41). 1925 bytes result sent to driver","logger":"airflow.task.hooks.airflow.providers.apache.spark.hooks.spark_submit.SparkSubmitHook","filename":"spark_submit.py","lineno":644}
{"timestamp":"2026-01-11T16:37:44.712004Z","level":"info","event":"26/01/11 16:37:44 INFO TaskSetManager: Finished task 0.0 in stage 29.0 (TID 41) in 213 ms on localhost (executor driver) (1/1)","logger":"airflow.task.hooks.airflow.providers.apache.spark.hooks.spark_submit.SparkSubmitHook","filename":"spark_submit.py","lineno":644}
{"timestamp":"2026-01-11T16:37:44.713175Z","level":"info","event":"26/01/11 16:37:44 INFO TaskSchedulerImpl: Removed TaskSet 29.0, whose tasks have all completed, from pool","logger":"airflow.task.hooks.airflow.providers.apache.spark.hooks.spark_submit.SparkSubmitHook","filename":"spark_submit.py","lineno":644}
{"timestamp":"2026-01-11T16:37:44.721951Z","level":"info","event":"26/01/11 16:37:44 INFO DAGScheduler: ShuffleMapStage 29 (count at NativeMethodAccessorImpl.java:0) finished in 0.258 s","logger":"airflow.task.hooks.airflow.providers.apache.spark.hooks.spark_submit.SparkSubmitHook","filename":"spark_submit.py","lineno":644}
{"timestamp":"2026-01-11T16:37:44.731811Z","level":"info","event":"26/01/11 16:37:44 INFO DAGScheduler: looking for newly runnable stages","logger":"airflow.task.hooks.airflow.providers.apache.spark.hooks.spark_submit.SparkSubmitHook","filename":"spark_submit.py","lineno":644}
{"timestamp":"2026-01-11T16:37:44.731971Z","level":"info","event":"26/01/11 16:37:44 INFO DAGScheduler: running: Set()","logger":"airflow.task.hooks.airflow.providers.apache.spark.hooks.spark_submit.SparkSubmitHook","filename":"spark_submit.py","lineno":644}
{"timestamp":"2026-01-11T16:37:44.732009Z","level":"info","event":"26/01/11 16:37:44 INFO DAGScheduler: waiting: Set()","logger":"airflow.task.hooks.airflow.providers.apache.spark.hooks.spark_submit.SparkSubmitHook","filename":"spark_submit.py","lineno":644}
{"timestamp":"2026-01-11T16:37:44.732026Z","level":"info","event":"26/01/11 16:37:44 INFO DAGScheduler: failed: Set()","logger":"airflow.task.hooks.airflow.providers.apache.spark.hooks.spark_submit.SparkSubmitHook","filename":"spark_submit.py","lineno":644}
{"timestamp":"2026-01-11T16:37:44.895383Z","level":"info","event":"26/01/11 16:37:44 INFO SparkContext: Starting job: count at NativeMethodAccessorImpl.java:0","logger":"airflow.task.hooks.airflow.providers.apache.spark.hooks.spark_submit.SparkSubmitHook","filename":"spark_submit.py","lineno":644}
{"timestamp":"2026-01-11T16:37:44.899439Z","level":"info","event":"26/01/11 16:37:44 INFO DAGScheduler: Got job 23 (count at NativeMethodAccessorImpl.java:0) with 1 output partitions","logger":"airflow.task.hooks.airflow.providers.apache.spark.hooks.spark_submit.SparkSubmitHook","filename":"spark_submit.py","lineno":644}
{"timestamp":"2026-01-11T16:37:44.899561Z","level":"info","event":"26/01/11 16:37:44 INFO DAGScheduler: Final stage: ResultStage 31 (count at NativeMethodAccessorImpl.java:0)","logger":"airflow.task.hooks.airflow.providers.apache.spark.hooks.spark_submit.SparkSubmitHook","filename":"spark_submit.py","lineno":644}
{"timestamp":"2026-01-11T16:37:44.899601Z","level":"info","event":"26/01/11 16:37:44 INFO DAGScheduler: Parents of final stage: List(ShuffleMapStage 30)","logger":"airflow.task.hooks.airflow.providers.apache.spark.hooks.spark_submit.SparkSubmitHook","filename":"spark_submit.py","lineno":644}
{"timestamp":"2026-01-11T16:37:44.899631Z","level":"info","event":"26/01/11 16:37:44 INFO DAGScheduler: Missing parents: List()","logger":"airflow.task.hooks.airflow.providers.apache.spark.hooks.spark_submit.SparkSubmitHook","filename":"spark_submit.py","lineno":644}
{"timestamp":"2026-01-11T16:37:44.912054Z","level":"info","event":"26/01/11 16:37:44 INFO DAGScheduler: Submitting ResultStage 31 (MapPartitionsRDD[135] at count at NativeMethodAccessorImpl.java:0), which has no missing parents","logger":"airflow.task.hooks.airflow.providers.apache.spark.hooks.spark_submit.SparkSubmitHook","filename":"spark_submit.py","lineno":644}
{"timestamp":"2026-01-11T16:37:44.922101Z","level":"info","event":"26/01/11 16:37:44 INFO MemoryStore: Block broadcast_47 stored as values in memory (estimated size 12.5 KiB, free 1046.9 MiB)","logger":"airflow.task.hooks.airflow.providers.apache.spark.hooks.spark_submit.SparkSubmitHook","filename":"spark_submit.py","lineno":644}
{"timestamp":"2026-01-11T16:37:44.936712Z","level":"info","event":"26/01/11 16:37:44 INFO MemoryStore: Block broadcast_47_piece0 stored as bytes in memory (estimated size 5.9 KiB, free 1046.8 MiB)","logger":"airflow.task.hooks.airflow.providers.apache.spark.hooks.spark_submit.SparkSubmitHook","filename":"spark_submit.py","lineno":644}
{"timestamp":"2026-01-11T16:37:44.942066Z","level":"info","event":"26/01/11 16:37:44 INFO BlockManagerInfo: Added broadcast_47_piece0 in memory on localhost:39589 (size: 5.9 KiB, free: 1048.5 MiB)","logger":"airflow.task.hooks.airflow.providers.apache.spark.hooks.spark_submit.SparkSubmitHook","filename":"spark_submit.py","lineno":644}
{"timestamp":"2026-01-11T16:37:44.958679Z","level":"info","event":"26/01/11 16:37:44 INFO SparkContext: Created broadcast 47 from broadcast at DAGScheduler.scala:1580","logger":"airflow.task.hooks.airflow.providers.apache.spark.hooks.spark_submit.SparkSubmitHook","filename":"spark_submit.py","lineno":644}
{"timestamp":"2026-01-11T16:37:44.959586Z","level":"info","event":"26/01/11 16:37:44 INFO DAGScheduler: Submitting 1 missing tasks from ResultStage 31 (MapPartitionsRDD[135] at count at NativeMethodAccessorImpl.java:0) (first 15 tasks are for partitions Vector(0))","logger":"airflow.task.hooks.airflow.providers.apache.spark.hooks.spark_submit.SparkSubmitHook","filename":"spark_submit.py","lineno":644}
{"timestamp":"2026-01-11T16:37:44.971863Z","level":"info","event":"26/01/11 16:37:44 INFO TaskSchedulerImpl: Adding task set 31.0 with 1 tasks resource profile 0","logger":"airflow.task.hooks.airflow.providers.apache.spark.hooks.spark_submit.SparkSubmitHook","filename":"spark_submit.py","lineno":644}
{"timestamp":"2026-01-11T16:37:45.002460Z","level":"info","event":"26/01/11 16:37:44 INFO TaskSetManager: Starting task 0.0 in stage 31.0 (TID 42) (localhost, executor driver, partition 0, NODE_LOCAL, 7615 bytes)","logger":"airflow.task.hooks.airflow.providers.apache.spark.hooks.spark_submit.SparkSubmitHook","filename":"spark_submit.py","lineno":644}
{"timestamp":"2026-01-11T16:37:45.016920Z","level":"info","event":"26/01/11 16:37:45 INFO Executor: Running task 0.0 in stage 31.0 (TID 42)","logger":"airflow.task.hooks.airflow.providers.apache.spark.hooks.spark_submit.SparkSubmitHook","filename":"spark_submit.py","lineno":644}
{"timestamp":"2026-01-11T16:37:45.042145Z","level":"info","event":"26/01/11 16:37:45 INFO ShuffleBlockFetcherIterator: Getting 1 (60.0 B) non-empty blocks including 1 (60.0 B) local and 0 (0.0 B) host-local and 0 (0.0 B) push-merged-local and 0 (0.0 B) remote blocks","logger":"airflow.task.hooks.airflow.providers.apache.spark.hooks.spark_submit.SparkSubmitHook","filename":"spark_submit.py","lineno":644}
{"timestamp":"2026-01-11T16:37:45.051177Z","level":"info","event":"26/01/11 16:37:45 INFO ShuffleBlockFetcherIterator: Started 0 remote fetches in 6 ms","logger":"airflow.task.hooks.airflow.providers.apache.spark.hooks.spark_submit.SparkSubmitHook","filename":"spark_submit.py","lineno":644}
{"timestamp":"2026-01-11T16:37:45.055776Z","level":"info","event":"26/01/11 16:37:45 INFO Executor: Finished task 0.0 in stage 31.0 (TID 42). 4038 bytes result sent to driver","logger":"airflow.task.hooks.airflow.providers.apache.spark.hooks.spark_submit.SparkSubmitHook","filename":"spark_submit.py","lineno":644}
{"timestamp":"2026-01-11T16:37:45.058535Z","level":"info","event":"26/01/11 16:37:45 INFO TaskSetManager: Finished task 0.0 in stage 31.0 (TID 42) in 70 ms on localhost (executor driver) (1/1)","logger":"airflow.task.hooks.airflow.providers.apache.spark.hooks.spark_submit.SparkSubmitHook","filename":"spark_submit.py","lineno":644}
{"timestamp":"2026-01-11T16:37:45.058674Z","level":"info","event":"26/01/11 16:37:45 INFO TaskSchedulerImpl: Removed TaskSet 31.0, whose tasks have all completed, from pool","logger":"airflow.task.hooks.airflow.providers.apache.spark.hooks.spark_submit.SparkSubmitHook","filename":"spark_submit.py","lineno":644}
{"timestamp":"2026-01-11T16:37:45.062293Z","level":"info","event":"26/01/11 16:37:45 INFO DAGScheduler: ResultStage 31 (count at NativeMethodAccessorImpl.java:0) finished in 0.146 s","logger":"airflow.task.hooks.airflow.providers.apache.spark.hooks.spark_submit.SparkSubmitHook","filename":"spark_submit.py","lineno":644}
{"timestamp":"2026-01-11T16:37:45.063023Z","level":"info","event":"26/01/11 16:37:45 INFO DAGScheduler: Job 23 is finished. Cancelling potential speculative or zombie tasks for this job","logger":"airflow.task.hooks.airflow.providers.apache.spark.hooks.spark_submit.SparkSubmitHook","filename":"spark_submit.py","lineno":644}
{"timestamp":"2026-01-11T16:37:45.063438Z","level":"info","event":"26/01/11 16:37:45 INFO TaskSchedulerImpl: Killing all running tasks in stage 31: Stage finished","logger":"airflow.task.hooks.airflow.providers.apache.spark.hooks.spark_submit.SparkSubmitHook","filename":"spark_submit.py","lineno":644}
{"timestamp":"2026-01-11T16:37:45.067069Z","level":"info","event":"26/01/11 16:37:45 INFO DAGScheduler: Job 23 finished: count at NativeMethodAccessorImpl.java:0, took 0.172709 s","logger":"airflow.task.hooks.airflow.providers.apache.spark.hooks.spark_submit.SparkSubmitHook","filename":"spark_submit.py","lineno":644}
{"timestamp":"2026-01-11T16:37:45.077512Z","level":"info","event":"Loaded olist_sellers with 3095 records for cleaning.","logger":"airflow.task.hooks.airflow.providers.apache.spark.hooks.spark_submit.SparkSubmitHook","filename":"spark_submit.py","lineno":644}
{"timestamp":"2026-01-11T16:37:45.090894Z","level":"info","event":"root","logger":"airflow.task.hooks.airflow.providers.apache.spark.hooks.spark_submit.SparkSubmitHook","filename":"spark_submit.py","lineno":644}
{"timestamp":"2026-01-11T16:37:45.091029Z","level":"info","event":"|-- seller_id: string (nullable = true)","logger":"airflow.task.hooks.airflow.providers.apache.spark.hooks.spark_submit.SparkSubmitHook","filename":"spark_submit.py","lineno":644}
{"timestamp":"2026-01-11T16:37:45.091074Z","level":"info","event":"|-- seller_zip_code_prefix: string (nullable = true)","logger":"airflow.task.hooks.airflow.providers.apache.spark.hooks.spark_submit.SparkSubmitHook","filename":"spark_submit.py","lineno":644}
{"timestamp":"2026-01-11T16:37:45.091112Z","level":"info","event":"|-- seller_city: string (nullable = true)","logger":"airflow.task.hooks.airflow.providers.apache.spark.hooks.spark_submit.SparkSubmitHook","filename":"spark_submit.py","lineno":644}
{"timestamp":"2026-01-11T16:37:45.091141Z","level":"info","event":"|-- seller_state: string (nullable = true)","logger":"airflow.task.hooks.airflow.providers.apache.spark.hooks.spark_submit.SparkSubmitHook","filename":"spark_submit.py","lineno":644}
{"timestamp":"2026-01-11T16:37:45.091173Z","level":"info","event":"","logger":"airflow.task.hooks.airflow.providers.apache.spark.hooks.spark_submit.SparkSubmitHook","filename":"spark_submit.py","lineno":644}
{"timestamp":"2026-01-11T16:37:45.129337Z","level":"info","event":"26/01/11 16:37:45 INFO InMemoryFileIndex: It took 2 ms to list leaf files for 1 paths.","logger":"airflow.task.hooks.airflow.providers.apache.spark.hooks.spark_submit.SparkSubmitHook","filename":"spark_submit.py","lineno":644}
{"timestamp":"2026-01-11T16:37:45.145418Z","level":"info","event":"26/01/11 16:37:45 INFO InMemoryFileIndex: It took 0 ms to list leaf files for 1 paths.","logger":"airflow.task.hooks.airflow.providers.apache.spark.hooks.spark_submit.SparkSubmitHook","filename":"spark_submit.py","lineno":644}
{"timestamp":"2026-01-11T16:37:45.211920Z","level":"info","event":"26/01/11 16:37:45 INFO FileSourceStrategy: Pushed Filters:","logger":"airflow.task.hooks.airflow.providers.apache.spark.hooks.spark_submit.SparkSubmitHook","filename":"spark_submit.py","lineno":644}
{"timestamp":"2026-01-11T16:37:45.212111Z","level":"info","event":"26/01/11 16:37:45 INFO FileSourceStrategy: Post-Scan Filters: (length(trim(value#326, None)) > 0)","logger":"airflow.task.hooks.airflow.providers.apache.spark.hooks.spark_submit.SparkSubmitHook","filename":"spark_submit.py","lineno":644}
{"timestamp":"2026-01-11T16:37:45.224039Z","level":"info","event":"26/01/11 16:37:45 INFO MemoryStore: Block broadcast_48 stored as values in memory (estimated size 199.5 KiB, free 1046.7 MiB)","logger":"airflow.task.hooks.airflow.providers.apache.spark.hooks.spark_submit.SparkSubmitHook","filename":"spark_submit.py","lineno":644}
{"timestamp":"2026-01-11T16:37:45.274532Z","level":"info","event":"26/01/11 16:37:45 INFO BlockManagerInfo: Removed broadcast_46_piece0 on localhost:39589 in memory (size: 8.8 KiB, free: 1048.5 MiB)","logger":"airflow.task.hooks.airflow.providers.apache.spark.hooks.spark_submit.SparkSubmitHook","filename":"spark_submit.py","lineno":644}
{"timestamp":"2026-01-11T16:37:45.284463Z","level":"info","event":"26/01/11 16:37:45 INFO BlockManagerInfo: Removed broadcast_41_piece0 on localhost:39589 in memory (size: 5.9 KiB, free: 1048.5 MiB)","logger":"airflow.task.hooks.airflow.providers.apache.spark.hooks.spark_submit.SparkSubmitHook","filename":"spark_submit.py","lineno":644}
{"timestamp":"2026-01-11T16:37:45.286776Z","level":"info","event":"26/01/11 16:37:45 INFO MemoryStore: Block broadcast_48_piece0 stored as bytes in memory (estimated size 34.2 KiB, free 1046.7 MiB)","logger":"airflow.task.hooks.airflow.providers.apache.spark.hooks.spark_submit.SparkSubmitHook","filename":"spark_submit.py","lineno":644}
{"timestamp":"2026-01-11T16:37:45.287431Z","level":"info","event":"26/01/11 16:37:45 INFO BlockManagerInfo: Added broadcast_48_piece0 in memory on localhost:39589 (size: 34.2 KiB, free: 1048.5 MiB)","logger":"airflow.task.hooks.airflow.providers.apache.spark.hooks.spark_submit.SparkSubmitHook","filename":"spark_submit.py","lineno":644}
{"timestamp":"2026-01-11T16:37:45.291267Z","level":"info","event":"26/01/11 16:37:45 INFO SparkContext: Created broadcast 48 from csv at NativeMethodAccessorImpl.java:0","logger":"airflow.task.hooks.airflow.providers.apache.spark.hooks.spark_submit.SparkSubmitHook","filename":"spark_submit.py","lineno":644}
{"timestamp":"2026-01-11T16:37:45.297530Z","level":"info","event":"26/01/11 16:37:45 INFO FileSourceScanExec: Planning scan with bin packing, max size: 4194304 bytes, open cost is considered as scanning 4194304 bytes.","logger":"airflow.task.hooks.airflow.providers.apache.spark.hooks.spark_submit.SparkSubmitHook","filename":"spark_submit.py","lineno":644}
{"timestamp":"2026-01-11T16:37:45.300029Z","level":"info","event":"26/01/11 16:37:45 INFO BlockManagerInfo: Removed broadcast_42_piece0 on localhost:39589 in memory (size: 34.2 KiB, free: 1048.5 MiB)","logger":"airflow.task.hooks.airflow.providers.apache.spark.hooks.spark_submit.SparkSubmitHook","filename":"spark_submit.py","lineno":644}
{"timestamp":"2026-01-11T16:37:45.313664Z","level":"info","event":"26/01/11 16:37:45 INFO BlockManagerInfo: Removed broadcast_38_piece0 on localhost:39589 in memory (size: 34.2 KiB, free: 1048.5 MiB)","logger":"airflow.task.hooks.airflow.providers.apache.spark.hooks.spark_submit.SparkSubmitHook","filename":"spark_submit.py","lineno":644}
{"timestamp":"2026-01-11T16:37:45.325289Z","level":"info","event":"26/01/11 16:37:45 INFO BlockManagerInfo: Removed broadcast_45_piece0 on localhost:39589 in memory (size: 34.2 KiB, free: 1048.6 MiB)","logger":"airflow.task.hooks.airflow.providers.apache.spark.hooks.spark_submit.SparkSubmitHook","filename":"spark_submit.py","lineno":644}
{"timestamp":"2026-01-11T16:37:45.325423Z","level":"info","event":"26/01/11 16:37:45 INFO SparkContext: Starting job: csv at NativeMethodAccessorImpl.java:0","logger":"airflow.task.hooks.airflow.providers.apache.spark.hooks.spark_submit.SparkSubmitHook","filename":"spark_submit.py","lineno":644}
{"timestamp":"2026-01-11T16:37:45.328625Z","level":"info","event":"26/01/11 16:37:45 INFO DAGScheduler: Got job 24 (csv at NativeMethodAccessorImpl.java:0) with 1 output partitions","logger":"airflow.task.hooks.airflow.providers.apache.spark.hooks.spark_submit.SparkSubmitHook","filename":"spark_submit.py","lineno":644}
{"timestamp":"2026-01-11T16:37:45.328760Z","level":"info","event":"26/01/11 16:37:45 INFO DAGScheduler: Final stage: ResultStage 32 (csv at NativeMethodAccessorImpl.java:0)","logger":"airflow.task.hooks.airflow.providers.apache.spark.hooks.spark_submit.SparkSubmitHook","filename":"spark_submit.py","lineno":644}
{"timestamp":"2026-01-11T16:37:45.328801Z","level":"info","event":"26/01/11 16:37:45 INFO DAGScheduler: Parents of final stage: List()","logger":"airflow.task.hooks.airflow.providers.apache.spark.hooks.spark_submit.SparkSubmitHook","filename":"spark_submit.py","lineno":644}
{"timestamp":"2026-01-11T16:37:45.328838Z","level":"info","event":"26/01/11 16:37:45 INFO DAGScheduler: Missing parents: List()","logger":"airflow.task.hooks.airflow.providers.apache.spark.hooks.spark_submit.SparkSubmitHook","filename":"spark_submit.py","lineno":644}
{"timestamp":"2026-01-11T16:37:45.328988Z","level":"info","event":"26/01/11 16:37:45 INFO DAGScheduler: Submitting ResultStage 32 (MapPartitionsRDD[139] at csv at NativeMethodAccessorImpl.java:0), which has no missing parents","logger":"airflow.task.hooks.airflow.providers.apache.spark.hooks.spark_submit.SparkSubmitHook","filename":"spark_submit.py","lineno":644}
{"timestamp":"2026-01-11T16:37:45.335176Z","level":"info","event":"26/01/11 16:37:45 INFO MemoryStore: Block broadcast_49 stored as values in memory (estimated size 13.5 KiB, free 1047.4 MiB)","logger":"airflow.task.hooks.airflow.providers.apache.spark.hooks.spark_submit.SparkSubmitHook","filename":"spark_submit.py","lineno":644}
{"timestamp":"2026-01-11T16:37:45.339214Z","level":"info","event":"26/01/11 16:37:45 INFO BlockManagerInfo: Removed broadcast_47_piece0 on localhost:39589 in memory (size: 5.9 KiB, free: 1048.6 MiB)","logger":"airflow.task.hooks.airflow.providers.apache.spark.hooks.spark_submit.SparkSubmitHook","filename":"spark_submit.py","lineno":644}
{"timestamp":"2026-01-11T16:37:45.341320Z","level":"info","event":"26/01/11 16:37:45 INFO MemoryStore: Block broadcast_49_piece0 stored as bytes in memory (estimated size 6.4 KiB, free 1047.3 MiB)","logger":"airflow.task.hooks.airflow.providers.apache.spark.hooks.spark_submit.SparkSubmitHook","filename":"spark_submit.py","lineno":644}
{"timestamp":"2026-01-11T16:37:45.341692Z","level":"info","event":"26/01/11 16:37:45 INFO BlockManagerInfo: Added broadcast_49_piece0 in memory on localhost:39589 (size: 6.4 KiB, free: 1048.6 MiB)","logger":"airflow.task.hooks.airflow.providers.apache.spark.hooks.spark_submit.SparkSubmitHook","filename":"spark_submit.py","lineno":644}
{"timestamp":"2026-01-11T16:37:45.343675Z","level":"info","event":"26/01/11 16:37:45 INFO SparkContext: Created broadcast 49 from broadcast at DAGScheduler.scala:1580","logger":"airflow.task.hooks.airflow.providers.apache.spark.hooks.spark_submit.SparkSubmitHook","filename":"spark_submit.py","lineno":644}
{"timestamp":"2026-01-11T16:37:45.344013Z","level":"info","event":"26/01/11 16:37:45 INFO DAGScheduler: Submitting 1 missing tasks from ResultStage 32 (MapPartitionsRDD[139] at csv at NativeMethodAccessorImpl.java:0) (first 15 tasks are for partitions Vector(0))","logger":"airflow.task.hooks.airflow.providers.apache.spark.hooks.spark_submit.SparkSubmitHook","filename":"spark_submit.py","lineno":644}
{"timestamp":"2026-01-11T16:37:45.344107Z","level":"info","event":"26/01/11 16:37:45 INFO TaskSchedulerImpl: Adding task set 32.0 with 1 tasks resource profile 0","logger":"airflow.task.hooks.airflow.providers.apache.spark.hooks.spark_submit.SparkSubmitHook","filename":"spark_submit.py","lineno":644}
{"timestamp":"2026-01-11T16:37:45.348429Z","level":"info","event":"26/01/11 16:37:45 INFO TaskSetManager: Starting task 0.0 in stage 32.0 (TID 43) (localhost, executor driver, partition 0, PROCESS_LOCAL, 8297 bytes)","logger":"airflow.task.hooks.airflow.providers.apache.spark.hooks.spark_submit.SparkSubmitHook","filename":"spark_submit.py","lineno":644}
{"timestamp":"2026-01-11T16:37:45.350136Z","level":"info","event":"26/01/11 16:37:45 INFO Executor: Running task 0.0 in stage 32.0 (TID 43)","logger":"airflow.task.hooks.airflow.providers.apache.spark.hooks.spark_submit.SparkSubmitHook","filename":"spark_submit.py","lineno":644}
{"timestamp":"2026-01-11T16:37:45.352711Z","level":"info","event":"26/01/11 16:37:45 INFO BlockManagerInfo: Removed broadcast_39_piece0 on localhost:39589 in memory (size: 34.2 KiB, free: 1048.6 MiB)","logger":"airflow.task.hooks.airflow.providers.apache.spark.hooks.spark_submit.SparkSubmitHook","filename":"spark_submit.py","lineno":644}
{"timestamp":"2026-01-11T16:37:45.363619Z","level":"info","event":"26/01/11 16:37:45 INFO BlockManagerInfo: Removed broadcast_40_piece0 on localhost:39589 in memory (size: 8.8 KiB, free: 1048.6 MiB)","logger":"airflow.task.hooks.airflow.providers.apache.spark.hooks.spark_submit.SparkSubmitHook","filename":"spark_submit.py","lineno":644}
{"timestamp":"2026-01-11T16:37:45.368620Z","level":"info","event":"26/01/11 16:37:45 INFO FileScanRDD: Reading File path: file:///opt/airflow/data/raw/product_category_name_translation/part-00000-e44bfcf1-b5cc-4aad-aa5d-19c5678d8b11-c000.csv, range: 0-2540, partition values: [empty row]","logger":"airflow.task.hooks.airflow.providers.apache.spark.hooks.spark_submit.SparkSubmitHook","filename":"spark_submit.py","lineno":644}
{"timestamp":"2026-01-11T16:37:45.375083Z","level":"info","event":"26/01/11 16:37:45 INFO BlockManagerInfo: Removed broadcast_43_piece0 on localhost:39589 in memory (size: 6.4 KiB, free: 1048.6 MiB)","logger":"airflow.task.hooks.airflow.providers.apache.spark.hooks.spark_submit.SparkSubmitHook","filename":"spark_submit.py","lineno":644}
{"timestamp":"2026-01-11T16:37:45.387111Z","level":"info","event":"26/01/11 16:37:45 INFO BlockManagerInfo: Removed broadcast_36_piece0 on localhost:39589 in memory (size: 34.2 KiB, free: 1048.7 MiB)","logger":"airflow.task.hooks.airflow.providers.apache.spark.hooks.spark_submit.SparkSubmitHook","filename":"spark_submit.py","lineno":644}
{"timestamp":"2026-01-11T16:37:45.391725Z","level":"info","event":"26/01/11 16:37:45 INFO BlockManagerInfo: Removed broadcast_37_piece0 on localhost:39589 in memory (size: 6.4 KiB, free: 1048.7 MiB)","logger":"airflow.task.hooks.airflow.providers.apache.spark.hooks.spark_submit.SparkSubmitHook","filename":"spark_submit.py","lineno":644}
{"timestamp":"2026-01-11T16:37:45.394123Z","level":"info","event":"26/01/11 16:37:45 INFO BlockManagerInfo: Removed broadcast_44_piece0 on localhost:39589 in memory (size: 34.2 KiB, free: 1048.7 MiB)","logger":"airflow.task.hooks.airflow.providers.apache.spark.hooks.spark_submit.SparkSubmitHook","filename":"spark_submit.py","lineno":644}
{"timestamp":"2026-01-11T16:37:45.398405Z","level":"info","event":"26/01/11 16:37:45 INFO Executor: Finished task 0.0 in stage 32.0 (TID 43). 1609 bytes result sent to driver","logger":"airflow.task.hooks.airflow.providers.apache.spark.hooks.spark_submit.SparkSubmitHook","filename":"spark_submit.py","lineno":644}
{"timestamp":"2026-01-11T16:37:45.399897Z","level":"info","event":"26/01/11 16:37:45 INFO TaskSetManager: Finished task 0.0 in stage 32.0 (TID 43) in 52 ms on localhost (executor driver) (1/1)","logger":"airflow.task.hooks.airflow.providers.apache.spark.hooks.spark_submit.SparkSubmitHook","filename":"spark_submit.py","lineno":644}
{"timestamp":"2026-01-11T16:37:45.400056Z","level":"info","event":"26/01/11 16:37:45 INFO TaskSchedulerImpl: Removed TaskSet 32.0, whose tasks have all completed, from pool","logger":"airflow.task.hooks.airflow.providers.apache.spark.hooks.spark_submit.SparkSubmitHook","filename":"spark_submit.py","lineno":644}
{"timestamp":"2026-01-11T16:37:45.401165Z","level":"info","event":"26/01/11 16:37:45 INFO DAGScheduler: ResultStage 32 (csv at NativeMethodAccessorImpl.java:0) finished in 0.067 s","logger":"airflow.task.hooks.airflow.providers.apache.spark.hooks.spark_submit.SparkSubmitHook","filename":"spark_submit.py","lineno":644}
{"timestamp":"2026-01-11T16:37:45.404078Z","level":"info","event":"26/01/11 16:37:45 INFO DAGScheduler: Job 24 is finished. Cancelling potential speculative or zombie tasks for this job","logger":"airflow.task.hooks.airflow.providers.apache.spark.hooks.spark_submit.SparkSubmitHook","filename":"spark_submit.py","lineno":644}
{"timestamp":"2026-01-11T16:37:45.404235Z","level":"info","event":"26/01/11 16:37:45 INFO TaskSchedulerImpl: Killing all running tasks in stage 32: Stage finished","logger":"airflow.task.hooks.airflow.providers.apache.spark.hooks.spark_submit.SparkSubmitHook","filename":"spark_submit.py","lineno":644}
{"timestamp":"2026-01-11T16:37:45.404277Z","level":"info","event":"26/01/11 16:37:45 INFO DAGScheduler: Job 24 finished: csv at NativeMethodAccessorImpl.java:0, took 0.076380 s","logger":"airflow.task.hooks.airflow.providers.apache.spark.hooks.spark_submit.SparkSubmitHook","filename":"spark_submit.py","lineno":644}
{"timestamp":"2026-01-11T16:37:45.429912Z","level":"info","event":"26/01/11 16:37:45 INFO FileSourceStrategy: Pushed Filters:","logger":"airflow.task.hooks.airflow.providers.apache.spark.hooks.spark_submit.SparkSubmitHook","filename":"spark_submit.py","lineno":644}
{"timestamp":"2026-01-11T16:37:45.430024Z","level":"info","event":"26/01/11 16:37:45 INFO FileSourceStrategy: Post-Scan Filters:","logger":"airflow.task.hooks.airflow.providers.apache.spark.hooks.spark_submit.SparkSubmitHook","filename":"spark_submit.py","lineno":644}
{"timestamp":"2026-01-11T16:37:45.432946Z","level":"info","event":"26/01/11 16:37:45 INFO MemoryStore: Block broadcast_50 stored as values in memory (estimated size 199.5 KiB, free 1047.9 MiB)","logger":"airflow.task.hooks.airflow.providers.apache.spark.hooks.spark_submit.SparkSubmitHook","filename":"spark_submit.py","lineno":644}
{"timestamp":"2026-01-11T16:37:45.454790Z","level":"info","event":"26/01/11 16:37:45 INFO MemoryStore: Block broadcast_50_piece0 stored as bytes in memory (estimated size 34.2 KiB, free 1047.9 MiB)","logger":"airflow.task.hooks.airflow.providers.apache.spark.hooks.spark_submit.SparkSubmitHook","filename":"spark_submit.py","lineno":644}
{"timestamp":"2026-01-11T16:37:45.455403Z","level":"info","event":"26/01/11 16:37:45 INFO BlockManagerInfo: Added broadcast_50_piece0 in memory on localhost:39589 (size: 34.2 KiB, free: 1048.7 MiB)","logger":"airflow.task.hooks.airflow.providers.apache.spark.hooks.spark_submit.SparkSubmitHook","filename":"spark_submit.py","lineno":644}
{"timestamp":"2026-01-11T16:37:45.457987Z","level":"info","event":"26/01/11 16:37:45 INFO SparkContext: Created broadcast 50 from csv at NativeMethodAccessorImpl.java:0","logger":"airflow.task.hooks.airflow.providers.apache.spark.hooks.spark_submit.SparkSubmitHook","filename":"spark_submit.py","lineno":644}
{"timestamp":"2026-01-11T16:37:45.460078Z","level":"info","event":"26/01/11 16:37:45 INFO FileSourceScanExec: Planning scan with bin packing, max size: 4194304 bytes, open cost is considered as scanning 4194304 bytes.","logger":"airflow.task.hooks.airflow.providers.apache.spark.hooks.spark_submit.SparkSubmitHook","filename":"spark_submit.py","lineno":644}
{"timestamp":"2026-01-11T16:37:45.490257Z","level":"info","event":"____________________________________________________","logger":"airflow.task.hooks.airflow.providers.apache.spark.hooks.spark_submit.SparkSubmitHook","filename":"spark_submit.py","lineno":644}
{"timestamp":"2026-01-11T16:37:45.506802Z","level":"info","event":"26/01/11 16:37:45 INFO FileSourceStrategy: Pushed Filters:","logger":"airflow.task.hooks.airflow.providers.apache.spark.hooks.spark_submit.SparkSubmitHook","filename":"spark_submit.py","lineno":644}
{"timestamp":"2026-01-11T16:37:45.506957Z","level":"info","event":"26/01/11 16:37:45 INFO FileSourceStrategy: Post-Scan Filters:","logger":"airflow.task.hooks.airflow.providers.apache.spark.hooks.spark_submit.SparkSubmitHook","filename":"spark_submit.py","lineno":644}
{"timestamp":"2026-01-11T16:37:45.528097Z","level":"info","event":"26/01/11 16:37:45 INFO MemoryStore: Block broadcast_51 stored as values in memory (estimated size 199.4 KiB, free 1047.7 MiB)","logger":"airflow.task.hooks.airflow.providers.apache.spark.hooks.spark_submit.SparkSubmitHook","filename":"spark_submit.py","lineno":644}
{"timestamp":"2026-01-11T16:37:45.548294Z","level":"info","event":"26/01/11 16:37:45 INFO MemoryStore: Block broadcast_51_piece0 stored as bytes in memory (estimated size 34.2 KiB, free 1047.6 MiB)","logger":"airflow.task.hooks.airflow.providers.apache.spark.hooks.spark_submit.SparkSubmitHook","filename":"spark_submit.py","lineno":644}
{"timestamp":"2026-01-11T16:37:45.549293Z","level":"info","event":"26/01/11 16:37:45 INFO BlockManagerInfo: Added broadcast_51_piece0 in memory on localhost:39589 (size: 34.2 KiB, free: 1048.6 MiB)","logger":"airflow.task.hooks.airflow.providers.apache.spark.hooks.spark_submit.SparkSubmitHook","filename":"spark_submit.py","lineno":644}
{"timestamp":"2026-01-11T16:37:45.550076Z","level":"info","event":"26/01/11 16:37:45 INFO SparkContext: Created broadcast 51 from count at NativeMethodAccessorImpl.java:0","logger":"airflow.task.hooks.airflow.providers.apache.spark.hooks.spark_submit.SparkSubmitHook","filename":"spark_submit.py","lineno":644}
{"timestamp":"2026-01-11T16:37:45.551155Z","level":"info","event":"26/01/11 16:37:45 INFO FileSourceScanExec: Planning scan with bin packing, max size: 4194304 bytes, open cost is considered as scanning 4194304 bytes.","logger":"airflow.task.hooks.airflow.providers.apache.spark.hooks.spark_submit.SparkSubmitHook","filename":"spark_submit.py","lineno":644}
{"timestamp":"2026-01-11T16:37:45.559675Z","level":"info","event":"26/01/11 16:37:45 INFO DAGScheduler: Registering RDD 149 (count at NativeMethodAccessorImpl.java:0) as input to shuffle 8","logger":"airflow.task.hooks.airflow.providers.apache.spark.hooks.spark_submit.SparkSubmitHook","filename":"spark_submit.py","lineno":644}
{"timestamp":"2026-01-11T16:37:45.559812Z","level":"info","event":"26/01/11 16:37:45 INFO DAGScheduler: Got map stage job 25 (count at NativeMethodAccessorImpl.java:0) with 1 output partitions","logger":"airflow.task.hooks.airflow.providers.apache.spark.hooks.spark_submit.SparkSubmitHook","filename":"spark_submit.py","lineno":644}
{"timestamp":"2026-01-11T16:37:45.559867Z","level":"info","event":"26/01/11 16:37:45 INFO DAGScheduler: Final stage: ShuffleMapStage 33 (count at NativeMethodAccessorImpl.java:0)","logger":"airflow.task.hooks.airflow.providers.apache.spark.hooks.spark_submit.SparkSubmitHook","filename":"spark_submit.py","lineno":644}
{"timestamp":"2026-01-11T16:37:45.559898Z","level":"info","event":"26/01/11 16:37:45 INFO DAGScheduler: Parents of final stage: List()","logger":"airflow.task.hooks.airflow.providers.apache.spark.hooks.spark_submit.SparkSubmitHook","filename":"spark_submit.py","lineno":644}
{"timestamp":"2026-01-11T16:37:45.559929Z","level":"info","event":"26/01/11 16:37:45 INFO DAGScheduler: Missing parents: List()","logger":"airflow.task.hooks.airflow.providers.apache.spark.hooks.spark_submit.SparkSubmitHook","filename":"spark_submit.py","lineno":644}
{"timestamp":"2026-01-11T16:37:45.559962Z","level":"info","event":"26/01/11 16:37:45 INFO DAGScheduler: Submitting ShuffleMapStage 33 (MapPartitionsRDD[149] at count at NativeMethodAccessorImpl.java:0), which has no missing parents","logger":"airflow.task.hooks.airflow.providers.apache.spark.hooks.spark_submit.SparkSubmitHook","filename":"spark_submit.py","lineno":644}
{"timestamp":"2026-01-11T16:37:45.564109Z","level":"info","event":"26/01/11 16:37:45 INFO MemoryStore: Block broadcast_52 stored as values in memory (estimated size 17.7 KiB, free 1047.6 MiB)","logger":"airflow.task.hooks.airflow.providers.apache.spark.hooks.spark_submit.SparkSubmitHook","filename":"spark_submit.py","lineno":644}
{"timestamp":"2026-01-11T16:37:45.577505Z","level":"info","event":"26/01/11 16:37:45 INFO MemoryStore: Block broadcast_52_piece0 stored as bytes in memory (estimated size 8.7 KiB, free 1047.6 MiB)","logger":"airflow.task.hooks.airflow.providers.apache.spark.hooks.spark_submit.SparkSubmitHook","filename":"spark_submit.py","lineno":644}
{"timestamp":"2026-01-11T16:37:45.578565Z","level":"info","event":"26/01/11 16:37:45 INFO BlockManagerInfo: Added broadcast_52_piece0 in memory on localhost:39589 (size: 8.7 KiB, free: 1048.6 MiB)","logger":"airflow.task.hooks.airflow.providers.apache.spark.hooks.spark_submit.SparkSubmitHook","filename":"spark_submit.py","lineno":644}
{"timestamp":"2026-01-11T16:37:45.579141Z","level":"info","event":"26/01/11 16:37:45 INFO SparkContext: Created broadcast 52 from broadcast at DAGScheduler.scala:1580","logger":"airflow.task.hooks.airflow.providers.apache.spark.hooks.spark_submit.SparkSubmitHook","filename":"spark_submit.py","lineno":644}
{"timestamp":"2026-01-11T16:37:45.580249Z","level":"info","event":"26/01/11 16:37:45 INFO DAGScheduler: Submitting 1 missing tasks from ShuffleMapStage 33 (MapPartitionsRDD[149] at count at NativeMethodAccessorImpl.java:0) (first 15 tasks are for partitions Vector(0))","logger":"airflow.task.hooks.airflow.providers.apache.spark.hooks.spark_submit.SparkSubmitHook","filename":"spark_submit.py","lineno":644}
{"timestamp":"2026-01-11T16:37:45.580311Z","level":"info","event":"26/01/11 16:37:45 INFO TaskSchedulerImpl: Adding task set 33.0 with 1 tasks resource profile 0","logger":"airflow.task.hooks.airflow.providers.apache.spark.hooks.spark_submit.SparkSubmitHook","filename":"spark_submit.py","lineno":644}
{"timestamp":"2026-01-11T16:37:45.580922Z","level":"info","event":"26/01/11 16:37:45 INFO TaskSetManager: Starting task 0.0 in stage 33.0 (TID 44) (localhost, executor driver, partition 0, PROCESS_LOCAL, 8286 bytes)","logger":"airflow.task.hooks.airflow.providers.apache.spark.hooks.spark_submit.SparkSubmitHook","filename":"spark_submit.py","lineno":644}
{"timestamp":"2026-01-11T16:37:45.581589Z","level":"info","event":"26/01/11 16:37:45 INFO Executor: Running task 0.0 in stage 33.0 (TID 44)","logger":"airflow.task.hooks.airflow.providers.apache.spark.hooks.spark_submit.SparkSubmitHook","filename":"spark_submit.py","lineno":644}
{"timestamp":"2026-01-11T16:37:45.587910Z","level":"info","event":"26/01/11 16:37:45 INFO FileScanRDD: Reading File path: file:///opt/airflow/data/raw/product_category_name_translation/part-00000-e44bfcf1-b5cc-4aad-aa5d-19c5678d8b11-c000.csv, range: 0-2540, partition values: [empty row]","logger":"airflow.task.hooks.airflow.providers.apache.spark.hooks.spark_submit.SparkSubmitHook","filename":"spark_submit.py","lineno":644}
{"timestamp":"2026-01-11T16:37:45.602056Z","level":"info","event":"26/01/11 16:37:45 INFO Executor: Finished task 0.0 in stage 33.0 (TID 44). 1968 bytes result sent to driver","logger":"airflow.task.hooks.airflow.providers.apache.spark.hooks.spark_submit.SparkSubmitHook","filename":"spark_submit.py","lineno":644}
{"timestamp":"2026-01-11T16:37:45.603484Z","level":"info","event":"26/01/11 16:37:45 INFO TaskSetManager: Finished task 0.0 in stage 33.0 (TID 44) in 23 ms on localhost (executor driver) (1/1)","logger":"airflow.task.hooks.airflow.providers.apache.spark.hooks.spark_submit.SparkSubmitHook","filename":"spark_submit.py","lineno":644}
{"timestamp":"2026-01-11T16:37:45.603613Z","level":"info","event":"26/01/11 16:37:45 INFO TaskSchedulerImpl: Removed TaskSet 33.0, whose tasks have all completed, from pool","logger":"airflow.task.hooks.airflow.providers.apache.spark.hooks.spark_submit.SparkSubmitHook","filename":"spark_submit.py","lineno":644}
{"timestamp":"2026-01-11T16:37:45.604461Z","level":"info","event":"26/01/11 16:37:45 INFO DAGScheduler: ShuffleMapStage 33 (count at NativeMethodAccessorImpl.java:0) finished in 0.044 s","logger":"airflow.task.hooks.airflow.providers.apache.spark.hooks.spark_submit.SparkSubmitHook","filename":"spark_submit.py","lineno":644}
{"timestamp":"2026-01-11T16:37:45.604508Z","level":"info","event":"26/01/11 16:37:45 INFO DAGScheduler: looking for newly runnable stages","logger":"airflow.task.hooks.airflow.providers.apache.spark.hooks.spark_submit.SparkSubmitHook","filename":"spark_submit.py","lineno":644}
{"timestamp":"2026-01-11T16:37:45.604526Z","level":"info","event":"26/01/11 16:37:45 INFO DAGScheduler: running: Set()","logger":"airflow.task.hooks.airflow.providers.apache.spark.hooks.spark_submit.SparkSubmitHook","filename":"spark_submit.py","lineno":644}
{"timestamp":"2026-01-11T16:37:45.604559Z","level":"info","event":"26/01/11 16:37:45 INFO DAGScheduler: waiting: Set()","logger":"airflow.task.hooks.airflow.providers.apache.spark.hooks.spark_submit.SparkSubmitHook","filename":"spark_submit.py","lineno":644}
{"timestamp":"2026-01-11T16:37:45.604582Z","level":"info","event":"26/01/11 16:37:45 INFO DAGScheduler: failed: Set()","logger":"airflow.task.hooks.airflow.providers.apache.spark.hooks.spark_submit.SparkSubmitHook","filename":"spark_submit.py","lineno":644}
{"timestamp":"2026-01-11T16:37:45.630242Z","level":"info","event":"26/01/11 16:37:45 INFO SparkContext: Starting job: count at NativeMethodAccessorImpl.java:0","logger":"airflow.task.hooks.airflow.providers.apache.spark.hooks.spark_submit.SparkSubmitHook","filename":"spark_submit.py","lineno":644}
{"timestamp":"2026-01-11T16:37:45.633637Z","level":"info","event":"26/01/11 16:37:45 INFO DAGScheduler: Got job 26 (count at NativeMethodAccessorImpl.java:0) with 1 output partitions","logger":"airflow.task.hooks.airflow.providers.apache.spark.hooks.spark_submit.SparkSubmitHook","filename":"spark_submit.py","lineno":644}
{"timestamp":"2026-01-11T16:37:45.633757Z","level":"info","event":"26/01/11 16:37:45 INFO DAGScheduler: Final stage: ResultStage 35 (count at NativeMethodAccessorImpl.java:0)","logger":"airflow.task.hooks.airflow.providers.apache.spark.hooks.spark_submit.SparkSubmitHook","filename":"spark_submit.py","lineno":644}
{"timestamp":"2026-01-11T16:37:45.633780Z","level":"info","event":"26/01/11 16:37:45 INFO DAGScheduler: Parents of final stage: List(ShuffleMapStage 34)","logger":"airflow.task.hooks.airflow.providers.apache.spark.hooks.spark_submit.SparkSubmitHook","filename":"spark_submit.py","lineno":644}
{"timestamp":"2026-01-11T16:37:45.633799Z","level":"info","event":"26/01/11 16:37:45 INFO DAGScheduler: Missing parents: List()","logger":"airflow.task.hooks.airflow.providers.apache.spark.hooks.spark_submit.SparkSubmitHook","filename":"spark_submit.py","lineno":644}
{"timestamp":"2026-01-11T16:37:45.633814Z","level":"info","event":"26/01/11 16:37:45 INFO DAGScheduler: Submitting ResultStage 35 (MapPartitionsRDD[152] at count at NativeMethodAccessorImpl.java:0), which has no missing parents","logger":"airflow.task.hooks.airflow.providers.apache.spark.hooks.spark_submit.SparkSubmitHook","filename":"spark_submit.py","lineno":644}
{"timestamp":"2026-01-11T16:37:45.634370Z","level":"info","event":"26/01/11 16:37:45 INFO MemoryStore: Block broadcast_53 stored as values in memory (estimated size 12.5 KiB, free 1047.6 MiB)","logger":"airflow.task.hooks.airflow.providers.apache.spark.hooks.spark_submit.SparkSubmitHook","filename":"spark_submit.py","lineno":644}
{"timestamp":"2026-01-11T16:37:45.642348Z","level":"info","event":"26/01/11 16:37:45 INFO MemoryStore: Block broadcast_53_piece0 stored as bytes in memory (estimated size 5.9 KiB, free 1047.6 MiB)","logger":"airflow.task.hooks.airflow.providers.apache.spark.hooks.spark_submit.SparkSubmitHook","filename":"spark_submit.py","lineno":644}
{"timestamp":"2026-01-11T16:37:45.642841Z","level":"info","event":"26/01/11 16:37:45 INFO BlockManagerInfo: Added broadcast_53_piece0 in memory on localhost:39589 (size: 5.9 KiB, free: 1048.6 MiB)","logger":"airflow.task.hooks.airflow.providers.apache.spark.hooks.spark_submit.SparkSubmitHook","filename":"spark_submit.py","lineno":644}
{"timestamp":"2026-01-11T16:37:45.643341Z","level":"info","event":"26/01/11 16:37:45 INFO SparkContext: Created broadcast 53 from broadcast at DAGScheduler.scala:1580","logger":"airflow.task.hooks.airflow.providers.apache.spark.hooks.spark_submit.SparkSubmitHook","filename":"spark_submit.py","lineno":644}
{"timestamp":"2026-01-11T16:37:45.643777Z","level":"info","event":"26/01/11 16:37:45 INFO DAGScheduler: Submitting 1 missing tasks from ResultStage 35 (MapPartitionsRDD[152] at count at NativeMethodAccessorImpl.java:0) (first 15 tasks are for partitions Vector(0))","logger":"airflow.task.hooks.airflow.providers.apache.spark.hooks.spark_submit.SparkSubmitHook","filename":"spark_submit.py","lineno":644}
{"timestamp":"2026-01-11T16:37:45.643849Z","level":"info","event":"26/01/11 16:37:45 INFO TaskSchedulerImpl: Adding task set 35.0 with 1 tasks resource profile 0","logger":"airflow.task.hooks.airflow.providers.apache.spark.hooks.spark_submit.SparkSubmitHook","filename":"spark_submit.py","lineno":644}
{"timestamp":"2026-01-11T16:37:45.645434Z","level":"info","event":"26/01/11 16:37:45 INFO TaskSetManager: Starting task 0.0 in stage 35.0 (TID 45) (localhost, executor driver, partition 0, NODE_LOCAL, 7615 bytes)","logger":"airflow.task.hooks.airflow.providers.apache.spark.hooks.spark_submit.SparkSubmitHook","filename":"spark_submit.py","lineno":644}
{"timestamp":"2026-01-11T16:37:45.646312Z","level":"info","event":"26/01/11 16:37:45 INFO Executor: Running task 0.0 in stage 35.0 (TID 45)","logger":"airflow.task.hooks.airflow.providers.apache.spark.hooks.spark_submit.SparkSubmitHook","filename":"spark_submit.py","lineno":644}
{"timestamp":"2026-01-11T16:37:45.650083Z","level":"info","event":"26/01/11 16:37:45 INFO ShuffleBlockFetcherIterator: Getting 1 (60.0 B) non-empty blocks including 1 (60.0 B) local and 0 (0.0 B) host-local and 0 (0.0 B) push-merged-local and 0 (0.0 B) remote blocks","logger":"airflow.task.hooks.airflow.providers.apache.spark.hooks.spark_submit.SparkSubmitHook","filename":"spark_submit.py","lineno":644}
{"timestamp":"2026-01-11T16:37:45.650193Z","level":"info","event":"26/01/11 16:37:45 INFO ShuffleBlockFetcherIterator: Started 0 remote fetches in 0 ms","logger":"airflow.task.hooks.airflow.providers.apache.spark.hooks.spark_submit.SparkSubmitHook","filename":"spark_submit.py","lineno":644}
{"timestamp":"2026-01-11T16:37:45.663967Z","level":"info","event":"26/01/11 16:37:45 INFO Executor: Finished task 0.0 in stage 35.0 (TID 45). 3995 bytes result sent to driver","logger":"airflow.task.hooks.airflow.providers.apache.spark.hooks.spark_submit.SparkSubmitHook","filename":"spark_submit.py","lineno":644}
{"timestamp":"2026-01-11T16:37:45.665024Z","level":"info","event":"26/01/11 16:37:45 INFO TaskSetManager: Finished task 0.0 in stage 35.0 (TID 45) in 19 ms on localhost (executor driver) (1/1)","logger":"airflow.task.hooks.airflow.providers.apache.spark.hooks.spark_submit.SparkSubmitHook","filename":"spark_submit.py","lineno":644}
{"timestamp":"2026-01-11T16:37:45.665104Z","level":"info","event":"26/01/11 16:37:45 INFO TaskSchedulerImpl: Removed TaskSet 35.0, whose tasks have all completed, from pool","logger":"airflow.task.hooks.airflow.providers.apache.spark.hooks.spark_submit.SparkSubmitHook","filename":"spark_submit.py","lineno":644}
{"timestamp":"2026-01-11T16:37:45.666055Z","level":"info","event":"26/01/11 16:37:45 INFO DAGScheduler: ResultStage 35 (count at NativeMethodAccessorImpl.java:0) finished in 0.032 s","logger":"airflow.task.hooks.airflow.providers.apache.spark.hooks.spark_submit.SparkSubmitHook","filename":"spark_submit.py","lineno":644}
{"timestamp":"2026-01-11T16:37:45.666135Z","level":"info","event":"26/01/11 16:37:45 INFO DAGScheduler: Job 26 is finished. Cancelling potential speculative or zombie tasks for this job","logger":"airflow.task.hooks.airflow.providers.apache.spark.hooks.spark_submit.SparkSubmitHook","filename":"spark_submit.py","lineno":644}
{"timestamp":"2026-01-11T16:37:45.666164Z","level":"info","event":"26/01/11 16:37:45 INFO TaskSchedulerImpl: Killing all running tasks in stage 35: Stage finished","logger":"airflow.task.hooks.airflow.providers.apache.spark.hooks.spark_submit.SparkSubmitHook","filename":"spark_submit.py","lineno":644}
{"timestamp":"2026-01-11T16:37:45.667588Z","level":"info","event":"26/01/11 16:37:45 INFO DAGScheduler: Job 26 finished: count at NativeMethodAccessorImpl.java:0, took 0.037243 s","logger":"airflow.task.hooks.airflow.providers.apache.spark.hooks.spark_submit.SparkSubmitHook","filename":"spark_submit.py","lineno":644}
{"timestamp":"2026-01-11T16:37:45.670212Z","level":"info","event":"Loaded product_category_name_translation with 71 records for cleaning.","logger":"airflow.task.hooks.airflow.providers.apache.spark.hooks.spark_submit.SparkSubmitHook","filename":"spark_submit.py","lineno":644}
{"timestamp":"2026-01-11T16:37:45.672093Z","level":"info","event":"root","logger":"airflow.task.hooks.airflow.providers.apache.spark.hooks.spark_submit.SparkSubmitHook","filename":"spark_submit.py","lineno":644}
{"timestamp":"2026-01-11T16:37:45.672401Z","level":"info","event":"|-- product_category_name: string (nullable = true)","logger":"airflow.task.hooks.airflow.providers.apache.spark.hooks.spark_submit.SparkSubmitHook","filename":"spark_submit.py","lineno":644}
{"timestamp":"2026-01-11T16:37:45.672453Z","level":"info","event":"|-- product_category_name_english: string (nullable = true)","logger":"airflow.task.hooks.airflow.providers.apache.spark.hooks.spark_submit.SparkSubmitHook","filename":"spark_submit.py","lineno":644}
{"timestamp":"2026-01-11T16:37:45.672471Z","level":"info","event":"","logger":"airflow.task.hooks.airflow.providers.apache.spark.hooks.spark_submit.SparkSubmitHook","filename":"spark_submit.py","lineno":644}
{"timestamp":"2026-01-11T16:37:45.672487Z","level":"info","event":"=====================================================","logger":"airflow.task.hooks.airflow.providers.apache.spark.hooks.spark_submit.SparkSubmitHook","filename":"spark_submit.py","lineno":644}
{"timestamp":"2026-01-11T16:37:45.672578Z","level":"info","event":"printing cleaned dataframes now...","logger":"airflow.task.hooks.airflow.providers.apache.spark.hooks.spark_submit.SparkSubmitHook","filename":"spark_submit.py","lineno":644}
{"timestamp":"2026-01-11T16:37:45.672615Z","level":"info","event":"=====================================================","logger":"airflow.task.hooks.airflow.providers.apache.spark.hooks.spark_submit.SparkSubmitHook","filename":"spark_submit.py","lineno":644}
{"timestamp":"2026-01-11T16:37:45.954856Z","level":"info","event":"Traceback (most recent call last):","logger":"airflow.task.hooks.airflow.providers.apache.spark.hooks.spark_submit.SparkSubmitHook","filename":"spark_submit.py","lineno":644}
{"timestamp":"2026-01-11T16:37:45.955667Z","level":"info","event":"File \"/opt/airflow/src/cleaning.py\", line 159, in <module>","logger":"airflow.task.hooks.airflow.providers.apache.spark.hooks.spark_submit.SparkSubmitHook","filename":"spark_submit.py","lineno":644}
{"timestamp":"2026-01-11T16:37:45.960216Z","level":"info","event":"clean_data()","logger":"airflow.task.hooks.airflow.providers.apache.spark.hooks.spark_submit.SparkSubmitHook","filename":"spark_submit.py","lineno":644}
{"timestamp":"2026-01-11T16:37:45.960447Z","level":"info","event":"File \"/opt/airflow/src/cleaning.py\", line 138, in clean_data","logger":"airflow.task.hooks.airflow.providers.apache.spark.hooks.spark_submit.SparkSubmitHook","filename":"spark_submit.py","lineno":644}
{"timestamp":"2026-01-11T16:37:45.962617Z","level":"info","event":"dfs['olist_order_reviews'] = clean_order_reviews()","logger":"airflow.task.hooks.airflow.providers.apache.spark.hooks.spark_submit.SparkSubmitHook","filename":"spark_submit.py","lineno":644}
{"timestamp":"2026-01-11T16:37:45.962711Z","level":"info","event":"^^^^^^^^^^^^^^^^^^^^^","logger":"airflow.task.hooks.airflow.providers.apache.spark.hooks.spark_submit.SparkSubmitHook","filename":"spark_submit.py","lineno":644}
{"timestamp":"2026-01-11T16:37:45.962777Z","level":"info","event":"File \"/opt/airflow/src/cleaning.py\", line 63, in clean_order_reviews","logger":"airflow.task.hooks.airflow.providers.apache.spark.hooks.spark_submit.SparkSubmitHook","filename":"spark_submit.py","lineno":644}
{"timestamp":"2026-01-11T16:37:45.963004Z","level":"info","event":"col(\"review_score\").try_cast(\"int\"),","logger":"airflow.task.hooks.airflow.providers.apache.spark.hooks.spark_submit.SparkSubmitHook","filename":"spark_submit.py","lineno":644}
{"timestamp":"2026-01-11T16:37:45.963045Z","level":"info","event":"^^^^^^^^^^^^^^^^^^^^^^^^^^^^^^^^^^^","logger":"airflow.task.hooks.airflow.providers.apache.spark.hooks.spark_submit.SparkSubmitHook","filename":"spark_submit.py","lineno":644}
{"timestamp":"2026-01-11T16:37:45.963714Z","level":"info","event":"TypeError: 'Column' object is not callable","logger":"airflow.task.hooks.airflow.providers.apache.spark.hooks.spark_submit.SparkSubmitHook","filename":"spark_submit.py","lineno":644}
{"timestamp":"2026-01-11T16:37:46.297946Z","level":"info","event":"26/01/11 16:37:46 INFO SparkContext: Invoking stop() from shutdown hook","logger":"airflow.task.hooks.airflow.providers.apache.spark.hooks.spark_submit.SparkSubmitHook","filename":"spark_submit.py","lineno":644}
{"timestamp":"2026-01-11T16:37:46.302800Z","level":"info","event":"26/01/11 16:37:46 INFO SparkContext: SparkContext is stopping with exitCode 0.","logger":"airflow.task.hooks.airflow.providers.apache.spark.hooks.spark_submit.SparkSubmitHook","filename":"spark_submit.py","lineno":644}
{"timestamp":"2026-01-11T16:37:46.390741Z","level":"info","event":"26/01/11 16:37:46 INFO SparkUI: Stopped Spark web UI at http://localhost:4040","logger":"airflow.task.hooks.airflow.providers.apache.spark.hooks.spark_submit.SparkSubmitHook","filename":"spark_submit.py","lineno":644}
{"timestamp":"2026-01-11T16:37:46.461656Z","level":"info","event":"26/01/11 16:37:46 INFO MapOutputTrackerMasterEndpoint: MapOutputTrackerMasterEndpoint stopped!","logger":"airflow.task.hooks.airflow.providers.apache.spark.hooks.spark_submit.SparkSubmitHook","filename":"spark_submit.py","lineno":644}
{"timestamp":"2026-01-11T16:37:46.522394Z","level":"info","event":"26/01/11 16:37:46 INFO MemoryStore: MemoryStore cleared","logger":"airflow.task.hooks.airflow.providers.apache.spark.hooks.spark_submit.SparkSubmitHook","filename":"spark_submit.py","lineno":644}
{"timestamp":"2026-01-11T16:37:46.522818Z","level":"info","event":"26/01/11 16:37:46 INFO BlockManager: BlockManager stopped","logger":"airflow.task.hooks.airflow.providers.apache.spark.hooks.spark_submit.SparkSubmitHook","filename":"spark_submit.py","lineno":644}
{"timestamp":"2026-01-11T16:37:46.543164Z","level":"info","event":"26/01/11 16:37:46 INFO BlockManagerMaster: BlockManagerMaster stopped","logger":"airflow.task.hooks.airflow.providers.apache.spark.hooks.spark_submit.SparkSubmitHook","filename":"spark_submit.py","lineno":644}
{"timestamp":"2026-01-11T16:37:46.549533Z","level":"info","event":"26/01/11 16:37:46 INFO OutputCommitCoordinator$OutputCommitCoordinatorEndpoint: OutputCommitCoordinator stopped!","logger":"airflow.task.hooks.airflow.providers.apache.spark.hooks.spark_submit.SparkSubmitHook","filename":"spark_submit.py","lineno":644}
{"timestamp":"2026-01-11T16:37:46.600658Z","level":"info","event":"26/01/11 16:37:46 INFO SparkContext: Successfully stopped SparkContext","logger":"airflow.task.hooks.airflow.providers.apache.spark.hooks.spark_submit.SparkSubmitHook","filename":"spark_submit.py","lineno":644}
{"timestamp":"2026-01-11T16:37:46.601311Z","level":"info","event":"26/01/11 16:37:46 INFO ShutdownHookManager: Shutdown hook called","logger":"airflow.task.hooks.airflow.providers.apache.spark.hooks.spark_submit.SparkSubmitHook","filename":"spark_submit.py","lineno":644}
{"timestamp":"2026-01-11T16:37:46.602130Z","level":"info","event":"26/01/11 16:37:46 INFO ShutdownHookManager: Deleting directory /tmp/spark-e401f4f0-3db9-4965-b633-a90c45373001","logger":"airflow.task.hooks.airflow.providers.apache.spark.hooks.spark_submit.SparkSubmitHook","filename":"spark_submit.py","lineno":644}
{"timestamp":"2026-01-11T16:37:46.610182Z","level":"info","event":"26/01/11 16:37:46 INFO ShutdownHookManager: Deleting directory /tmp/spark-317796ee-7ba2-4793-b88f-59da024cea75/pyspark-b3d664c0-9799-41bd-bf44-8f70da771c70","logger":"airflow.task.hooks.airflow.providers.apache.spark.hooks.spark_submit.SparkSubmitHook","filename":"spark_submit.py","lineno":644}
{"timestamp":"2026-01-11T16:37:46.615701Z","level":"info","event":"26/01/11 16:37:46 INFO ShutdownHookManager: Deleting directory /tmp/spark-317796ee-7ba2-4793-b88f-59da024cea75","logger":"airflow.task.hooks.airflow.providers.apache.spark.hooks.spark_submit.SparkSubmitHook","filename":"spark_submit.py","lineno":644}
{"timestamp":"2026-01-11T16:37:46.773486Z","level":"error","event":"Task failed with exception","logger":"task","filename":"task_runner.py","lineno":986,"error_detail":[{"exc_type":"AirflowException","exc_value":"Cannot execute: spark-submit --master local[*] --name arrow-spark --verbose --deploy-mode client /opt/airflow/src/cleaning.py. Error code is: 1.","exc_notes":[],"syntax_error":null,"is_cause":false,"frames":[{"filename":"/home/airflow/.local/lib/python3.12/site-packages/airflow/sdk/execution_time/task_runner.py","lineno":934,"name":"run"},{"filename":"/home/airflow/.local/lib/python3.12/site-packages/airflow/sdk/execution_time/task_runner.py","lineno":1320,"name":"_execute_task"},{"filename":"/home/airflow/.local/lib/python3.12/site-packages/airflow/sdk/bases/operator.py","lineno":417,"name":"wrapper"},{"filename":"/home/airflow/.local/lib/python3.12/site-packages/airflow/providers/apache/spark/operators/spark_submit.py","lineno":197,"name":"execute"},{"filename":"/home/airflow/.local/lib/python3.12/site-packages/airflow/providers/apache/spark/hooks/spark_submit.py","lineno":566,"name":"submit"}],"is_group":false,"exceptions":[]}]}
